URI	identifier	prefLabel	prefLabel Alternate Spellings	altLabel	description	historyNote	broader	narrower	related	issued	modified	isReplacedBy	replaces
http://homosaurus.org/terms/ableism	ableism	ableism@en	""	discrimination against people with disabilities@en	""	http://homosaurus.org/terms/discrimination	""	http://homosaurus.org/terms/peopleWithDisabilities	2015-11-25	2015-11-25	""	""
http://homosaurus.org/terms/aboriginals	aboriginals	aboriginals@en	""	""	""	http://homosaurus.org/terms/indigenousPeoples	""	http://homosaurus.org/terms/sistergirls	2015-11-25	2015-11-25	""	""
http://homosaurus.org/terms/abortion	abortion	abortion@en	""	""	""	http://homosaurus.org/terms/medicalInterventions	""	http://homosaurus.org/terms/contraception||http://homosaurus.org/terms/pregnancy	2015-11-25	2015-11-25	""	""
http://homosaurus.org/terms/abuse	abuse	abuse@en	""	""	""	http://homosaurus.org/terms/violence	http://homosaurus.org/terms/sexualAbuse||http://homosaurus.org/terms/verbalAbuse	""	2015-11-25	2015-11-25	""	""
http://homosaurus.org/terms/academicDisciplines	academicDisciplines	academic disciplines@en	""	""	""	""	http://homosaurus.org/terms/disabilityStudies||http://homosaurus.org/terms/dissertations||http://homosaurus.org/terms/ethnicStudies||http://homosaurus.org/terms/genderStudies||http://homosaurus.org/terms/gerontology||http://homosaurus.org/terms/healthSciences||http://homosaurus.org/terms/humanities||http://homosaurus.org/terms/naturalSciences||http://homosaurus.org/terms/sexology||http://homosaurus.org/terms/socialAndBehaviouralSciences	http://homosaurus.org/terms/research||http://homosaurus.org/terms/theories	2015-11-25	2015-11-25	""	""
http://homosaurus.org/terms/academicEducation	academicEducation	academic education@en	""	""	""	http://homosaurus.org/terms/education	""	http://homosaurus.org/terms/universities	2015-11-25	2015-11-25	""	""
http://homosaurus.org/terms/academics	academics	academics@en	""	""	""	""	http://homosaurus.org/terms/biologists||http://homosaurus.org/terms/historians||http://homosaurus.org/terms/mathematicians||http://homosaurus.org/terms/philosophers||http://homosaurus.org/terms/physicists||http://homosaurus.org/terms/psychologists||http://homosaurus.org/terms/sexologists||http://homosaurus.org/terms/sociologists||http://homosaurus.org/terms/theologians	""	2015-11-25	2015-11-25	""	""
http://homosaurus.org/terms/acceptance	acceptance	acceptance@en	""	""	""	http://homosaurus.org/terms/attitudes	""	""	2015-11-25	2015-11-25	""	""
http://homosaurus.org/terms/actionCampaigns	actionCampaigns	action campaigns@en	""	""	""	http://homosaurus.org/terms/directAction	http://homosaurus.org/terms/boycotts||http://homosaurus.org/terms/demonstrations	http://homosaurus.org/terms/actionCommittees||http://homosaurus.org/terms/activists||http://homosaurus.org/terms/advertisingCampaigns	2015-11-25	2015-11-25	""	""
http://homosaurus.org/terms/actionCommittees	actionCommittees	action committees@en	""	action groups@en	""	""	""	http://homosaurus.org/terms/actionCampaigns||http://homosaurus.org/terms/socialMovements	2015-11-25	2015-11-25	""	""
http://homosaurus.org/terms/activists	activists	activists@en	""	political activists@en	""	""	http://homosaurus.org/terms/AIDSActivists	http://homosaurus.org/terms/actionCampaigns||http://homosaurus.org/terms/militancy	2015-11-25	2015-11-25	""	""
http://homosaurus.org/terms/actors	actors	actors@en	""	players@en||actresses@en	gender-neutral usage@en	http://homosaurus.org/terms/artsAndEntertainmentOccupations	http://homosaurus.org/terms/pornStars	http://homosaurus.org/terms/casting||http://homosaurus.org/terms/film||http://homosaurus.org/terms/plays||http://homosaurus.org/terms/television	2015-11-25	2015-11-25	""	""
http://homosaurus.org/terms/addictions	addictions	addictions@en	""	""	""	""	http://homosaurus.org/terms/gamblingAddiction||http://homosaurus.org/terms/sexualAddiction||http://homosaurus.org/terms/smoking||http://homosaurus.org/terms/substanceAbuse	http://homosaurus.org/terms/eatingDisorders	2015-11-25	2015-11-25	""	""
http://homosaurus.org/terms/adjustment	adjustment	adjustment@en	""	adaptive behaviour@en	of an individual to his/her circumstances@en	http://homosaurus.org/terms/defenceMechanisms	""	http://homosaurus.org/terms/copingBehaviour	2015-11-25	2015-11-25	""	""
http://homosaurus.org/terms/administrativeAssistants	administrativeAssistants	administrative assistants@en	""	""	""	http://homosaurus.org/terms/administrativeOccupations	""	""	2015-11-25	2015-11-25	""	""
http://homosaurus.org/terms/administrativeLaw	administrativeLaw	administrative law@en	""	""	""	http://homosaurus.org/terms/law	""	""	2015-11-25	2015-11-25	""	""
http://homosaurus.org/terms/administrativeOccupations	administrativeOccupations	administrative occupations@en	""	""	""	http://homosaurus.org/terms/occupations	http://homosaurus.org/terms/administrativeAssistants	""	2015-11-25	2015-11-25	""	""
http://homosaurus.org/terms/adolescence	adolescence	adolescence@en	""	""	""	http://homosaurus.org/terms/phasesOfLife	""	http://homosaurus.org/terms/youth	2015-11-25	2015-11-25	""	""
http://homosaurus.org/terms/adoption	adoption	adoption@en	""	""	""	""	""	http://homosaurus.org/terms/fosterChildren||http://homosaurus.org/terms/fosterFamilies||http://homosaurus.org/terms/fosterParents||http://homosaurus.org/terms/personalAndFamilyLaw	2015-11-25	2015-11-25	""	""
http://homosaurus.org/terms/adoptiveParents	adoptiveParents	adoptive parents@en	""	""	""	http://homosaurus.org/terms/parents	""	http://homosaurus.org/terms/fosterParents||http://homosaurus.org/terms/socialParenthood	2015-11-25	2015-11-25	""	""
http://homosaurus.org/terms/adultEducation	adultEducation	adult education@en	""	""	""	http://homosaurus.org/terms/education	http://homosaurus.org/terms/citizenshipEducation	http://homosaurus.org/terms/socioculturalEducation	2015-11-25	2015-11-25	""	""
http://homosaurus.org/terms/adulthood	adulthood	adulthood@en	""	""	""	http://homosaurus.org/terms/phasesOfLife	""	http://homosaurus.org/terms/adults	2015-11-25	2015-11-25	""	""
http://homosaurus.org/terms/adultism	adultism	adultism@en	""	""	discrimination against young people@en	http://homosaurus.org/terms/ageDiscrimination	""	http://homosaurus.org/terms/youth	2015-11-25	2015-11-25	""	""
http://homosaurus.org/terms/adults	adults	adults@en	""	""	""	http://homosaurus.org/terms/ageGroups	http://homosaurus.org/terms/middleAge||http://homosaurus.org/terms/olderPeople||http://homosaurus.org/terms/thirtysomethings||http://homosaurus.org/terms/twentysomethings	http://homosaurus.org/terms/adulthood	2015-11-25	2015-11-25	""	""
http://homosaurus.org/terms/adventistm	adventistm	adventistm@en	""	seventh-day adventism@en	""	http://homosaurus.org/terms/protestantism	""	""	2015-11-25	2015-11-25	""	""
http://homosaurus.org/terms/adventureStories	adventureStories	adventure stories@en	""	""	""	http://homosaurus.org/terms/fiction	""	""	2015-11-25	2015-11-25	""	""
http://homosaurus.org/terms/advertisements	advertisements	advertisements@en	""	adverts@en||ads@en||commercials@en	""	http://homosaurus.org/terms/advertising	http://homosaurus.org/terms/advertisingCampaigns||http://homosaurus.org/terms/deathNotices||http://homosaurus.org/terms/personals	http://homosaurus.org/terms/advertisingCampaigns||http://homosaurus.org/terms/press	2015-11-25	2015-11-25	""	""
http://homosaurus.org/terms/advertising	advertising	advertising@en	""	""	""	http://homosaurus.org/terms/massCommunication	http://homosaurus.org/terms/advertisements	http://homosaurus.org/terms/codeOfAdvertisingPractices||http://homosaurus.org/terms/e-commerce	2015-11-25	2015-11-25	""	""
http://homosaurus.org/terms/advertisingCampaigns	advertisingCampaigns	advertising campaigns@en	""	""	""	http://homosaurus.org/terms/advertisements	""	http://homosaurus.org/terms/actionCampaigns||http://homosaurus.org/terms/advertisements	2015-11-25	2015-11-25	""	""
http://homosaurus.org/terms/aesthetics	aesthetics	aesthetics@en	""	""	branch of philosophy dealing with the nature of beauty, art, and taste, and with the creation and appreciation of beauty @en	http://homosaurus.org/terms/philosophy	""	""	2015-11-25	2015-11-25	""	""
http://homosaurus.org/terms/affirmativeAction	affirmativeAction	affirmative action@en	""	""	preferential hiring of qualified minority candidates@en	http://homosaurus.org/terms/discrimination	""	http://homosaurus.org/terms/personnelManagement	2015-11-25	2015-11-25	""	""
http://homosaurus.org/terms/africanCultures	africanCultures	african cultures@en	""	""	""	http://homosaurus.org/terms/cultures	""	""	2015-11-25	2015-11-25	""	""
http://homosaurus.org/terms/africanReligions	africanReligions	african religions@en	""	""	""	http://homosaurus.org/terms/religions	""	""	2015-11-25	2015-11-25	""	""
http://homosaurus.org/terms/african-americans	african-americans	african-americans@en	""	""	""	http://homosaurus.org/terms/blackPeople	""	""	2015-11-25	2015-11-25	""	""
http://homosaurus.org/terms/afro-antillians	afro-antillians	afro-antillians@en	""	""	""	http://homosaurus.org/terms/afro-caribbeans	""	""	2015-11-25	2015-11-25	""	""
http://homosaurus.org/terms/afro-asians	afro-asians	afro-asians@en	""	""	""	http://homosaurus.org/terms/blackPeople	""	""	2015-11-25	2015-11-25	""	""
http://homosaurus.org/terms/afro-canadians	afro-canadians	afro-canadians@en	""	""	""	http://homosaurus.org/terms/blackPeople	""	""	2015-11-25	2015-11-25	""	""
http://homosaurus.org/terms/afro-caribbeans	afro-caribbeans	afro-caribbeans@en	""	""	""	http://homosaurus.org/terms/blackPeople	http://homosaurus.org/terms/afro-antillians||http://homosaurus.org/terms/afro-surinamese	""	2015-11-25	2015-11-25	""	""
http://homosaurus.org/terms/afro-latinAmericans	afro-latinAmericans	afro-latin americans@en	""	""	""	http://homosaurus.org/terms/blackPeople||http://homosaurus.org/terms/latinos	""	""	2015-11-25	2015-11-25	""	""
http://homosaurus.org/terms/afro-surinamese	afro-surinamese	afro-surinamese@en	""	""	""	http://homosaurus.org/terms/afro-caribbeans	""	""	2015-11-25	2015-11-25	""	""
http://homosaurus.org/terms/age	age	age@en	""	""	""	""	""	http://homosaurus.org/terms/ageDiscrimination||http://homosaurus.org/terms/ageOfConsent||http://homosaurus.org/terms/intergenerationalRelationships	2015-11-25	2015-11-25	""	""
http://homosaurus.org/terms/ageDiscrimination	ageDiscrimination	age discrimination@en	""	""	""	http://homosaurus.org/terms/discrimination	http://homosaurus.org/terms/adultism||http://homosaurus.org/terms/ageism	http://homosaurus.org/terms/age||http://homosaurus.org/terms/ageGroups	2015-11-25	2015-11-25	""	""
http://homosaurus.org/terms/ageGroups	ageGroups	age groups@en	""	""	""	""	http://homosaurus.org/terms/adults||http://homosaurus.org/terms/minors||http://homosaurus.org/terms/youth	http://homosaurus.org/terms/ageDiscrimination||http://homosaurus.org/terms/phasesOfLife	2015-11-25	2015-11-25	""	""
http://homosaurus.org/terms/ageOfConsent	ageOfConsent	age of consent@en	""	""	""	""	""	http://homosaurus.org/terms/age||http://homosaurus.org/terms/intergenerationalRelationships||http://homosaurus.org/terms/minors||http://homosaurus.org/terms/sexualOffencesLaws	2015-11-25	2015-11-25	""	""
http://homosaurus.org/terms/ageism	ageism	ageism@en	""	""	discrimination against older people@en	http://homosaurus.org/terms/ageDiscrimination	""	""	2015-11-25	2015-11-25	""	""
http://homosaurus.org/terms/ageplay	ageplay	ageplay@en	""	age play@en	roleplaying, usually sexual, in which one adult takes on the role of a child while the other takes on that of an older authority figure@en	http://homosaurus.org/terms/roleplay	""	""	2015-11-25	2015-11-25	""	""
http://homosaurus.org/terms/aggression	aggression	aggression@en	""	""	use only for feelings of aggression@en	""	http://homosaurus.org/terms/bullying	http://homosaurus.org/terms/violence	2015-11-25	2015-11-25	""	""
http://homosaurus.org/terms/agriculturalOccupations	agriculturalOccupations	agricultural occupations@en	""	""	""	http://homosaurus.org/terms/occupations	http://homosaurus.org/terms/cowboys||http://homosaurus.org/terms/cowgirls||http://homosaurus.org/terms/farmers	""	2015-11-25	2015-11-25	""	""
http://homosaurus.org/terms/AIDSActivists	AIDSActivists	AIDS activists@en	""	""	""	http://homosaurus.org/terms/activists	""	http://homosaurus.org/terms/AIDSOrganisations||http://homosaurus.org/terms/HIVAIDS	2015-11-25	2015-11-25	""	""
http://homosaurus.org/terms/AIDSAwareness	AIDSAwareness	AIDS awareness@en	""	""	""	""	""	http://homosaurus.org/terms/redRibbons	2015-11-25	2015-11-25	""	""
http://homosaurus.org/terms/AIDSEducation	AIDSEducation	AIDS education@en	""	""	""	http://homosaurus.org/terms/provisionOfInformation	""	http://homosaurus.org/terms/HIVAIDS	2015-11-25	2015-11-25	""	""
http://homosaurus.org/terms/AIDSInformationCentres	AIDSInformationCentres	AIDS information centres@en	""	AIDS documentation centres@en	""	http://homosaurus.org/terms/informationCentres	""	http://homosaurus.org/terms/HIVAIDS	2015-11-25	2015-11-25	""	""
http://homosaurus.org/terms/AIDSOrganisations	AIDSOrganisations	AIDS organisations@en	""	AIDS organizations@en	""	http://homosaurus.org/terms/organisations	""	http://homosaurus.org/terms/AIDSActivists||http://homosaurus.org/terms/AIDSPeriodicals||http://homosaurus.org/terms/HIVAIDS	2015-11-25	2015-11-25	""	""
http://homosaurus.org/terms/AIDSPeriodicals	AIDSPeriodicals	AIDS periodicals@en	""	""	""	http://homosaurus.org/terms/press	""	http://homosaurus.org/terms/AIDSOrganisations||http://homosaurus.org/terms/HIVAIDS	2015-11-25	2015-11-25	""	""
http://homosaurus.org/terms/AIDSPhobia	AIDSPhobia	AIDS phobia@en	""	fear of AIDS@en||AIDSphobia@en	""	http://homosaurus.org/terms/discrimination||http://homosaurus.org/terms/phobias	""	http://homosaurus.org/terms/HIVAIDS	2015-11-25	2015-11-25	""	""
http://homosaurus.org/terms/airForce	airForce	air force@en	""	""	""	http://homosaurus.org/terms/military	""	""	2015-11-25	2015-11-25	""	""
http://homosaurus.org/terms/airlinePersonnel	airlinePersonnel	airline personnel@en	""	""	""	http://homosaurus.org/terms/transportationOccupations	""	""	2015-11-25	2015-11-25	""	""
http://homosaurus.org/terms/alcohol	alcohol	alcohol@en	""	""	""	http://homosaurus.org/terms/drugs	""	http://homosaurus.org/terms/alcoholism	2015-11-25	2015-11-25	""	""
http://homosaurus.org/terms/alcoholism	alcoholism	alcoholism@en	""	""	""	http://homosaurus.org/terms/substanceAbuse	""	http://homosaurus.org/terms/alcohol	2015-11-25	2015-11-25	""	""
http://homosaurus.org/terms/alimony	alimony	alimony@en	""	""	""	http://homosaurus.org/terms/supportLiability	""	""	2015-11-25	2015-11-25	""	""
http://homosaurus.org/terms/allergies	allergies	allergies@en	""	""	""	http://homosaurus.org/terms/physicalDisorders	""	""	2015-11-25	2015-11-25	""	""
http://homosaurus.org/terms/allies	allies	allies@en	""	""	""	""	""	http://homosaurus.org/terms/directAction||http://homosaurus.org/terms/gay-straightAlliances||http://homosaurus.org/terms/solidarity	2015-11-25	2015-11-25	""	""
http://homosaurus.org/terms/alternativeMedicine	alternativeMedicine	alternative medicine@en	""	""	any healing practice that does not fall within the realm of conventional medicine@en	http://homosaurus.org/terms/therapies	http://homosaurus.org/terms/healing||http://homosaurus.org/terms/homeopathy||http://homosaurus.org/terms/meditation||http://homosaurus.org/terms/tantra||http://homosaurus.org/terms/traditionalMedicine||http://homosaurus.org/terms/witchcraft	""	2015-11-25	2015-11-25	""	""
http://homosaurus.org/terms/alternativePunishments	alternativePunishments	alternative punishments@en	""	alternative sanctions@en	""	""	""	http://homosaurus.org/terms/criminalLaw||http://homosaurus.org/terms/imprisonment||http://homosaurus.org/terms/legalProcess	2015-11-25	2015-11-25	""	""
http://homosaurus.org/terms/amazons	amazons	amazons@en	""	""	nation of all-female warriors in Greek mythology and Classical antiquity; from the Early Modern period, their name has become a term for woman warriors in general@en	""	""	http://homosaurus.org/terms/mythology	2015-11-25	2015-11-25	""	""
http://homosaurus.org/terms/americanCultures	americanCultures	american cultures@en	""	""	""	http://homosaurus.org/terms/cultures	http://homosaurus.org/terms/latinAmericanCultures||http://homosaurus.org/terms/nativeAmericanCultures||http://homosaurus.org/terms/northAmericanCultures	""	2015-11-25	2015-11-25	""	""
http://homosaurus.org/terms/analCancer	analCancer	anal cancer@en	""	""	""	http://homosaurus.org/terms/cancer	""	""	2015-11-25	2015-11-25	""	""
http://homosaurus.org/terms/analIntercourse	analIntercourse	anal intercourse@en	""	butt fucking@en	""	http://homosaurus.org/terms/analSex||http://homosaurus.org/terms/phallicSex	""	""	2015-11-25	2015-11-25	""	""
http://homosaurus.org/terms/analSex	analSex	anal sex@en	""	""	""	http://homosaurus.org/terms/sexualPractices	http://homosaurus.org/terms/analIntercourse||http://homosaurus.org/terms/barebacking||http://homosaurus.org/terms/fisting||http://homosaurus.org/terms/poopSex||http://homosaurus.org/terms/rimming	http://homosaurus.org/terms/enemas	2015-11-25	2015-11-25	""	""
http://homosaurus.org/terms/anarchism	anarchism	anarchism@en	""	""	""	http://homosaurus.org/terms/politicalMovements||http://homosaurus.org/terms/politicalSystems	""	""	2015-11-25	2015-11-25	""	""
http://homosaurus.org/terms/androgyny	androgyny	androgyny@en	""	""	""	""	""	http://homosaurus.org/terms/femininity||http://homosaurus.org/terms/gender||http://homosaurus.org/terms/genderBending||http://homosaurus.org/terms/genderIdentity||http://homosaurus.org/terms/genderRole||http://homosaurus.org/terms/intersex||http://homosaurus.org/terms/masculinity	2015-11-25	2015-11-25	""	""
http://homosaurus.org/terms/anglicanism	anglicanism	anglicanism@en	""	episcopal church@en||church of england@en	""	http://homosaurus.org/terms/christianity	""	""	2015-11-25	2015-11-25	""	""
http://homosaurus.org/terms/animalSexualBehaviour	animalSexualBehaviour	animal sexual behaviour@en	""	animal sexuality@en	""	http://homosaurus.org/terms/sexuality	""	http://homosaurus.org/terms/animals	2015-11-25	2015-11-25	""	""
http://homosaurus.org/terms/animals	animals	animals@en	""	""	""	""	http://homosaurus.org/terms/pets	http://homosaurus.org/terms/animalSexualBehaviour||http://homosaurus.org/terms/zoophilia	2015-11-25	2015-11-25	""	""
http://homosaurus.org/terms/animatedFilm	animatedFilm	animated film@en	""	""	""	http://homosaurus.org/terms/film	""	""	2015-11-25	2015-11-25	""	""
http://homosaurus.org/terms/anonymousComplaints	anonymousComplaints	anonymous complaints@en	""	""	""	""	""	http://homosaurus.org/terms/prosecutionPolicy	2015-11-25	2015-11-25	""	""
http://homosaurus.org/terms/anonymousSex	anonymousSex	anonymous sex@en	""	""	""	""	""	http://homosaurus.org/terms/casualSex||http://homosaurus.org/terms/cruising||http://homosaurus.org/terms/sexLocations||http://homosaurus.org/terms/sexuality||http://homosaurus.org/terms/sexualRelationships	2015-11-25	2015-11-25	""	""
http://homosaurus.org/terms/anorexiaNervosa	anorexiaNervosa	anorexia nervosa@en	""	""	""	http://homosaurus.org/terms/eatingDisorders	""	""	2015-11-25	2015-11-25	""	""
http://homosaurus.org/terms/anthologies	anthologies	anthologies@en	""	""	""	""	""	http://homosaurus.org/terms/literature	2015-11-25	2015-11-25	""	""
http://homosaurus.org/terms/anthropology	anthropology	anthropology@en	""	""	""	http://homosaurus.org/terms/socialAndBehaviouralSciences	http://homosaurus.org/terms/archeology	""	2015-11-25	2015-11-25	""	""
http://homosaurus.org/terms/anthroposophy	anthroposophy	anthroposophy@en	""	""	""	http://homosaurus.org/terms/philosophiesOfLife	""	""	2015-11-25	2015-11-25	""	""
http://homosaurus.org/terms/anti-discriminationLaw	anti-discriminationLaw	anti-discrimination law@en	""	equal treatment act@en	""	http://homosaurus.org/terms/law	""	http://homosaurus.org/terms/discrimination	2015-11-25	2015-11-25	""	""
http://homosaurus.org/terms/anti-fascism	anti-fascism	anti-fascism@en	""	""	""	""	""	http://homosaurus.org/terms/fascism	2015-11-25	2015-11-25	""	""
http://homosaurus.org/terms/anti-feminism	anti-feminism	anti-feminism@en	""	""	""	""	""	http://homosaurus.org/terms/feminism	2015-11-25	2015-11-25	""	""
http://homosaurus.org/terms/anti-gayViolence	anti-gayViolence	anti-gay violence@en	""	""	""	http://homosaurus.org/terms/violence	""	http://homosaurus.org/terms/hateCrimes	2015-11-25	2015-11-25	""	""
http://homosaurus.org/terms/anti-lesbianViolence	anti-lesbianViolence	anti-lesbian violence@en	""	lesbian bashing@en	""	http://homosaurus.org/terms/violence	""	http://homosaurus.org/terms/hateCrimes	2015-11-25	2015-11-25	""	""
http://homosaurus.org/terms/anti-racism	anti-racism	anti-racism@en	""	""	""	""	""	http://homosaurus.org/terms/racism	2015-11-25	2015-11-25	""	""
http://homosaurus.org/terms/anti-semitism	anti-semitism	anti-semitism@en	""	anti-jewish attitudes@en	""	http://homosaurus.org/terms/discrimination||http://homosaurus.org/terms/ethnicRelations	""	http://homosaurus.org/terms/jews	2015-11-25	2015-11-25	""	""
http://homosaurus.org/terms/anti-transgenderViolence	anti-transgenderViolence	anti-transgender violence@en	""	""	""	http://homosaurus.org/terms/violence	""	http://homosaurus.org/terms/hateCrimes||http://homosaurus.org/terms/transgenderPeople	2015-11-25	2015-11-25	""	""
http://homosaurus.org/terms/apartheid	apartheid	apartheid@en	""	""	""	http://homosaurus.org/terms/ethnicRelations	""	http://homosaurus.org/terms/homelands	2015-11-25	2015-11-25	""	""
http://homosaurus.org/terms/appearance	appearance	appearance@en	""	""	""	http://homosaurus.org/terms/physicalCharacteristics	http://homosaurus.org/terms/bodyAdornments	http://homosaurus.org/terms/beautyStandards||http://homosaurus.org/terms/bodyImage||http://homosaurus.org/terms/clothing	2015-11-25	2015-11-25	""	""
http://homosaurus.org/terms/apps	apps	apps@en	""	mobile applications@en||mobile apps@en	software applications, usually designed to run on smartphones and tablet computers@en	http://homosaurus.org/terms/telecommunication	""	""	2015-11-25	2015-11-25	""	""
http://homosaurus.org/terms/aquaticSports	aquaticSports	aquatic sports@en	""	""	swimming, sailing, etc.@en	http://homosaurus.org/terms/sports	""	""	2015-11-25	2015-11-25	""	""
http://homosaurus.org/terms/ARC	ARC	ARC@en	""	AIDS related complex@en	""	http://homosaurus.org/terms/HIVAIDS	""	""	2015-11-25	2015-11-25	""	""
http://homosaurus.org/terms/archeology	archeology	archeology@en	""	archaeology@en	""	http://homosaurus.org/terms/anthropology||http://homosaurus.org/terms/history	""	""	2015-11-25	2015-11-25	""	""
http://homosaurus.org/terms/architecture	architecture	architecture@en	""	""	""	http://homosaurus.org/terms/visualArts	http://homosaurus.org/terms/interiorDesign||http://homosaurus.org/terms/landscapeArchitecture	""	2015-11-25	2015-11-25	""	""
http://homosaurus.org/terms/archives	archives	archives@en	""	""	""	http://homosaurus.org/terms/informationServices	http://homosaurus.org/terms/gayArchives||http://homosaurus.org/terms/lesbianArchives||http://homosaurus.org/terms/transgenderArchives||http://homosaurus.org/terms/womensArchives	http://homosaurus.org/terms/archivists||http://homosaurus.org/terms/digitisation||http://homosaurus.org/terms/libraries	2015-11-25	2015-11-25	""	""
http://homosaurus.org/terms/archivists	archivists	archivists@en	""	""	""	http://homosaurus.org/terms/serviceOccupations	""	http://homosaurus.org/terms/archives	2015-11-25	2015-11-25	""	""
http://homosaurus.org/terms/army	army	army@en	""	ground forces@en	""	http://homosaurus.org/terms/military	""	http://homosaurus.org/terms/soldiers	2015-11-25	2015-11-25	""	""
http://homosaurus.org/terms/arrangedMarriage	arrangedMarriage	arranged marriage@en	""	""	""	http://homosaurus.org/terms/marriage	""	http://homosaurus.org/terms/heterosexualMarriage	2015-11-25	2015-11-25	""	""
http://homosaurus.org/terms/arrests	arrests	arrests@en	""	""	""	http://homosaurus.org/terms/detention	""	http://homosaurus.org/terms/police	2015-11-25	2015-11-25	""	""
http://homosaurus.org/terms/arson	arson	arson@en	""	""	""	http://homosaurus.org/terms/crimes	""	http://homosaurus.org/terms/vandalism	2015-11-25	2015-11-25	""	""
http://homosaurus.org/terms/artGalleries	artGalleries	art galleries@en	""	""	""	http://homosaurus.org/terms/businesses	""	http://homosaurus.org/terms/exhibitions||http://homosaurus.org/terms/visualArts	2015-11-25	2015-11-25	""	""
http://homosaurus.org/terms/artHistory	artHistory	art history@en	""	""	""	http://homosaurus.org/terms/humanities	""	http://homosaurus.org/terms/arts	2015-11-25	2015-11-25	""	""
http://homosaurus.org/terms/artMovements	artMovements	art movements@en	""	""	""	""	http://homosaurus.org/terms/dadaism||http://homosaurus.org/terms/decadentism||http://homosaurus.org/terms/modernism||http://homosaurus.org/terms/popArt||http://homosaurus.org/terms/surrealism||http://homosaurus.org/terms/symbolism	http://homosaurus.org/terms/arts||http://homosaurus.org/terms/culturalMovements	2015-11-25	2015-11-25	""	""
http://homosaurus.org/terms/artificialInsemination	artificialInsemination	artificial insemination@en	""	donor insemination@en	""	http://homosaurus.org/terms/insemination	http://homosaurus.org/terms/self-insemination	http://homosaurus.org/terms/biotechnology||http://homosaurus.org/terms/spermBanks||http://homosaurus.org/terms/spermDonors	2015-11-25	2015-11-25	""	""
http://homosaurus.org/terms/artists	artists	artists@en	""	""	""	http://homosaurus.org/terms/artsAndEntertainmentOccupations	""	http://homosaurus.org/terms/visualArts	2015-11-25	2015-11-25	""	""
http://homosaurus.org/terms/arts	arts	arts@en	""	""	""	""	http://homosaurus.org/terms/film||http://homosaurus.org/terms/performingArts||http://homosaurus.org/terms/videos||http://homosaurus.org/terms/visualArts	http://homosaurus.org/terms/artHistory||http://homosaurus.org/terms/artMovements||http://homosaurus.org/terms/artsAndEntertainmentOccupations||http://homosaurus.org/terms/erotica||http://homosaurus.org/terms/literature||http://homosaurus.org/terms/popularCulture||http://homosaurus.org/terms/reception||http://homosaurus.org/terms/representation	2015-11-25	2015-11-25	""	""
http://homosaurus.org/terms/artsAndEntertainmentOccupations	artsAndEntertainmentOccupations	arts and entertainment occupations@en	""	arts- and entertainment related occupations@en	""	http://homosaurus.org/terms/occupations	http://homosaurus.org/terms/actors||http://homosaurus.org/terms/artists||http://homosaurus.org/terms/choreographers||http://homosaurus.org/terms/conductors||http://homosaurus.org/terms/dancers||http://homosaurus.org/terms/directors||http://homosaurus.org/terms/discJockeys||http://homosaurus.org/terms/fashionDesigners||http://homosaurus.org/terms/hosts||http://homosaurus.org/terms/impresarios||http://homosaurus.org/terms/musicians||http://homosaurus.org/terms/photographers||http://homosaurus.org/terms/photographicModels||http://homosaurus.org/terms/producers||http://homosaurus.org/terms/writers	http://homosaurus.org/terms/arts	2015-11-25	2015-11-25	""	""
http://homosaurus.org/terms/asceticism	asceticism	asceticism@en	""	""	""	http://homosaurus.org/terms/philosophiesOfLife	""	""	2015-11-25	2015-11-25	""	""
http://homosaurus.org/terms/asexuality	asexuality	asexuality@en	""	""	lack of sexual attraction to others or the lack of interest in sex@en	http://homosaurus.org/terms/sexualOrientation	""	""	2015-11-25	2015-11-25	""	""
http://homosaurus.org/terms/asianCultures	asianCultures	asian cultures@en	""	oriental cultures@en	""	http://homosaurus.org/terms/cultures	""	""	2015-11-25	2015-11-25	""	""
http://homosaurus.org/terms/asianReligions	asianReligions	asian religions@en	""	oriental religions@en	""	http://homosaurus.org/terms/religions	http://homosaurus.org/terms/confucianism||http://homosaurus.org/terms/hinduism||http://homosaurus.org/terms/shintoism||http://homosaurus.org/terms/taoism	""	2015-11-25	2015-11-25	""	""
http://homosaurus.org/terms/asianStudies	asianStudies	asian studies@en	""	""	""	http://homosaurus.org/terms/ethnicStudies	""	""	2015-11-25	2015-11-25	""	""
http://homosaurus.org/terms/assassins	assassins	assassins@en	""	hit men@en	""	http://homosaurus.org/terms/murderers	http://homosaurus.org/terms/deathSquads	""	2015-11-25	2015-11-25	""	""
http://homosaurus.org/terms/assertiveness	assertiveness	assertiveness@en	""	""	""	http://homosaurus.org/terms/psychologicalCharacteristics	""	""	2015-11-25	2015-11-25	""	""
http://homosaurus.org/terms/assignedGender	assignedGender	assigned gender@en	""	birth gender@en||gender assigned at birth@en||sex assignment@en	gender, either girl or boy, that parents and culture give to a child based on the child's sex@en	http://homosaurus.org/terms/gender	""	http://homosaurus.org/terms/birthCertificateAmendments||http://homosaurus.org/terms/stealth||http://homosaurus.org/terms/transitioning	2015-11-25	2015-11-25	""	""
http://homosaurus.org/terms/astrology	astrology	astrology@en	""	""	""	http://homosaurus.org/terms/occultism	""	""	2015-11-25	2015-11-25	""	""
http://homosaurus.org/terms/asylumMigration	asylumMigration	asylum migration@en	""	""	""	http://homosaurus.org/terms/migration	""	http://homosaurus.org/terms/immigrationPolicy||http://homosaurus.org/terms/refugeeCentres||http://homosaurus.org/terms/refugees	2015-11-25	2015-11-25	""	""
http://homosaurus.org/terms/atheism	atheism	atheism@en	""	""	""	http://homosaurus.org/terms/philosophiesOfLife	""	http://homosaurus.org/terms/religions	2015-11-25	2015-11-25	""	""
http://homosaurus.org/terms/attitudes	attitudes	attitudes@en	""	""	""	""	http://homosaurus.org/terms/acceptance||http://homosaurus.org/terms/ethnocentrism||http://homosaurus.org/terms/hate||http://homosaurus.org/terms/heterosexism||http://homosaurus.org/terms/humour||http://homosaurus.org/terms/intolerance||http://homosaurus.org/terms/machismo||http://homosaurus.org/terms/marianismo||http://homosaurus.org/terms/militancy||http://homosaurus.org/terms/multiculturalism||http://homosaurus.org/terms/nationalism||http://homosaurus.org/terms/opinions||http://homosaurus.org/terms/prejudices||http://homosaurus.org/terms/solidarity||http://homosaurus.org/terms/tolerance	http://homosaurus.org/terms/emotions||http://homosaurus.org/terms/politicalCorrectness||http://homosaurus.org/terms/psychologicalCharacteristics||http://homosaurus.org/terms/psychologicalProcesses||http://homosaurus.org/terms/socialNorms||http://homosaurus.org/terms/socialProcesses	2015-11-25	2015-11-25	""	""
http://homosaurus.org/terms/audiovisualMedia	audiovisualMedia	audiovisual media@en	""	""	""	http://homosaurus.org/terms/media	http://homosaurus.org/terms/cartoons||http://homosaurus.org/terms/DVDs||http://homosaurus.org/terms/film||http://homosaurus.org/terms/photographs||http://homosaurus.org/terms/postcards||http://homosaurus.org/terms/posters||http://homosaurus.org/terms/radio||http://homosaurus.org/terms/television||http://homosaurus.org/terms/videos	http://homosaurus.org/terms/videoOnDemand	2015-11-25	2015-11-25	""	""
http://homosaurus.org/terms/autismSpectrumDisorders	autismSpectrumDisorders	autism spectrum disorders@en	""	autism@en	""	http://homosaurus.org/terms/developmentalDisabilities	""	""	2015-11-25	2015-11-25	""	""
http://homosaurus.org/terms/autobiographies	autobiographies	autobiographies@en	""	memoirs@en	""	http://homosaurus.org/terms/biographies||http://homosaurus.org/terms/personalPapers	""	http://homosaurus.org/terms/diaries||http://homosaurus.org/terms/oralHistory	2015-11-25	2015-11-25	""	""
http://homosaurus.org/terms/autoeroticAsphyxiation	autoeroticAsphyxiation	autoerotic asphyxiation@en	""	hypoxyphilia@en||strangulation sex@en||asphyxiophilia@en||autoerotic asphyxia@en	""	http://homosaurus.org/terms/sexualPractices	""	""	2015-11-25	2015-11-25	""	""
http://homosaurus.org/terms/autonomy	autonomy	autonomy@en	""	independence@en	the capacity of a rational individual to make an informed, un-coerced decision@en	http://homosaurus.org/terms/psychologicalCharacteristics	""	""	2015-11-25	2015-11-25	""	""
http://homosaurus.org/terms/aversionTherapy	aversionTherapy	aversion therapy@en	""	""	behavior modification therapy displacing pleasant associations evoked by homosexuality with unpleasant ones (in the form of electric shocks or nausea-inducing drug) in order to shift the subject's homosexual orientation to a heterosexual one@en	http://homosaurus.org/terms/behaviouralTherapy	""	http://homosaurus.org/terms/sexualReorientation	2015-11-25	2015-11-25	""	""
http://homosaurus.org/terms/aviation	aviation	aviation@en	""	""	""	http://homosaurus.org/terms/transport	""	""	2015-11-25	2015-11-25	""	""
http://homosaurus.org/terms/awards	awards	awards@en	""	distinctions@en	""	""	http://homosaurus.org/terms/commemorativePlaques||http://homosaurus.org/terms/literaryAwards	http://homosaurus.org/terms/streetNames	2015-11-25	2015-11-25	""	""
http://homosaurus.org/terms/badminton	badminton	badminton@en	""	""	""	http://homosaurus.org/terms/ballGames	""	""	2015-11-25	2015-11-25	""	""
http://homosaurus.org/terms/ballGames	ballGames	ball games@en	""	""	""	http://homosaurus.org/terms/sports	http://homosaurus.org/terms/badminton||http://homosaurus.org/terms/baseball||http://homosaurus.org/terms/golf||http://homosaurus.org/terms/handball||http://homosaurus.org/terms/rugby||http://homosaurus.org/terms/soccer||http://homosaurus.org/terms/softball||http://homosaurus.org/terms/tennis||http://homosaurus.org/terms/volleyball	""	2015-11-25	2015-11-25	""	""
http://homosaurus.org/terms/ballet	ballet	ballet@en	""	""	""	http://homosaurus.org/terms/dance	""	""	2015-11-25	2015-11-25	""	""
http://homosaurus.org/terms/ballroomDancing	ballroomDancing	ballroom dancing@en	""	ballroom dance@en	""	http://homosaurus.org/terms/dance||http://homosaurus.org/terms/leisureActivities	""	http://homosaurus.org/terms/dancingSchools	2015-11-25	2015-11-25	""	""
http://homosaurus.org/terms/bankruptcies	bankruptcies	bankruptcies@en	""	""	""	http://homosaurus.org/terms/civilLaw	""	http://homosaurus.org/terms/economicDevelopments	2015-11-25	2015-11-25	""	""
http://homosaurus.org/terms/banks	banks	banks@en	""	""	""	http://homosaurus.org/terms/financialInstitutions	""	""	2015-11-25	2015-11-25	""	""
http://homosaurus.org/terms/baptistChurch	baptistChurch	baptist church@en	""	""	""	http://homosaurus.org/terms/christianity	""	""	2015-11-25	2015-11-25	""	""
http://homosaurus.org/terms/barebacking	barebacking	barebacking@en	""	""	""	http://homosaurus.org/terms/analSex||http://homosaurus.org/terms/riskBehaviours	""	""	2015-11-25	2015-11-25	""	""
http://homosaurus.org/terms/bars	bars	bars@en	""	""	""	http://homosaurus.org/terms/hospitalityIndustry	http://homosaurus.org/terms/womensBars	http://homosaurus.org/terms/nightLife||http://homosaurus.org/terms/pubs	2015-11-25	2015-11-25	""	""
http://homosaurus.org/terms/baseball	baseball	baseball@en	""	""	""	http://homosaurus.org/terms/ballGames	""	http://homosaurus.org/terms/softball	2015-11-25	2015-11-25	""	""
http://homosaurus.org/terms/baths	baths	baths@en	""	saunas@en||bathhouses@en	""	http://homosaurus.org/terms/hospitalityIndustry||http://homosaurus.org/terms/sexLocations	""	http://homosaurus.org/terms/nightLife||http://homosaurus.org/terms/publicSex||http://homosaurus.org/terms/sexIndustry	2015-11-25	2015-11-25	""	""
http://homosaurus.org/terms/battering	battering	battering@en	""	battery@en	""	http://homosaurus.org/terms/physicalViolence	http://homosaurus.org/terms/batteringOfWomen||http://homosaurus.org/terms/torture	""	2015-11-25	2015-11-25	""	""
http://homosaurus.org/terms/batteringOfWomen	batteringOfWomen	battering of women@en	""	battery of women@en||wife abuse@en	""	http://homosaurus.org/terms/battering	""	""	2015-11-25	2015-11-25	""	""
http://homosaurus.org/terms/BBS	BBS	BBS@en	""	bulletin board systems@en	""	http://homosaurus.org/terms/socialMedia	""	""	2015-11-25	2015-11-25	""	""
http://homosaurus.org/terms/BDSM	BDSM	BDSM@en	""	""	an erotic preference and a form of personal relationship involving the consensual use of restraint, intense sensory stimulation, and fantasy power role play@en	http://homosaurus.org/terms/sexualPractices	http://homosaurus.org/terms/bondage||http://homosaurus.org/terms/SM	http://homosaurus.org/terms/BDSMCommunity	2015-11-25	2015-11-25	""	""
http://homosaurus.org/terms/BDSMCommunity	BDSMCommunity	BDSM community@en	""	""	""	http://homosaurus.org/terms/communities	""	http://homosaurus.org/terms/BDSM	2015-11-25	2015-11-25	""	""
http://homosaurus.org/terms/beaches	beaches	beaches@en	""	""	""	http://homosaurus.org/terms/publicSpace	http://homosaurus.org/terms/nudeBeaches	""	2015-11-25	2015-11-25	""	""
http://homosaurus.org/terms/bears	bears	bears @en	""	bear men@en	heavy-set men, often characterised as having hairy bodies and facial hair (gay men)@en	http://homosaurus.org/terms/gayCulture	""	""	2015-11-25	2015-11-25	""	""
http://homosaurus.org/terms/beatGeneration	beatGeneration	beat generation@en	""	beatniks@en	writers and poets of the beat generation and their followers@en	http://homosaurus.org/terms/subcultures	""	""	2015-11-25	2015-11-25	""	""
http://homosaurus.org/terms/beautyStandards	beautyStandards	beauty standards@en	""	""	""	""	""	http://homosaurus.org/terms/appearance||http://homosaurus.org/terms/bodyImage||http://homosaurus.org/terms/representation||http://homosaurus.org/terms/socialNorms	2015-11-25	2015-11-25	""	""
http://homosaurus.org/terms/behaviouralTherapy	behaviouralTherapy	behavioural therapy@en	""	""	""	http://homosaurus.org/terms/therapies	http://homosaurus.org/terms/aversionTherapy	""	2015-11-25	2015-11-25	""	""
http://homosaurus.org/terms/beingInLove	beingInLove	being in love@en	""	""	""	http://homosaurus.org/terms/love	""	http://homosaurus.org/terms/relationships	2015-11-25	2015-11-25	""	""
http://homosaurus.org/terms/benevolentSocieties	benevolentSocieties	benevolent societies@en	""	""	""	http://homosaurus.org/terms/financialInstitutions	""	http://homosaurus.org/terms/fundraising||http://homosaurus.org/terms/grants||http://homosaurus.org/terms/money	2015-11-25	2015-11-25	""	""
http://homosaurus.org/terms/bereavedPeople	bereavedPeople	bereaved people@en	""	bereaved@en	""	""	http://homosaurus.org/terms/orphans||http://homosaurus.org/terms/widowedPeople	http://homosaurus.org/terms/bereavement||http://homosaurus.org/terms/deathAndDying||http://homosaurus.org/terms/familyMembers||http://homosaurus.org/terms/pensionSurvivorsBenefits	2015-11-25	2015-11-25	""	""
http://homosaurus.org/terms/bereavement	bereavement	bereavement@en	""	""	""	http://homosaurus.org/terms/psychologicalProcesses	""	http://homosaurus.org/terms/bereavedPeople||http://homosaurus.org/terms/deathAndDying	2015-11-25	2015-11-25	""	""
http://homosaurus.org/terms/biMovement	biMovement	bi movement@en	""	bisexual movement@en	""	http://homosaurus.org/terms/LGBTIMovement	""	http://homosaurus.org/terms/bisexuality	2015-11-25	2015-11-25	""	""
http://homosaurus.org/terms/bible	bible	bible@en	""	""	""	http://homosaurus.org/terms/religiousTexts	http://homosaurus.org/terms/newTestament||http://homosaurus.org/terms/oldTestament	http://homosaurus.org/terms/christianity	2015-11-25	2015-11-25	""	""
http://homosaurus.org/terms/bibliographies	bibliographies	bibliographies@en	""	book lists@en||publication lists@en	""	http://homosaurus.org/terms/referenceSources	""	""	2015-11-25	2015-11-25	""	""
http://homosaurus.org/terms/bigenderPeople	bigenderPeople	bigender people@en	""	""	people with tendency to move between feminine and masculine gender-typed behaviour depending on context@en	http://homosaurus.org/terms/genderMinorities	""	""	2015-11-25	2015-11-25	""	""
http://homosaurus.org/terms/biographies	biographies	biographies@en	""	""	biography@en	http://homosaurus.org/terms/lifeStories	http://homosaurus.org/terms/autobiographies	http://homosaurus.org/terms/history||http://homosaurus.org/terms/literature	2015-11-25	2015-11-25	""	""
http://homosaurus.org/terms/biologicalEvolution	biologicalEvolution	biological evolution@en	""	""	any change across successive generations in the heritable characteristics of biological populations@en	http://homosaurus.org/terms/evolution	""	http://homosaurus.org/terms/biology||http://homosaurus.org/terms/genetics	2015-11-25	2015-11-25	""	""
http://homosaurus.org/terms/biologicalParenthood	biologicalParenthood	biological parenthood@en	""	gestational parenthood@en||genetic parenthood@en	""	http://homosaurus.org/terms/parenthood	""	http://homosaurus.org/terms/birthParents||http://homosaurus.org/terms/socialParenthood	2015-11-25	2015-11-25	""	""
http://homosaurus.org/terms/biologists	biologists	biologists@en	""	""	""	http://homosaurus.org/terms/academics	""	http://homosaurus.org/terms/biology	2015-11-25	2015-11-25	""	""
http://homosaurus.org/terms/biology	biology	biology@en	""	""	""	http://homosaurus.org/terms/naturalSciences	http://homosaurus.org/terms/ethology||http://homosaurus.org/terms/genetics	http://homosaurus.org/terms/biologicalEvolution||http://homosaurus.org/terms/biologists||http://homosaurus.org/terms/biotechnology||http://homosaurus.org/terms/sociobiology	2015-11-25	2015-11-25	""	""
http://homosaurus.org/terms/biotechnology	biotechnology	biotechnology@en	""	biomedical science@en	""	http://homosaurus.org/terms/healthSciences	http://homosaurus.org/terms/geneticEngineering	http://homosaurus.org/terms/artificialInsemination||http://homosaurus.org/terms/biology||http://homosaurus.org/terms/cyborgs||http://homosaurus.org/terms/inVitroFertilisation	2015-11-25	2015-11-25	""	""
http://homosaurus.org/terms/biphobia	biphobia	biphobia@en	""	""	""	http://homosaurus.org/terms/discrimination	""	http://homosaurus.org/terms/bisexuality||http://homosaurus.org/terms/bullying||http://homosaurus.org/terms/heterosexism||http://homosaurus.org/terms/homophobia||http://homosaurus.org/terms/lesbophobia||http://homosaurus.org/terms/phobias||http://homosaurus.org/terms/transphobia	2015-11-25	2015-11-25	""	""
http://homosaurus.org/terms/bipolarDisorder	bipolarDisorder	bipolar disorder@en	""	manic-depressive disorder@en	""	http://homosaurus.org/terms/moodDisorders	""	""	2015-11-25	2015-11-25	""	""
http://homosaurus.org/terms/birthCertificateAmendments	birthCertificateAmendments	birth certificate amendments@en	""	""	""	""	""	http://homosaurus.org/terms/assignedGender||http://homosaurus.org/terms/personalAndFamilyLaw	2015-11-25	2015-11-25	""	""
http://homosaurus.org/terms/birthParents	birthParents	birth parents@en	""	biological parents@en	""	http://homosaurus.org/terms/parents	""	http://homosaurus.org/terms/biologicalParenthood	2015-11-25	2015-11-25	""	""
http://homosaurus.org/terms/bisexualBoys	bisexualBoys	bisexual boys@en	""	""	""	http://homosaurus.org/terms/bisexualYouth||http://homosaurus.org/terms/boys	""	""	2015-11-25	2015-11-25	""	""
http://homosaurus.org/terms/bisexualCharacters	bisexualCharacters	bisexual characters@en	""	""	""	http://homosaurus.org/terms/characters	""	http://homosaurus.org/terms/bisexuals	2015-11-25	2015-11-25	""	""
http://homosaurus.org/terms/bisexualCommunity	bisexualCommunity	bisexual community@en	""	""	""	http://homosaurus.org/terms/LGBTICommunity	""	http://homosaurus.org/terms/bisexuals	2015-11-25	2015-11-25	""	""
http://homosaurus.org/terms/bisexualCouples	bisexualCouples	bisexual couples@en	""	""	""	http://homosaurus.org/terms/couples	""	http://homosaurus.org/terms/bisexuals	2015-11-25	2015-11-25	""	""
http://homosaurus.org/terms/bisexualDaughters	bisexualDaughters	bisexual daughters@en	""	""	""	http://homosaurus.org/terms/bisexuals||http://homosaurus.org/terms/daughters	""	""	2015-11-25	2015-11-25	""	""
http://homosaurus.org/terms/bisexualFamilies	bisexualFamilies	bisexual families@en	""	""	""	http://homosaurus.org/terms/families	""	http://homosaurus.org/terms/bisexuals	2015-11-25	2015-11-25	""	""
http://homosaurus.org/terms/bisexualGirls	bisexualGirls	bisexual girls@en	""	""	""	http://homosaurus.org/terms/bisexualYouth||http://homosaurus.org/terms/girls	""	""	2015-11-25	2015-11-25	""	""
http://homosaurus.org/terms/bisexualIdentity	bisexualIdentity	bisexual identity@en	""	""	""	http://homosaurus.org/terms/sexualIdentity	""	http://homosaurus.org/terms/bisexuality||http://homosaurus.org/terms/bisexuals	2015-11-25	2015-11-25	""	""
http://homosaurus.org/terms/bisexualInformationCentres	bisexualInformationCentres	bisexual information centres@en	""	bisexual documentation centres@en	""	http://homosaurus.org/terms/informationCentres	""	http://homosaurus.org/terms/bisexuality	2015-11-25	2015-11-25	""	""
http://homosaurus.org/terms/bisexualMen	bisexualMen	bisexual men@en	""	male bisexuals@en	""	http://homosaurus.org/terms/bisexuals||http://homosaurus.org/terms/men	""	http://homosaurus.org/terms/menWhoHaveSexWithMen	2015-11-25	2015-11-25	""	""
http://homosaurus.org/terms/bisexualParents	bisexualParents	bisexual parents@en	""	""	""	http://homosaurus.org/terms/parents	""	http://homosaurus.org/terms/childrenOfBisexuals	2015-11-25	2015-11-25	""	""
http://homosaurus.org/terms/bisexualPublishers	bisexualPublishers	bisexual publishers@en	""	""	""	http://homosaurus.org/terms/publishers	""	""	2015-11-25	2015-11-25	""	""
http://homosaurus.org/terms/bisexualRights	bisexualRights	bisexual rights@en	""	""	""	http://homosaurus.org/terms/LGBTIRights	""	http://homosaurus.org/terms/bisexuals	2015-11-25	2015-11-25	""	""
http://homosaurus.org/terms/bisexualSons	bisexualSons	bisexual sons@en	""	""	""	http://homosaurus.org/terms/bisexuals||http://homosaurus.org/terms/sons	""	""	2015-11-25	2015-11-25	""	""
http://homosaurus.org/terms/bisexualStudies	bisexualStudies	bisexual studies@en	""	""	""	http://homosaurus.org/terms/genderStudies	""	http://homosaurus.org/terms/bisexuality||http://homosaurus.org/terms/bisexuals	2015-11-25	2015-11-25	""	""
http://homosaurus.org/terms/bisexualWomen	bisexualWomen	bisexual women@en	""	""	""	http://homosaurus.org/terms/bisexuals||http://homosaurus.org/terms/women	http://homosaurus.org/terms/mati	http://homosaurus.org/terms/womenWhoHaveSexWithWomen	2015-11-25	2015-11-25	""	""
http://homosaurus.org/terms/bisexualYouth	bisexualYouth	bisexual youth@en	""	""	""	http://homosaurus.org/terms/bisexuals||http://homosaurus.org/terms/youth	http://homosaurus.org/terms/bisexualBoys||http://homosaurus.org/terms/bisexualGirls	""	2015-11-25	2015-11-25	""	""
http://homosaurus.org/terms/bisexuality	bisexuality	bisexuality@en	""	""	""	http://homosaurus.org/terms/sexualOrientation	""	http://homosaurus.org/terms/biMovement||http://homosaurus.org/terms/biphobia||http://homosaurus.org/terms/bisexualIdentity||http://homosaurus.org/terms/bisexualInformationCentres||http://homosaurus.org/terms/bisexualStudies||http://homosaurus.org/terms/homosexuality||http://homosaurus.org/terms/lesbianism	2015-11-25	2015-11-25	""	""
http://homosaurus.org/terms/bisexuals	bisexuals	bisexuals@en	""	bisexual people@en	""	http://homosaurus.org/terms/sexualMinorities	http://homosaurus.org/terms/bisexualDaughters||http://homosaurus.org/terms/bisexualMen||http://homosaurus.org/terms/bisexualSons||http://homosaurus.org/terms/bisexualWomen||http://homosaurus.org/terms/bisexualYouth||http://homosaurus.org/terms/olderBisexuals	http://homosaurus.org/terms/bisexualCharacters||http://homosaurus.org/terms/bisexualCommunity||http://homosaurus.org/terms/bisexualCouples||http://homosaurus.org/terms/bisexualFamilies||http://homosaurus.org/terms/bisexualIdentity||http://homosaurus.org/terms/bisexualRights||http://homosaurus.org/terms/bisexualStudies||http://homosaurus.org/terms/parentsOfBisexuals||http://homosaurus.org/terms/partnersOfBisexuals	2015-11-25	2015-11-25	""	""
http://homosaurus.org/terms/bishops	bishops	bishops@en	""	""	""	http://homosaurus.org/terms/clergy	""	""	2015-11-25	2015-11-25	""	""
http://homosaurus.org/terms/biting	biting	biting@en	""	""	""	http://homosaurus.org/terms/oralSex	""	http://homosaurus.org/terms/vampirism	2015-11-25	2015-11-25	""	""
http://homosaurus.org/terms/blackPeople	blackPeople	black people@en	""	""	used only for people of black-african descent and not for other people of colour@en	http://homosaurus.org/terms/ethnicGroups	http://homosaurus.org/terms/african-americans||http://homosaurus.org/terms/afro-asians||http://homosaurus.org/terms/afro-canadians||http://homosaurus.org/terms/afro-caribbeans||http://homosaurus.org/terms/afro-latinAmericans	http://homosaurus.org/terms/blackStudies	2015-11-25	2015-11-25	""	""
http://homosaurus.org/terms/blackStudies	blackStudies	black studies@en	""	""	""	""	""	http://homosaurus.org/terms/blackPeople	2015-11-25	2015-11-25	""	""
http://homosaurus.org/terms/blackmail	blackmail	blackmail@en	""	extortion@en	""	http://homosaurus.org/terms/psychologicalViolence	""	http://homosaurus.org/terms/securityRisks	2015-11-25	2015-11-25	""	""
http://homosaurus.org/terms/blindPeople	blindPeople	blind people@en	""	""	""	http://homosaurus.org/terms/peopleWithVisualDisabilities	""	http://homosaurus.org/terms/blindness	2015-11-25	2015-11-25	""	""
http://homosaurus.org/terms/blindness	blindness	blindness@en	""	""	""	http://homosaurus.org/terms/visualDisabilities	""	http://homosaurus.org/terms/blindPeople	2015-11-25	2015-11-25	""	""
http://homosaurus.org/terms/bloggers	bloggers	bloggers@en	""	""	""	http://homosaurus.org/terms/mediaOccupations	""	http://homosaurus.org/terms/blogs	2015-11-25	2015-11-25	""	""
http://homosaurus.org/terms/blogs	blogs	blogs@en	""	""	personal journals published on the World Wide Web@en	http://homosaurus.org/terms/socialMedia	""	http://homosaurus.org/terms/bloggers	2015-11-25	2015-11-25	""	""
http://homosaurus.org/terms/bloodBanks	bloodBanks	blood banks@en	""	""	""	""	""	http://homosaurus.org/terms/bloodDonors||http://homosaurus.org/terms/bloodTransfusions	2015-11-25	2015-11-25	""	""
http://homosaurus.org/terms/bloodDonors	bloodDonors	blood donors@en	""	""	""	http://homosaurus.org/terms/donors	""	http://homosaurus.org/terms/bloodBanks	2015-11-25	2015-11-25	""	""
http://homosaurus.org/terms/bloodTransfusions	bloodTransfusions	blood transfusions@en	""	""	""	http://homosaurus.org/terms/medicalInterventions	""	http://homosaurus.org/terms/bloodBanks	2015-11-25	2015-11-25	""	""
http://homosaurus.org/terms/blues	blues	blues@en	""	""	""	http://homosaurus.org/terms/music	""	""	2015-11-25	2015-11-25	""	""
http://homosaurus.org/terms/boardingSchools	boardingSchools	boarding schools@en	""	""	""	http://homosaurus.org/terms/schools	""	""	2015-11-25	2015-11-25	""	""
http://homosaurus.org/terms/body	body	body@en	""	human body@en	""	""	http://homosaurus.org/terms/bodyParts	http://homosaurus.org/terms/bodyCare||http://homosaurus.org/terms/bodyImage||http://homosaurus.org/terms/bodyLanguage||http://homosaurus.org/terms/bodyPolitics||http://homosaurus.org/terms/physicalAffection||http://homosaurus.org/terms/physicalCharacteristics	2015-11-25	2015-11-25	""	""
http://homosaurus.org/terms/bodyAdornments	bodyAdornments	body adornments@en	""	body decoration@en	""	http://homosaurus.org/terms/appearance	http://homosaurus.org/terms/piercings||http://homosaurus.org/terms/tattoos	http://homosaurus.org/terms/jewelry	2015-11-25	2015-11-25	""	""
http://homosaurus.org/terms/bodyBuilding	bodyBuilding	body building@en	""	bodybuilding@en||bodysculpting@en	""	http://homosaurus.org/terms/sports	""	""	2015-11-25	2015-11-25	""	""
http://homosaurus.org/terms/bodyCare	bodyCare	body care@en	""	""	""	http://homosaurus.org/terms/hygiene	""	http://homosaurus.org/terms/body	2015-11-25	2015-11-25	""	""
http://homosaurus.org/terms/bodyImage	bodyImage	body image@en	""	""	refers to a person's feelings of the aesthetics and sexual attractiveness of the person's own body@en	""	""	http://homosaurus.org/terms/appearance||http://homosaurus.org/terms/beautyStandards||http://homosaurus.org/terms/body	2015-11-25	2015-11-25	""	""
http://homosaurus.org/terms/bodyLanguage	bodyLanguage	body language@en	""	""	""	""	""	http://homosaurus.org/terms/body||http://homosaurus.org/terms/language	2015-11-25	2015-11-25	""	""
http://homosaurus.org/terms/bodyParts	bodyParts	body parts@en	""	""	""	http://homosaurus.org/terms/body	http://homosaurus.org/terms/breasts||http://homosaurus.org/terms/buttocks||http://homosaurus.org/terms/genitals	""	2015-11-25	2015-11-25	""	""
http://homosaurus.org/terms/bodyPolitics	bodyPolitics	body politics@en	""	""	relates to societal control, through both policy and practice, over the human body and individual response and activism against this@en	""	""	http://homosaurus.org/terms/body||http://homosaurus.org/terms/politics	2015-11-25	2015-11-25	""	""
http://homosaurus.org/terms/bondage	bondage	bondage@en	""	bondage and discipline@en||B & D@en	""	http://homosaurus.org/terms/BDSM	""	""	2015-11-25	2015-11-25	""	""
http://homosaurus.org/terms/bookCensorship	bookCensorship	book censorship@en	""	""	""	http://homosaurus.org/terms/censorship	""	http://homosaurus.org/terms/books||http://homosaurus.org/terms/challengedBooks	2015-11-25	2015-11-25	""	""
http://homosaurus.org/terms/bookClubs	bookClubs	book clubs@en	""	""	""	http://homosaurus.org/terms/clubs	""	http://homosaurus.org/terms/books	2015-11-25	2015-11-25	""	""
http://homosaurus.org/terms/books	books	books@en	""	""	""	""	http://homosaurus.org/terms/challengedBooks||http://homosaurus.org/terms/cookbooks||http://homosaurus.org/terms/e-books||http://homosaurus.org/terms/handbooks||http://homosaurus.org/terms/photoBooks	http://homosaurus.org/terms/bookCensorship||http://homosaurus.org/terms/bookClubs||http://homosaurus.org/terms/literature	2015-11-25	2015-11-25	""	""
http://homosaurus.org/terms/bookshops	bookshops	bookshops@en	""	bookstores@en||book stores@en	""	http://homosaurus.org/terms/shops	http://homosaurus.org/terms/gayBookshops||http://homosaurus.org/terms/lesbianBookshops||http://homosaurus.org/terms/womensBookshops	""	2015-11-25	2015-11-25	""	""
http://homosaurus.org/terms/borderlinePersonalityDisorder	borderlinePersonalityDisorder	borderline personality disorder@en	""	borderline syndrome@en	nonspecific diagnosis description for people who are in a state between neurosis and psychosis, with some functioning quite well, and others whose functioning is extremely limited@en	http://homosaurus.org/terms/personalityDisorders	""	""	2015-11-25	2015-11-25	""	""
http://homosaurus.org/terms/bourgeoisie	bourgeoisie	bourgeoisie@en	""	""	""	http://homosaurus.org/terms/socialClasses	""	""	2015-11-25	2015-11-25	""	""
http://homosaurus.org/terms/boyBands	boyBands	boy bands@en	""	""	""	http://homosaurus.org/terms/musicGroups	""	http://homosaurus.org/terms/popMusic	2015-11-25	2015-11-25	""	""
http://homosaurus.org/terms/boycotts	boycotts	boycotts@en	""	""	""	http://homosaurus.org/terms/actionCampaigns	""	""	2015-11-25	2015-11-25	""	""
http://homosaurus.org/terms/boys	boys	boys@en	""	""	""	""	http://homosaurus.org/terms/bisexualBoys||http://homosaurus.org/terms/gayBoys||http://homosaurus.org/terms/heterosexualBoys||http://homosaurus.org/terms/sissies	""	2015-11-25	2015-11-25	""	""
http://homosaurus.org/terms/boysFriendships	boysFriendships	boys' friendships@en	""	""	""	http://homosaurus.org/terms/friendships||http://homosaurus.org/terms/homosociality	""	""	2015-11-25	2015-11-25	""	""
http://homosaurus.org/terms/brainResearch	brainResearch	brain research@en	""	""	""	http://homosaurus.org/terms/research	""	http://homosaurus.org/terms/brainSurgery	2015-11-25	2015-11-25	""	""
http://homosaurus.org/terms/brainSurgery	brainSurgery	brain surgery@en	""	""	""	http://homosaurus.org/terms/surgery	""	http://homosaurus.org/terms/brainResearch	2015-11-25	2015-11-25	""	""
http://homosaurus.org/terms/breastCancer	breastCancer	breast cancer@en	""	""	""	http://homosaurus.org/terms/cancer	""	http://homosaurus.org/terms/breasts	2015-11-25	2015-11-25	""	""
http://homosaurus.org/terms/breastfeedingRights	breastfeedingRights	breastfeeding rights@en	""	nursing mothers' rights@en||breastfeeding mothers' rights@en||nursing rights@en	the right to breastfeed children in the workplace@en	http://homosaurus.org/terms/labourLaw	""	http://homosaurus.org/terms/mothers	2015-11-25	2015-11-25	""	""
http://homosaurus.org/terms/breasts	breasts	breasts@en	""	""	""	http://homosaurus.org/terms/bodyParts	""	http://homosaurus.org/terms/breastCancer	2015-11-25	2015-11-25	""	""
http://homosaurus.org/terms/briefings	briefings	briefings@en	""	""	""	http://homosaurus.org/terms/gatherings	""	""	2015-11-25	2015-11-25	""	""
http://homosaurus.org/terms/broadcastingNetworks	broadcastingNetworks	broadcasting networks@en	""	""	""	http://homosaurus.org/terms/organisations	""	http://homosaurus.org/terms/massMedia||http://homosaurus.org/terms/telecommunication	2015-11-25	2015-11-25	""	""
http://homosaurus.org/terms/brothels	brothels	brothels@en	""	""	""	http://homosaurus.org/terms/sexIndustry	""	http://homosaurus.org/terms/prostitution	2015-11-25	2015-11-25	""	""
http://homosaurus.org/terms/brothers	brothers	brothers@en	""	""	""	http://homosaurus.org/terms/siblings	""	""	2015-11-25	2015-11-25	""	""
http://homosaurus.org/terms/buddhism	buddhism	buddhism@en	""	""	""	""	""	""	2015-11-25	2015-11-25	""	""
http://homosaurus.org/terms/buddyCare	buddyCare	buddy care@en	""	buddies@en	""	http://homosaurus.org/terms/homeCare	""	http://homosaurus.org/terms/HIVAIDS	2015-11-25	2015-11-25	""	""
http://homosaurus.org/terms/budgetCuts	budgetCuts	budget cuts@en	""	spending cuts@en	""	""	""	http://homosaurus.org/terms/finances	2015-11-25	2015-11-25	""	""
http://homosaurus.org/terms/bulimiaNervosa	bulimiaNervosa	bulimia nervosa@en	""	binge purge syndrome@en	""	http://homosaurus.org/terms/eatingDisorders	""	""	2015-11-25	2015-11-25	""	""
http://homosaurus.org/terms/bullFights	bullFights	bull fights@en	""	""	""	http://homosaurus.org/terms/folkCulture	""	""	2015-11-25	2015-11-25	""	""
http://homosaurus.org/terms/bullying	bullying	bullying@en	""	""	a form of aggressive behaviour manifested by the use of force or coercion to affect others, particularly when the behaviour is habitual and involves an imbalance of power; it can include verbal harassment, physical assault or coercion and may be directed repeatedly towards particular victims, perhaps on grounds of race, religion, gender, sexuality, or ability@en	http://homosaurus.org/terms/aggression	http://homosaurus.org/terms/cyberbullying	http://homosaurus.org/terms/biphobia||http://homosaurus.org/terms/harassment||http://homosaurus.org/terms/homophobia||http://homosaurus.org/terms/lesbophobia||http://homosaurus.org/terms/schoolDropouts||http://homosaurus.org/terms/transphobia	2015-11-25	2015-11-25	""	""
http://homosaurus.org/terms/burialCeremonies	burialCeremonies	burial ceremonies@en	""	funerals@en||cremations @en	""	http://homosaurus.org/terms/funeralRites	""	""	2015-11-25	2015-11-25	""	""
http://homosaurus.org/terms/burnOut	burnOut	burn out@en	""	""	""	http://homosaurus.org/terms/psychologicalCharacteristics	""	http://homosaurus.org/terms/stress	2015-11-25	2015-11-25	""	""
http://homosaurus.org/terms/busDrivers	busDrivers	bus drivers@en	""	""	""	http://homosaurus.org/terms/transportationOccupations	""	""	2015-11-25	2015-11-25	""	""
http://homosaurus.org/terms/businessPeople	businessPeople	business people@en	""	businesswoman@en||businessman @en	""	http://homosaurus.org/terms/occupations	""	http://homosaurus.org/terms/businesses	2015-11-25	2015-11-25	""	""
http://homosaurus.org/terms/businesses	businesses	businesses@en	""	business@en	""	""	http://homosaurus.org/terms/artGalleries||http://homosaurus.org/terms/cinemas||http://homosaurus.org/terms/consultancyAgencies||http://homosaurus.org/terms/dot-comCompanies||http://homosaurus.org/terms/mailOrderCompanies||http://homosaurus.org/terms/multinationals||http://homosaurus.org/terms/postalServices||http://homosaurus.org/terms/publishers||http://homosaurus.org/terms/shops||http://homosaurus.org/terms/transportCompanies||http://homosaurus.org/terms/travelAgencies	http://homosaurus.org/terms/businessPeople||http://homosaurus.org/terms/industries	2015-11-25	2015-11-25	""	""
http://homosaurus.org/terms/butchFemmeRelationships	butchFemmeRelationships	butch femme relationships@en	""	""	""	http://homosaurus.org/terms/relationships	""	http://homosaurus.org/terms/butches||http://homosaurus.org/terms/femmes	2015-11-25	2015-11-25	""	""
http://homosaurus.org/terms/butches	butches	butches@en	""	""	""	http://homosaurus.org/terms/lesbians	""	http://homosaurus.org/terms/butchFemmeRelationships||http://homosaurus.org/terms/femmes||http://homosaurus.org/terms/identity||http://homosaurus.org/terms/roleBehaviour	2015-11-25	2015-11-25	""	""
http://homosaurus.org/terms/buttocks	buttocks	buttocks@en	""	""	""	http://homosaurus.org/terms/bodyParts	""	""	2015-11-25	2015-11-25	""	""
http://homosaurus.org/terms/buttplugs	buttplugs	buttplugs@en	""	""	""	http://homosaurus.org/terms/sexAccessories	""	""	2015-11-25	2015-11-25	""	""
http://homosaurus.org/terms/cabaret	cabaret	cabaret@en	""	""	""	http://homosaurus.org/terms/theatre	""	""	2015-11-25	2015-11-25	""	""
http://homosaurus.org/terms/calendars	calendars	calendars@en	""	""	""	""	""	""	2015-11-25	2015-11-25	""	""
http://homosaurus.org/terms/calvinism	calvinism	calvinism@en	""	""	""	http://homosaurus.org/terms/protestantism	http://homosaurus.org/terms/dutchReformedChurch||http://homosaurus.org/terms/presbyterianism||http://homosaurus.org/terms/reformedChurchesInTheNetherlands	""	2015-11-25	2015-11-25	""	""
http://homosaurus.org/terms/camp	camp	camp @en	""	""	gay humour@en	""	""	http://homosaurus.org/terms/gayCulture||http://homosaurus.org/terms/humour	2015-11-25	2015-11-25	""	""
http://homosaurus.org/terms/camping	camping	camping@en	""	campsites@en||campings@en	""	""	""	http://homosaurus.org/terms/summerCamps||http://homosaurus.org/terms/tourism	2015-11-25	2015-11-25	""	""
http://homosaurus.org/terms/cancer	cancer	cancer@en	""	""	""	http://homosaurus.org/terms/physicalDisorders	http://homosaurus.org/terms/analCancer||http://homosaurus.org/terms/breastCancer||http://homosaurus.org/terms/cervicalCancer||http://homosaurus.org/terms/kaposisSarcoma||http://homosaurus.org/terms/prostateCancer||http://homosaurus.org/terms/testicularCancer	""	2015-11-25	2015-11-25	""	""
http://homosaurus.org/terms/candida	candida	candida@en	""	""	""	http://homosaurus.org/terms/STDs	""	""	2015-11-25	2015-11-25	""	""
http://homosaurus.org/terms/cannabis	cannabis	cannabis@en	""	marihuana @en||hashish@en||marijuana @en	""	http://homosaurus.org/terms/softDrugs	""	""	2015-11-25	2015-11-25	""	""
http://homosaurus.org/terms/cannibalism	cannibalism	cannibalism@en	""	anthropophagy @en	""	""	""	""	2015-11-25	2015-11-25	""	""
http://homosaurus.org/terms/canonLaw	canonLaw	canon law@en	""	""	""	http://homosaurus.org/terms/law	""	http://homosaurus.org/terms/christianity	2015-11-25	2015-11-25	""	""
http://homosaurus.org/terms/capitalism	capitalism	capitalism@en	""	""	""	http://homosaurus.org/terms/socialProcesses||http://homosaurus.org/terms/society	""	""	2015-11-25	2015-11-25	""	""
http://homosaurus.org/terms/caravanDwellers	caravanDwellers	caravan dwellers@en	""	""	""	http://homosaurus.org/terms/nomads	""	http://homosaurus.org/terms/housing||http://homosaurus.org/terms/roma	2015-11-25	2015-11-25	""	""
http://homosaurus.org/terms/cardGames	cardGames	card games@en	""	""	""	http://homosaurus.org/terms/games	""	""	2015-11-25	2015-11-25	""	""
http://homosaurus.org/terms/cardinals	cardinals	cardinals@en	""	""	""	http://homosaurus.org/terms/clergy	""	""	2015-11-25	2015-11-25	""	""
http://homosaurus.org/terms/care	care	care@en	""	""	""	""	http://homosaurus.org/terms/categorialCare||http://homosaurus.org/terms/healthCare||http://homosaurus.org/terms/onlineCare||http://homosaurus.org/terms/pastoralCare||http://homosaurus.org/terms/self-help||http://homosaurus.org/terms/socialCare||http://homosaurus.org/terms/youthCare	""	2015-11-25	2015-11-25	""	""
http://homosaurus.org/terms/careerChoice	careerChoice	career choice@en	""	""	""	""	""	http://homosaurus.org/terms/careerDevelopment||http://homosaurus.org/terms/occupations	2015-11-25	2015-11-25	""	""
http://homosaurus.org/terms/careerDevelopment	careerDevelopment	career development@en	""	""	""	""	""	http://homosaurus.org/terms/careerChoice||http://homosaurus.org/terms/workSituation	2015-11-25	2015-11-25	""	""
http://homosaurus.org/terms/carnivals	carnivals	carnivals@en	""	""	""	http://homosaurus.org/terms/events	""	""	2015-11-25	2015-11-25	""	""
http://homosaurus.org/terms/cartoons	cartoons	cartoons@en	""	""	satirical drawings of someone or something@en	http://homosaurus.org/terms/audiovisualMedia||http://homosaurus.org/terms/drawings	""	""	2015-11-25	2015-11-25	""	""
http://homosaurus.org/terms/casting	casting	casting@en	""	""	""	""	""	http://homosaurus.org/terms/actors||http://homosaurus.org/terms/characters||http://homosaurus.org/terms/film||http://homosaurus.org/terms/plays||http://homosaurus.org/terms/televisionSeries	2015-11-25	2015-11-25	""	""
http://homosaurus.org/terms/castration	castration	castration@en	""	""	""	http://homosaurus.org/terms/surgery	""	http://homosaurus.org/terms/eunuchs	2015-11-25	2015-11-25	""	""
http://homosaurus.org/terms/casualSex	casualSex	casual sex@en	""	""	promiscuity@en	http://homosaurus.org/terms/sexualRelationships	""	http://homosaurus.org/terms/anonymousSex||http://homosaurus.org/terms/sexuality	2015-11-25	2015-11-25	""	""
http://homosaurus.org/terms/catalogues	catalogues	catalogues@en	""	catalogs@en	""	http://homosaurus.org/terms/referenceSources	""	http://homosaurus.org/terms/exhibitions||http://homosaurus.org/terms/libraries	2015-11-25	2015-11-25	""	""
http://homosaurus.org/terms/categorialCare	categorialCare	categorial care@en	""	""	care aimed at specific groups, such as gay men, lesbians and women@en	http://homosaurus.org/terms/care	""	""	2015-11-25	2015-11-25	""	""
http://homosaurus.org/terms/celebrations	celebrations	celebrations@en	""	""	""	http://homosaurus.org/terms/gatherings	""	""	2015-11-25	2015-11-25	""	""
http://homosaurus.org/terms/celebrities	celebrities	celebrities@en	""	""	""	""	""	http://homosaurus.org/terms/idols	2015-11-25	2015-11-25	""	""
http://homosaurus.org/terms/celibacy	celibacy	celibacy@en	""	""	""	""	""	http://homosaurus.org/terms/religions||http://homosaurus.org/terms/sexualAbstinence	2015-11-25	2015-11-25	""	""
http://homosaurus.org/terms/censorship	censorship	censorship@en	""	""	""	http://homosaurus.org/terms/coerciveMeasures	http://homosaurus.org/terms/bookCensorship||http://homosaurus.org/terms/filmCensorship	http://homosaurus.org/terms/ethics||http://homosaurus.org/terms/intellectualFreedom||http://homosaurus.org/terms/media||http://homosaurus.org/terms/webFilteringSoftware	2015-11-25	2015-11-25	""	""
http://homosaurus.org/terms/census	census	census@en	""	""	""	""	""	http://homosaurus.org/terms/demographics||http://homosaurus.org/terms/recording	2015-11-25	2015-11-25	""	""
http://homosaurus.org/terms/centres	centres	centres@en	""	centers@en	""	""	http://homosaurus.org/terms/communityCentres||http://homosaurus.org/terms/crisisCentres||http://homosaurus.org/terms/healthCareCentres||http://homosaurus.org/terms/informationCentres||http://homosaurus.org/terms/juvenileDetentionCentres||http://homosaurus.org/terms/legalAdviceCentres||http://homosaurus.org/terms/refugeeCentres||http://homosaurus.org/terms/socioculturalEducationCentres||http://homosaurus.org/terms/youthCentres	""	2015-11-25	2015-11-25	""	""
http://homosaurus.org/terms/cervicalCancer	cervicalCancer	cervical cancer@en	""	""	""	http://homosaurus.org/terms/cancer	""	""	2015-11-25	2015-11-25	""	""
http://homosaurus.org/terms/challengedBooks	challengedBooks	challenged books@en	""	""	books whose removal from libraries has been formally requested by parents or community members due to the perceived inappropriateness of their content@en	http://homosaurus.org/terms/books	""	http://homosaurus.org/terms/bookCensorship	2015-11-25	2015-11-25	""	""
http://homosaurus.org/terms/changeOfName	changeOfName	change of name@en	""	""	""	""	""	http://homosaurus.org/terms/legalName	2015-11-25	2015-11-25	""	""
http://homosaurus.org/terms/characters	characters	characters@en	""	""	""	""	http://homosaurus.org/terms/bisexualCharacters||http://homosaurus.org/terms/gayCharacters||http://homosaurus.org/terms/lesbianCharacters||http://homosaurus.org/terms/transgenderCharacters	http://homosaurus.org/terms/casting||http://homosaurus.org/terms/fiction||http://homosaurus.org/terms/film||http://homosaurus.org/terms/plays||http://homosaurus.org/terms/radioProgrammes||http://homosaurus.org/terms/televisionSeries	2015-11-25	2015-11-25	""	""
http://homosaurus.org/terms/chatRooms	chatRooms	chat rooms@en	""	""	""	http://homosaurus.org/terms/socialMedia	""	http://homosaurus.org/terms/internet	2015-11-25	2015-11-25	""	""
http://homosaurus.org/terms/childAbuse	childAbuse	child abuse@en	""	""	""	http://homosaurus.org/terms/childWelfare	http://homosaurus.org/terms/sexualChildAbuse	http://homosaurus.org/terms/children	2015-11-25	2015-11-25	""	""
http://homosaurus.org/terms/childCustody	childCustody	child custody@en	""	tutelage@en||guardianship@en||parental custody@en	""	""	""	http://homosaurus.org/terms/children||http://homosaurus.org/terms/parentalAuthority||http://homosaurus.org/terms/personalAndFamilyLaw||http://homosaurus.org/terms/visitationRights	2015-11-25	2015-11-25	""	""
http://homosaurus.org/terms/childPornography	childPornography	child pornography@en	""	kiddie porn@en	""	http://homosaurus.org/terms/pornography	""	http://homosaurus.org/terms/children	2015-11-25	2015-11-25	""	""
http://homosaurus.org/terms/childProstitutes	childProstitutes	child prostitutes@en	""	""	""	http://homosaurus.org/terms/children||http://homosaurus.org/terms/sexWorkers	""	http://homosaurus.org/terms/childProstitution	2015-11-25	2015-11-25	""	""
http://homosaurus.org/terms/childProstitution	childProstitution	child prostitution@en	""	""	up to approx. 15 yrs@en	http://homosaurus.org/terms/prostitution	""	http://homosaurus.org/terms/childProstitutes	2015-11-25	2015-11-25	""	""
http://homosaurus.org/terms/childSupport	childSupport	child support@en	""	child maintenance@en	""	http://homosaurus.org/terms/supportLiability	""	""	2015-11-25	2015-11-25	""	""
http://homosaurus.org/terms/childWelfare	childWelfare	child welfare@en	""	""	""	http://homosaurus.org/terms/socialCare	http://homosaurus.org/terms/childAbuse	http://homosaurus.org/terms/children||http://homosaurus.org/terms/personalAndFamilyLaw	2015-11-25	2015-11-25	""	""
http://homosaurus.org/terms/childbirth	childbirth	childbirth@en	""	""	""	http://homosaurus.org/terms/pregnancy	""	""	2015-11-25	2015-11-25	""	""
http://homosaurus.org/terms/childhood	childhood	childhood@en	""	""	""	http://homosaurus.org/terms/phasesOfLife	""	http://homosaurus.org/terms/children||http://homosaurus.org/terms/parents||http://homosaurus.org/terms/upbringing	2015-11-25	2015-11-25	""	""
http://homosaurus.org/terms/children	children	children@en	""	""	up to approx. 12 yrs@en	http://homosaurus.org/terms/familyMembers||http://homosaurus.org/terms/youth	http://homosaurus.org/terms/childProstitutes||http://homosaurus.org/terms/childrenOfBisexuals||http://homosaurus.org/terms/childrenOfGayMen||http://homosaurus.org/terms/childrenOfLesbians||http://homosaurus.org/terms/childrenOfTransgenderPeople||http://homosaurus.org/terms/daughters||http://homosaurus.org/terms/extramaritalChildren||http://homosaurus.org/terms/fosterChildren||http://homosaurus.org/terms/grandchildren||http://homosaurus.org/terms/sexuallyAbusedChildren||http://homosaurus.org/terms/sons||http://homosaurus.org/terms/transgenderChildren	http://homosaurus.org/terms/childAbuse||http://homosaurus.org/terms/childCustody||http://homosaurus.org/terms/childhood||http://homosaurus.org/terms/childPornography||http://homosaurus.org/terms/childrensHomes||http://homosaurus.org/terms/childrensRights||http://homosaurus.org/terms/childrensSexuality||http://homosaurus.org/terms/childWelfare||http://homosaurus.org/terms/desireToHaveChildren	2015-11-25	2015-11-25	""	""
http://homosaurus.org/terms/childrenOfBisexuals	childrenOfBisexuals	children of bisexuals@en	""	""	""	http://homosaurus.org/terms/children	""	http://homosaurus.org/terms/bisexualParents	2015-11-25	2015-11-25	""	""
http://homosaurus.org/terms/childrenOfGayMen	childrenOfGayMen	children of gay men@en	""	""	""	http://homosaurus.org/terms/children	http://homosaurus.org/terms/daughtersOfGayMen||http://homosaurus.org/terms/sonsOfGayMen	http://homosaurus.org/terms/gayParents	2015-11-25	2015-11-25	""	""
http://homosaurus.org/terms/childrenOfTransgenderPeople	childrenOfTransgenderPeople	children of transgender people@en	""	""	""	http://homosaurus.org/terms/children	""	http://homosaurus.org/terms/transgenderParents	2015-11-25	2015-11-25	""	""
http://homosaurus.org/terms/childrensHelpLines	childrensHelpLines	children's help lines@en	""	""	""	http://homosaurus.org/terms/helpLines	""	""	2015-11-25	2015-11-25	""	""
http://homosaurus.org/terms/childrensHomes	childrensHomes	children's homes@en	""	""	""	http://homosaurus.org/terms/institutionalCareFacilities	""	http://homosaurus.org/terms/children||http://homosaurus.org/terms/upbringing	2015-11-25	2015-11-25	""	""
http://homosaurus.org/terms/childrensRights	childrensRights	children's rights@en	""	""	""	http://homosaurus.org/terms/humanRights	""	http://homosaurus.org/terms/children	2015-11-25	2015-11-25	""	""
http://homosaurus.org/terms/childrensSexuality	childrensSexuality	children's sexuality@en	""	""	sexual behaviour of children@en	http://homosaurus.org/terms/sexuality	""	http://homosaurus.org/terms/children||http://homosaurus.org/terms/pedophilia	2015-11-25	2015-11-25	""	""
http://homosaurus.org/terms/chlamydia	chlamydia	chlamydia@en	""	""	""	http://homosaurus.org/terms/STDs	""	""	2015-11-25	2015-11-25	""	""
http://homosaurus.org/terms/choirBoys	choirBoys	choir boys@en	""	""	""	http://homosaurus.org/terms/singers	""	http://homosaurus.org/terms/choirs	2015-11-25	2015-11-25	""	""
http://homosaurus.org/terms/choirs	choirs	choirs@en	""	""	""	http://homosaurus.org/terms/musicGroups	http://homosaurus.org/terms/gayMensChoirs||http://homosaurus.org/terms/lesbianChoirs	http://homosaurus.org/terms/choirBoys	2015-11-25	2015-11-25	""	""
http://homosaurus.org/terms/choreographers	choreographers	choreographers@en	""	""	""	http://homosaurus.org/terms/artsAndEntertainmentOccupations	""	http://homosaurus.org/terms/dance||http://homosaurus.org/terms/dancers	2015-11-25	2015-11-25	""	""
http://homosaurus.org/terms/christianDemocracy	christianDemocracy	christian democracy@en	""	""	""	http://homosaurus.org/terms/politicalMovements	""	""	2015-11-25	2015-11-25	""	""
http://homosaurus.org/terms/christianity	christianity	christianity@en	""	""	""	http://homosaurus.org/terms/religions	http://homosaurus.org/terms/anglicanism||http://homosaurus.org/terms/baptistChurch||http://homosaurus.org/terms/easternOrthodoxChurches||http://homosaurus.org/terms/jehovahsWitnesses||http://homosaurus.org/terms/metropolitanCommunityChurch||http://homosaurus.org/terms/mormonism||http://homosaurus.org/terms/oldCatholicChurch||http://homosaurus.org/terms/pentecostalism||http://homosaurus.org/terms/protestantism||http://homosaurus.org/terms/religiousSocietyOfFriends||http://homosaurus.org/terms/romanCatholicism	http://homosaurus.org/terms/bible||http://homosaurus.org/terms/canonLaw||http://homosaurus.org/terms/churchCouncils||http://homosaurus.org/terms/layMovement||http://homosaurus.org/terms/sacraments	2015-11-25	2015-11-25	""	""
http://homosaurus.org/terms/chromosomes	chromosomes	chromosomes@en	""	""	organised structure of DNA and protein found in cells@en	http://homosaurus.org/terms/physicalCharacteristics	""	http://homosaurus.org/terms/genes	2015-11-25	2015-11-25	""	""
http://homosaurus.org/terms/chronicFatigueSyndrome	chronicFatigueSyndrome	chronic fatigue syndrome@en	""	CFS@en||CFIDS@en||ME@en||myalgic encephalomyelitis@en||chronic fatigue immune dysfunction syndrome@en	""	http://homosaurus.org/terms/physicalDisorders	""	""	2015-11-25	2015-11-25	""	""
http://homosaurus.org/terms/churchCouncils	churchCouncils	church councils@en	""	""	""	""	""	http://homosaurus.org/terms/christianity	2015-11-25	2015-11-25	""	""
http://homosaurus.org/terms/cinemas	cinemas	cinemas@en	""	movie theaters@en	""	http://homosaurus.org/terms/businesses	http://homosaurus.org/terms/sexCinemas	http://homosaurus.org/terms/nightLife	2015-11-25	2015-11-25	""	""
http://homosaurus.org/terms/circumcision	circumcision	circumcision@en	""	""	""	http://homosaurus.org/terms/surgery	http://homosaurus.org/terms/femaleCircumcision||http://homosaurus.org/terms/maleCircumcision	""	2015-11-25	2015-11-25	""	""
http://homosaurus.org/terms/circus	circus	circus@en	""	""	""	http://homosaurus.org/terms/theatre	""	""	2015-11-25	2015-11-25	""	""
http://homosaurus.org/terms/cities	cities	cities@en	""	""	""	""	http://homosaurus.org/terms/ghettos||http://homosaurus.org/terms/neighbourhoods||http://homosaurus.org/terms/suburbs	http://homosaurus.org/terms/cityWalks||http://homosaurus.org/terms/villages	2015-11-25	2015-11-25	""	""
http://homosaurus.org/terms/citizenshipEducation	citizenshipEducation	citizenship education@en	""	""	""	http://homosaurus.org/terms/adultEducation	""	http://homosaurus.org/terms/migrants	2015-11-25	2015-11-25	""	""
http://homosaurus.org/terms/cityWalks	cityWalks	city walks@en	""	""	""	""	""	http://homosaurus.org/terms/cities||http://homosaurus.org/terms/tourism	2015-11-25	2015-11-25	""	""
http://homosaurus.org/terms/civilDisobedience	civilDisobedience	civil disobedience@en	""	""	""	http://homosaurus.org/terms/directAction	""	""	2015-11-25	2015-11-25	""	""
http://homosaurus.org/terms/civilLaw	civilLaw	civil law@en	""	""	""	http://homosaurus.org/terms/law	http://homosaurus.org/terms/bankruptcies||http://homosaurus.org/terms/inheritanceLaw	""	2015-11-25	2015-11-25	""	""
http://homosaurus.org/terms/civilRights	civilRights	civil rights@en	""	""	""	http://homosaurus.org/terms/humanRights	http://homosaurus.org/terms/personalAndFamilyLaw||http://homosaurus.org/terms/rightToVote	""	2015-11-25	2015-11-25	""	""
http://homosaurus.org/terms/civilServants	civilServants	civil servants@en	""	""	""	""	""	http://homosaurus.org/terms/government	2015-11-25	2015-11-25	""	""
http://homosaurus.org/terms/civilUnions	civilUnions	civil unions@en	""	registered partnership@en||civil partnership@en	legally recognized forms of partnership similar to marriage@en	http://homosaurus.org/terms/livingArrangements	""	http://homosaurus.org/terms/domesticPartnerships||http://homosaurus.org/terms/marriage||http://homosaurus.org/terms/marriageLaw	2015-11-25	2015-11-25	""	""
http://homosaurus.org/terms/civilWars	civilWars	civil wars@en	""	""	""	http://homosaurus.org/terms/wars	""	""	2015-11-25	2015-11-25	""	""
http://homosaurus.org/terms/classStruggle	classStruggle	class struggle@en	""	""	""	http://homosaurus.org/terms/socialProcesses	""	http://homosaurus.org/terms/classism||http://homosaurus.org/terms/socialClasses	2015-11-25	2015-11-25	""	""
http://homosaurus.org/terms/classicalMusic	classicalMusic	classical music@en	""	""	""	http://homosaurus.org/terms/music	""	""	2015-11-25	2015-11-25	""	""
http://homosaurus.org/terms/classificationOfDiseases	classificationOfDiseases	classification of diseases@en	""	""	methodical labeling of medical and mental disorders@en	""	http://homosaurus.org/terms/DSM	http://homosaurus.org/terms/medicalDisorders||http://homosaurus.org/terms/mentalDisorders	2015-11-25	2015-11-25	""	""
http://homosaurus.org/terms/classificationSystems	classificationSystems	classification systems@en	""	classification schemes@en	""	http://homosaurus.org/terms/retrievalSystems	""	""	2015-11-25	2015-11-25	""	""
http://homosaurus.org/terms/classism	classism	classism@en	""	""	""	http://homosaurus.org/terms/discrimination	""	http://homosaurus.org/terms/classStruggle||http://homosaurus.org/terms/socialClasses	2015-11-25	2015-11-25	""	""
http://homosaurus.org/terms/clergy	clergy	clergy@en	""	religious occupations@en	""	http://homosaurus.org/terms/occupations	http://homosaurus.org/terms/bishops||http://homosaurus.org/terms/cardinals||http://homosaurus.org/terms/gayClergy||http://homosaurus.org/terms/imams||http://homosaurus.org/terms/lesbianClergy||http://homosaurus.org/terms/missionaries||http://homosaurus.org/terms/nuns||http://homosaurus.org/terms/popes||http://homosaurus.org/terms/priests||http://homosaurus.org/terms/rabbis||http://homosaurus.org/terms/theologians||http://homosaurus.org/terms/vicars	http://homosaurus.org/terms/monks||http://homosaurus.org/terms/religions	2015-11-25	2015-11-25	""	""
http://homosaurus.org/terms/clitoris	clitoris	clitoris@en	""	""	""	http://homosaurus.org/terms/genitals	""	""	2015-11-25	2015-11-25	""	""
http://homosaurus.org/terms/closetedGayMen	closetedGayMen	closeted gay men@en	""	""	""	http://homosaurus.org/terms/gayMen	""	http://homosaurus.org/terms/comingOut||http://homosaurus.org/terms/secrecy	2015-11-25	2015-11-25	""	""
http://homosaurus.org/terms/closetedLesbians	closetedLesbians	closeted lesbians@en	""	""	""	http://homosaurus.org/terms/lesbians	""	http://homosaurus.org/terms/comingOut||http://homosaurus.org/terms/secrecy	2015-11-25	2015-11-25	""	""
http://homosaurus.org/terms/clothing	clothing	clothing@en	""	""	""	""	http://homosaurus.org/terms/drab||http://homosaurus.org/terms/drag||http://homosaurus.org/terms/lingerie||http://homosaurus.org/terms/swimwear||http://homosaurus.org/terms/underwear	http://homosaurus.org/terms/appearance||http://homosaurus.org/terms/crossdressers||http://homosaurus.org/terms/crossdressing	2015-11-25	2015-11-25	""	""
http://homosaurus.org/terms/clubs	clubs	clubs@en	""	""	""	""	http://homosaurus.org/terms/bookClubs||http://homosaurus.org/terms/sexClubs||http://homosaurus.org/terms/socialActivitiesClubs||http://homosaurus.org/terms/sportsClubs||http://homosaurus.org/terms/studentsClubs	""	2015-11-25	2015-11-25	""	""
http://homosaurus.org/terms/co-fathers	co-fathers	co-fathers@en	""	""	""	http://homosaurus.org/terms/co-parents||http://homosaurus.org/terms/fathers	""	""	2015-11-25	2015-11-25	""	""
http://homosaurus.org/terms/co-mothers	co-mothers	co-mothers@en	""	""	""	http://homosaurus.org/terms/co-parents||http://homosaurus.org/terms/mothers	""	""	2015-11-25	2015-11-25	""	""
http://homosaurus.org/terms/co-parenthood	co-parenthood	co-parenthood@en	""	""	""	http://homosaurus.org/terms/socialParenthood	""	http://homosaurus.org/terms/co-parents	2015-11-25	2015-11-25	""	""
http://homosaurus.org/terms/co-parents	co-parents	co-parents@en	""	""	""	http://homosaurus.org/terms/parents	http://homosaurus.org/terms/co-fathers||http://homosaurus.org/terms/co-mothers	http://homosaurus.org/terms/co-parenthood	2015-11-25	2015-11-25	""	""
http://homosaurus.org/terms/cocaine	cocaine	cocaine@en	""	""	""	http://homosaurus.org/terms/hardDrugs||http://homosaurus.org/terms/partyDrugs	""	""	2015-11-25	2015-11-25	""	""
http://homosaurus.org/terms/codeOfAdvertisingPractices	codeOfAdvertisingPractices	code of advertising practices@en	""	""	codes of practices developed by such agencies as the Dutch Advertising Code Commission@en	""	""	http://homosaurus.org/terms/advertising||http://homosaurus.org/terms/ethics	2015-11-25	2015-11-25	""	""
http://homosaurus.org/terms/coerciveMeasures	coerciveMeasures	coercive measures@en	""	""	""	""	http://homosaurus.org/terms/censorship||http://homosaurus.org/terms/occupationalBans	http://homosaurus.org/terms/government	2015-11-25	2015-11-25	""	""
http://homosaurus.org/terms/cohortStudies	cohortStudies	cohort studies@en	""	""	""	http://homosaurus.org/terms/researchMethods	""	""	2015-11-25	2015-11-25	""	""
http://homosaurus.org/terms/coldWar	coldWar	cold war@en	""	""	""	http://homosaurus.org/terms/wars	""	""	2015-11-25	2015-11-25	""	""
http://homosaurus.org/terms/collaboration	collaboration	collaboration@en	""	""	cooperation with occupying power or repressive regime@en	""	""	http://homosaurus.org/terms/resistanceMovements	2015-11-25	2015-11-25	""	""
http://homosaurus.org/terms/colleagues	colleagues	colleagues@en	""	""	""	""	""	http://homosaurus.org/terms/employees	2015-11-25	2015-11-25	""	""
http://homosaurus.org/terms/collectionDevelopment	collectionDevelopment	collection development@en	""	collection building@en	""	""	""	http://homosaurus.org/terms/informationServices	2015-11-25	2015-11-25	""	""
http://homosaurus.org/terms/collectiveLabourAgreements	collectiveLabourAgreements	collective labour agreements@en	""	""	""	""	""	http://homosaurus.org/terms/labourLaw||http://homosaurus.org/terms/wages	2015-11-25	2015-11-25	""	""
http://homosaurus.org/terms/colleges	colleges	colleges@en	""	""	""	http://homosaurus.org/terms/educationalInstitutions	""	http://homosaurus.org/terms/universities	2015-11-25	2015-11-25	""	""
http://homosaurus.org/terms/colonialism	colonialism	colonialism@en	""	""	""	""	""	http://homosaurus.org/terms/ethnocentrism||http://homosaurus.org/terms/imperialism	2015-11-25	2015-11-25	""	""
http://homosaurus.org/terms/combinationTherapy	combinationTherapy	combination therapy@en	""	""	combining more than one medication to treat a particular disease such as AIDS@en	http://homosaurus.org/terms/medication	""	http://homosaurus.org/terms/HIVAIDS	2015-11-25	2015-11-25	""	""
http://homosaurus.org/terms/comicStrips	comicStrips	comic strips@en	""	""	""	http://homosaurus.org/terms/fiction	http://homosaurus.org/terms/mangas	""	2015-11-25	2015-11-25	""	""
http://homosaurus.org/terms/comingOut	comingOut	coming out@en	""	""	""	http://homosaurus.org/terms/psychologicalProcesses	""	http://homosaurus.org/terms/closetedGayMen||http://homosaurus.org/terms/closetedLesbians||http://homosaurus.org/terms/outing||http://homosaurus.org/terms/secrecy||http://homosaurus.org/terms/stealth	2015-11-25	2015-11-25	""	""
http://homosaurus.org/terms/commemorationsOfTheDead	commemorationsOfTheDead	commemorations of the dead@en	""	""	""	http://homosaurus.org/terms/memorials	""	http://homosaurus.org/terms/deathAndDying	2015-11-25	2015-11-25	""	""
http://homosaurus.org/terms/commemorativePlaques	commemorativePlaques	commemorative plaques@en	""	""	""	http://homosaurus.org/terms/awards||http://homosaurus.org/terms/memorials	""	""	2015-11-25	2015-11-25	""	""
http://homosaurus.org/terms/commercialism	commercialism	commercialism@en	""	""	tendency within open-market capitalism to turn everything into objects, images, and services sold for the purpose of generating profit;      also a tendency for intangible things      such as happiness, beauty, or health to be given a monetary value and to be spoken of as commodities@en	http://homosaurus.org/terms/socialProcesses	""	http://homosaurus.org/terms/trade	2015-11-25	2015-11-25	""	""
http://homosaurus.org/terms/communes	communes	communes@en	""	""	""	http://homosaurus.org/terms/livingCollectives	""	""	2015-11-25	2015-11-25	""	""
http://homosaurus.org/terms/communication	communication	communication@en	""	""	""	""	http://homosaurus.org/terms/language||http://homosaurus.org/terms/massCommunication||http://homosaurus.org/terms/publicRelations||http://homosaurus.org/terms/telecommunication	http://homosaurus.org/terms/communicationStudies||http://homosaurus.org/terms/provisionOfInformation	2015-11-25	2015-11-25	""	""
http://homosaurus.org/terms/communicationStudies	communicationStudies	communication studies@en	""	""	""	http://homosaurus.org/terms/socialAndBehaviouralSciences	""	http://homosaurus.org/terms/communication	2015-11-25	2015-11-25	""	""
http://homosaurus.org/terms/communism	communism	communism@en	""	""	""	http://homosaurus.org/terms/politicalMovements	""	http://homosaurus.org/terms/russianRevolution	2015-11-25	2015-11-25	""	""
http://homosaurus.org/terms/communities	communities	communities@en	""	""	a group of interacting people, living in some proximity @en	""	http://homosaurus.org/terms/BDSMCommunity||http://homosaurus.org/terms/dragCommunity||http://homosaurus.org/terms/leatherCommunity||http://homosaurus.org/terms/LGBTICommunity	http://homosaurus.org/terms/communityCentres	2015-11-25	2015-11-25	""	""
http://homosaurus.org/terms/communityCentres	communityCentres	community centres@en	""	""	""	http://homosaurus.org/terms/centres	http://homosaurus.org/terms/gayCommunityCentres||http://homosaurus.org/terms/lesbianCommunityCentres||http://homosaurus.org/terms/womensCommunityCentres	http://homosaurus.org/terms/communities||http://homosaurus.org/terms/socialCare	2015-11-25	2015-11-25	""	""
http://homosaurus.org/terms/companyDoctors	companyDoctors	company doctors@en	""	""	""	http://homosaurus.org/terms/physicians	""	http://homosaurus.org/terms/labour	2015-11-25	2015-11-25	""	""
http://homosaurus.org/terms/compartmentalisation	compartmentalisation	compartmentalisation@en	""	compartmentalization@en	denominational segregation along socio-political lines @en	http://homosaurus.org/terms/socialProcesses	""	""	2015-11-25	2015-11-25	""	""
http://homosaurus.org/terms/competitions	competitions	competitions@en	""	""	for sports matches USE sporting events@en	http://homosaurus.org/terms/events	""	http://homosaurus.org/terms/sportingEvents	2015-11-25	2015-11-25	""	""
http://homosaurus.org/terms/composers	composers	composers@en	""	""	""	http://homosaurus.org/terms/musicians	""	""	2015-11-25	2015-11-25	""	""
http://homosaurus.org/terms/computerIndustry	computerIndustry	computer industry@en	""	""	""	http://homosaurus.org/terms/industries	""	http://homosaurus.org/terms/telecommunication	2015-11-25	2015-11-25	""	""
http://homosaurus.org/terms/concentrationCamps	concentrationCamps	concentration camps@en	""	""	""	http://homosaurus.org/terms/detention	""	http://homosaurus.org/terms/persecutions	2015-11-25	2015-11-25	""	""
http://homosaurus.org/terms/concerts	concerts	concerts@en	""	""	""	""	""	http://homosaurus.org/terms/music	2015-11-25	2015-11-25	""	""
http://homosaurus.org/terms/condoms	condoms	condoms@en	""	prophylactics@en||rubbers@en	""	http://homosaurus.org/terms/sexAccessories	""	http://homosaurus.org/terms/contraception||http://homosaurus.org/terms/saferSex	2015-11-25	2015-11-25	""	""
http://homosaurus.org/terms/conductors	conductors	conductors@en	""	""	""	http://homosaurus.org/terms/artsAndEntertainmentOccupations	""	http://homosaurus.org/terms/music	2015-11-25	2015-11-25	""	""
http://homosaurus.org/terms/conferences	conferences	conferences@en	""	symposia@en||congresses@en	""	http://homosaurus.org/terms/gatherings	""	""	2015-11-25	2015-11-25	""	""
http://homosaurus.org/terms/conflictManagement	conflictManagement	conflict management@en	""	""	""	http://homosaurus.org/terms/psychologicalProcesses	""	""	2015-11-25	2015-11-25	""	""
http://homosaurus.org/terms/confucianism	confucianism	confucianism@en	""	""	""	http://homosaurus.org/terms/asianReligions	""	""	2015-11-25	2015-11-25	""	""
http://homosaurus.org/terms/conscientiousObjection	conscientiousObjection	conscientious objection@en	""	""	the right to refuse to perform military service or same-sex marriage on the grounds of freedom of thought, conscience, and/or religion@en	http://homosaurus.org/terms/directAction	""	http://homosaurus.org/terms/military||http://homosaurus.org/terms/same-sexMarriage	2015-11-25	2015-11-25	""	""
http://homosaurus.org/terms/consecration	consecration	consecration@en	""	""	religious confirmation of a relationship@en	http://homosaurus.org/terms/rites	""	http://homosaurus.org/terms/domesticPartnershipContracts||http://homosaurus.org/terms/weddings	2015-11-25	2015-11-25	""	""
http://homosaurus.org/terms/conservatism	conservatism	conservatism@en	""	""	""	http://homosaurus.org/terms/politicalMovements	""	""	2015-11-25	2015-11-25	""	""
http://homosaurus.org/terms/constitution	constitution	constitution@en	""	""	""	http://homosaurus.org/terms/law	""	http://homosaurus.org/terms/constitutionalRights	2015-11-25	2015-11-25	""	""
http://homosaurus.org/terms/constitutionalRights	constitutionalRights	constitutional rights@en	""	""	""	http://homosaurus.org/terms/humanRights	""	http://homosaurus.org/terms/constitution	2015-11-25	2015-11-25	""	""
http://homosaurus.org/terms/constructionWorkers	constructionWorkers	construction workers@en	""	""	""	http://homosaurus.org/terms/tradesAndIndustrialOccupations	""	""	2015-11-25	2015-11-25	""	""
http://homosaurus.org/terms/consultancyAgencies	consultancyAgencies	consultancy agencies@en	""	consulting firms@en	""	http://homosaurus.org/terms/businesses	""	""	2015-11-25	2015-11-25	""	""
http://homosaurus.org/terms/consumerBehaviour	consumerBehaviour	consumer behaviour@en	""	""	""	http://homosaurus.org/terms/socioeconomicCharacteristics	""	""	2015-11-25	2015-11-25	""	""
http://homosaurus.org/terms/contraception	contraception	contraception@en	""	""	""	""	""	http://homosaurus.org/terms/abortion||http://homosaurus.org/terms/condoms||http://homosaurus.org/terms/familyPlanning||http://homosaurus.org/terms/humanReproduction	2015-11-25	2015-11-25	""	""
http://homosaurus.org/terms/cookbooks	cookbooks	cookbooks@en	""	cook books@en||cookery books@en	""	http://homosaurus.org/terms/books	""	http://homosaurus.org/terms/nutrition	2015-11-25	2015-11-25	""	""
http://homosaurus.org/terms/cooks	cooks	cooks@en	""	""	""	http://homosaurus.org/terms/tradesAndIndustrialOccupations	""	""	2015-11-25	2015-11-25	""	""
http://homosaurus.org/terms/copingBehaviour	copingBehaviour	coping behaviour@en	""	""	""	""	""	http://homosaurus.org/terms/adjustment	2015-11-25	2015-11-25	""	""
http://homosaurus.org/terms/copyright	copyright	copyright@en	""	""	""	http://homosaurus.org/terms/law	""	""	2015-11-25	2015-11-25	""	""
http://homosaurus.org/terms/correctiveRape	correctiveRape	corrective rape@en	""	""	"criminal practice in which men rape a lesbian, sometimes under the supervision by members of the woman's      family or local community, with the purported purpose of ""curing"" her of  homosexuality@en"	http://homosaurus.org/terms/rape	""	""	2015-11-25	2015-11-25	""	""
http://homosaurus.org/terms/corruption	corruption	corruption@en	""	""	""	http://homosaurus.org/terms/crimes	""	""	2015-11-25	2015-11-25	""	""
http://homosaurus.org/terms/cottages	cottages	cottages@en	""	urinals@en||public urinals@en||tearooms@en	""	http://homosaurus.org/terms/publicSpace	""	""	2015-11-25	2015-11-25	""	""
http://homosaurus.org/terms/councilOfEurope	councilOfEurope	council of europe@en	""	""	international organisation promoting co-operation between all countries of Europe in the areas of legal standards, human rights, democratic development, the rule of law and cultural co-operation; it has 47 member states@en	http://homosaurus.org/terms/internationalOrganisations	""	http://homosaurus.org/terms/europeanCourtOfHumanRights||http://homosaurus.org/terms/europeanUnion	2015-11-25	2015-11-25	""	""
http://homosaurus.org/terms/councilOfState	councilOfState	council of state@en	""	""	""	http://homosaurus.org/terms/courts||http://homosaurus.org/terms/government	""	""	2015-11-25	2015-11-25	""	""
http://homosaurus.org/terms/counseling	counseling	counseling@en	""	""	""	http://homosaurus.org/terms/psychology||http://homosaurus.org/terms/psychosocialCare	http://homosaurus.org/terms/helpLines	http://homosaurus.org/terms/psychotherapy	2015-11-25	2015-11-25	""	""
http://homosaurus.org/terms/counterculture	counterculture	counterculture@en	""	""	anti-bourgeois cultural and political radicalism@en	http://homosaurus.org/terms/culture	""	http://homosaurus.org/terms/subcultures	2015-11-25	2015-11-25	""	""
http://homosaurus.org/terms/countryAndWesternMusic	countryAndWesternMusic	country and western music@en	""	""	""	http://homosaurus.org/terms/music	""	""	2015-11-25	2015-11-25	""	""
http://homosaurus.org/terms/couples	couples	couples@en	""	""	""	http://homosaurus.org/terms/relationships	http://homosaurus.org/terms/bisexualCouples||http://homosaurus.org/terms/gayMaleCouples||http://homosaurus.org/terms/lesbianCouples||http://homosaurus.org/terms/marriedPeople||http://homosaurus.org/terms/serodiscordantCouples||http://homosaurus.org/terms/transgenderCouples||http://homosaurus.org/terms/unmarriedCouples	http://homosaurus.org/terms/couplesTherapy||http://homosaurus.org/terms/domesticPartnerships||http://homosaurus.org/terms/partners	2015-11-25	2015-11-25	""	""
http://homosaurus.org/terms/couplesTherapy	couplesTherapy	couples therapy@en	""	""	""	http://homosaurus.org/terms/psychotherapy	""	http://homosaurus.org/terms/couples||http://homosaurus.org/terms/relationships	2015-11-25	2015-11-25	""	""
http://homosaurus.org/terms/courts	courts	courts@en	""	""	""	""	http://homosaurus.org/terms/councilOfState||http://homosaurus.org/terms/europeanCourtOfHumanRights||http://homosaurus.org/terms/europeanCourtOfJustice	""	2015-11-25	2015-11-25	""	""
http://homosaurus.org/terms/cowboys	cowboys	cowboys@en	""	""	""	http://homosaurus.org/terms/agriculturalOccupations	""	http://homosaurus.org/terms/rodeos	2015-11-25	2015-11-25	""	""
http://homosaurus.org/terms/crabs	crabs	crabs@en	""	pubic lice@en	""	http://homosaurus.org/terms/STDs	""	""	2015-11-25	2015-11-25	""	""
http://homosaurus.org/terms/craving	craving	craving@en	""	""	intense sense of longing for a person or situation@en	http://homosaurus.org/terms/emotions	""	http://homosaurus.org/terms/sexuality	2015-11-25	2015-11-25	""	""
http://homosaurus.org/terms/creativity	creativity	creativity@en	""	""	""	http://homosaurus.org/terms/psychologicalCharacteristics	""	""	2015-11-25	2015-11-25	""	""
http://homosaurus.org/terms/creditCards	creditCards	credit cards@en	""	""	""	""	""	http://homosaurus.org/terms/money	2015-11-25	2015-11-25	""	""
http://homosaurus.org/terms/crimes	crimes	crimes@en	""	criminality@en||delinquency @en||felonies@en	to be used only when describing crime in general@en	""	http://homosaurus.org/terms/arson||http://homosaurus.org/terms/corruption||http://homosaurus.org/terms/crimesAgainstHumanity||http://homosaurus.org/terms/fraud||http://homosaurus.org/terms/hateCrimes||http://homosaurus.org/terms/kidnappings||http://homosaurus.org/terms/scams||http://homosaurus.org/terms/theft||http://homosaurus.org/terms/vandalism	http://homosaurus.org/terms/criminalOccupations||http://homosaurus.org/terms/criminology||http://homosaurus.org/terms/offenders||http://homosaurus.org/terms/publicSafety||http://homosaurus.org/terms/victimsOfCrime||http://homosaurus.org/terms/violence	2015-11-25	2015-11-25	""	""
http://homosaurus.org/terms/crimesAgainstHumanity	crimesAgainstHumanity	crimes against humanity@en	""	""	""	http://homosaurus.org/terms/crimes	http://homosaurus.org/terms/slavery||http://homosaurus.org/terms/terrorism	http://homosaurus.org/terms/persecutions	2015-11-25	2015-11-25	""	""
http://homosaurus.org/terms/criminalLaw	criminalLaw	criminal law@en	""	""	""	http://homosaurus.org/terms/law	http://homosaurus.org/terms/criminalisation||http://homosaurus.org/terms/decriminalisation||http://homosaurus.org/terms/sexualOffencesLaws	http://homosaurus.org/terms/alternativePunishments||http://homosaurus.org/terms/deathPenalty||http://homosaurus.org/terms/exile	2015-11-25	2015-11-25	""	""
http://homosaurus.org/terms/criminalisation	criminalisation	criminalisation@en	""	criminalization @en	""	http://homosaurus.org/terms/criminalLaw	""	http://homosaurus.org/terms/decriminalisation	2015-11-25	2015-11-25	""	""
http://homosaurus.org/terms/criminology	criminology	criminology@en	""	""	""	http://homosaurus.org/terms/socialAndBehaviouralSciences	""	http://homosaurus.org/terms/crimes	2015-11-25	2015-11-25	""	""
http://homosaurus.org/terms/crisisCentres	crisisCentres	crisis centres@en	""	""	""	http://homosaurus.org/terms/centres	""	http://homosaurus.org/terms/socialCare	2015-11-25	2015-11-25	""	""
http://homosaurus.org/terms/cross-culturalRelationships	cross-culturalRelationships	cross-cultural relationships@en	""	intercultural relationships@en||interracial relationships@en	relationships between persons from different ethnic or racial backgrounds@en	http://homosaurus.org/terms/relationships	""	""	2015-11-25	2015-11-25	""	""
http://homosaurus.org/terms/crossdressers	crossdressers	crossdressers@en	""	cross-dressers@en||transvestites@en	""	http://homosaurus.org/terms/genderMinorities	""	http://homosaurus.org/terms/clothing||http://homosaurus.org/terms/crossdressing||http://homosaurus.org/terms/dragKings||http://homosaurus.org/terms/dragQueens||http://homosaurus.org/terms/parentsOfCrossdressers||http://homosaurus.org/terms/passing	2015-11-25	2015-11-25	""	""
http://homosaurus.org/terms/crossdressing	crossdressing	crossdressing@en	""	transvestism@en||eonism@en	""	http://homosaurus.org/terms/genderDiversity	""	http://homosaurus.org/terms/clothing||http://homosaurus.org/terms/crossdressers	2015-11-25	2015-11-25	""	""
http://homosaurus.org/terms/cruises	cruises	cruises@en	""	""	""	http://homosaurus.org/terms/tourism	""	""	2015-11-25	2015-11-25	""	""
http://homosaurus.org/terms/cruising	cruising	cruising@en	""	""	""	""	""	http://homosaurus.org/terms/anonymousSex||http://homosaurus.org/terms/meetingPlaces||http://homosaurus.org/terms/publicSex||http://homosaurus.org/terms/publicSpace	2015-11-25	2015-11-25	""	""
http://homosaurus.org/terms/culturalDiversity	culturalDiversity	cultural diversity@en	""	""	diversity of cultural experience and expression of people with different cultural backgrounds with their own customs and traditions @en	http://homosaurus.org/terms/diversity	""	http://homosaurus.org/terms/cultures||http://homosaurus.org/terms/multiculturalism	2015-11-25	2015-11-25	""	""
http://homosaurus.org/terms/culturalMovements	culturalMovements	cultural movements@en	""	""	""	""	http://homosaurus.org/terms/enlightenment||http://homosaurus.org/terms/existentialism||http://homosaurus.org/terms/finDeSiecle||http://homosaurus.org/terms/postmodernism||http://homosaurus.org/terms/renaissance||http://homosaurus.org/terms/romanticism	http://homosaurus.org/terms/artMovements	2015-11-25	2015-11-25	""	""
http://homosaurus.org/terms/culturalStudies	culturalStudies	cultural studies@en	""	""	""	http://homosaurus.org/terms/humanities||http://homosaurus.org/terms/socialAndBehaviouralSciences	""	""	2015-11-25	2015-11-25	""	""
http://homosaurus.org/terms/culture	culture	culture@en	""	use of more specific term is mandatory@en	""	""	http://homosaurus.org/terms/counterculture||http://homosaurus.org/terms/folkCulture||http://homosaurus.org/terms/popularCulture	""	2015-11-25	2015-11-25	""	""
http://homosaurus.org/terms/cultures	cultures	cultures@en	""	""	""	""	http://homosaurus.org/terms/africanCultures||http://homosaurus.org/terms/americanCultures||http://homosaurus.org/terms/asianCultures||http://homosaurus.org/terms/europeanCultures||http://homosaurus.org/terms/mediterraneanCultures||http://homosaurus.org/terms/oldCultures||http://homosaurus.org/terms/pacificIslanderCultures||http://homosaurus.org/terms/subcultures||http://homosaurus.org/terms/westernCultures	http://homosaurus.org/terms/culturalDiversity||http://homosaurus.org/terms/indigenousPeoples||http://homosaurus.org/terms/ritualHomosexuality	2015-11-25	2015-11-25	""	""
http://homosaurus.org/terms/cunnilingus	cunnilingus	cunnilingus@en	""	eating pussy@en||cunt licking@en	""	http://homosaurus.org/terms/licking||http://homosaurus.org/terms/vaginalSex	""	""	2015-11-25	2015-11-25	""	""
http://homosaurus.org/terms/customs	customs	customs@en	""	""	authority or agency in a country responsible for collecting and safeguarding customs duties and for controlling the flow of goods in and out of a country@en	http://homosaurus.org/terms/publicServices	""	""	2015-11-25	2015-11-25	""	""
http://homosaurus.org/terms/cyberbullying	cyberbullying	cyberbullying@en	""	""	""	http://homosaurus.org/terms/bullying	""	http://homosaurus.org/terms/internet	2015-11-25	2015-11-25	""	""
http://homosaurus.org/terms/cybersex	cybersex	cybersex@en	""	internet sex@en||online sex@en||computer sex@en	""	""	""	http://homosaurus.org/terms/datingWebsites||http://homosaurus.org/terms/internet||http://homosaurus.org/terms/sexuality	2015-11-25	2015-11-25	""	""
http://homosaurus.org/terms/cyberstalking	cyberstalking	cyberstalking@en	""	""	""	http://homosaurus.org/terms/stalking	""	http://homosaurus.org/terms/internet	2015-11-25	2015-11-25	""	""
http://homosaurus.org/terms/cyborgs	cyborgs	cyborgs@en	""	""	being with both biological and artificial (e.g. electronic, mechanical or robotic) parts@en	""	""	http://homosaurus.org/terms/biotechnology||http://homosaurus.org/terms/scienceFiction	2015-11-25	2015-11-25	""	""
http://homosaurus.org/terms/cyclingClubs	cyclingClubs	cycling clubs@en	""	""	""	http://homosaurus.org/terms/sportsClubs	""	""	2015-11-25	2015-11-25	""	""
http://homosaurus.org/terms/dadaism	dadaism	dadaism@en	""	""	""	http://homosaurus.org/terms/artMovements	""	""	2015-11-25	2015-11-25	""	""
http://homosaurus.org/terms/damages	damages	damages@en	""	""	""	""	""	http://homosaurus.org/terms/legalProcess	2015-11-25	2015-11-25	""	""
http://homosaurus.org/terms/dance	dance	dance@en	""	""	""	http://homosaurus.org/terms/performingArts	http://homosaurus.org/terms/ballet||http://homosaurus.org/terms/ballroomDancing||http://homosaurus.org/terms/flamenco||http://homosaurus.org/terms/vogueing	http://homosaurus.org/terms/choreographers||http://homosaurus.org/terms/dancers	2015-11-25	2015-11-25	""	""
http://homosaurus.org/terms/dancers	dancers	dancers@en	""	""	""	http://homosaurus.org/terms/artsAndEntertainmentOccupations	http://homosaurus.org/terms/exoticDancers	http://homosaurus.org/terms/choreographers||http://homosaurus.org/terms/dance||http://homosaurus.org/terms/strippers	2015-11-25	2015-11-25	""	""
http://homosaurus.org/terms/dancingSchools	dancingSchools	dancing schools@en	""	dance schools@en	""	""	""	http://homosaurus.org/terms/ballroomDancing	2015-11-25	2015-11-25	""	""
http://homosaurus.org/terms/dandyism	dandyism	dandyism@en	""	""	""	http://homosaurus.org/terms/subcultures	""	""	2015-11-25	2015-11-25	""	""
http://homosaurus.org/terms/darkRooms	darkRooms	dark rooms@en	""	backrooms@en	""	http://homosaurus.org/terms/sexLocations	""	http://homosaurus.org/terms/hospitalityIndustry||http://homosaurus.org/terms/sexParties	2015-11-25	2015-11-25	""	""
http://homosaurus.org/terms/dating	dating	dating@en	""	""	""	""	http://homosaurus.org/terms/onlineDating	http://homosaurus.org/terms/datingAgencies||http://homosaurus.org/terms/datingShows||http://homosaurus.org/terms/datingWebsites||http://homosaurus.org/terms/meetingPlaces||http://homosaurus.org/terms/personals||http://homosaurus.org/terms/relationships||http://homosaurus.org/terms/socialNetworkingWebsites	2015-11-25	2015-11-25	""	""
http://homosaurus.org/terms/datingAgencies	datingAgencies	dating agencies@en	""	""	""	""	""	http://homosaurus.org/terms/dating	2015-11-25	2015-11-25	""	""
http://homosaurus.org/terms/datingShows	datingShows	dating shows@en	""	""	""	http://homosaurus.org/terms/theatre	""	http://homosaurus.org/terms/dating||http://homosaurus.org/terms/television	2015-11-25	2015-11-25	""	""
http://homosaurus.org/terms/datingWebsites	datingWebsites	dating websites@en	""	""	""	http://homosaurus.org/terms/socialMedia||http://homosaurus.org/terms/websites	""	http://homosaurus.org/terms/cybersex||http://homosaurus.org/terms/dating||http://homosaurus.org/terms/meetingPlaces||http://homosaurus.org/terms/onlineDating	2015-11-25	2015-11-25	""	""
http://homosaurus.org/terms/daughters	daughters	daughters@en	""	""	""	http://homosaurus.org/terms/children	http://homosaurus.org/terms/bisexualDaughters||http://homosaurus.org/terms/daughtersOfGayMen||http://homosaurus.org/terms/daughtersOfLesbians||http://homosaurus.org/terms/lesbianDaughters||http://homosaurus.org/terms/transgenderDaughters	""	2015-11-25	2015-11-25	""	""
http://homosaurus.org/terms/daughtersOfGayMen	daughtersOfGayMen	daughters of gay men@en	""	""	""	http://homosaurus.org/terms/childrenOfGayMen||http://homosaurus.org/terms/daughters	""	""	2015-11-25	2015-11-25	""	""
http://homosaurus.org/terms/daughtersOfLesbians	daughtersOfLesbians	daughters of lesbians@en	""	""	""	http://homosaurus.org/terms/childrenOfLesbians||http://homosaurus.org/terms/daughters	""	""	2015-11-25	2015-11-25	""	""
http://homosaurus.org/terms/childrenOfLesbians	childrenOfLesbians	children of lesbians@en	""	""	""	http://homosaurus.org/terms/children	http://homosaurus.org/terms/daughtersOfLesbians||http://homosaurus.org/terms/sonsOfLesbians	http://homosaurus.org/terms/lesbianParents	2015-11-25	2015-11-25	""	""
http://homosaurus.org/terms/dayCare	dayCare	day care@en	""	child care@en	care of a child during the day by a person other than the child's legal guardians@en	http://homosaurus.org/terms/socialCare	""	""	2015-11-25	2015-11-25	""	""
http://homosaurus.org/terms/dayReleaseCourses	dayReleaseCourses	day release courses@en	""	paid educational leave@en	""	http://homosaurus.org/terms/education	""	http://homosaurus.org/terms/socioculturalEducation	2015-11-25	2015-11-25	""	""
http://homosaurus.org/terms/deafPeople	deafPeople	deaf people@en	""	deaf-mutes@en||deaf community@en||deaf@en||auditive disabled people@en	""	http://homosaurus.org/terms/peopleWithHearingImpairments	""	http://homosaurus.org/terms/deafness||http://homosaurus.org/terms/signLanguage	2015-11-25	2015-11-25	""	""
http://homosaurus.org/terms/deafness	deafness	deafness@en	""	""	""	http://homosaurus.org/terms/hearingImpairments	""	http://homosaurus.org/terms/deafPeople	2015-11-25	2015-11-25	""	""
http://homosaurus.org/terms/deathAndDying	deathAndDying	death and dying@en	""	""	""	""	http://homosaurus.org/terms/euthanasia||http://homosaurus.org/terms/rightToDie||http://homosaurus.org/terms/suicide	http://homosaurus.org/terms/bereavedPeople||http://homosaurus.org/terms/bereavement||http://homosaurus.org/terms/commemorationsOfTheDead||http://homosaurus.org/terms/deathNotices||http://homosaurus.org/terms/deathPenalty||http://homosaurus.org/terms/fearOfDeath||http://homosaurus.org/terms/funeralRites||http://homosaurus.org/terms/necrologies||http://homosaurus.org/terms/necrophilia||http://homosaurus.org/terms/obituaries||http://homosaurus.org/terms/terminalCare	2015-11-25	2015-11-25	""	""
http://homosaurus.org/terms/deathNotices	deathNotices	death notices@en	""	death announcements@en	""	http://homosaurus.org/terms/advertisements	""	http://homosaurus.org/terms/deathAndDying||http://homosaurus.org/terms/obituaries	2015-11-25	2015-11-25	""	""
http://homosaurus.org/terms/deathPenalty	deathPenalty	death penalty@en	""	capital punishment@en	""	""	""	http://homosaurus.org/terms/criminalLaw||http://homosaurus.org/terms/deathAndDying||http://homosaurus.org/terms/legalProcess	2015-11-25	2015-11-25	""	""
http://homosaurus.org/terms/deathSquads	deathSquads	death squads@en	""	""	""	http://homosaurus.org/terms/assassins	""	http://homosaurus.org/terms/terrorism	2015-11-25	2015-11-25	""	""
http://homosaurus.org/terms/debates	debates	debates@en	""	""	""	http://homosaurus.org/terms/events	""	""	2015-11-25	2015-11-25	""	""
http://homosaurus.org/terms/decadence	decadence	decadence@en	""	""	way of life characterised by mannerism and affectation@en	http://homosaurus.org/terms/subcultures	""	http://homosaurus.org/terms/decadentism	2015-11-25	2015-11-25	""	""
http://homosaurus.org/terms/decadentism	decadentism	decadentism@en	""	""	a late 19th century artistic and literary movement in Western Europe, primarily in France@en	http://homosaurus.org/terms/artMovements	""	http://homosaurus.org/terms/decadence||http://homosaurus.org/terms/finDeSiecle	2015-11-25	2015-11-25	""	""
http://homosaurus.org/terms/deconstruction	deconstruction	deconstruction@en	""	""	form of semiotic analysis, derived mainly from work begun by the French philosopher Jacques Derrida; he proposed the deconstruction of all texts where binary oppositions are put to work in the construction of meaning and values @en	http://homosaurus.org/terms/theories	""	""	2015-11-25	2015-11-25	""	""
http://homosaurus.org/terms/decriminalisation	decriminalisation	decriminalisation@en	""	decriminalization @en	""	http://homosaurus.org/terms/criminalLaw	""	http://homosaurus.org/terms/criminalisation	2015-11-25	2015-11-25	""	""
http://homosaurus.org/terms/defamationCampaigns	defamationCampaigns	defamation campaigns@en	""	smear campaigns@en	""	http://homosaurus.org/terms/psychologicalViolence	""	http://homosaurus.org/terms/hateSpeech||http://homosaurus.org/terms/verbalAbuse	2015-11-25	2015-11-25	""	""
http://homosaurus.org/terms/defenceMechanisms	defenceMechanisms	defence mechanisms@en	""	defense mechanisms@en	""	http://homosaurus.org/terms/psychologicalProcesses	http://homosaurus.org/terms/adjustment||http://homosaurus.org/terms/denial||http://homosaurus.org/terms/self-repression	""	2015-11-25	2015-11-25	""	""
http://homosaurus.org/terms/definitions	definitions	definitions@en	""	""	""	""	""	http://homosaurus.org/terms/language||http://homosaurus.org/terms/theories	2015-11-25	2015-11-25	""	""
http://homosaurus.org/terms/dementia	dementia	dementia@en	""	""	""	http://homosaurus.org/terms/mentalDisorders	""	""	2015-11-25	2015-11-25	""	""
http://homosaurus.org/terms/democracy	democracy	democracy@en	""	""	""	http://homosaurus.org/terms/politicalSystems	""	http://homosaurus.org/terms/elections	2015-11-25	2015-11-25	""	""
http://homosaurus.org/terms/demography	demography	demography@en	""	""	""	http://homosaurus.org/terms/socialAndBehaviouralSciences	""	http://homosaurus.org/terms/demographics	2015-11-25	2015-11-25	""	""
http://homosaurus.org/terms/demographics	demographics	demographics@en	""	""	""	""	""	http://homosaurus.org/terms/census||http://homosaurus.org/terms/demography||http://homosaurus.org/terms/migration	2015-11-25	2015-11-25	""	""
http://homosaurus.org/terms/demonstrations	demonstrations	demonstrations@en	""	rallies@en||political marches@en||protests@en	""	http://homosaurus.org/terms/actionCampaigns	""	http://homosaurus.org/terms/riots	2015-11-25	2015-11-25	""	""
http://homosaurus.org/terms/denial	denial	denial@en	""	""	""	http://homosaurus.org/terms/defenceMechanisms	""	http://homosaurus.org/terms/internalisedHomophobia||http://homosaurus.org/terms/latentHomosexuality||http://homosaurus.org/terms/self-repression	2015-11-25	2015-11-25	""	""
http://homosaurus.org/terms/dentalDams	dentalDams	dental dams@en	""	latex barriers@en	""	http://homosaurus.org/terms/sexAccessories	""	http://homosaurus.org/terms/saferSex	2015-11-25	2015-11-25	""	""
http://homosaurus.org/terms/dentists	dentists	dentists@en	""	""	""	http://homosaurus.org/terms/physicians	""	""	2015-11-25	2015-11-25	""	""
http://homosaurus.org/terms/depression	depression	depression@en	""	""	""	http://homosaurus.org/terms/moodDisorders	http://homosaurus.org/terms/neuroticDisorders	""	2015-11-25	2015-11-25	""	""
http://homosaurus.org/terms/DES	DES	DES@en	""	diethylstilbestrol@en	synthetic hormone prescribed as preventive for miscarriages, linked to cancer and gynaecologic disorders in mothers and their children; synthetic hormone@en	""	""	http://homosaurus.org/terms/hormoneTherapy||http://homosaurus.org/terms/miscarriages	2015-11-25	2015-11-25	""	""
http://homosaurus.org/terms/design	design	design@en	""	""	""	http://homosaurus.org/terms/visualArts	""	""	2015-11-25	2015-11-25	""	""
http://homosaurus.org/terms/desireToHaveChildren	desireToHaveChildren	desire to have children@en	""	""	""	""	""	http://homosaurus.org/terms/children||http://homosaurus.org/terms/familyPlanning||http://homosaurus.org/terms/parenthood	2015-11-25	2015-11-25	""	""
http://homosaurus.org/terms/detention	detention	detention@en	""	""	""	""	http://homosaurus.org/terms/arrests||http://homosaurus.org/terms/concentrationCamps||http://homosaurus.org/terms/detentionUnderAHospitalOrder||http://homosaurus.org/terms/immigrationDetentionCentres||http://homosaurus.org/terms/imprisonment||http://homosaurus.org/terms/juvenileDetentionCentres||http://homosaurus.org/terms/prisons	""	2015-11-25	2015-11-25	""	""
http://homosaurus.org/terms/detentionUnderAHospitalOrder	detentionUnderAHospitalOrder	detention under a hospital order@en	""	hospital detention orders@en	""	http://homosaurus.org/terms/detention	""	http://homosaurus.org/terms/legalProcess	2015-11-25	2015-11-25	""	""
http://homosaurus.org/terms/developingCountries	developingCountries	developing countries@en	""	emerging nations@en||third world@en	""	""	""	http://homosaurus.org/terms/developmentCooperation	2015-11-25	2015-11-25	""	""
http://homosaurus.org/terms/developmentCooperation	developmentCooperation	development cooperation@en	""	""	""	http://homosaurus.org/terms/internationalRelations	""	http://homosaurus.org/terms/developingCountries	2015-11-25	2015-11-25	""	""
http://homosaurus.org/terms/developmentalDisabilities	developmentalDisabilities	developmental disabilities@en	""	""	""	http://homosaurus.org/terms/disabilities	http://homosaurus.org/terms/autismSpectrumDisorders	""	2015-11-25	2015-11-25	""	""
http://homosaurus.org/terms/diaries	diaries	diaries@en	""	personal journals@en	""	http://homosaurus.org/terms/personalPapers	""	http://homosaurus.org/terms/autobiographies	2015-11-25	2015-11-25	""	""
http://homosaurus.org/terms/dictionaries	dictionaries	dictionaries@en	""	""	""	http://homosaurus.org/terms/referenceSources	""	http://homosaurus.org/terms/language	2015-11-25	2015-11-25	""	""
http://homosaurus.org/terms/diet	diet	diet@en	""	""	""	http://homosaurus.org/terms/health	http://homosaurus.org/terms/vegetarianism	http://homosaurus.org/terms/nutrition	2015-11-25	2015-11-25	""	""
http://homosaurus.org/terms/digitisation	digitisation	digitisation@en	""	digitization@en||digitizing@en||digitising@en	representation of an object, image, sound, document or a signal (usually an analog signal) by a digital image/form@en	""	""	http://homosaurus.org/terms/archives||http://homosaurus.org/terms/e-books||http://homosaurus.org/terms/libraries||http://homosaurus.org/terms/media||http://homosaurus.org/terms/recording||http://homosaurus.org/terms/telecommunication	2015-11-25	2015-11-25	""	""
http://homosaurus.org/terms/dildos	dildos	dildos@en	""	strap-ons@en	""	http://homosaurus.org/terms/sexAccessories	""	""	2015-11-25	2015-11-25	""	""
http://homosaurus.org/terms/diplomacy	diplomacy	diplomacy@en	""	""	""	http://homosaurus.org/terms/internationalRelations	""	http://homosaurus.org/terms/diplomats	2015-11-25	2015-11-25	""	""
http://homosaurus.org/terms/diplomats	diplomats	diplomats@en	""	""	""	http://homosaurus.org/terms/politicalOccupations	""	http://homosaurus.org/terms/diplomacy||http://homosaurus.org/terms/embassies	2015-11-25	2015-11-25	""	""
http://homosaurus.org/terms/directAction	directAction	direct action@en	""	""	occurs when a group of people take an action which is intended to reveal an existing problem, highlight an alternative, or demonstrate a possible solution to a social issue@en	""	http://homosaurus.org/terms/actionCampaigns||http://homosaurus.org/terms/civilDisobedience||http://homosaurus.org/terms/conscientiousObjection||http://homosaurus.org/terms/lobbying||http://homosaurus.org/terms/nonviolentResistance||http://homosaurus.org/terms/outing||http://homosaurus.org/terms/petitions||http://homosaurus.org/terms/self-defence	http://homosaurus.org/terms/allies||http://homosaurus.org/terms/events	2015-11-25	2015-11-25	""	""
http://homosaurus.org/terms/directories	directories	directories@en	""	""	""	http://homosaurus.org/terms/referenceSources	""	""	2015-11-25	2015-11-25	""	""
http://homosaurus.org/terms/directors	directors	directors@en	""	""	""	http://homosaurus.org/terms/artsAndEntertainmentOccupations	""	http://homosaurus.org/terms/film||http://homosaurus.org/terms/television||http://homosaurus.org/terms/theatre	2015-11-25	2015-11-25	""	""
http://homosaurus.org/terms/disabilities	disabilities	disabilities@en	""	""	""	""	http://homosaurus.org/terms/developmentalDisabilities||http://homosaurus.org/terms/physicalDisabilities	http://homosaurus.org/terms/disabilityStudies	2015-11-25	2015-11-25	""	""
http://homosaurus.org/terms/disabilityInsurance	disabilityInsurance	disability insurance@en	""	""	""	http://homosaurus.org/terms/insurance	""	""	2015-11-25	2015-11-25	""	""
http://homosaurus.org/terms/disabilityStudies	disabilityStudies	disability studies@en	""	""	""	http://homosaurus.org/terms/academicDisciplines	""	http://homosaurus.org/terms/disabilities||http://homosaurus.org/terms/peopleWithDisabilities	2015-11-25	2015-11-25	""	""
http://homosaurus.org/terms/discJockeys	discJockeys	disc jockeys@en	""	""	""	http://homosaurus.org/terms/artsAndEntertainmentOccupations	""	""	2015-11-25	2015-11-25	""	""
http://homosaurus.org/terms/discos	discos	discos@en	""	nightclubs@en||discotheques@en||night clubs@en	""	http://homosaurus.org/terms/hospitalityIndustry	""	http://homosaurus.org/terms/houseMusic||http://homosaurus.org/terms/nightLife	2015-11-25	2015-11-25	""	""
http://homosaurus.org/terms/discrimination	discrimination	discrimination@en	""	""	""	""	http://homosaurus.org/terms/ableism||http://homosaurus.org/terms/affirmativeAction||http://homosaurus.org/terms/ageDiscrimination||http://homosaurus.org/terms/AIDSPhobia||http://homosaurus.org/terms/anti-semitism||http://homosaurus.org/terms/biphobia||http://homosaurus.org/terms/classism||http://homosaurus.org/terms/employmentDiscrimination||http://homosaurus.org/terms/genderism||http://homosaurus.org/terms/homophobia||http://homosaurus.org/terms/islamophobia||http://homosaurus.org/terms/lesbophobia||http://homosaurus.org/terms/racism||http://homosaurus.org/terms/sexism||http://homosaurus.org/terms/transphobia	http://homosaurus.org/terms/anti-discriminationLaw||http://homosaurus.org/terms/harassment||http://homosaurus.org/terms/oppression||http://homosaurus.org/terms/persecutions||http://homosaurus.org/terms/prejudices	2015-11-25	2015-11-25	""	""
http://homosaurus.org/terms/diseaseProgression	diseaseProgression	disease progression@en	""	""	""	""	""	http://homosaurus.org/terms/medicalDisorders	2015-11-25	2015-11-25	""	""
http://homosaurus.org/terms/dismissalOfEmployees	dismissalOfEmployees	dismissal of employees@en	""	firing of employees@en||termination of employment@en	""	http://homosaurus.org/terms/personnelManagement	""	http://homosaurus.org/terms/employmentSuspension	2015-11-25	2015-11-25	""	""
http://homosaurus.org/terms/dissertations	dissertations	dissertations@en	""	Ph.D. theses@en||theses@en	""	http://homosaurus.org/terms/academicDisciplines	""	""	2015-11-25	2015-11-25	""	""
http://homosaurus.org/terms/diversity	diversity	diversity@en	""	""	diversity in characteristics of people in age, gender, religion, ethnicity, sexual orientation and/or lifestyle, etc. @en	""	http://homosaurus.org/terms/culturalDiversity||http://homosaurus.org/terms/ethnicDiversity||http://homosaurus.org/terms/genderDiversity||http://homosaurus.org/terms/sexualDiversity	""	2015-11-25	2015-11-25	""	""
http://homosaurus.org/terms/divorce	divorce	divorce@en	""	""	""	http://homosaurus.org/terms/marriage||http://homosaurus.org/terms/separation	""	http://homosaurus.org/terms/divorcedPeople	2015-11-25	2015-11-25	""	""
http://homosaurus.org/terms/divorcedPeople	divorcedPeople	divorced people@en	""	""	""	http://homosaurus.org/terms/maritalStatus	""	http://homosaurus.org/terms/divorce||http://homosaurus.org/terms/singlePeople	2015-11-25	2015-11-25	""	""
http://homosaurus.org/terms/documentaries	documentaries	documentaries@en	""	""	""	http://homosaurus.org/terms/film	""	""	2015-11-25	2015-11-25	""	""
http://homosaurus.org/terms/dolls	dolls	dolls@en	""	""	""	""	http://homosaurus.org/terms/playTherapyDolls	""	2015-11-25	2015-11-25	""	""
http://homosaurus.org/terms/dollsTechnique	dollsTechnique	dolls' technique@en	""	""	use of anatomically correct dolls in order to identify sexual child abuse@en	http://homosaurus.org/terms/researchMethods	""	http://homosaurus.org/terms/playTherapyDolls||http://homosaurus.org/terms/sexualChildAbuse	2015-11-25	2015-11-25	""	""
http://homosaurus.org/terms/domesticPartnershipContracts	domesticPartnershipContracts	domestic partnership contracts@en	""	""	""	""	""	http://homosaurus.org/terms/consecration||http://homosaurus.org/terms/domesticPartnershipRetirementBenefits||http://homosaurus.org/terms/domesticPartnerships||http://homosaurus.org/terms/livingArrangements||http://homosaurus.org/terms/marriage||http://homosaurus.org/terms/marriageLaw||http://homosaurus.org/terms/personalAndFamilyLaw||http://homosaurus.org/terms/relationships||http://homosaurus.org/terms/supportLiability||http://homosaurus.org/terms/weddings	2015-11-25	2015-11-25	""	""
http://homosaurus.org/terms/domesticPartnershipRetirementBenefits	domesticPartnershipRetirementBenefits	domestic partnership retirement benefits@en	""	same-sex pension benefits@en	""	http://homosaurus.org/terms/retirementBenefits	""	http://homosaurus.org/terms/domesticPartnershipContracts||http://homosaurus.org/terms/personalAndFamilyLaw	2015-11-25	2015-11-25	""	""
http://homosaurus.org/terms/domesticPartnerships	domesticPartnerships	domestic partnerships@en	""	""	legal or personal relationship between two individuals who live together and share a common domestic life but are neither joined by marriage nor a civil union @en	http://homosaurus.org/terms/livingArrangements	""	http://homosaurus.org/terms/civilUnions||http://homosaurus.org/terms/couples||http://homosaurus.org/terms/domesticPartnershipContracts||http://homosaurus.org/terms/marriage||http://homosaurus.org/terms/partners	2015-11-25	2015-11-25	""	""
http://homosaurus.org/terms/donations	donations	donations@en	""	""	""	http://homosaurus.org/terms/grants	""	http://homosaurus.org/terms/fundraising||http://homosaurus.org/terms/money	2015-11-25	2015-11-25	""	""
http://homosaurus.org/terms/donors	donors	donors@en	""	""	""	""	http://homosaurus.org/terms/bloodDonors||http://homosaurus.org/terms/spermDonors	http://homosaurus.org/terms/medicalInterventions||http://homosaurus.org/terms/organDonors	2015-11-25	2015-11-25	""	""
http://homosaurus.org/terms/doping	doping	doping@en	""	""	""	""	""	http://homosaurus.org/terms/drugs	2015-11-25	2015-11-25	""	""
http://homosaurus.org/terms/dot-comCompanies	dot-comCompanies	dot-com companies@en	""	""	"companies that do most of their businesses on the Internet, usually through a website that uses the popular top-level domain, "".com""@en"	http://homosaurus.org/terms/businesses	""	http://homosaurus.org/terms/e-commerce||http://homosaurus.org/terms/internet	2015-11-25	2015-11-25	""	""
http://homosaurus.org/terms/drab	drab	drab@en	""	""	"dressing in the clothes conventionally considered appropriate to the gender one is assigned at birth; supposedly an acronym for “DRessed As a Boy""@en"	http://homosaurus.org/terms/clothing	""	http://homosaurus.org/terms/drag	2015-11-25	2015-11-25	""	""
http://homosaurus.org/terms/drag	drag	drag@en	""	""	"dressing in clothing that is conventionally considered appropriate to a gender incongruent with the one assigned at birth; supposedly an acronym for ""Dressed As a Girl""; drag may also be for entertainment or performance purposes.@en"	http://homosaurus.org/terms/clothing	""	http://homosaurus.org/terms/drab||http://homosaurus.org/terms/dragBalls||http://homosaurus.org/terms/dragKings||http://homosaurus.org/terms/dragQueens	2015-11-25	2015-11-25	""	""
http://homosaurus.org/terms/dragBalls	dragBalls	drag balls@en	""	""	""	http://homosaurus.org/terms/events	""	http://homosaurus.org/terms/drag	2015-11-25	2015-11-25	""	""
http://homosaurus.org/terms/dragCommunity	dragCommunity	drag community@en	""	""	""	http://homosaurus.org/terms/communities	""	http://homosaurus.org/terms/dragKings||http://homosaurus.org/terms/dragQueens	2015-11-25	2015-11-25	""	""
http://homosaurus.org/terms/dragKings	dragKings	drag kings@en	""	male impersonators@en	""	http://homosaurus.org/terms/genderMinorities	""	http://homosaurus.org/terms/crossdressers||http://homosaurus.org/terms/drag||http://homosaurus.org/terms/dragCommunity||http://homosaurus.org/terms/dragQueens	2015-11-25	2015-11-25	""	""
http://homosaurus.org/terms/dragQueens	dragQueens	drag queens@en	""	female impersonators@en	""	http://homosaurus.org/terms/genderMinorities	""	http://homosaurus.org/terms/crossdressers||http://homosaurus.org/terms/drag||http://homosaurus.org/terms/dragCommunity||http://homosaurus.org/terms/dragKings	2015-11-25	2015-11-25	""	""
http://homosaurus.org/terms/drama	drama	drama@en	""	""	in case of publications about performances: USE plays@en	http://homosaurus.org/terms/literature	""	http://homosaurus.org/terms/plays	2015-11-25	2015-11-25	""	""
http://homosaurus.org/terms/draughtmanship	draughtmanship	draughtmanship@en	""	draftsmanship@en	""	http://homosaurus.org/terms/visualArts	""	http://homosaurus.org/terms/drawings	2015-11-25	2015-11-25	""	""
http://homosaurus.org/terms/drawings	drawings	drawings@en	""	""	""	""	http://homosaurus.org/terms/cartoons	http://homosaurus.org/terms/draughtmanship	2015-11-25	2015-11-25	""	""
http://homosaurus.org/terms/dreams	dreams	dreams@en	""	""	""	http://homosaurus.org/terms/psychologicalProcesses	""	""	2015-11-25	2015-11-25	""	""
http://homosaurus.org/terms/drugAbuse	drugAbuse	drug abuse@en	""	drug dependance@en||drug addiction@en	""	http://homosaurus.org/terms/substanceAbuse	""	http://homosaurus.org/terms/drugs||http://homosaurus.org/terms/drugUsers||http://homosaurus.org/terms/recreationalDrugUse	2015-11-25	2015-11-25	""	""
http://homosaurus.org/terms/drugUsers	drugUsers	drug users@en	""	""	""	""	""	http://homosaurus.org/terms/drugAbuse||http://homosaurus.org/terms/drugs||http://homosaurus.org/terms/recreationalDrugUse	2015-11-25	2015-11-25	""	""
http://homosaurus.org/terms/drugs	drugs	drugs@en	""	street drugs@en	for street drugs; for pharmaceutical drugs USE medication@en	""	http://homosaurus.org/terms/alcohol||http://homosaurus.org/terms/hardDrugs||http://homosaurus.org/terms/partyDrugs||http://homosaurus.org/terms/poppers||http://homosaurus.org/terms/softDrugs	http://homosaurus.org/terms/doping||http://homosaurus.org/terms/drugAbuse||http://homosaurus.org/terms/drugUsers||http://homosaurus.org/terms/recreationalDrugUse	2015-11-25	2015-11-25	""	""
http://homosaurus.org/terms/DSM	DSM	DSM@en	""	diagnostic and statistical manual of mental disorders@en	published by the American Psychiatric Association ; provides a common language and standard criteria for the classification of mental disorders, also on LGBT issues@en	http://homosaurus.org/terms/classificationOfDiseases	""	""	2015-11-25	2015-11-25	""	""
http://homosaurus.org/terms/dutchReformedChurch	dutchReformedChurch	dutch reformed church@en	""	""	""	http://homosaurus.org/terms/calvinism	""	http://homosaurus.org/terms/protestantChurchInTheNetherlands	2015-11-25	2015-11-25	""	""
http://homosaurus.org/terms/DVDs	DVDs	DVDs@en	""	""	""	http://homosaurus.org/terms/audiovisualMedia	""	http://homosaurus.org/terms/videos	2015-11-25	2015-11-25	""	""
http://homosaurus.org/terms/easternOrthodoxChurches	easternOrthodoxChurches	Eastern orthodox churches@en	""	orthodox eastern churches@en	""	http://homosaurus.org/terms/christianity	""	""	2015-11-26	2015-11-26	""	""
http://homosaurus.org/terms/easyListeningMusic	easyListeningMusic	easy listening music@en	""	""	""	http://homosaurus.org/terms/music	""	""	2015-11-26	2015-11-26	""	""
http://homosaurus.org/terms/eatingDisorders	eatingDisorders	eating disorders@en	""	""	group of conditions defined by abnormal eating habits that may involve either insufficient or excessive food intake to the detriment of an individual's physical and mental health@en	""	http://homosaurus.org/terms/anorexiaNervosa||http://homosaurus.org/terms/bulimiaNervosa	http://homosaurus.org/terms/addictions||http://homosaurus.org/terms/nutrition||http://homosaurus.org/terms/self-image	2015-11-26	2015-11-26	""	""
http://homosaurus.org/terms/e-books	e-books	e-books@en	""	""	a book-length publication in digital form, consisting of text, images, or both, and produced on, published through, and readable on computers or other electronic devices@en	http://homosaurus.org/terms/books	""	http://homosaurus.org/terms/digitisation	2015-11-26	2015-11-26	""	""
http://homosaurus.org/terms/e-commerce	e-commerce	e-commerce@en	""	electronic commerce@en	buying and selling of products or services over electronic systems such as the Internet and other computer networks@en	http://homosaurus.org/terms/trade	""	http://homosaurus.org/terms/advertising||http://homosaurus.org/terms/dot-comCompanies||http://homosaurus.org/terms/internet	2015-11-26	2015-11-26	""	""
http://homosaurus.org/terms/ecofeminism	ecofeminism	ecofeminism@en	""	green feminism@en	""	http://homosaurus.org/terms/feminism	""	http://homosaurus.org/terms/environmentalism	2015-11-26	2015-11-26	""	""
http://homosaurus.org/terms/economicCrises	economicCrises	economic crises@en	""	""	""	http://homosaurus.org/terms/economicDevelopments	""	""	2015-11-26	2015-11-26	""	""
http://homosaurus.org/terms/economicDevelopments	economicDevelopments	economic developments@en	""	economy@en	""	""	http://homosaurus.org/terms/economicCrises	http://homosaurus.org/terms/bankruptcies||http://homosaurus.org/terms/economics||http://homosaurus.org/terms/socioeconomicCharacteristics	2015-11-26	2015-11-26	""	""
http://homosaurus.org/terms/economicExploitation	economicExploitation	economic exploitation@en	""	""	""	http://homosaurus.org/terms/socioeconomicCharacteristics	""	""	2015-11-26	2015-11-26	""	""
http://homosaurus.org/terms/economicSelf-reliance	economicSelf-reliance	economic self-reliance@en	""	economic independence@en||economic self-support@en	""	http://homosaurus.org/terms/socioeconomicCharacteristics	""	http://homosaurus.org/terms/individualisation	2015-11-26	2015-11-26	""	""
http://homosaurus.org/terms/economics	economics	economics@en	""	""	""	http://homosaurus.org/terms/socialAndBehaviouralSciences	""	http://homosaurus.org/terms/economicDevelopments||http://homosaurus.org/terms/economists||http://homosaurus.org/terms/trade	2015-11-26	2015-11-26	""	""
http://homosaurus.org/terms/economists	economists	economists@en	""	""	""	""	""	http://homosaurus.org/terms/economics	2015-11-26	2015-11-26	""	""
http://homosaurus.org/terms/ecstasy	ecstasy	ecstasy@en	""	xtc@en	""	http://homosaurus.org/terms/hardDrugs||http://homosaurus.org/terms/partyDrugs	""	""	2015-11-26	2015-11-26	""	""
http://homosaurus.org/terms/education	education	education@en	""	""	""	""	http://homosaurus.org/terms/academicEducation||http://homosaurus.org/terms/adultEducation||http://homosaurus.org/terms/dayReleaseCourses||http://homosaurus.org/terms/higherEducation||http://homosaurus.org/terms/physicalEducation||http://homosaurus.org/terms/primaryEducation||http://homosaurus.org/terms/secondaryEducation||http://homosaurus.org/terms/specialEducation||http://homosaurus.org/terms/technicalEducation||http://homosaurus.org/terms/trainingPrograms||http://homosaurus.org/terms/vocationalEducation	http://homosaurus.org/terms/educationalInstitutions||http://homosaurus.org/terms/educationStudies||http://homosaurus.org/terms/educators||http://homosaurus.org/terms/learningDifficulties||http://homosaurus.org/terms/pedagogy||http://homosaurus.org/terms/provisionOfInformation||http://homosaurus.org/terms/pupils||http://homosaurus.org/terms/schoolTelevision||http://homosaurus.org/terms/students||http://homosaurus.org/terms/studyDays||http://homosaurus.org/terms/teachingMaterials||http://homosaurus.org/terms/upbringing	2015-11-26	2015-11-26	""	""
http://homosaurus.org/terms/educationStudies	educationStudies	education studies@en	""	educational studies@en	""	http://homosaurus.org/terms/socialAndBehaviouralSciences	""	http://homosaurus.org/terms/education	2015-11-26	2015-11-26	""	""
http://homosaurus.org/terms/educationalInstitutions	educationalInstitutions	educational institutions@en	""	""	""	""	http://homosaurus.org/terms/colleges||http://homosaurus.org/terms/schools||http://homosaurus.org/terms/seminaries||http://homosaurus.org/terms/socioculturalEducationCentres||http://homosaurus.org/terms/universities	http://homosaurus.org/terms/education||http://homosaurus.org/terms/schoolDropouts	2015-11-26	2015-11-26	""	""
http://homosaurus.org/terms/educationalMaterials	educationalMaterials	educational materials@en	""	""	""	""	http://homosaurus.org/terms/leaflets	http://homosaurus.org/terms/provisionOfInformation||http://homosaurus.org/terms/teachingMaterials	2015-11-26	2015-11-26	""	""
http://homosaurus.org/terms/educationalOccupations	educationalOccupations	educational occupations@en	""	""	""	http://homosaurus.org/terms/occupations	http://homosaurus.org/terms/educators||http://homosaurus.org/terms/groupLeaders	""	2015-11-26	2015-11-26	""	""
http://homosaurus.org/terms/educators	educators	educators@en	""	school mistresses@en||school masters@en||professors@en||faculty members@en||instructors@en||teachers@en	""	http://homosaurus.org/terms/educationalOccupations	""	http://homosaurus.org/terms/education	2015-11-26	2015-11-26	""	""
http://homosaurus.org/terms/ego-dystonicSexualOrientation	ego-dystonicSexualOrientation	ego-dystonic sexual orientation@en	""	ego-dystonic homosexuality@en	mental disorder characterized by having a sexual orientation or an attraction that is at odds with one's       idealized self-image, causing anxiety      and a desire to change one's orientation or become more comfortable with one's sexual orientation@en	http://homosaurus.org/terms/mentalDisorders	""	http://homosaurus.org/terms/internalisedHomophobia||http://homosaurus.org/terms/self-image||http://homosaurus.org/terms/self-repression||http://homosaurus.org/terms/sexualReorientation	2015-11-26	2015-11-26	""	""
http://homosaurus.org/terms/elections	elections	elections@en	""	""	""	""	http://homosaurus.org/terms/referenda	http://homosaurus.org/terms/democracy||http://homosaurus.org/terms/politics||http://homosaurus.org/terms/rightToVote	2015-11-26	2015-11-26	""	""
http://homosaurus.org/terms/electronicGames	electronicGames	electronic games@en	""	video games@en||computer games@en	game that employs electronics to create an interactive system with which a player can play@en	http://homosaurus.org/terms/games	http://homosaurus.org/terms/onlineGames	""	2015-11-26	2015-11-26	""	""
http://homosaurus.org/terms/electroshockTherapy	electroshockTherapy	electroshock therapy@en	""	electroconvulsive therapy@en||electric shock therapy@en	""	http://homosaurus.org/terms/medicalInterventions	""	""	2015-11-26	2015-11-26	""	""
http://homosaurus.org/terms/email	email	email@en	""	""	""	http://homosaurus.org/terms/telecommunication	""	""	2015-11-26	2015-11-26	""	""
http://homosaurus.org/terms/emancipation	emancipation	emancipation@en	""	""	a broad term used to describe various efforts to obtain political rights or equality, often for a specifically disenfranchised group@en	http://homosaurus.org/terms/socialProcesses	""	http://homosaurus.org/terms/gayLiberation	2015-11-26	2015-11-26	""	""
http://homosaurus.org/terms/embassies	embassies	embassies@en	""	""	""	http://homosaurus.org/terms/publicServices	""	http://homosaurus.org/terms/diplomats||http://homosaurus.org/terms/internationalRelations	2015-11-26	2015-11-26	""	""
http://homosaurus.org/terms/emigration	emigration	emigration@en	""	""	""	http://homosaurus.org/terms/migration	""	http://homosaurus.org/terms/immigration||http://homosaurus.org/terms/immigrationDetentionCentres	2015-11-26	2015-11-26	""	""
http://homosaurus.org/terms/emotions	emotions	emotions@en	""	""	""	http://homosaurus.org/terms/psychologicalProcesses	http://homosaurus.org/terms/craving||http://homosaurus.org/terms/happiness||http://homosaurus.org/terms/hate||http://homosaurus.org/terms/intimacy||http://homosaurus.org/terms/jealousy||http://homosaurus.org/terms/love	http://homosaurus.org/terms/attitudes	2015-11-26	2015-11-26	""	""
http://homosaurus.org/terms/employees	employees	employees@en	""	personnel@en||workers@en	""	""	""	http://homosaurus.org/terms/colleagues||http://homosaurus.org/terms/employers	2015-11-26	2015-11-26	""	""
http://homosaurus.org/terms/employers	employers	employers@en	""	""	""	""	""	http://homosaurus.org/terms/employees||http://homosaurus.org/terms/executives	2015-11-26	2015-11-26	""	""
http://homosaurus.org/terms/employmentDiscrimination	employmentDiscrimination	employment discrimination@en	""	""	""	http://homosaurus.org/terms/discrimination	""	""	2015-11-26	2015-11-26	""	""
http://homosaurus.org/terms/employmentPolicies	employmentPolicies	employment policies@en	""	""	""	http://homosaurus.org/terms/policies	""	http://homosaurus.org/terms/personnelManagement	2015-11-26	2015-11-26	""	""
http://homosaurus.org/terms/employmentSuspension	employmentSuspension	employment suspension@en	""	job suspension@en	""	http://homosaurus.org/terms/personnelManagement	""	http://homosaurus.org/terms/dismissalOfEmployees	2015-11-26	2015-11-26	""	""
http://homosaurus.org/terms/encyclopedias	encyclopedias	encyclopedias@en	""	""	""	http://homosaurus.org/terms/referenceSources	""	""	2015-11-26	2015-11-26	""	""
http://homosaurus.org/terms/enemas	enemas	enemas@en	""	colonic irrigation@en	procedure of introducing liquids into the rectum and colon via the anus @en	""	""	http://homosaurus.org/terms/analSex	2015-11-26	2015-11-26	""	""
http://homosaurus.org/terms/enforcedExile	enforcedExile	enforced exile@en	""	""	""	http://homosaurus.org/terms/exile	""	""	2015-11-26	2015-11-26	""	""
http://homosaurus.org/terms/enlightenment	enlightenment	enlightenment@en	""	""	18th century philosophical movement@en	http://homosaurus.org/terms/culturalMovements	""	""	2015-11-26	2015-11-26	""	""
http://homosaurus.org/terms/environmentalism	environmentalism	environmentalism@en	""	""	""	http://homosaurus.org/terms/politicalMovements	""	http://homosaurus.org/terms/ecofeminism	2015-11-26	2015-11-26	""	""
http://homosaurus.org/terms/ephebophilia	ephebophilia	ephebophilia@en	""	""	sexual preference for young adult (16-20 yrs) males@en	http://homosaurus.org/terms/sexualOrientation	""	http://homosaurus.org/terms/hebephilia||http://homosaurus.org/terms/intergenerationalRelationships	2015-11-26	2015-11-26	""	""
http://homosaurus.org/terms/epidemics	epidemics	epidemics@en	""	""	""	""	""	http://homosaurus.org/terms/epidemiology||http://homosaurus.org/terms/medicalDisorders	2015-11-26	2015-11-26	""	""
http://homosaurus.org/terms/epidemiology	epidemiology	epidemiology@en	""	""	""	http://homosaurus.org/terms/healthSciences	""	http://homosaurus.org/terms/epidemics	2015-11-26	2015-11-26	""	""
http://homosaurus.org/terms/equestrianSports	equestrianSports	equestrian sports@en	""	horse sports@en	""	http://homosaurus.org/terms/sports	""	""	2015-11-26	2015-11-26	""	""
http://homosaurus.org/terms/erectileDysfunction	erectileDysfunction	erectile dysfunction@en	""	impotence@en	""	http://homosaurus.org/terms/sexualDysfunction	""	http://homosaurus.org/terms/erectionPills	2015-11-26	2015-11-26	""	""
http://homosaurus.org/terms/erectionPills	erectionPills	erection pills@en	""	""	""	http://homosaurus.org/terms/medication	""	http://homosaurus.org/terms/erectileDysfunction	2015-11-26	2015-11-26	""	""
http://homosaurus.org/terms/eroticLiterature	eroticLiterature	erotic literature@en	""	""	""	http://homosaurus.org/terms/fiction	""	http://homosaurus.org/terms/erotica	2015-11-26	2015-11-26	""	""
http://homosaurus.org/terms/erotica	erotica	erotica@en	""	""	the portrayal of sexuality with high-art aspirations, focusing also on feelings and emotions@en	""	""	http://homosaurus.org/terms/arts||http://homosaurus.org/terms/eroticLiterature||http://homosaurus.org/terms/pornography	2015-11-26	2015-11-26	""	""
http://homosaurus.org/terms/eroticism	eroticism	eroticism@en	""	""	""	""	http://homosaurus.org/terms/sexuality	http://homosaurus.org/terms/pedagogicalEros||http://homosaurus.org/terms/physicalAffection||http://homosaurus.org/terms/sexualExcitement||http://homosaurus.org/terms/sexuality	2015-11-26	2015-11-26	""	""
http://homosaurus.org/terms/escortServices	escortServices	escort services@en	""	""	""	http://homosaurus.org/terms/sexIndustry	""	http://homosaurus.org/terms/escorts	2015-11-26	2015-11-26	""	""
http://homosaurus.org/terms/escorts	escorts	escorts@en	""	""	""	http://homosaurus.org/terms/sexWorkers	""	http://homosaurus.org/terms/escortServices||http://homosaurus.org/terms/prostitution	2015-11-26	2015-11-26	""	""
http://homosaurus.org/terms/esperantism	esperantism	esperantism@en	""	esperanto movement@en||esperanto@en	""	""	""	http://homosaurus.org/terms/language	2015-11-26	2015-11-26	""	""
http://homosaurus.org/terms/espionage	espionage	espionage@en	""	""	""	""	""	http://homosaurus.org/terms/secretService	2015-11-26	2015-11-26	""	""
http://homosaurus.org/terms/essays	essays	essays@en	""	""	""	http://homosaurus.org/terms/literature	""	""	2015-11-26	2015-11-26	""	""
http://homosaurus.org/terms/essentialism	essentialism	essentialism@en	""	biological essentialism@en	notion that there are objective, intrinsic culture-independent facts (biological, psychological) about what a person's identity (gender, sexual or ethnic) is@en	http://homosaurus.org/terms/theories	""	http://homosaurus.org/terms/queerTheory||http://homosaurus.org/terms/socialConstructionism	2015-11-26	2015-11-26	""	""
http://homosaurus.org/terms/ethics	ethics	ethics@en	""	moral philosophy@en||morality@en	""	http://homosaurus.org/terms/philosophy	http://homosaurus.org/terms/workEthic	http://homosaurus.org/terms/censorship||http://homosaurus.org/terms/codeOfAdvertisingPractices||http://homosaurus.org/terms/moralTheology||http://homosaurus.org/terms/philosophiesOfLife||http://homosaurus.org/terms/socialNorms	2015-11-26	2015-11-26	""	""
http://homosaurus.org/terms/ethnicDiversity	ethnicDiversity	ethnic diversity@en	""	""	diversity in ethnicity within a particular group or region @en	http://homosaurus.org/terms/diversity	""	http://homosaurus.org/terms/ethnicGroups||http://homosaurus.org/terms/ethnicRelations||http://homosaurus.org/terms/multiculturalism	2015-11-26	2015-11-26	""	""
http://homosaurus.org/terms/ethnicGroups	ethnicGroups	ethnic groups@en	""	races@en	DO NOT USE for migrants@en	""	http://homosaurus.org/terms/blackPeople||http://homosaurus.org/terms/inuit||http://homosaurus.org/terms/jews||http://homosaurus.org/terms/latinos||http://homosaurus.org/terms/roma||http://homosaurus.org/terms/whitePeople	http://homosaurus.org/terms/ethnicDiversity||http://homosaurus.org/terms/ethnicStudies||http://homosaurus.org/terms/indigenousPeoples||http://homosaurus.org/terms/migrants||http://homosaurus.org/terms/migration||http://homosaurus.org/terms/multiculturalism	2015-11-26	2015-11-26	""	""
http://homosaurus.org/terms/ethnicRelations	ethnicRelations	ethnic relations@en	""	race relations@en	relations between ethnic groups@en	http://homosaurus.org/terms/socialProcesses	http://homosaurus.org/terms/anti-semitism||http://homosaurus.org/terms/apartheid||http://homosaurus.org/terms/racism	http://homosaurus.org/terms/ethnicDiversity||http://homosaurus.org/terms/ethnicStudies||http://homosaurus.org/terms/ethnocentrism	2015-11-26	2015-11-26	""	""
http://homosaurus.org/terms/ethnicStudies	ethnicStudies	ethnic studies@en	""	""	""	http://homosaurus.org/terms/academicDisciplines	http://homosaurus.org/terms/asianStudies||http://homosaurus.org/terms/latinoStudies||http://homosaurus.org/terms/nativeAmericanStudies	http://homosaurus.org/terms/ethnicGroups||http://homosaurus.org/terms/ethnicRelations	2015-11-26	2015-11-26	""	""
http://homosaurus.org/terms/ethnocentrism	ethnocentrism	ethnocentrism@en	""	""	cultural myopia that prohibits people from seeing, recognizing and appreciating the cultural practices of groups other than their own@en	http://homosaurus.org/terms/attitudes	""	http://homosaurus.org/terms/colonialism||http://homosaurus.org/terms/ethnicRelations||http://homosaurus.org/terms/racism	2015-11-26	2015-11-26	""	""
http://homosaurus.org/terms/ethology	ethology	ethology@en	""	study of animal social behaviour@en	""	http://homosaurus.org/terms/biology	""	""	2015-11-26	2015-11-26	""	""
http://homosaurus.org/terms/etiology	etiology	etiology@en	""	""	inquiries and speculations regarding the causes of sexual behaviour or diseases@en	http://homosaurus.org/terms/theories	""	http://homosaurus.org/terms/genetics||http://homosaurus.org/terms/heredity	2015-11-26	2015-11-26	""	""
http://homosaurus.org/terms/etiquette	etiquette	etiquette@en	""	""	""	""	""	http://homosaurus.org/terms/socialNorms	2015-11-26	2015-11-26	""	""
http://homosaurus.org/terms/etymology	etymology	etymology@en	""	""	""	http://homosaurus.org/terms/linguistics	""	""	2015-11-26	2015-11-26	""	""
http://homosaurus.org/terms/eunuchs	eunuchs	eunuchs@en	""	castrati@en	""	""	""	http://homosaurus.org/terms/castration||http://homosaurus.org/terms/gender||http://homosaurus.org/terms/hijras	2015-11-26	2015-11-26	""	""
http://homosaurus.org/terms/eurogames	eurogames	eurogames@en	""	""	the most important gay and lesbian sporting event in Europe, hosted by license of the European Gay and Lesbian Sport Federation (EGLSF)@en	http://homosaurus.org/terms/sportingEvents	""	""	2015-11-26	2015-11-26	""	""
http://homosaurus.org/terms/europeanCommission	europeanCommission	european commission@en	""	""	the executive body of the European Union responsible for proposing legislation, implementing decisions, upholding the Union's treaties and day-to-day running of the EU @en	""	""	http://homosaurus.org/terms/europeanUnion||http://homosaurus.org/terms/humanRights	2015-11-26	2015-11-26	""	""
http://homosaurus.org/terms/europeanConventionOnHumanRights	europeanConventionOnHumanRights	european convention on human rights@en	""	""	an international treaty to protect human rights and fundamental freedoms in Europe @en	""	""	http://homosaurus.org/terms/europeanCourtOfHumanRights||http://homosaurus.org/terms/humanRights	2015-11-26	2015-11-26	""	""
http://homosaurus.org/terms/europeanCourtOfHumanRights	europeanCourtOfHumanRights	european court of human rights@en	""	""	a supra-national or international court established by the European Convention on Human Rights@en	http://homosaurus.org/terms/courts	""	http://homosaurus.org/terms/councilOfEurope||http://homosaurus.org/terms/europeanConventionOnHumanRights||http://homosaurus.org/terms/sentencing	2015-11-26	2015-11-26	""	""
http://homosaurus.org/terms/europeanCourtOfJustice	europeanCourtOfJustice	european court of justice@en	""	""	highest court in the European Union in matters of European Union law@en	http://homosaurus.org/terms/courts	""	http://homosaurus.org/terms/europeanUnion||http://homosaurus.org/terms/sentencing	2015-11-26	2015-11-26	""	""
http://homosaurus.org/terms/europeanCultures	europeanCultures	european cultures@en	""	""	""	http://homosaurus.org/terms/cultures	""	""	2015-11-26	2015-11-26	""	""
http://homosaurus.org/terms/europeanParliament	europeanParliament	european parliament@en	""	""	the directly elected parliamentary institution of the European Union @en	http://homosaurus.org/terms/parliaments	""	http://homosaurus.org/terms/europeanUnion	2015-11-26	2015-11-26	""	""
http://homosaurus.org/terms/europeanUnion	europeanUnion	european union@en	""	european community@en||EU@en	an economic and political union of 27 member states in Europe@en	""	""	http://homosaurus.org/terms/councilOfEurope||http://homosaurus.org/terms/europeanCommission||http://homosaurus.org/terms/europeanCourtOfJustice||http://homosaurus.org/terms/europeanParliament||http://homosaurus.org/terms/government	2015-11-26	2015-11-26	""	""
http://homosaurus.org/terms/europride	europride	europride@en	""	""	a pan-European international event dedicated to LGBT pride, hosted by a different European city each year@en	http://homosaurus.org/terms/gayPride	""	""	2015-11-26	2015-11-26	""	""
http://homosaurus.org/terms/euthanasia	euthanasia	euthanasia@en	""	assisted death@en||mercy killing@en	""	http://homosaurus.org/terms/deathAndDying	""	http://homosaurus.org/terms/rightToDie||http://homosaurus.org/terms/suicide	2015-11-26	2015-11-26	""	""
http://homosaurus.org/terms/evangelisation	evangelisation	evangelisation@en	""	evangelization@en	""	""	""	http://homosaurus.org/terms/protestantism	2015-11-26	2015-11-26	""	""
http://homosaurus.org/terms/events	events	events@en	""	""	""	http://homosaurus.org/terms/gatherings	http://homosaurus.org/terms/carnivals||http://homosaurus.org/terms/competitions||http://homosaurus.org/terms/debates||http://homosaurus.org/terms/dragBalls||http://homosaurus.org/terms/exhibitions||http://homosaurus.org/terms/fairs||http://homosaurus.org/terms/festivals||http://homosaurus.org/terms/gayPride||http://homosaurus.org/terms/halloween||http://homosaurus.org/terms/mardiGras||http://homosaurus.org/terms/queensDay||http://homosaurus.org/terms/sportingEvents||http://homosaurus.org/terms/tradeExhibitions	http://homosaurus.org/terms/directAction||http://homosaurus.org/terms/parties	2015-11-26	2015-11-26	""	""
http://homosaurus.org/terms/evolution	evolution	evolution@en	""	""	refers to any kind of gradual change; it is used in biology, economics, historical linguistics, and many other fields where systems develop or change gradually over time@en	""	http://homosaurus.org/terms/biologicalEvolution||http://homosaurus.org/terms/socioculturalEvolution	""	2015-11-26	2015-11-26	""	""
http://homosaurus.org/terms/ex-gayMovement	ex-gayMovement	ex-gay movement@en	""	""	people and organisations that seek to get people to refrain from entering or pursuing same-sex relationships,      to eliminate homosexual desires, to develop heterosexual desires, or to enter into a heterosexual relationship@en	http://homosaurus.org/terms/socialMovements	""	http://homosaurus.org/terms/sexualReorientation	2015-11-26	2015-11-26	""	""
http://homosaurus.org/terms/examinations	examinations	examinations@en	""	""	""	""	http://homosaurus.org/terms/medicalExaminations||http://homosaurus.org/terms/militaryServicePhysicalExaminations||http://homosaurus.org/terms/psychologicalTests	""	2015-11-26	2015-11-26	""	""
http://homosaurus.org/terms/executives	executives	executives@en	""	""	""	""	""	http://homosaurus.org/terms/employers	2015-11-26	2015-11-26	""	""
http://homosaurus.org/terms/exhibitionism	exhibitionism	exhibitionism@en	""	""	""	http://homosaurus.org/terms/sexualPractices	""	http://homosaurus.org/terms/publicSex	2015-11-26	2015-11-26	""	""
http://homosaurus.org/terms/exhibitions	exhibitions	exhibitions@en	""	""	""	http://homosaurus.org/terms/events	""	http://homosaurus.org/terms/artGalleries||http://homosaurus.org/terms/catalogues||http://homosaurus.org/terms/museums	2015-11-26	2015-11-26	""	""
http://homosaurus.org/terms/exile	exile	exile@en	""	banishment@en	""	""	http://homosaurus.org/terms/enforcedExile||http://homosaurus.org/terms/voluntaryExile	http://homosaurus.org/terms/criminalLaw||http://homosaurus.org/terms/legalProcess	2015-11-26	2015-11-26	""	""
http://homosaurus.org/terms/existentialism	existentialism	existentialism@en	""	""	term applied to the work of a number of philosophers since the 19th century who, despite large differences in their positions, generally focused on the condition of human existence, and an individual's emotions, actions, responsibilities, and thoughts, or the meaning or purpose of life@en	http://homosaurus.org/terms/culturalMovements	""	http://homosaurus.org/terms/philosophy	2015-11-26	2015-11-26	""	""
http://homosaurus.org/terms/exoticDancers	exoticDancers	exotic dancers@en	""	""	""	http://homosaurus.org/terms/dancers	""	http://homosaurus.org/terms/strippers	2015-11-26	2015-11-26	""	""
http://homosaurus.org/terms/experiments	experiments	experiments@en	""	""	""	http://homosaurus.org/terms/researchMethods	""	""	2015-11-26	2015-11-26	""	""
http://homosaurus.org/terms/extramaritalChildren	extramaritalChildren	extramarital children@en	""	illegitimate children@en	""	http://homosaurus.org/terms/children	""	""	2015-11-26	2015-11-26	""	""
http://homosaurus.org/terms/faeries	faeries	faeries@en	""	""	Radical Faeries (also Faeries and Faes) are a loosely affiliated worldwide network of people seeking to reject hetero-imitation and redefine queer identity through spirituality; gay men@en	http://homosaurus.org/terms/gayCulture	""	http://homosaurus.org/terms/spirituality	2015-11-26	2015-11-26	""	""
http://homosaurus.org/terms/fagHags	fagHags	fag hags@en	""	""	""	""	""	http://homosaurus.org/terms/gayCulture	2015-11-26	2015-11-26	""	""
http://homosaurus.org/terms/fairs	fairs	fairs@en	""	""	""	http://homosaurus.org/terms/events	""	""	2015-11-26	2015-11-26	""	""
http://homosaurus.org/terms/fairyTales	fairyTales	fairy tales@en	""	""	""	http://homosaurus.org/terms/fiction	""	""	2015-11-26	2015-11-26	""	""
http://homosaurus.org/terms/families	families	families@en	""	""	""	""	http://homosaurus.org/terms/bisexualFamilies||http://homosaurus.org/terms/fosterFamilies||http://homosaurus.org/terms/gayFamilies||http://homosaurus.org/terms/lesbianFamilies||http://homosaurus.org/terms/singleParentFamilies||http://homosaurus.org/terms/stepFamilies||http://homosaurus.org/terms/transgenderFamilies	http://homosaurus.org/terms/familyMembers||http://homosaurus.org/terms/familyTherapy	2015-11-26	2015-11-26	""	""
http://homosaurus.org/terms/familyMembers	familyMembers	family members@en	""	""	""	""	http://homosaurus.org/terms/children||http://homosaurus.org/terms/parents||http://homosaurus.org/terms/siblings	http://homosaurus.org/terms/bereavedPeople||http://homosaurus.org/terms/families||http://homosaurus.org/terms/incest||http://homosaurus.org/terms/partners||http://homosaurus.org/terms/relationships	2015-11-26	2015-11-26	""	""
http://homosaurus.org/terms/familyPlanning	familyPlanning	family planning@en	""	birth control@en	""	""	""	http://homosaurus.org/terms/contraception||http://homosaurus.org/terms/desireToHaveChildren	2015-11-26	2015-11-26	""	""
http://homosaurus.org/terms/familyPractitioners	familyPractitioners	family practitioners@en	""	""	""	http://homosaurus.org/terms/physicians	""	""	2015-11-26	2015-11-26	""	""
http://homosaurus.org/terms/familyTherapy	familyTherapy	family therapy@en	""	""	""	http://homosaurus.org/terms/psychotherapy	""	http://homosaurus.org/terms/families	2015-11-26	2015-11-26	""	""
http://homosaurus.org/terms/fantasies	fantasies	fantasies@en	""	""	situations imagined by an individual or group, which do not correspond with reality but express certain desires or aims of its creator @en	http://homosaurus.org/terms/psychologicalProcesses	""	http://homosaurus.org/terms/roleplay	2015-11-26	2015-11-26	""	""
http://homosaurus.org/terms/fantasy	fantasy	fantasy@en	""	""	genre that uses magic and other supernatural phenomena as a primary element of plot, theme, and/or setting@en	http://homosaurus.org/terms/fiction	""	http://homosaurus.org/terms/scienceFiction	2015-11-26	2015-11-26	""	""
http://homosaurus.org/terms/farmers	farmers	farmers@en	""	""	""	http://homosaurus.org/terms/agriculturalOccupations	""	""	2015-11-26	2015-11-26	""	""
http://homosaurus.org/terms/fascism	fascism	fascism@en	""	""	""	http://homosaurus.org/terms/rightWingExtremism	""	http://homosaurus.org/terms/anti-fascism||http://homosaurus.org/terms/neofascism	2015-11-26	2015-11-26	""	""
http://homosaurus.org/terms/fashionDesigners	fashionDesigners	fashion designers@en	""	""	""	http://homosaurus.org/terms/artsAndEntertainmentOccupations	""	""	2015-11-26	2015-11-26	""	""
http://homosaurus.org/terms/fashionDolls	fashionDolls	fashion dolls@en	""	""	""	""	""	""	2015-11-26	2015-11-26	""	""
http://homosaurus.org/terms/fatherhood	fatherhood	fatherhood@en	""	paternity@en	""	http://homosaurus.org/terms/parenthood	""	""	2015-11-26	2015-11-26	""	""
http://homosaurus.org/terms/fathers	fathers	fathers@en	""	""	""	http://homosaurus.org/terms/parents	http://homosaurus.org/terms/co-fathers||http://homosaurus.org/terms/fathersOfGayMen||http://homosaurus.org/terms/fathersOfLesbians||http://homosaurus.org/terms/singleFathers	http://homosaurus.org/terms/gayParents	2015-11-26	2015-11-26	""	""
http://homosaurus.org/terms/fathersOfGayMen	fathersOfGayMen	fathers of gay men@en	""	""	""	http://homosaurus.org/terms/fathers||http://homosaurus.org/terms/parentsOfGayMen	""	""	2015-11-26	2015-11-26	""	""
http://homosaurus.org/terms/fathersOfLesbians	fathersOfLesbians	fathers of lesbians@en	""	""	""	http://homosaurus.org/terms/fathers||http://homosaurus.org/terms/parentsOfLesbians	""	""	2015-11-26	2015-11-26	""	""
http://homosaurus.org/terms/fearOfDeath	fearOfDeath	fear of death@en	""	necrophobia@en||thanatophobia@en	""	http://homosaurus.org/terms/phobias	""	http://homosaurus.org/terms/deathAndDying	2015-11-26	2015-11-26	""	""
http://homosaurus.org/terms/fellatio	fellatio	fellatio@en	""	penilingus@en||cocksucking@en||blow jobs@en	""	http://homosaurus.org/terms/oralSex||http://homosaurus.org/terms/phallicSex	""	""	2015-11-26	2015-11-26	""	""
http://homosaurus.org/terms/femaleCircumcision	femaleCircumcision	female circumcision@en	""	clitoridectomy @en	""	http://homosaurus.org/terms/circumcision	""	""	2015-11-26	2015-11-26	""	""
http://homosaurus.org/terms/femalePedophilia	femalePedophilia	female pedophilia@en	""	""	""	http://homosaurus.org/terms/pedophilia	""	""	2015-11-26	2015-11-26	""	""
http://homosaurus.org/terms/femaleProstitutes	femaleProstitutes	female prostitutes@en	""	""	""	http://homosaurus.org/terms/sexWorkers	""	http://homosaurus.org/terms/femaleProstitution	2015-11-26	2015-11-26	""	""
http://homosaurus.org/terms/femaleProstitution	femaleProstitution	female prostitution@en	""	""	""	http://homosaurus.org/terms/prostitution	""	http://homosaurus.org/terms/femaleProstitutes	2015-11-26	2015-11-26	""	""
http://homosaurus.org/terms/femininity	femininity	femininity@en	""	effeminacy@en	""	""	""	http://homosaurus.org/terms/androgyny||http://homosaurus.org/terms/gender||http://homosaurus.org/terms/genderDiversity||http://homosaurus.org/terms/genderIdentity||http://homosaurus.org/terms/genderRole||http://homosaurus.org/terms/marianismo||http://homosaurus.org/terms/masculinity	2015-11-26	2015-11-26	""	""
http://homosaurus.org/terms/feminism	feminism	feminism@en	""	""	collection of movements aimed at defining, establishing, and defending equal political, economic, and social rights and equal opportunities for women@en	""	http://homosaurus.org/terms/ecofeminism||http://homosaurus.org/terms/firstWaveFeminism||http://homosaurus.org/terms/heterosexualFeminism||http://homosaurus.org/terms/lesbianFeminism||http://homosaurus.org/terms/radicalFeminism||http://homosaurus.org/terms/secondWaveFeminism	http://homosaurus.org/terms/anti-feminism||http://homosaurus.org/terms/womensMovement	2015-11-26	2015-11-26	""	""
http://homosaurus.org/terms/feministTheology	feministTheology	feminist theology@en	""	""	""	http://homosaurus.org/terms/liberationTheology	""	http://homosaurus.org/terms/lesbianTheology	2015-11-26	2015-11-26	""	""
http://homosaurus.org/terms/feminists	feminists	feminists@en	""	""	""	""	http://homosaurus.org/terms/suffragettes	""	2015-11-26	2015-11-26	""	""
http://homosaurus.org/terms/femmes	femmes	femmes@en	""	""	""	http://homosaurus.org/terms/lesbians	""	http://homosaurus.org/terms/butches||http://homosaurus.org/terms/butchFemmeRelationships||http://homosaurus.org/terms/identity||http://homosaurus.org/terms/roleBehaviour	2015-11-26	2015-11-26	""	""
http://homosaurus.org/terms/femmesFatales	femmesFatales	femmes fatales@en	""	femme fatales@en	""	""	""	http://homosaurus.org/terms/representation	2015-11-26	2015-11-26	""	""
http://homosaurus.org/terms/festivals	festivals	festivals@en	""	""	""	http://homosaurus.org/terms/events	http://homosaurus.org/terms/womensMusicFestivals	""	2015-11-26	2015-11-26	""	""
http://homosaurus.org/terms/fetishism	fetishism	fetishism@en	""	""	""	http://homosaurus.org/terms/sexualOrientation	""	""	2015-11-26	2015-11-26	""	""
http://homosaurus.org/terms/fiction	fiction	fiction@en	""	novels@en||stories@en||short stories@en	""	http://homosaurus.org/terms/literature	http://homosaurus.org/terms/adventureStories||http://homosaurus.org/terms/comicStrips||http://homosaurus.org/terms/eroticLiterature||http://homosaurus.org/terms/fairyTales||http://homosaurus.org/terms/fantasy||http://homosaurus.org/terms/gothicNovels||http://homosaurus.org/terms/graphicNovels||http://homosaurus.org/terms/historicalLiterature||http://homosaurus.org/terms/legends||http://homosaurus.org/terms/mysteryAndDetectiveFiction||http://homosaurus.org/terms/popularFiction||http://homosaurus.org/terms/scienceFiction	http://homosaurus.org/terms/characters	2015-11-26	2015-11-26	""	""
http://homosaurus.org/terms/figureSkating	figureSkating	figure skating@en	""	""	""	http://homosaurus.org/terms/winterSports	""	""	2015-11-26	2015-11-26	""	""
http://homosaurus.org/terms/film	film	film@en	""	""	""	http://homosaurus.org/terms/arts||http://homosaurus.org/terms/audiovisualMedia	http://homosaurus.org/terms/animatedFilm||http://homosaurus.org/terms/documentaries||http://homosaurus.org/terms/pornFilms	http://homosaurus.org/terms/actors||http://homosaurus.org/terms/casting||http://homosaurus.org/terms/characters||http://homosaurus.org/terms/directors||http://homosaurus.org/terms/filmCensorship||http://homosaurus.org/terms/filmIndustry||http://homosaurus.org/terms/filmStudies||http://homosaurus.org/terms/producers||http://homosaurus.org/terms/screenplays	2015-11-26	2015-11-26	""	""
http://homosaurus.org/terms/filmCensorship	filmCensorship	film censorship@en	""	""	""	http://homosaurus.org/terms/censorship	""	http://homosaurus.org/terms/film	2015-11-26	2015-11-26	""	""
http://homosaurus.org/terms/filmIndustry	filmIndustry	film industry@en	""	""	""	http://homosaurus.org/terms/industries	""	http://homosaurus.org/terms/film	2015-11-26	2015-11-26	""	""
http://homosaurus.org/terms/filmStudies	filmStudies	film studies@en	""	""	""	http://homosaurus.org/terms/humanities	""	http://homosaurus.org/terms/film	2015-11-26	2015-11-26	""	""
http://homosaurus.org/terms/finDeSiecle	finDeSiecle	fin de siècle@en	""	""	European-wide cultural movement at the end of the 19th century; the ideas and concerns of the fin de siècle influenced the decades to follow and played an important role in the birth of modernism@en	http://homosaurus.org/terms/culturalMovements	""	http://homosaurus.org/terms/decadentism||http://homosaurus.org/terms/modernism	2015-11-26	2015-11-26	""	""
http://homosaurus.org/terms/finances	finances	finances@en	""	""	""	""	""	http://homosaurus.org/terms/budgetCuts||http://homosaurus.org/terms/financialInstitutions||http://homosaurus.org/terms/investments||http://homosaurus.org/terms/money	2015-11-26	2015-11-26	""	""
http://homosaurus.org/terms/financialInstitutions	financialInstitutions	financial institutions@en	""	""	""	http://homosaurus.org/terms/organisations	http://homosaurus.org/terms/banks||http://homosaurus.org/terms/benevolentSocieties||http://homosaurus.org/terms/insuranceCompanies||http://homosaurus.org/terms/pensionFunds	http://homosaurus.org/terms/finances||http://homosaurus.org/terms/investments||http://homosaurus.org/terms/money	2015-11-26	2015-11-26	""	""
http://homosaurus.org/terms/fireBrigades	fireBrigades	fire brigades@en	""	fire departments@en	""	http://homosaurus.org/terms/publicServices	""	http://homosaurus.org/terms/fireFighters	2015-11-26	2015-11-26	""	""
http://homosaurus.org/terms/fireFighters	fireFighters	fire fighters@en	""	""	""	http://homosaurus.org/terms/serviceOccupations	""	http://homosaurus.org/terms/fireBrigades	2015-11-26	2015-11-26	""	""
http://homosaurus.org/terms/firstWaveFeminism	firstWaveFeminism	first wave feminism@en	""	""	""	http://homosaurus.org/terms/feminism	""	http://homosaurus.org/terms/suffragettes	2015-11-26	2015-11-26	""	""
http://homosaurus.org/terms/fisting	fisting	fisting@en	""	fist fucking@en	""	http://homosaurus.org/terms/analSex||http://homosaurus.org/terms/manualSex	""	""	2015-11-26	2015-11-26	""	""
http://homosaurus.org/terms/flagellation	flagellation	flagellation@en	""	""	""	http://homosaurus.org/terms/SM	""	""	2015-11-26	2015-11-26	""	""
http://homosaurus.org/terms/flamenco	flamenco	flamenco@en	""	""	""	http://homosaurus.org/terms/dance	""	""	2015-11-26	2015-11-26	""	""
http://homosaurus.org/terms/folkCulture	folkCulture	folk culture@en	""	folklore@en	""	http://homosaurus.org/terms/culture	http://homosaurus.org/terms/bullFights||http://homosaurus.org/terms/folkMusic	""	2015-11-26	2015-11-26	""	""
http://homosaurus.org/terms/folkMusic	folkMusic	folk music@en	""	""	""	http://homosaurus.org/terms/folkCulture||http://homosaurus.org/terms/music	""	""	2015-11-26	2015-11-26	""	""
http://homosaurus.org/terms/foodIndustry	foodIndustry	food industry@en	""	""	""	http://homosaurus.org/terms/industries	""	""	2015-11-26	2015-11-26	""	""
http://homosaurus.org/terms/foreskinRestoration	foreskinRestoration	foreskin restoration@en	""	""	""	""	""	http://homosaurus.org/terms/maleCircumcision	2015-11-26	2015-11-26	""	""
http://homosaurus.org/terms/fosterChildren	fosterChildren	foster children@en	""	""	""	http://homosaurus.org/terms/children	""	http://homosaurus.org/terms/adoption||http://homosaurus.org/terms/fosterFamilies||http://homosaurus.org/terms/fosterParents	2015-11-26	2015-11-26	""	""
http://homosaurus.org/terms/fosterFamilies	fosterFamilies	foster families@en	""	""	""	http://homosaurus.org/terms/families	""	http://homosaurus.org/terms/adoption||http://homosaurus.org/terms/fosterChildren||http://homosaurus.org/terms/fosterParents	2015-11-26	2015-11-26	""	""
http://homosaurus.org/terms/fosterParents	fosterParents	foster parents@en	""	""	""	http://homosaurus.org/terms/parents	""	http://homosaurus.org/terms/adoption||http://homosaurus.org/terms/adoptiveParents||http://homosaurus.org/terms/fosterChildren||http://homosaurus.org/terms/fosterFamilies||http://homosaurus.org/terms/socialParenthood	2015-11-26	2015-11-26	""	""
http://homosaurus.org/terms/fraud	fraud	fraud@en	""	""	""	http://homosaurus.org/terms/crimes	""	""	2015-11-26	2015-11-26	""	""
http://homosaurus.org/terms/freedomRings	freedomRings	freedom rings@en	""	""	""	http://homosaurus.org/terms/symbols	""	""	2015-11-26	2015-11-26	""	""
http://homosaurus.org/terms/freemasonry	freemasonry	freemasonry@en	""	""	""	http://homosaurus.org/terms/philosophiesOfLife	""	""	2015-11-26	2015-11-26	""	""
http://homosaurus.org/terms/freethinking	freethinking	freethinking@en	""	""	""	http://homosaurus.org/terms/philosophiesOfLife	""	""	2015-11-26	2015-11-26	""	""
http://homosaurus.org/terms/frenchRevolution	frenchRevolution	french revolution@en	""	""	""	http://homosaurus.org/terms/revolutions	""	""	2015-11-26	2015-11-26	""	""
http://homosaurus.org/terms/friends	friends	friends@en	""	""	""	""	""	http://homosaurus.org/terms/friendships||http://homosaurus.org/terms/socialNetworks	2015-11-26	2015-11-26	""	""
http://homosaurus.org/terms/friendships	friendships	friendships@en	""	""	""	http://homosaurus.org/terms/relationships	http://homosaurus.org/terms/boysFriendships||http://homosaurus.org/terms/girlsFriendships||http://homosaurus.org/terms/mensFriendships||http://homosaurus.org/terms/romanticFriendships||http://homosaurus.org/terms/womensFriendships	http://homosaurus.org/terms/friends	2015-11-26	2015-11-26	""	""
http://homosaurus.org/terms/frottage	frottage	frottage@en	""	""	rubbing@en	http://homosaurus.org/terms/sexualPractices	""	http://homosaurus.org/terms/tribadism	2015-11-26	2015-11-26	""	""
http://homosaurus.org/terms/FtMs	FtMs	FtMs@en	""	transmen@en||females transitioning to males@en||transgender men@en	""	http://homosaurus.org/terms/transgenderPeople	""	http://homosaurus.org/terms/men||http://homosaurus.org/terms/MtFs	2015-11-26	2015-11-26	""	""
http://homosaurus.org/terms/fundamentalism	fundamentalism	fundamentalism@en	""	""	""	http://homosaurus.org/terms/theology	""	http://homosaurus.org/terms/moralRearmament||http://homosaurus.org/terms/religiousRight	2015-11-26	2015-11-26	""	""
http://homosaurus.org/terms/fundraising	fundraising	fundraising@en	""	""	""	""	""	http://homosaurus.org/terms/benevolentSocieties||http://homosaurus.org/terms/donations||http://homosaurus.org/terms/grants||http://homosaurus.org/terms/money||http://homosaurus.org/terms/sponsorship	2015-11-26	2015-11-26	""	""
http://homosaurus.org/terms/funeralRites	funeralRites	funeral rites@en	""	""	""	""	http://homosaurus.org/terms/burialCeremonies	http://homosaurus.org/terms/deathAndDying	2015-11-26	2015-11-26	""	""
http://homosaurus.org/terms/future	future	future@en	""	""	""	""	""	http://homosaurus.org/terms/historicalPeriods||http://homosaurus.org/terms/utopias	2015-11-26	2015-11-26	""	""
http://homosaurus.org/terms/g-spot	g-spot	g-spot@en	""	""	""	http://homosaurus.org/terms/vaginas	""	""	2015-11-27	2015-11-27	""	""
http://homosaurus.org/terms/gamblingAddiction	gamblingAddiction	gambling addiction@en	""	""	""	http://homosaurus.org/terms/addictions	""	""	2015-11-27	2015-11-27	""	""
http://homosaurus.org/terms/games	games	games@en	""	""	""	""	http://homosaurus.org/terms/cardGames||http://homosaurus.org/terms/electronicGames||http://homosaurus.org/terms/mentalExercise||http://homosaurus.org/terms/partyGames	""	2015-11-27	2015-11-27	""	""
http://homosaurus.org/terms/gardening	gardening	gardening@en	""	""	""	http://homosaurus.org/terms/leisureActivities	""	""	2015-11-27	2015-11-27	""	""
http://homosaurus.org/terms/gatherings	gatherings	gatherings@en	""	""	""	""	http://homosaurus.org/terms/briefings||http://homosaurus.org/terms/celebrations||http://homosaurus.org/terms/conferences||http://homosaurus.org/terms/events||http://homosaurus.org/terms/lectures||http://homosaurus.org/terms/meetings||http://homosaurus.org/terms/memorials||http://homosaurus.org/terms/studyDays||http://homosaurus.org/terms/workshops	""	2015-11-27	2015-11-27	""	""
http://homosaurus.org/terms/gayAndLesbianYouth	gayAndLesbianYouth	gay and lesbian youth@en	""	""	""	http://homosaurus.org/terms/youth	http://homosaurus.org/terms/gayBoys||http://homosaurus.org/terms/lesbianGirls	""	2015-11-27	2015-11-27	""	""
http://homosaurus.org/terms/gayArchives	gayArchives	gay archives@en	""	""	""	http://homosaurus.org/terms/archives	""	""	2015-11-27	2015-11-27	""	""
http://homosaurus.org/terms/gayBookshops	gayBookshops	gay bookshops@en	""	""	""	http://homosaurus.org/terms/bookshops	""	""	2015-11-27	2015-11-27	""	""
http://homosaurus.org/terms/gayBoys	gayBoys	gay boys@en	""	gay youth@en	""	http://homosaurus.org/terms/boys||http://homosaurus.org/terms/gayAndLesbianYouth	""	http://homosaurus.org/terms/gayCharacters||http://homosaurus.org/terms/gayIdentity||http://homosaurus.org/terms/gayMen	2015-11-27	2015-11-27	""	""
http://homosaurus.org/terms/gayCharacters	gayCharacters	gay characters@en	""	""	""	http://homosaurus.org/terms/characters	""	http://homosaurus.org/terms/gayBoys||http://homosaurus.org/terms/lesbianCharacters	2015-11-27	2015-11-27	""	""
http://homosaurus.org/terms/gayClergy	gayClergy	gay clergy@en	""	gay pastors@en	""	http://homosaurus.org/terms/clergy	""	""	2015-11-27	2015-11-27	""	""
http://homosaurus.org/terms/gayCommunity	gayCommunity	gay community@en	""	""	""	http://homosaurus.org/terms/LGBTICommunity	""	http://homosaurus.org/terms/gayCommunityCentres	2015-11-27	2015-11-27	""	""
http://homosaurus.org/terms/gayCommunityCentres	gayCommunityCentres	gay community centres@en	""	""	""	http://homosaurus.org/terms/communityCentres	""	http://homosaurus.org/terms/gayCommunity||http://homosaurus.org/terms/gayMovement	2015-11-27	2015-11-27	""	""
http://homosaurus.org/terms/chubs	chubs	chubs@en	""	""	overweight or obese gay men who identifies as being part of the related chubby culture; gay men@en	http://homosaurus.org/terms/gayCulture||http://homosaurus.org/terms/overweightPeople	""	""	2015-11-27	2015-11-27	""	""
http://homosaurus.org/terms/gayCulture	gayCulture	gay culture@en	""	""	""	http://homosaurus.org/terms/subcultures	http://homosaurus.org/terms/bears||http://homosaurus.org/terms/chubs||http://homosaurus.org/terms/faeries||http://homosaurus.org/terms/gaySlang	http://homosaurus.org/terms/camp||http://homosaurus.org/terms/fagHags	2015-11-27	2015-11-27	""	""
http://homosaurus.org/terms/gayFamilies	gayFamilies	gay families@en	""	""	used only for gay male couples living with their children@en	http://homosaurus.org/terms/families	""	""	2015-11-27	2015-11-27	""	""
http://homosaurus.org/terms/gayGames	gayGames	gay games@en	""	""	""	http://homosaurus.org/terms/sportingEvents	""	http://homosaurus.org/terms/olympicGames||http://homosaurus.org/terms/outgames	2015-11-27	2015-11-27	""	""
http://homosaurus.org/terms/gayIdentity	gayIdentity	gay identity@en	""	""	""	http://homosaurus.org/terms/sexualIdentity	""	http://homosaurus.org/terms/gayBoys||http://homosaurus.org/terms/gayMen	2015-11-27	2015-11-27	""	""
http://homosaurus.org/terms/gayInformationCentres	gayInformationCentres	gay information centres@en	""	gay documentation centres@en	""	http://homosaurus.org/terms/informationCentres	""	http://homosaurus.org/terms/gayMovement	2015-11-27	2015-11-27	""	""
http://homosaurus.org/terms/gayLiberation	gayLiberation	gay liberation@en	""	gay liberation movement@en	"movement of the late 1960s and early to mid 1970s that urged lesbians and gay men to ""come out"", publicly revealing their sexuality to family, friends and colleagues as a form of activism, and to counter shame with gay pride@en"	http://homosaurus.org/terms/socialProcesses	""	http://homosaurus.org/terms/emancipation||http://homosaurus.org/terms/gayMovement||http://homosaurus.org/terms/lesbianMovement||http://homosaurus.org/terms/liberty||http://homosaurus.org/terms/stonewallRiots	2015-11-27	2015-11-27	""	""
http://homosaurus.org/terms/gayLibraries	gayLibraries	gay libraries@en	""	""	""	http://homosaurus.org/terms/libraries	""	""	2015-11-27	2015-11-27	""	""
http://homosaurus.org/terms/gayMaleCouples	gayMaleCouples	gay male couples@en	""	""	""	http://homosaurus.org/terms/couples	""	""	2015-11-27	2015-11-27	""	""
http://homosaurus.org/terms/gayMen	gayMen	gay men@en	""	gays@en	""	http://homosaurus.org/terms/men||http://homosaurus.org/terms/sexualMinorities	http://homosaurus.org/terms/closetedGayMen||http://homosaurus.org/terms/olderGayMen	http://homosaurus.org/terms/gayBoys||http://homosaurus.org/terms/gayIdentity||http://homosaurus.org/terms/homosexuality||http://homosaurus.org/terms/lesbian-gayRelations||http://homosaurus.org/terms/menWhoHaveSexWithMen||http://homosaurus.org/terms/parentsOfGayMen||http://homosaurus.org/terms/partnersOfGayMen	2015-11-27	2015-11-27	""	""
http://homosaurus.org/terms/gayMensChoirs	gayMensChoirs	gay men's choirs@en	""	""	""	http://homosaurus.org/terms/choirs	""	""	2015-11-27	2015-11-27	""	""
http://homosaurus.org/terms/gayMovement	gayMovement	gay movement@en	""	gay organizations @en||gay organizing@en	""	http://homosaurus.org/terms/LGBTIMovement	http://homosaurus.org/terms/gayPoliticalGroups||http://homosaurus.org/terms/gayPress||http://homosaurus.org/terms/gayReligiousGroups||http://homosaurus.org/terms/gayTradeUnionGroups	http://homosaurus.org/terms/gayCommunityCentres||http://homosaurus.org/terms/gayInformationCentres||http://homosaurus.org/terms/gayLiberation||http://homosaurus.org/terms/gayRadio||http://homosaurus.org/terms/gayTelevision	2015-11-27	2015-11-27	""	""
http://homosaurus.org/terms/gayMuseums	gayMuseums	gay museums@en	""	""	""	http://homosaurus.org/terms/museums	""	""	2015-11-27	2015-11-27	""	""
http://homosaurus.org/terms/gayParents	gayParents	gay parents@en	""	gay fathers@en	""	http://homosaurus.org/terms/parents	""	http://homosaurus.org/terms/childrenOfGayMen||http://homosaurus.org/terms/fathers	2015-11-27	2015-11-27	""	""
http://homosaurus.org/terms/gayPoliticalGroups	gayPoliticalGroups	gay political groups@en	""	""	""	http://homosaurus.org/terms/gayMovement	""	http://homosaurus.org/terms/politicalParties	2015-11-27	2015-11-27	""	""
http://homosaurus.org/terms/gayPress	gayPress	gay press@en	""	""	""	http://homosaurus.org/terms/gayMovement||http://homosaurus.org/terms/press	""	""	2015-11-27	2015-11-27	""	""
http://homosaurus.org/terms/gayPride	gayPride	gay pride@en	""	""	""	http://homosaurus.org/terms/events	http://homosaurus.org/terms/europride||http://homosaurus.org/terms/gayPrideWeek	http://homosaurus.org/terms/mardiGras	2015-11-27	2015-11-27	""	""
http://homosaurus.org/terms/gayPrideWeek	gayPrideWeek	gay pride week@en	""	pink week@en||pink saturday@en	""	http://homosaurus.org/terms/gayPride	""	http://homosaurus.org/terms/LGBTIMovement	2015-11-27	2015-11-27	""	""
http://homosaurus.org/terms/gayPublishers	gayPublishers	gay publishers@en	""	""	""	http://homosaurus.org/terms/publishers	""	""	2015-11-27	2015-11-27	""	""
http://homosaurus.org/terms/gayRadio	gayRadio	gay radio@en	""	""	""	http://homosaurus.org/terms/radio	""	http://homosaurus.org/terms/gayMovement	2015-11-27	2015-11-27	""	""
http://homosaurus.org/terms/gayReligiousGroups	gayReligiousGroups	gay religious groups@en	""	""	""	http://homosaurus.org/terms/gayMovement	""	http://homosaurus.org/terms/metropolitanCommunityChurch||http://homosaurus.org/terms/religiousOrganisations	2015-11-27	2015-11-27	""	""
http://homosaurus.org/terms/gayRights	gayRights	gay rights@en	""	""	""	http://homosaurus.org/terms/LGBTIRights	""	""	2015-11-27	2015-11-27	""	""
http://homosaurus.org/terms/gaySensibility	gaySensibility	gay sensibility@en	""	""	specifically gay way of reading and looking at cultural texts (books, movies, television, magazines, etc.) and the appropriation of texts thought of as strictly for heterosexuals@en	http://homosaurus.org/terms/psychologicalCharacteristics	""	http://homosaurus.org/terms/lesbianSensibility||http://homosaurus.org/terms/reception	2015-11-27	2015-11-27	""	""
http://homosaurus.org/terms/gaySlang	gaySlang	gay slang@en	""	gay speak@en	""	http://homosaurus.org/terms/gayCulture||http://homosaurus.org/terms/slang	""	""	2015-11-27	2015-11-27	""	""
http://homosaurus.org/terms/gaySons	gaySons	gay sons@en	""	""	""	http://homosaurus.org/terms/sons	""	""	2015-11-27	2015-11-27	""	""
http://homosaurus.org/terms/gaySportsClubs	gaySportsClubs	gay sports clubs@en	""	""	""	http://homosaurus.org/terms/sportsClubs	""	""	2015-11-27	2015-11-27	""	""
http://homosaurus.org/terms/gayStudies	gayStudies	gay studies@en	""	""	""	http://homosaurus.org/terms/genderStudies	""	http://homosaurus.org/terms/lesbianStudies	2015-11-27	2015-11-27	""	""
http://homosaurus.org/terms/gayTelevision	gayTelevision	gay television@en	""	""	""	http://homosaurus.org/terms/television	""	http://homosaurus.org/terms/gayMovement	2015-11-27	2015-11-27	""	""
http://homosaurus.org/terms/gayTheatre	gayTheatre	gay theatre@en	""	""	""	http://homosaurus.org/terms/theatre	""	http://homosaurus.org/terms/gayTheatreGroups	2015-11-27	2015-11-27	""	""
http://homosaurus.org/terms/gayTheatreGroups	gayTheatreGroups	gay theatre groups@en	""	""	""	http://homosaurus.org/terms/theatreGroups	""	http://homosaurus.org/terms/gayTheatre	2015-11-27	2015-11-27	""	""
http://homosaurus.org/terms/gayTheology	gayTheology	gay theology@en	""	""	""	http://homosaurus.org/terms/liberationTheology	""	""	2015-11-27	2015-11-27	""	""
http://homosaurus.org/terms/gayTradeUnionGroups	gayTradeUnionGroups	gay trade union groups@en	""	""	""	http://homosaurus.org/terms/gayMovement||http://homosaurus.org/terms/tradeUnions	""	""	2015-11-27	2015-11-27	""	""
http://homosaurus.org/terms/gay-straightAlliances	gay-straightAlliances	gay-straight alliances@en	""	""	alliances to make schools, sports clubs, etc. safe and welcoming to all people regardless of sexual orientation or gender identity@en	http://homosaurus.org/terms/socialProcesses	""	http://homosaurus.org/terms/allies||http://homosaurus.org/terms/LGBTIMovement	2015-11-27	2015-11-27	""	""
http://homosaurus.org/terms/gaydar	gaydar	gaydar@en	""	""	intuitive ability of a person to  assess others' sexual orientations as gay, bisexual, or straight@en	""	""	http://homosaurus.org/terms/sexualOrientation	2015-11-27	2015-11-27	""	""
http://homosaurus.org/terms/gender	gender	gender@en	""	""	""	""	http://homosaurus.org/terms/assignedGender||http://homosaurus.org/terms/thirdGender	http://homosaurus.org/terms/androgyny||http://homosaurus.org/terms/eunuchs||http://homosaurus.org/terms/femininity||http://homosaurus.org/terms/genderBending||http://homosaurus.org/terms/genderDiversity||http://homosaurus.org/terms/genderIdentity||http://homosaurus.org/terms/genderism||http://homosaurus.org/terms/genderRelations||http://homosaurus.org/terms/intersex||http://homosaurus.org/terms/masculinity||http://homosaurus.org/terms/passing||http://homosaurus.org/terms/transgenderism	2015-11-27	2015-11-27	""	""
http://homosaurus.org/terms/genderBending	genderBending	gender bending@en	""	""	"refers to a person who actively transgresses, or ""bends,"" expected gender roles@en"	""	""	http://homosaurus.org/terms/androgyny||http://homosaurus.org/terms/gender||http://homosaurus.org/terms/genderMinorities||http://homosaurus.org/terms/genderRole	2015-11-27	2015-11-27	""	""
http://homosaurus.org/terms/genderDiversity	genderDiversity	gender diversity@en	""	pangender@en||gender non-conformity@en||gender variance@en||genderqueerness@en	behaviour or gender expression that does not conform to dominant gender norms of male and female@en	http://homosaurus.org/terms/diversity	http://homosaurus.org/terms/crossdressing	http://homosaurus.org/terms/femininity||http://homosaurus.org/terms/gender||http://homosaurus.org/terms/genderIdentity||http://homosaurus.org/terms/genderMinorities||http://homosaurus.org/terms/genderRole||http://homosaurus.org/terms/masculinity||http://homosaurus.org/terms/transgenderism	2015-11-27	2015-11-27	""	""
http://homosaurus.org/terms/genderDysphoria	genderDysphoria	gender dysphoria@en	""	gender identity disorders@en||GID@en	a marked incongruence between one’s experienced/expressed gender and assigned gender@en	http://homosaurus.org/terms/genderIdentity	""	http://homosaurus.org/terms/pubertyBlockers||http://homosaurus.org/terms/transsexualism	2015-11-27	2015-11-27	""	""
http://homosaurus.org/terms/genderFluid	genderFluid	gender fluid@en	""	""	a gender identity best described as a dynamic mix of boy and girl@en	http://homosaurus.org/terms/genderIdentity	""	""	2015-11-27	2015-11-27	""	""
http://homosaurus.org/terms/genderIdentity	genderIdentity	gender identity@en	""	genderqueer identity@en||gender-variant identity@en	""	http://homosaurus.org/terms/identity	http://homosaurus.org/terms/genderDysphoria||http://homosaurus.org/terms/genderFluid||http://homosaurus.org/terms/transgenderIdentity	http://homosaurus.org/terms/androgyny||http://homosaurus.org/terms/femininity||http://homosaurus.org/terms/gender||http://homosaurus.org/terms/genderDiversity||http://homosaurus.org/terms/genderMinorities||http://homosaurus.org/terms/genderRole||http://homosaurus.org/terms/masculinity||http://homosaurus.org/terms/sexualIdentity||http://homosaurus.org/terms/transgenderism||http://homosaurus.org/terms/transitioning	2015-11-27	2015-11-27	""	""
http://homosaurus.org/terms/genderMinorities	genderMinorities	gender minorities@en	""	genderqueer orientation@en||genderqueer people@en||gender minority people@en||gender variant people@en	""	""	http://homosaurus.org/terms/bigenderPeople||http://homosaurus.org/terms/crossdressers||http://homosaurus.org/terms/dragKings||http://homosaurus.org/terms/dragQueens||http://homosaurus.org/terms/hijras||http://homosaurus.org/terms/katoeys||http://homosaurus.org/terms/mahu||http://homosaurus.org/terms/sistergirls||http://homosaurus.org/terms/transsexualPeople||http://homosaurus.org/terms/trigenderPeople||http://homosaurus.org/terms/two-spiritPeople||http://homosaurus.org/terms/waria	http://homosaurus.org/terms/genderBending||http://homosaurus.org/terms/genderDiversity||http://homosaurus.org/terms/genderIdentity||http://homosaurus.org/terms/genderRole||http://homosaurus.org/terms/sexualMinorities||http://homosaurus.org/terms/thirdGender	2015-11-27	2015-11-27	""	""
http://homosaurus.org/terms/genderRealignmentSurgery	genderRealignmentSurgery	gender realignment surgery@en	""	gender reassignment surgery@en||sex reassignment surgery@en	""	http://homosaurus.org/terms/surgery	http://homosaurus.org/terms/neovagina	http://homosaurus.org/terms/transitioning||http://homosaurus.org/terms/transsexualism	2015-11-27	2015-11-27	""	""
http://homosaurus.org/terms/genderRelations	genderRelations	gender relations@en	""	""	""	http://homosaurus.org/terms/socialProcesses	http://homosaurus.org/terms/lesbian-gayRelations	http://homosaurus.org/terms/gender||http://homosaurus.org/terms/genderSegregationInLabour||http://homosaurus.org/terms/lesbianSeparatism	2015-11-27	2015-11-27	""	""
http://homosaurus.org/terms/genderRole	genderRole	gender role@en	""	""	""	http://homosaurus.org/terms/roleBehaviour	http://homosaurus.org/terms/machismo||http://homosaurus.org/terms/marianismo	http://homosaurus.org/terms/androgyny||http://homosaurus.org/terms/femininity||http://homosaurus.org/terms/genderBending||http://homosaurus.org/terms/genderDiversity||http://homosaurus.org/terms/genderIdentity||http://homosaurus.org/terms/genderMinorities||http://homosaurus.org/terms/genderSwapping||http://homosaurus.org/terms/masculinity||http://homosaurus.org/terms/sissies||http://homosaurus.org/terms/tomboys	2015-11-27	2015-11-27	""	""
http://homosaurus.org/terms/genderSegregationInLabour	genderSegregationInLabour	gender segregation in labour@en	""	division of labour by gender@en||male occupations@en||female occupations@en||sexual division of labour@en	""	""	""	http://homosaurus.org/terms/genderRelations||http://homosaurus.org/terms/householdWork||http://homosaurus.org/terms/menInTraditionallyFemale-dominatedOccupations||http://homosaurus.org/terms/womenInTraditionallyMale-dominatedOccupations	2015-11-27	2015-11-27	""	""
http://homosaurus.org/terms/genderStudies	genderStudies	gender studies@en	""	""	""	http://homosaurus.org/terms/academicDisciplines	http://homosaurus.org/terms/bisexualStudies||http://homosaurus.org/terms/gayStudies||http://homosaurus.org/terms/lesbianStudies||http://homosaurus.org/terms/mensStudies||http://homosaurus.org/terms/transgenderStudies||http://homosaurus.org/terms/womensStudies	http://homosaurus.org/terms/queerTheory	2015-11-27	2015-11-27	""	""
http://homosaurus.org/terms/genderSwapping	genderSwapping	gender swapping@en	""	gender roleplay@en	used in relation to roleplaying@en	http://homosaurus.org/terms/roleplay	""	http://homosaurus.org/terms/genderRole	2015-11-27	2015-11-27	""	""
http://homosaurus.org/terms/genderism	genderism	genderism@en	""	gender discrimination@en	""	http://homosaurus.org/terms/discrimination	""	http://homosaurus.org/terms/gender||http://homosaurus.org/terms/sexism	2015-11-27	2015-11-27	""	""
http://homosaurus.org/terms/genes	genes	genes@en	""	""	""	http://homosaurus.org/terms/physicalCharacteristics	""	http://homosaurus.org/terms/chromosomes||http://homosaurus.org/terms/genetics||http://homosaurus.org/terms/heredity	2015-11-27	2015-11-27	""	""
http://homosaurus.org/terms/geneticEngineering	geneticEngineering	genetic engineering@en	""	""	""	http://homosaurus.org/terms/biotechnology	""	""	2015-11-27	2015-11-27	""	""
http://homosaurus.org/terms/genetics	genetics	genetics@en	""	""	the science of genes, heredity, and  variation in living organisms; a discipline of biology@en	http://homosaurus.org/terms/biology	""	http://homosaurus.org/terms/biologicalEvolution||http://homosaurus.org/terms/etiology||http://homosaurus.org/terms/genes||http://homosaurus.org/terms/heredity	2015-11-27	2015-11-27	""	""
http://homosaurus.org/terms/genitalUlcers	genitalUlcers	genital ulcers@en	""	""	""	http://homosaurus.org/terms/STDs	""	http://homosaurus.org/terms/genitals||http://homosaurus.org/terms/genitalWarts||http://homosaurus.org/terms/herpes||http://homosaurus.org/terms/syphilis	2015-11-27	2015-11-27	""	""
http://homosaurus.org/terms/genitalWarts	genitalWarts	genital warts@en	""	condylomata acuminata@en	""	http://homosaurus.org/terms/STDs	""	http://homosaurus.org/terms/genitals||http://homosaurus.org/terms/genitalUlcers||http://homosaurus.org/terms/humanPapillomaVirus	2015-11-27	2015-11-27	""	""
http://homosaurus.org/terms/genitals	genitals	genitals@en	""	genitalia @en	""	http://homosaurus.org/terms/bodyParts	http://homosaurus.org/terms/clitoris||http://homosaurus.org/terms/penises||http://homosaurus.org/terms/testes||http://homosaurus.org/terms/uteri||http://homosaurus.org/terms/vaginas||http://homosaurus.org/terms/vulva	http://homosaurus.org/terms/genitalUlcers||http://homosaurus.org/terms/genitalWarts	2015-11-27	2015-11-27	""	""
http://homosaurus.org/terms/gerontology	gerontology	gerontology@en	""	""	""	http://homosaurus.org/terms/academicDisciplines	""	http://homosaurus.org/terms/olderPeople	2015-11-27	2015-11-27	""	""
http://homosaurus.org/terms/gerontophilia	gerontophilia	gerontophilia@en	""	""	""	http://homosaurus.org/terms/sexualOrientation	""	http://homosaurus.org/terms/intergenerationalRelationships||http://homosaurus.org/terms/olderPeople	2015-11-27	2015-11-27	""	""
http://homosaurus.org/terms/ghettos	ghettos	ghettos@en	""	""	""	http://homosaurus.org/terms/cities	""	""	2015-11-27	2015-11-27	""	""
http://homosaurus.org/terms/girls	girls	girls@en	""	""	""	""	http://homosaurus.org/terms/bisexualGirls||http://homosaurus.org/terms/heterosexualGirls||http://homosaurus.org/terms/lesbianGirls||http://homosaurus.org/terms/tomboys	http://homosaurus.org/terms/girlsFriendships||http://homosaurus.org/terms/girlsStudies||http://homosaurus.org/terms/women	2015-11-27	2015-11-27	""	""
http://homosaurus.org/terms/girlsFriendships	girlsFriendships	girls' friendships@en	""	""	""	http://homosaurus.org/terms/friendships||http://homosaurus.org/terms/homosociality	""	http://homosaurus.org/terms/girls	2015-11-27	2015-11-27	""	""
http://homosaurus.org/terms/girlsStudies	girlsStudies	girls' studies@en	""	""	""	http://homosaurus.org/terms/womensStudies	""	http://homosaurus.org/terms/girls	2015-11-27	2015-11-27	""	""
http://homosaurus.org/terms/globalisation	globalisation	globalisation@en	""	globalization@en	""	""	""	http://homosaurus.org/terms/internationalRelations	2015-11-27	2015-11-27	""	""
http://homosaurus.org/terms/goddessMovement	goddessMovement	goddess movement@en	""	goddess religion@en	movement of (groups of) women who worship the Goddess@en	http://homosaurus.org/terms/philosophiesOfLife	""	http://homosaurus.org/terms/witches	2015-11-27	2015-11-27	""	""
http://homosaurus.org/terms/golf	golf	golf@en	""	""	""	http://homosaurus.org/terms/ballGames	""	""	2015-11-27	2015-11-27	""	""
http://homosaurus.org/terms/gonorrhea	gonorrhea	gonorrhea@en	""	""	""	http://homosaurus.org/terms/STDs	""	""	2015-11-27	2015-11-27	""	""
http://homosaurus.org/terms/gothicNovels	gothicNovels	gothic novels@en	""	""	English novels and stories, written mainly in the late 18th and early 19th centuries, with sinister and mysterious plots@en	http://homosaurus.org/terms/fiction	""	""	2015-11-27	2015-11-27	""	""
http://homosaurus.org/terms/government	government	government@en	""	""	""	""	http://homosaurus.org/terms/councilOfState||http://homosaurus.org/terms/localGovernment||http://homosaurus.org/terms/nationalGovernment||http://homosaurus.org/terms/parliaments||http://homosaurus.org/terms/regionalGovernment	http://homosaurus.org/terms/civilServants||http://homosaurus.org/terms/coerciveMeasures||http://homosaurus.org/terms/europeanUnion||http://homosaurus.org/terms/LGBTIRightsPolicy||http://homosaurus.org/terms/NGOs||http://homosaurus.org/terms/politicalSystems||http://homosaurus.org/terms/politics||http://homosaurus.org/terms/publicServices||http://homosaurus.org/terms/recording||http://homosaurus.org/terms/taxation||http://homosaurus.org/terms/zoningPlans	2015-11-27	2015-11-27	""	""
http://homosaurus.org/terms/graffiti	graffiti	graffiti@en	""	""	""	http://homosaurus.org/terms/visualArts	""	http://homosaurus.org/terms/vandalism	2015-11-27	2015-11-27	""	""
http://homosaurus.org/terms/grandchildren	grandchildren	grandchildren@en	""	""	""	http://homosaurus.org/terms/children	""	""	2015-11-27	2015-11-27	""	""
http://homosaurus.org/terms/grandparents	grandparents	grandparents@en	""	""	""	http://homosaurus.org/terms/parents	""	""	2015-11-27	2015-11-27	""	""
http://homosaurus.org/terms/grants	grants	grants@en	""	subsidies@en	""	""	http://homosaurus.org/terms/donations	http://homosaurus.org/terms/benevolentSocieties||http://homosaurus.org/terms/fundraising||http://homosaurus.org/terms/money||http://homosaurus.org/terms/sponsorship	2015-11-27	2015-11-27	""	""
http://homosaurus.org/terms/graphicArt	graphicArt	graphic art@en	""	""	""	http://homosaurus.org/terms/visualArts	""	""	2015-11-27	2015-11-27	""	""
http://homosaurus.org/terms/graphicNovels	graphicNovels	graphic novels@en	""	""	""	http://homosaurus.org/terms/fiction	""	""	2015-11-27	2015-11-27	""	""
http://homosaurus.org/terms/groupHomes	groupHomes	group homes@en	""	community-based residences@en	private residence designed to serve children or adults with chronic disabilities @en	http://homosaurus.org/terms/institutionalCareFacilities	""	""	2015-11-27	2015-11-27	""	""
http://homosaurus.org/terms/groupLeaders	groupLeaders	group leaders@en	""	""	""	http://homosaurus.org/terms/educationalOccupations	""	""	2015-11-27	2015-11-27	""	""
http://homosaurus.org/terms/groupSex	groupSex	group sex@en	""	orgies@en	""	""	""	http://homosaurus.org/terms/sexParties||http://homosaurus.org/terms/sexuality	2015-11-27	2015-11-27	""	""
http://homosaurus.org/terms/groupTherapy	groupTherapy	group therapy@en	""	""	""	http://homosaurus.org/terms/psychotherapy	""	""	2015-11-27	2015-11-27	""	""
http://homosaurus.org/terms/guestHouses	guestHouses	guest houses@en	""	""	""	http://homosaurus.org/terms/hospitalityIndustry	""	""	2015-11-27	2015-11-27	""	""
http://homosaurus.org/terms/gynaecologicDisorders	gynaecologicDisorders	gynaecologic disorders@en	""	gynecologic disorders@en	""	http://homosaurus.org/terms/physicalDisorders	""	http://homosaurus.org/terms/uteri	2015-11-27	2015-11-27	""	""
http://homosaurus.org/terms/gynaecologists	gynaecologists	gynaecologists@en	""	gynecologists@en	""	http://homosaurus.org/terms/physicians	""	""	2015-11-27	2015-11-27	""	""
http://homosaurus.org/terms/gynaecology	gynaecology	gynaecology@en	""	gynecology@en	""	http://homosaurus.org/terms/medicine	""	""	2015-11-27	2015-11-27	""	""
http://homosaurus.org/terms/haemophilia	haemophilia	haemophilia@en	""	hemophilia@en	""	http://homosaurus.org/terms/physicalDisorders	""	""	2015-11-27	2015-11-27	""	""
http://homosaurus.org/terms/hairdressers	hairdressers	hairdressers@en	""	""	""	http://homosaurus.org/terms/serviceOccupations	""	""	2015-11-27	2015-11-27	""	""
http://homosaurus.org/terms/halloween	halloween	halloween@en	""	""	""	http://homosaurus.org/terms/events	""	""	2015-11-27	2015-11-27	""	""
http://homosaurus.org/terms/handball	handball	handball@en	""	""	""	http://homosaurus.org/terms/ballGames	""	""	2015-11-27	2015-11-27	""	""
http://homosaurus.org/terms/handbooks	handbooks	handbooks@en	""	""	""	http://homosaurus.org/terms/books||http://homosaurus.org/terms/referenceSources	""	http://homosaurus.org/terms/teachingMaterials	2015-11-27	2015-11-27	""	""
http://homosaurus.org/terms/handkerchiefCodes	handkerchiefCodes	handkerchief codes@en	""	""	a color-coded system to indicate preferred sexual fetishes and whether persons are a top/dominant or bottom/submissive@en	http://homosaurus.org/terms/symbols	""	http://homosaurus.org/terms/sexualPractices||http://homosaurus.org/terms/sexualRoles	2015-11-27	2015-11-27	""	""
http://homosaurus.org/terms/happiness	happiness	happiness@en	""	""	""	http://homosaurus.org/terms/emotions	""	""	2015-11-27	2015-11-27	""	""
http://homosaurus.org/terms/harassment	harassment	harassment@en	""	""	covers a wide range of behaviours of an offensive nature; it is commonly understood as behaviour intended to      disturb or upset, and it is      characteristically repetitive; in the legal sense, it is intentional behaviour which is found threatening or disturbing@en	http://homosaurus.org/terms/psychologicalViolence	http://homosaurus.org/terms/sexualHarassment	http://homosaurus.org/terms/bullying||http://homosaurus.org/terms/discrimination||http://homosaurus.org/terms/stalking	2015-11-27	2015-11-27	""	""
http://homosaurus.org/terms/hardDrugs	hardDrugs	hard drugs@en	""	""	""	http://homosaurus.org/terms/drugs	http://homosaurus.org/terms/cocaine||http://homosaurus.org/terms/ecstasy||http://homosaurus.org/terms/heroin||http://homosaurus.org/terms/methamphetamines	""	2015-11-27	2015-11-27	""	""
http://homosaurus.org/terms/harems	harems	harems@en	""	""	""	""	""	http://homosaurus.org/terms/polygamy	2015-11-27	2015-11-27	""	""
http://homosaurus.org/terms/hate	hate	hate@en	""	hatred@en	""	http://homosaurus.org/terms/attitudes||http://homosaurus.org/terms/emotions	http://homosaurus.org/terms/misandry||http://homosaurus.org/terms/misogyny	http://homosaurus.org/terms/hateCrimes||http://homosaurus.org/terms/hateGroups||http://homosaurus.org/terms/hateSpeech||http://homosaurus.org/terms/phobias||http://homosaurus.org/terms/victimsOfHateCrimes||http://homosaurus.org/terms/violence	2015-11-27	2015-11-27	""	""
http://homosaurus.org/terms/hateCrimes	hateCrimes	hate crimes@en	""	bias-related crimes@en	""	http://homosaurus.org/terms/crimes	""	http://homosaurus.org/terms/anti-gayViolence||http://homosaurus.org/terms/anti-lesbianViolence||http://homosaurus.org/terms/anti-transgenderViolence||http://homosaurus.org/terms/hate||http://homosaurus.org/terms/hateGroups||http://homosaurus.org/terms/hateSpeech||http://homosaurus.org/terms/victimsOfHateCrimes	2015-11-27	2015-11-27	""	""
http://homosaurus.org/terms/hateGroups	hateGroups	hate groups@en	""	""	""	""	""	http://homosaurus.org/terms/hate||http://homosaurus.org/terms/hateCrimes||http://homosaurus.org/terms/hateSpeech	2015-11-27	2015-11-27	""	""
http://homosaurus.org/terms/hateSpeech	hateSpeech	hate speech@en	""	group libel@en||group defamation@en||defamation against groups@en	""	http://homosaurus.org/terms/psychologicalViolence	""	http://homosaurus.org/terms/defamationCampaigns||http://homosaurus.org/terms/hate||http://homosaurus.org/terms/hateCrimes||http://homosaurus.org/terms/hateGroups||http://homosaurus.org/terms/verbalAbuse	2015-11-27	2015-11-27	""	""
http://homosaurus.org/terms/headsOfState	headsOfState	heads of state@en	""	""	""	http://homosaurus.org/terms/politicalOccupations	""	http://homosaurus.org/terms/nationalGovernment	2015-11-27	2015-11-27	""	""
http://homosaurus.org/terms/healing	healing	healing@en	""	""	""	http://homosaurus.org/terms/alternativeMedicine	""	""	2015-11-27	2015-11-27	""	""
http://homosaurus.org/terms/health	health	health@en	""	""	""	""	http://homosaurus.org/terms/diet||http://homosaurus.org/terms/mentalHealth||http://homosaurus.org/terms/physicalHealth||http://homosaurus.org/terms/sexualHealth	http://homosaurus.org/terms/healthCare||http://homosaurus.org/terms/healthEducation||http://homosaurus.org/terms/hygiene||http://homosaurus.org/terms/medicalDisorders||http://homosaurus.org/terms/nutrition||http://homosaurus.org/terms/qualityOfLife	2015-11-27	2015-11-27	""	""
http://homosaurus.org/terms/healthAdviceCentres	healthAdviceCentres	health advice centres@en	""	health counseling centres@en	""	http://homosaurus.org/terms/healthCareCentres	""	""	2015-11-27	2015-11-27	""	""
http://homosaurus.org/terms/healthCare	healthCare	health care@en	""	medical care@en	""	http://homosaurus.org/terms/care	http://homosaurus.org/terms/homeCare||http://homosaurus.org/terms/medicine||http://homosaurus.org/terms/mentalHealthCare||http://homosaurus.org/terms/nursing||http://homosaurus.org/terms/physicalHealthCare||http://homosaurus.org/terms/terminalCare	http://homosaurus.org/terms/health||http://homosaurus.org/terms/healthCareCentres||http://homosaurus.org/terms/occupationsInHealthCareAndSocialCare||http://homosaurus.org/terms/patients||http://homosaurus.org/terms/prevention||http://homosaurus.org/terms/socialServiceOrganisations	2015-11-27	2015-11-27	""	""
http://homosaurus.org/terms/healthCareCentres	healthCareCentres	health care centres@en	""	""	""	http://homosaurus.org/terms/centres	http://homosaurus.org/terms/healthAdviceCentres	http://homosaurus.org/terms/healthCare	2015-11-27	2015-11-27	""	""
http://homosaurus.org/terms/healthEducation	healthEducation	health education@en	""	""	""	http://homosaurus.org/terms/provisionOfInformation	""	http://homosaurus.org/terms/health	2015-11-27	2015-11-27	""	""
http://homosaurus.org/terms/healthInsurance	healthInsurance	health insurance@en	""	national health services@en||medical insurance@en	""	http://homosaurus.org/terms/insurance	""	http://homosaurus.org/terms/socialLaw	2015-11-27	2015-11-27	""	""
http://homosaurus.org/terms/healthSciences	healthSciences	health sciences@en	""	""	""	http://homosaurus.org/terms/academicDisciplines	http://homosaurus.org/terms/biotechnology||http://homosaurus.org/terms/epidemiology||http://homosaurus.org/terms/medicine	""	2015-11-27	2015-11-27	""	""
http://homosaurus.org/terms/hearingImpairments	hearingImpairments	hearing impairments@en	""	hearing disorders@en	""	http://homosaurus.org/terms/physicalDisabilities	http://homosaurus.org/terms/deafness	http://homosaurus.org/terms/peopleWithHearingImpairments	2015-11-27	2015-11-27	""	""
http://homosaurus.org/terms/hebephilia	hebephilia	hebephilia@en	""	""	refers to a primary or exclusive sexual interest in individuals in the early years of puberty (generally ages 11-14, though onset of puberty may vary)@en	http://homosaurus.org/terms/sexualOrientation	""	http://homosaurus.org/terms/ephebophilia||http://homosaurus.org/terms/intergenerationalRelationships	2015-11-27	2015-11-27	""	""
http://homosaurus.org/terms/helpLines	helpLines	help lines@en	""	hotlines@en||switchboards@en	""	http://homosaurus.org/terms/counseling	http://homosaurus.org/terms/childrensHelpLines	http://homosaurus.org/terms/socialCare||http://homosaurus.org/terms/telecommunication	2015-11-27	2015-11-27	""	""
http://homosaurus.org/terms/hepatitis	hepatitis	hepatitis@en	""	""	""	http://homosaurus.org/terms/STDs	""	""	2015-11-27	2015-11-27	""	""
http://homosaurus.org/terms/heredity	heredity	heredity@en	""	ancestry@en	""	http://homosaurus.org/terms/personalCharacteristics	""	http://homosaurus.org/terms/etiology||http://homosaurus.org/terms/genes||http://homosaurus.org/terms/genetics	2015-11-27	2015-11-27	""	""
http://homosaurus.org/terms/heresy	heresy	heresy@en	""	""	""	http://homosaurus.org/terms/theology	""	""	2015-11-27	2015-11-27	""	""
http://homosaurus.org/terms/heroin	heroin	heroin@en	""	""	""	http://homosaurus.org/terms/hardDrugs	""	""	2015-11-27	2015-11-27	""	""
http://homosaurus.org/terms/herpes	herpes	herpes@en	""	""	""	http://homosaurus.org/terms/STDs	""	http://homosaurus.org/terms/genitalUlcers	2015-11-27	2015-11-27	""	""
http://homosaurus.org/terms/herstory	herstory	herstory@en	""	""	women's history (recapturing what has been omitted from mainstream historical treatments)@en	http://homosaurus.org/terms/humanities	""	http://homosaurus.org/terms/history||http://homosaurus.org/terms/womensStudies	2015-11-27	2015-11-27	""	""
http://homosaurus.org/terms/heteronormativity	heteronormativity	heteronormativity@en	""	heterosexual norms@en	""	http://homosaurus.org/terms/socialNorms	""	http://homosaurus.org/terms/heterosexism||http://homosaurus.org/terms/homonormativity||http://homosaurus.org/terms/normalisation	2015-11-27	2015-11-27	""	""
http://homosaurus.org/terms/heterosexism	heterosexism	heterosexism@en	""	heterocentrism@en	""	http://homosaurus.org/terms/attitudes	""	http://homosaurus.org/terms/biphobia||http://homosaurus.org/terms/heteronormativity||http://homosaurus.org/terms/heterosexuality||http://homosaurus.org/terms/homophobia||http://homosaurus.org/terms/lesbophobia||http://homosaurus.org/terms/sexism||http://homosaurus.org/terms/transphobia	2015-11-27	2015-11-27	""	""
http://homosaurus.org/terms/heterosexualBoys	heterosexualBoys	heterosexual boys@en	""	straight boys@en	""	http://homosaurus.org/terms/boys||http://homosaurus.org/terms/heterosexualYouth	""	""	2015-11-27	2015-11-27	""	""
http://homosaurus.org/terms/heterosexualFeminism	heterosexualFeminism	heterosexual feminism@en	""	""	""	http://homosaurus.org/terms/feminism	""	http://homosaurus.org/terms/lesbianFeminism	2015-11-27	2015-11-27	""	""
http://homosaurus.org/terms/heterosexualGirls	heterosexualGirls	heterosexual girls@en	""	straight girls@en	""	http://homosaurus.org/terms/girls||http://homosaurus.org/terms/heterosexualYouth	""	""	2015-11-27	2015-11-27	""	""
http://homosaurus.org/terms/heterosexualIdentity	heterosexualIdentity	heterosexual identity@en	""	""	""	http://homosaurus.org/terms/sexualIdentity	""	http://homosaurus.org/terms/heterosexuals	2015-11-27	2015-11-27	""	""
http://homosaurus.org/terms/heterosexualMarriage	heterosexualMarriage	heterosexual marriage@en	""	""	""	http://homosaurus.org/terms/marriage	""	http://homosaurus.org/terms/arrangedMarriage	2015-11-27	2015-11-27	""	""
http://homosaurus.org/terms/heterosexualMen	heterosexualMen	heterosexual men@en	""	straight men@en	""	http://homosaurus.org/terms/heterosexuals||http://homosaurus.org/terms/men	""	""	2015-11-27	2015-11-27	""	""
http://homosaurus.org/terms/heterosexualWomen	heterosexualWomen	heterosexual women@en	""	straight women@en	""	http://homosaurus.org/terms/heterosexuals||http://homosaurus.org/terms/women	""	""	2015-11-27	2015-11-27	""	""
http://homosaurus.org/terms/heterosexualYouth	heterosexualYouth	heterosexual youth@en	""	straight youth@en	""	http://homosaurus.org/terms/heterosexuals||http://homosaurus.org/terms/youth	http://homosaurus.org/terms/heterosexualBoys||http://homosaurus.org/terms/heterosexualGirls	""	2015-11-27	2015-11-27	""	""
http://homosaurus.org/terms/heterosexuality	heterosexuality	heterosexuality@en	""	""	""	http://homosaurus.org/terms/sexualOrientation	""	http://homosaurus.org/terms/heterosexism||http://homosaurus.org/terms/heterosexuals||http://homosaurus.org/terms/homosexuality	2015-11-27	2015-11-27	""	""
http://homosaurus.org/terms/heterosexuals	heterosexuals	heterosexuals@en	""	heterosexual people@en||straight people@en	""	""	http://homosaurus.org/terms/heterosexualMen||http://homosaurus.org/terms/heterosexualWomen||http://homosaurus.org/terms/heterosexualYouth	http://homosaurus.org/terms/heterosexualIdentity||http://homosaurus.org/terms/heterosexuality	2015-11-27	2015-11-27	""	""
http://homosaurus.org/terms/heterosociality	heterosociality	heterosociality@en	""	heterosocial bonds@en||heterosexual social relationships@en	non-sexual relations with the opposite sex@en	http://homosaurus.org/terms/relationships	""	http://homosaurus.org/terms/homosociality	2015-11-27	2015-11-27	""	""
http://homosaurus.org/terms/higherEducation	higherEducation	higher education@en	""	""	""	http://homosaurus.org/terms/education	""	""	2015-11-27	2015-11-27	""	""
http://homosaurus.org/terms/hijras	hijras	hijras@en	""	khwaja saraa@en||khasuaa@en||kinnar@en	Indian and Pakistani gender variant people who adopt feminine gender identity, expression, and roles;       considered a third sex, they are perceived as neither male nor female;many are involved in sex work@en	http://homosaurus.org/terms/genderMinorities	""	http://homosaurus.org/terms/eunuchs	2015-11-27	2015-11-27	""	""
http://homosaurus.org/terms/hinduism	hinduism	hinduism@en	""	""	""	http://homosaurus.org/terms/asianReligions	""	""	2015-11-27	2015-11-27	""	""
http://homosaurus.org/terms/hipHopMusic	hipHopMusic	hip hop music@en	""	""	""	http://homosaurus.org/terms/popMusic	""	""	2015-11-27	2015-11-27	""	""
http://homosaurus.org/terms/historians	historians	historians@en	""	""	""	http://homosaurus.org/terms/academics	""	http://homosaurus.org/terms/history	2015-11-27	2015-11-27	""	""
http://homosaurus.org/terms/historicalLiterature	historicalLiterature	historical literature@en	""	""	""	http://homosaurus.org/terms/fiction	""	""	2015-11-27	2015-11-27	""	""
http://homosaurus.org/terms/historicalPeriods	historicalPeriods	historical periods@en	""	""	""	""	""	http://homosaurus.org/terms/future||http://homosaurus.org/terms/history	2015-11-27	2015-11-27	""	""
http://homosaurus.org/terms/history	history	history@en	""	historical studies@en	""	http://homosaurus.org/terms/humanities	http://homosaurus.org/terms/archeology||http://homosaurus.org/terms/oralHistory	http://homosaurus.org/terms/biographies||http://homosaurus.org/terms/herstory||http://homosaurus.org/terms/historians||http://homosaurus.org/terms/historicalPeriods	2015-11-27	2015-11-27	""	""
http://homosaurus.org/terms/HIVTests	HIVTests	HIV tests@en	""	""	""	http://homosaurus.org/terms/medicalExaminations	""	http://homosaurus.org/terms/HIVAIDS	2015-11-27	2015-11-27	""	""
http://homosaurus.org/terms/HIVAIDS	HIVAIDS	HIV/AIDS@en	""	gay-related immuno-deficiency@en||AIDS@en||acquired immune deficiency syndrome@en||GRIDS@en	""	http://homosaurus.org/terms/STDs	http://homosaurus.org/terms/ARC	http://homosaurus.org/terms/AIDSActivists||http://homosaurus.org/terms/AIDSEducation||http://homosaurus.org/terms/AIDSInformationCentres||http://homosaurus.org/terms/AIDSOrganisations||http://homosaurus.org/terms/AIDSPeriodicals||http://homosaurus.org/terms/AIDSPhobia||http://homosaurus.org/terms/buddyCare||http://homosaurus.org/terms/combinationTherapy||http://homosaurus.org/terms/HIV-negativePeople||http://homosaurus.org/terms/HIV-positivePeople||http://homosaurus.org/terms/HIVTests||http://homosaurus.org/terms/passiveImmuneTherapy||http://homosaurus.org/terms/redRibbons||http://homosaurus.org/terms/seroconversion||http://homosaurus.org/terms/serodiscordantCouples||http://homosaurus.org/terms/serostatus	2015-11-27	2015-11-27	""	""
http://homosaurus.org/terms/HIV-negativePeople	HIV-negativePeople	HIV-negative people@en	""	HIV-seronegative people@en	""	""	""	http://homosaurus.org/terms/HIV-positivePeople||http://homosaurus.org/terms/HIVAIDS||http://homosaurus.org/terms/serodiscordantCouples||http://homosaurus.org/terms/serostatus	2015-11-27	2015-11-27	""	""
http://homosaurus.org/terms/HIV-positivePeople	HIV-positivePeople	HIV-positive people@en	""	HIV-seropositive people@en	""	""	""	http://homosaurus.org/terms/HIV-negativePeople||http://homosaurus.org/terms/HIVAIDS||http://homosaurus.org/terms/serodiscordantCouples||http://homosaurus.org/terms/serostatus	2015-11-27	2015-11-27	""	""
http://homosaurus.org/terms/hobbies	hobbies	hobbies@en	""	avocations@en	""	http://homosaurus.org/terms/leisureActivities	""	""	2015-11-27	2015-11-27	""	""
http://homosaurus.org/terms/holism	holism	holism@en	""	""	""	http://homosaurus.org/terms/philosophiesOfLife	""	""	2015-11-27	2015-11-27	""	""
http://homosaurus.org/terms/homeCare	homeCare	home care@en	""	""	""	http://homosaurus.org/terms/healthCare	http://homosaurus.org/terms/buddyCare	""	2015-11-27	2015-11-27	""	""
http://homosaurus.org/terms/homelands	homelands	homelands@en	""	bantustans@en	""	""	""	http://homosaurus.org/terms/apartheid	2015-11-27	2015-11-27	""	""
http://homosaurus.org/terms/homelessPeople	homelessPeople	homeless people@en	""	tramps@en||homeless@en||bag ladies@en||street people@en	""	""	""	http://homosaurus.org/terms/homelessness	2015-11-27	2015-11-27	""	""
http://homosaurus.org/terms/homelessness	homelessness	homelessness@en	""	""	""	http://homosaurus.org/terms/housing	""	http://homosaurus.org/terms/homelessPeople	2015-11-27	2015-11-27	""	""
http://homosaurus.org/terms/homeopathy	homeopathy	homeopathy@en	""	""	""	http://homosaurus.org/terms/alternativeMedicine	""	""	2015-11-27	2015-11-27	""	""
http://homosaurus.org/terms/homomonuments	homomonuments	homomonuments@en	""	""	""	http://homosaurus.org/terms/symbols	""	http://homosaurus.org/terms/memorials	2015-11-27	2015-11-27	""	""
http://homosaurus.org/terms/homonormativity	homonormativity	homonormativity@en	""	homosexual norms@en	""	http://homosaurus.org/terms/socialNorms	""	http://homosaurus.org/terms/heteronormativity||http://homosaurus.org/terms/normalisation	2015-11-27	2015-11-27	""	""
http://homosaurus.org/terms/homophobia	homophobia	homophobia@en	""	""	fear, mistrust or hatred of gay men @en	http://homosaurus.org/terms/discrimination	http://homosaurus.org/terms/internalisedHomophobia	http://homosaurus.org/terms/biphobia||http://homosaurus.org/terms/bullying||http://homosaurus.org/terms/heterosexism||http://homosaurus.org/terms/lesbophobia||http://homosaurus.org/terms/phobias||http://homosaurus.org/terms/transphobia	2015-11-27	2015-11-27	""	""
http://homosaurus.org/terms/homosexuality	homosexuality	homosexuality@en	""	""	""	http://homosaurus.org/terms/sexualOrientation	http://homosaurus.org/terms/ritualHomosexuality	http://homosaurus.org/terms/bisexuality||http://homosaurus.org/terms/gayMen||http://homosaurus.org/terms/heterosexuality||http://homosaurus.org/terms/lesbianism	2015-11-27	2015-11-27	""	""
http://homosaurus.org/terms/homosociality	homosociality	homosociality@en	""	homosocial bonds@en	same-sex relationships that are not of a romantic or sexual nature, such as friendship, mentorship, or others@en	http://homosaurus.org/terms/relationships	http://homosaurus.org/terms/boysFriendships||http://homosaurus.org/terms/girlsFriendships||http://homosaurus.org/terms/mensFriendships||http://homosaurus.org/terms/womensFriendships	http://homosaurus.org/terms/heterosociality	2015-11-27	2015-11-27	""	""
http://homosaurus.org/terms/honourKillings	honourKillings	honour killings@en	""	honor killings@en	""	http://homosaurus.org/terms/murders	""	""	2015-11-27	2015-11-27	""	""
http://homosaurus.org/terms/hormoneTherapy	hormoneTherapy	hormone therapy@en	""	cross-gender hormone therapy@en||hormone reassignment therapy@en||hormone replacement therapy @en	""	http://homosaurus.org/terms/medication	""	http://homosaurus.org/terms/DES||http://homosaurus.org/terms/hormones	2015-11-27	2015-11-27	""	""
http://homosaurus.org/terms/hormones	hormones	hormones@en	""	""	as part of the body; for hormones as medication USE hormone therapy@en	http://homosaurus.org/terms/physicalCharacteristics	""	http://homosaurus.org/terms/hormoneTherapy||http://homosaurus.org/terms/pubertyBlockers	2015-11-27	2015-11-27	""	""
http://homosaurus.org/terms/hospitalityIndustry	hospitalityIndustry	hospitality industry@en	""	hotel and catering industry @en	""	http://homosaurus.org/terms/industries	http://homosaurus.org/terms/bars||http://homosaurus.org/terms/baths||http://homosaurus.org/terms/discos||http://homosaurus.org/terms/guestHouses||http://homosaurus.org/terms/hotels||http://homosaurus.org/terms/pubs||http://homosaurus.org/terms/resorts||http://homosaurus.org/terms/restaurants	http://homosaurus.org/terms/darkRooms	2015-11-27	2015-11-27	""	""
http://homosaurus.org/terms/hospitals	hospitals	hospitals@en	""	""	""	http://homosaurus.org/terms/institutionalCareFacilities	""	http://homosaurus.org/terms/nursing	2015-11-27	2015-11-27	""	""
http://homosaurus.org/terms/hosts	hosts	hosts@en	""	emcees@en	""	http://homosaurus.org/terms/artsAndEntertainmentOccupations	""	http://homosaurus.org/terms/radio||http://homosaurus.org/terms/television	2015-11-27	2015-11-27	""	""
http://homosaurus.org/terms/hotels	hotels	hotels@en	""	""	""	http://homosaurus.org/terms/hospitalityIndustry	""	http://homosaurus.org/terms/tourism	2015-11-27	2015-11-27	""	""
http://homosaurus.org/terms/houseMusic	houseMusic	house music@en	""	""	""	http://homosaurus.org/terms/popMusic	""	http://homosaurus.org/terms/discos	2015-11-27	2015-11-27	""	""
http://homosaurus.org/terms/householdWork	householdWork	household work@en	""	housekeeping@en||housework@en	""	http://homosaurus.org/terms/labour	""	http://homosaurus.org/terms/genderSegregationInLabour	2015-11-27	2015-11-27	""	""
http://homosaurus.org/terms/housing	housing	housing@en	""	residences@en	""	""	http://homosaurus.org/terms/homelessness||http://homosaurus.org/terms/housingForOlderPeople	http://homosaurus.org/terms/caravanDwellers||http://homosaurus.org/terms/housingAssociations||http://homosaurus.org/terms/institutionalCareFacilities||http://homosaurus.org/terms/livingArrangements||http://homosaurus.org/terms/squattersMovement	2015-11-27	2015-11-27	""	""
http://homosaurus.org/terms/housingAssociations	housingAssociations	housing associations@en	""	""	""	http://homosaurus.org/terms/organisations	""	http://homosaurus.org/terms/housing	2015-11-27	2015-11-27	""	""
http://homosaurus.org/terms/housingForOlderPeople	housingForOlderPeople	housing for older people@en	""	homes for the elderly@en||senior housing@en||elder housing@en	""	http://homosaurus.org/terms/housing	http://homosaurus.org/terms/retirementHomes	http://homosaurus.org/terms/nursingHomes||http://homosaurus.org/terms/olderPeople	2015-11-27	2015-11-27	""	""
http://homosaurus.org/terms/humanGeography	humanGeography	human geography@en	""	social geography@en	""	http://homosaurus.org/terms/socialAndBehaviouralSciences	""	""	2015-11-27	2015-11-27	""	""
http://homosaurus.org/terms/humanPapillomaVirus	humanPapillomaVirus	human papilloma virus@en	""	HPV@en||human papillomavirus@en	""	http://homosaurus.org/terms/STDs	""	http://homosaurus.org/terms/genitalWarts	2015-11-27	2015-11-27	""	""
http://homosaurus.org/terms/humanReproduction	humanReproduction	human reproduction@en	""	""	""	""	http://homosaurus.org/terms/pregnancy	http://homosaurus.org/terms/contraception||http://homosaurus.org/terms/insemination||http://homosaurus.org/terms/surrogateMothers	2015-11-27	2015-11-27	""	""
http://homosaurus.org/terms/humanRights	humanRights	human rights@en	""	""	""	""	http://homosaurus.org/terms/childrensRights||http://homosaurus.org/terms/civilRights||http://homosaurus.org/terms/constitutionalRights||http://homosaurus.org/terms/LGBTIRights	http://homosaurus.org/terms/europeanCommission||http://homosaurus.org/terms/europeanConventionOnHumanRights||http://homosaurus.org/terms/humanRightsOrganisations||http://homosaurus.org/terms/rightToDie||http://homosaurus.org/terms/universalDeclarationOfHumanRights	2015-11-27	2015-11-27	""	""
http://homosaurus.org/terms/humanRightsOrganisations	humanRightsOrganisations	human rights organisations@en	""	civil rights organizations@en||civil rights organisations@en||human rights organizations@en	""	http://homosaurus.org/terms/organisations	""	http://homosaurus.org/terms/humanRights	2015-11-27	2015-11-27	""	""
http://homosaurus.org/terms/humanism	humanism	humanism@en	""	""	""	http://homosaurus.org/terms/philosophiesOfLife	""	""	2015-11-27	2015-11-27	""	""
http://homosaurus.org/terms/humanities	humanities	humanities@en	""	""	""	http://homosaurus.org/terms/academicDisciplines	http://homosaurus.org/terms/artHistory||http://homosaurus.org/terms/culturalStudies||http://homosaurus.org/terms/filmStudies||http://homosaurus.org/terms/herstory||http://homosaurus.org/terms/history||http://homosaurus.org/terms/legalStudies||http://homosaurus.org/terms/linguistics||http://homosaurus.org/terms/literaryTheory||http://homosaurus.org/terms/musicology||http://homosaurus.org/terms/philosophy||http://homosaurus.org/terms/religiousStudies||http://homosaurus.org/terms/semiotics||http://homosaurus.org/terms/theatreStudies	""	2015-11-27	2015-11-27	""	""
http://homosaurus.org/terms/humour	humour	humour@en	""	""	""	http://homosaurus.org/terms/attitudes	""	http://homosaurus.org/terms/camp	2015-11-27	2015-11-27	""	""
http://homosaurus.org/terms/hygiene	hygiene	hygiene@en	""	""	""	""	http://homosaurus.org/terms/bodyCare	http://homosaurus.org/terms/health	2015-11-27	2015-11-27	""	""
http://homosaurus.org/terms/hypersexuality	hypersexuality	hypersexuality@en	""	nymphomania@en||satyriasis@en	""	http://homosaurus.org/terms/sexualAddiction	""	http://homosaurus.org/terms/sexuality	2015-11-27	2015-11-27	""	""
http://homosaurus.org/terms/hysteria	hysteria	hysteria@en	""	""	""	http://homosaurus.org/terms/neuroticDisorders	""	""	2015-11-27	2015-11-27	""	""
http://homosaurus.org/terms/identity	identity	identity@en	""	""	""	http://homosaurus.org/terms/psychologicalCharacteristics	http://homosaurus.org/terms/genderIdentity||http://homosaurus.org/terms/sexualIdentity	http://homosaurus.org/terms/butches||http://homosaurus.org/terms/femmes||http://homosaurus.org/terms/roleModels||http://homosaurus.org/terms/self-image	2015-11-27	2015-11-27	""	""
http://homosaurus.org/terms/ideologies	ideologies	ideologies@en	""	""	""	""	""	http://homosaurus.org/terms/philosophiesOfLife	2015-11-27	2015-11-27	""	""
http://homosaurus.org/terms/idols	idols	idols@en	""	""	persons regarded with blind admiration, adoration, or devotion@en	""	""	http://homosaurus.org/terms/celebrities||http://homosaurus.org/terms/popularCulture||http://homosaurus.org/terms/roleModels	2015-11-27	2015-11-27	""	""
http://homosaurus.org/terms/illegalResidents	illegalResidents	illegal residents@en	""	illegal immigrants@en||illegal aliens@en	""	""	""	http://homosaurus.org/terms/refugees||http://homosaurus.org/terms/residencePermits	2015-11-27	2015-11-27	""	""
http://homosaurus.org/terms/imageHostingWebsites	imageHostingWebsites	image hosting websites@en	""	""	""	http://homosaurus.org/terms/socialMedia||http://homosaurus.org/terms/websites	""	""	2015-11-27	2015-11-27	""	""
http://homosaurus.org/terms/imams	imams	imams@en	""	""	""	http://homosaurus.org/terms/clergy	""	http://homosaurus.org/terms/islam	2015-11-27	2015-11-27	""	""
http://homosaurus.org/terms/immigration	immigration	immigration@en	""	""	""	http://homosaurus.org/terms/migration	""	http://homosaurus.org/terms/emigration||http://homosaurus.org/terms/immigrationPolicy||http://homosaurus.org/terms/naturalisation	2015-11-27	2015-11-27	""	""
http://homosaurus.org/terms/immigrationDetentionCentres	immigrationDetentionCentres	immigration detention centres@en	""	""	""	http://homosaurus.org/terms/detention	""	http://homosaurus.org/terms/emigration||http://homosaurus.org/terms/immigrationPolicy||http://homosaurus.org/terms/refugeeCentres||http://homosaurus.org/terms/refugees	2015-11-27	2015-11-27	""	""
http://homosaurus.org/terms/immigrationLaw	immigrationLaw	immigration law@en	""	""	""	http://homosaurus.org/terms/law	""	http://homosaurus.org/terms/immigrationPolicy	2015-11-27	2015-11-27	""	""
http://homosaurus.org/terms/immigrationPolicy	immigrationPolicy	immigration policy@en	""	asylum policy@en	""	http://homosaurus.org/terms/policies	""	http://homosaurus.org/terms/asylumMigration||http://homosaurus.org/terms/immigration||http://homosaurus.org/terms/immigrationDetentionCentres||http://homosaurus.org/terms/immigrationLaw||http://homosaurus.org/terms/refugeeCentres||http://homosaurus.org/terms/refugees||http://homosaurus.org/terms/residencePermits	2015-11-27	2015-11-27	""	""
http://homosaurus.org/terms/imperialism	imperialism	imperialism@en	""	""	""	http://homosaurus.org/terms/politicalMovements	""	http://homosaurus.org/terms/colonialism	2015-11-27	2015-11-27	""	""
http://homosaurus.org/terms/impresarios	impresarios	impresarios@en	""	""	""	http://homosaurus.org/terms/artsAndEntertainmentOccupations	""	""	2015-11-27	2015-11-27	""	""
http://homosaurus.org/terms/imprisonment	imprisonment	imprisonment@en	""	incarceration@en	""	http://homosaurus.org/terms/detention	""	http://homosaurus.org/terms/alternativePunishments	2015-11-27	2015-11-27	""	""
http://homosaurus.org/terms/inVitroFertilisation	inVitroFertilisation	in vitro fertilisation@en	""	IVF@en||test tube fertilization@en||in vitro fertilization@en||test tube fertilisation@en	""	http://homosaurus.org/terms/insemination	""	http://homosaurus.org/terms/biotechnology	2015-11-27	2015-11-27	""	""
http://homosaurus.org/terms/incest	incest	incest@en	""	""	sexual activities between family members and close relatives @en	http://homosaurus.org/terms/sexualAbuse||http://homosaurus.org/terms/sexualRelationships	""	http://homosaurus.org/terms/familyMembers||http://homosaurus.org/terms/incestVictims	2015-11-27	2015-11-27	""	""
http://homosaurus.org/terms/incestVictims	incestVictims	incest victims@en	""	victims of incest@en	""	http://homosaurus.org/terms/victimsOfSexualAbuse	""	http://homosaurus.org/terms/incest	2015-11-27	2015-11-27	""	""
http://homosaurus.org/terms/incidence	incidence	incidence@en	""	dispersion@en	frequency figures@en	""	""	http://homosaurus.org/terms/statistics	2015-11-27	2015-11-27	""	""
http://homosaurus.org/terms/indigenousPeoples	indigenousPeoples	indigenous peoples@en	""	native peoples@en	""	""	http://homosaurus.org/terms/aboriginals||http://homosaurus.org/terms/maoris||http://homosaurus.org/terms/nativeAmericans||http://homosaurus.org/terms/papuans	http://homosaurus.org/terms/cultures||http://homosaurus.org/terms/ethnicGroups||http://homosaurus.org/terms/ritualHomosexuality	2015-11-27	2015-11-27	""	""
http://homosaurus.org/terms/individualisation	individualisation	individualisation@en	""	individualization@en	process towards individualism ; consequence of social changes in late modernity, in which individuals are increasingly required to construct their own lives@en	http://homosaurus.org/terms/socialProcesses	""	http://homosaurus.org/terms/economicSelf-reliance	2015-11-27	2015-11-27	""	""
http://homosaurus.org/terms/industries	industries	industries@en	""	industry@en	""	""	http://homosaurus.org/terms/computerIndustry||http://homosaurus.org/terms/filmIndustry||http://homosaurus.org/terms/foodIndustry||http://homosaurus.org/terms/hospitalityIndustry||http://homosaurus.org/terms/musicIndustry||http://homosaurus.org/terms/pharmaceuticalIndustry||http://homosaurus.org/terms/sexIndustry||http://homosaurus.org/terms/tobaccoIndustry	http://homosaurus.org/terms/businesses||http://homosaurus.org/terms/tradesAndIndustrialOccupations	2015-11-27	2015-11-27	""	""
http://homosaurus.org/terms/infection	infection	infection@en	""	""	""	""	""	http://homosaurus.org/terms/physicalDisorders||http://homosaurus.org/terms/riskBehaviours	2015-11-27	2015-11-27	""	""
http://homosaurus.org/terms/informationCentres	informationCentres	information centres@en	""	documentation centres@en	a place or institution which pulls together information and documentation into a central database which can be accessed by the public@en	http://homosaurus.org/terms/centres||http://homosaurus.org/terms/informationServices	http://homosaurus.org/terms/AIDSInformationCentres||http://homosaurus.org/terms/bisexualInformationCentres||http://homosaurus.org/terms/gayInformationCentres||http://homosaurus.org/terms/lesbianInformationCentres||http://homosaurus.org/terms/mensInformationCentres||http://homosaurus.org/terms/transgenderInformationCentres||http://homosaurus.org/terms/womensInformationCentres	http://homosaurus.org/terms/provisionOfInformation	2015-11-27	2015-11-27	""	""
http://homosaurus.org/terms/informationServices	informationServices	information services@en	""	""	""	""	http://homosaurus.org/terms/archives||http://homosaurus.org/terms/informationCentres||http://homosaurus.org/terms/libraries	http://homosaurus.org/terms/collectionDevelopment||http://homosaurus.org/terms/museums||http://homosaurus.org/terms/retrievalSystems	2015-11-27	2015-11-27	""	""
http://homosaurus.org/terms/informationSociety	informationSociety	information society@en	""	""	type of society in which the exchange of information is of significant economic importance@en	http://homosaurus.org/terms/society	""	http://homosaurus.org/terms/media	2015-11-27	2015-11-27	""	""
http://homosaurus.org/terms/inheritanceLaw	inheritanceLaw	inheritance law@en	""	""	""	http://homosaurus.org/terms/civilLaw	""	http://homosaurus.org/terms/inheritances||http://homosaurus.org/terms/wills	2015-11-27	2015-11-27	""	""
http://homosaurus.org/terms/inheritances	inheritances	inheritances@en	""	""	""	""	""	http://homosaurus.org/terms/inheritanceLaw	2015-11-27	2015-11-27	""	""
http://homosaurus.org/terms/initiation	initiation	initiation@en	""	""	""	http://homosaurus.org/terms/socialisation	""	""	2015-11-27	2015-11-27	""	""
http://homosaurus.org/terms/inquisition	inquisition	inquisition@en	""	""	""	""	""	http://homosaurus.org/terms/romanCatholicism	2015-11-27	2015-11-27	""	""
http://homosaurus.org/terms/insemination	insemination	insemination@en	""	fertilization@en||fertilisation@en	""	""	http://homosaurus.org/terms/artificialInsemination||http://homosaurus.org/terms/inVitroFertilisation||http://homosaurus.org/terms/naturalInsemination	http://homosaurus.org/terms/humanReproduction	2015-11-27	2015-11-27	""	""
http://homosaurus.org/terms/institutionalCareFacilities	institutionalCareFacilities	institutional care facilities@en	""	asylums@en	""	""	http://homosaurus.org/terms/childrensHomes||http://homosaurus.org/terms/groupHomes||http://homosaurus.org/terms/hospitals||http://homosaurus.org/terms/nursingHomes||http://homosaurus.org/terms/prisons||http://homosaurus.org/terms/psychiatricInstitutions||http://homosaurus.org/terms/reformatorySchools||http://homosaurus.org/terms/retirementHomes	http://homosaurus.org/terms/housing	2015-11-27	2015-11-27	""	""
http://homosaurus.org/terms/insurance	insurance	insurance@en	""	""	""	""	http://homosaurus.org/terms/disabilityInsurance||http://homosaurus.org/terms/healthInsurance||http://homosaurus.org/terms/lifeInsurance||http://homosaurus.org/terms/unemploymentInsurance	http://homosaurus.org/terms/insuranceCompanies||http://homosaurus.org/terms/publicAssistanceRegulations||http://homosaurus.org/terms/retirementBenefits||http://homosaurus.org/terms/socialSecurityRegulations||http://homosaurus.org/terms/welfareBenefits	2015-11-27	2015-11-27	""	""
http://homosaurus.org/terms/insuranceCompanies	insuranceCompanies	insurance companies@en	""	""	""	http://homosaurus.org/terms/financialInstitutions	""	http://homosaurus.org/terms/insurance	2015-11-27	2015-11-27	""	""
http://homosaurus.org/terms/intellectualFreedom	intellectualFreedom	intellectual freedom@en	""	access to ideas@en	""	http://homosaurus.org/terms/liberty	""	http://homosaurus.org/terms/censorship	2015-11-27	2015-11-27	""	""
http://homosaurus.org/terms/intelligence	intelligence	intelligence@en	""	""	""	http://homosaurus.org/terms/psychologicalCharacteristics	""	""	2015-11-27	2015-11-27	""	""
http://homosaurus.org/terms/intergenerationalRelationships	intergenerationalRelationships	intergenerational relationships@en	""	""	""	http://homosaurus.org/terms/relationships	""	http://homosaurus.org/terms/age||http://homosaurus.org/terms/ageOfConsent||http://homosaurus.org/terms/ephebophilia||http://homosaurus.org/terms/gerontophilia||http://homosaurus.org/terms/hebephilia||http://homosaurus.org/terms/pedophilia	2015-11-27	2015-11-27	""	""
http://homosaurus.org/terms/interiorDesign	interiorDesign	interior design@en	""	interior decoration@en||interior decorating@en	""	http://homosaurus.org/terms/architecture	""	""	2015-11-27	2015-11-27	""	""
http://homosaurus.org/terms/internalisedHomophobia	internalisedHomophobia	internalised homophobia@en	""	internalized homophobia@en||ego-dystonic homophobia@en	refers to the supposed uncertainty about a person's sexual identity and possible unconscious homosexual desires, causing great anxiety@en	http://homosaurus.org/terms/homophobia	""	http://homosaurus.org/terms/denial||http://homosaurus.org/terms/ego-dystonicSexualOrientation||http://homosaurus.org/terms/latentHomosexuality	2015-11-27	2015-11-27	""	""
http://homosaurus.org/terms/internationalLaw	internationalLaw	international law@en	""	""	""	http://homosaurus.org/terms/law	""	http://homosaurus.org/terms/internationalRelations	2015-11-27	2015-11-27	""	""
http://homosaurus.org/terms/internationalOrganisations	internationalOrganisations	international organisations@en	""	""	""	http://homosaurus.org/terms/organisations	http://homosaurus.org/terms/councilOfEurope||http://homosaurus.org/terms/organizationOfAmericanStates||http://homosaurus.org/terms/OSCE||http://homosaurus.org/terms/unitedNations	http://homosaurus.org/terms/internationalRelations	2015-11-27	2015-11-27	""	""
http://homosaurus.org/terms/internationalRelations	internationalRelations	international relations@en	""	""	""	""	http://homosaurus.org/terms/developmentCooperation||http://homosaurus.org/terms/diplomacy	http://homosaurus.org/terms/embassies||http://homosaurus.org/terms/globalisation||http://homosaurus.org/terms/internationalLaw||http://homosaurus.org/terms/internationalOrganisations||http://homosaurus.org/terms/wars	2015-11-27	2015-11-27	""	""
http://homosaurus.org/terms/internet	internet	internet@en	""	""	""	http://homosaurus.org/terms/massMedia||http://homosaurus.org/terms/telecommunication	http://homosaurus.org/terms/internetForums||http://homosaurus.org/terms/webcasts||http://homosaurus.org/terms/websites	http://homosaurus.org/terms/chatRooms||http://homosaurus.org/terms/cyberbullying||http://homosaurus.org/terms/cybersex||http://homosaurus.org/terms/cyberstalking||http://homosaurus.org/terms/dot-comCompanies||http://homosaurus.org/terms/e-commerce||http://homosaurus.org/terms/onlineCare||http://homosaurus.org/terms/onlineGames||http://homosaurus.org/terms/socialMedia||http://homosaurus.org/terms/videoOnDemand||http://homosaurus.org/terms/webcams||http://homosaurus.org/terms/webFilteringSoftware	2015-11-27	2015-11-27	""	""
http://homosaurus.org/terms/internetForums	internetForums	internet forums@en	""	""	""	http://homosaurus.org/terms/internet||http://homosaurus.org/terms/socialMedia	""	""	2015-11-27	2015-11-27	""	""
http://homosaurus.org/terms/internships	internships	internships@en	""	""	""	""	""	http://homosaurus.org/terms/vocationalEducation	2015-11-27	2015-11-27	""	""
http://homosaurus.org/terms/interpreters	interpreters	interpreters@en	""	""	""	http://homosaurus.org/terms/serviceOccupations	""	""	2015-11-27	2015-11-27	""	""
http://homosaurus.org/terms/intersex	intersex	intersex@en	""	differences in sex development@en||hermaphroditism@en||VSDs@en||DSDs@en||divergences in sex development@en||intersexuality@en||variations in sex development@en||disorders of sex development@en	umbrella term that covers many different conditions relating to sexual anatomies that are not considered standard for males or females, including chromosomal, genital, and gonadal differences@en	http://homosaurus.org/terms/physicalCharacteristics	""	http://homosaurus.org/terms/androgyny||http://homosaurus.org/terms/gender||http://homosaurus.org/terms/intersexMovement||http://homosaurus.org/terms/intersexPeople||http://homosaurus.org/terms/transgenderism	2015-11-27	2015-11-27	""	""
http://homosaurus.org/terms/intersexMovement	intersexMovement	intersex movement@en	""	""	""	http://homosaurus.org/terms/LGBTIMovement	""	http://homosaurus.org/terms/intersex	2015-11-27	2015-11-27	""	""
http://homosaurus.org/terms/intersexPeople	intersexPeople	intersex people@en	""	intersexuals@en||hermaphrodites@en	""	""	""	http://homosaurus.org/terms/intersex||http://homosaurus.org/terms/intersexRights	2015-11-27	2015-11-27	""	""
http://homosaurus.org/terms/intersexRights	intersexRights	intersex rights@en	""	""	""	http://homosaurus.org/terms/LGBTIRights	""	http://homosaurus.org/terms/intersexPeople	2015-11-27	2015-11-27	""	""
http://homosaurus.org/terms/interviews	interviews	interviews@en	""	""	""	http://homosaurus.org/terms/researchMethods	""	""	2015-11-27	2015-11-27	""	""
http://homosaurus.org/terms/intimacy	intimacy	intimacy@en	""	""	""	http://homosaurus.org/terms/emotions	""	""	2015-11-27	2015-11-27	""	""
http://homosaurus.org/terms/intimatePartnerViolence	intimatePartnerViolence	intimate partner violence@en	""	intimate partner abuse@en	""	http://homosaurus.org/terms/violence	""	http://homosaurus.org/terms/partners	2015-11-27	2015-11-27	""	""
http://homosaurus.org/terms/intolerance	intolerance	intolerance@en	""	bigotry@en	""	http://homosaurus.org/terms/attitudes	""	http://homosaurus.org/terms/tolerance	2015-11-27	2015-11-27	""	""
http://homosaurus.org/terms/inuit	inuit	inuit@en	""	eskimos@en	""	http://homosaurus.org/terms/ethnicGroups	""	""	2015-11-27	2015-11-27	""	""
http://homosaurus.org/terms/investments	investments	investments@en	""	""	""	""	""	http://homosaurus.org/terms/finances||http://homosaurus.org/terms/financialInstitutions	2015-11-27	2015-11-27	""	""
http://homosaurus.org/terms/islam	islam	islam@en	""	""	""	http://homosaurus.org/terms/religions	""	http://homosaurus.org/terms/imams||http://homosaurus.org/terms/islamophobia||http://homosaurus.org/terms/koran	2015-11-27	2015-11-27	""	""
http://homosaurus.org/terms/islamophobia	islamophobia	islamophobia@en	""	""	prejudice against, or hatred or irrational fear of, muslims@en	http://homosaurus.org/terms/discrimination	""	http://homosaurus.org/terms/islam||http://homosaurus.org/terms/phobias	2015-11-27	2015-11-27	""	""
http://homosaurus.org/terms/isolation	isolation	isolation@en	""	""	""	http://homosaurus.org/terms/loneliness	""	""	2015-11-27	2015-11-27	""	""
http://homosaurus.org/terms/jazz	jazz	jazz@en	""	""	""	http://homosaurus.org/terms/music	""	""	2015-11-27	2015-11-27	""	""
http://homosaurus.org/terms/jealousy	jealousy	jealousy@en	""	""	""	http://homosaurus.org/terms/emotions	""	http://homosaurus.org/terms/relationships	2015-11-27	2015-11-27	""	""
http://homosaurus.org/terms/jehovahsWitnesses	jehovahsWitnesses	jehovah's witnesses@en	""	jehova's witnesses@en	""	http://homosaurus.org/terms/christianity	""	""	2015-11-27	2015-11-27	""	""
http://homosaurus.org/terms/jewelry	jewelry	jewelry@en	""	""	""	""	""	http://homosaurus.org/terms/bodyAdornments	2015-11-27	2015-11-27	""	""
http://homosaurus.org/terms/jews	jews	jews@en	""	""	""	http://homosaurus.org/terms/ethnicGroups	""	http://homosaurus.org/terms/anti-semitism||http://homosaurus.org/terms/judaism||http://homosaurus.org/terms/shoah||http://homosaurus.org/terms/zionism	2015-11-27	2015-11-27	""	""
http://homosaurus.org/terms/jobApplications	jobApplications	job applications@en	""	""	""	http://homosaurus.org/terms/personnelManagement	""	http://homosaurus.org/terms/jobPlacement	2015-11-27	2015-11-27	""	""
http://homosaurus.org/terms/jobPlacement	jobPlacement	job placement@en	""	employment agencies@en	""	""	""	http://homosaurus.org/terms/jobApplications||http://homosaurus.org/terms/labour	2015-11-27	2015-11-27	""	""
http://homosaurus.org/terms/journalists	journalists	journalists@en	""	""	""	http://homosaurus.org/terms/mediaOccupations	""	http://homosaurus.org/terms/massMedia	2015-11-27	2015-11-27	""	""
http://homosaurus.org/terms/judaism	judaism	judaism@en	""	""	jewish religion and culture@en	http://homosaurus.org/terms/religions	""	http://homosaurus.org/terms/jews||http://homosaurus.org/terms/tanakh||http://homosaurus.org/terms/zionism	2015-11-27	2015-11-27	""	""
http://homosaurus.org/terms/judges	judges	judges@en	""	""	""	http://homosaurus.org/terms/legalOccupations	""	http://homosaurus.org/terms/sentencing	2015-11-27	2015-11-27	""	""
http://homosaurus.org/terms/justiceDepartment	justiceDepartment	justice department@en	""	ministry of justice@en	ministry of justice or justice department@en	""	""	http://homosaurus.org/terms/legalProcess||http://homosaurus.org/terms/prosecutionPolicy	2015-11-27	2015-11-27	""	""
http://homosaurus.org/terms/juvenileDetentionCentres	juvenileDetentionCentres	juvenile detention centres@en	""	""	""	http://homosaurus.org/terms/centres||http://homosaurus.org/terms/detention	""	http://homosaurus.org/terms/reformatorySchools	2015-11-27	2015-11-27	""	""
http://homosaurus.org/terms/juvenileLaw	juvenileLaw	juvenile law@en	""	""	""	http://homosaurus.org/terms/law	""	""	2015-11-27	2015-11-27	""	""
http://homosaurus.org/terms/kabuki	kabuki	kabuki@en	""	""	Japanese theatre with cross-dressing actors; in the beginning female performers played both male and female roles, but later women were banned and male performers played both male and female roles@en	http://homosaurus.org/terms/theatre	""	""	2015-11-27	2015-11-27	""	""
http://homosaurus.org/terms/kaposisSarcoma	kaposisSarcoma	kaposi's sarcoma@en	""	""	""	http://homosaurus.org/terms/cancer	""	""	2015-11-27	2015-11-27	""	""
http://homosaurus.org/terms/karate	karate	karate@en	""	""	""	http://homosaurus.org/terms/martialArts	""	""	2015-11-27	2015-11-27	""	""
http://homosaurus.org/terms/katoeys	katoeys	katoeys@en	""	ladyboys@en||kathoeys@en	male-to-female transgender person or an effeminate gay male in Thailand@en	http://homosaurus.org/terms/genderMinorities||http://homosaurus.org/terms/sexualMinorities	""	""	2015-11-27	2015-11-27	""	""
http://homosaurus.org/terms/kibbutzim	kibbutzim	kibbutzim@en	""	""	""	http://homosaurus.org/terms/livingCollectives	""	""	2015-11-27	2015-11-27	""	""
http://homosaurus.org/terms/kidnappings	kidnappings	kidnappings@en	""	""	""	http://homosaurus.org/terms/crimes	""	""	2015-11-27	2015-11-27	""	""
http://homosaurus.org/terms/kissing	kissing	kissing@en	""	""	""	http://homosaurus.org/terms/oralSex||http://homosaurus.org/terms/physicalAffection	""	""	2015-11-27	2015-11-27	""	""
http://homosaurus.org/terms/koran	koran	koran@en	""	""	""	http://homosaurus.org/terms/religiousTexts	""	http://homosaurus.org/terms/islam	2015-11-27	2015-11-27	""	""
http://homosaurus.org/terms/labelling	labelling	labelling@en	""	""	describing someone or something in a word or short phrase @en	""	""	http://homosaurus.org/terms/representation||http://homosaurus.org/terms/stigmatisation	2015-11-27	2015-11-27	""	""
http://homosaurus.org/terms/labour	labour	labour@en	""	employment@en||labor@en	""	""	http://homosaurus.org/terms/householdWork||http://homosaurus.org/terms/volunteering	http://homosaurus.org/terms/companyDoctors||http://homosaurus.org/terms/jobPlacement||http://homosaurus.org/terms/unemployment	2015-11-27	2015-11-27	""	""
http://homosaurus.org/terms/labourLaw	labourLaw	labour law@en	""	employment law@en||labour legislation@en||labor law@en	""	http://homosaurus.org/terms/socialLaw	http://homosaurus.org/terms/breastfeedingRights	http://homosaurus.org/terms/collectiveLabourAgreements	2015-11-27	2015-11-27	""	""
http://homosaurus.org/terms/labourMovement	labourMovement	labour movement@en	""	labor movement@en	""	http://homosaurus.org/terms/socialMovements	""	http://homosaurus.org/terms/tradeUnions||http://homosaurus.org/terms/workingClass	2015-11-27	2015-11-27	""	""
http://homosaurus.org/terms/labrys	labrys	labrys@en	""	""	symbol used to represent lesbianism and feminism@en	http://homosaurus.org/terms/symbols	""	""	2015-11-27	2015-11-27	""	""
http://homosaurus.org/terms/lambda	lambda	lambda@en	""	""	symbol for lesbian and gay rights@en	http://homosaurus.org/terms/symbols	""	""	2015-11-27	2015-11-27	""	""
http://homosaurus.org/terms/landscapeArchitecture	landscapeArchitecture	landscape architecture@en	""	""	""	http://homosaurus.org/terms/architecture	""	""	2015-11-27	2015-11-27	""	""
http://homosaurus.org/terms/language	language	language@en	""	""	""	http://homosaurus.org/terms/communication	http://homosaurus.org/terms/signLanguage||http://homosaurus.org/terms/slang	http://homosaurus.org/terms/bodyLanguage||http://homosaurus.org/terms/definitions||http://homosaurus.org/terms/dictionaries||http://homosaurus.org/terms/esperantism||http://homosaurus.org/terms/linguistics||http://homosaurus.org/terms/metaphors||http://homosaurus.org/terms/translations	2015-11-27	2015-11-27	""	""
http://homosaurus.org/terms/latentHomosexuality	latentHomosexuality	latent homosexuality@en	""	""	""	http://homosaurus.org/terms/psychologicalCharacteristics	""	http://homosaurus.org/terms/denial||http://homosaurus.org/terms/internalisedHomophobia||http://homosaurus.org/terms/self-repression	2015-11-27	2015-11-27	""	""
http://homosaurus.org/terms/latinAmericanCultures	latinAmericanCultures	latin american cultures@en	""	""	""	http://homosaurus.org/terms/americanCultures	""	""	2015-11-27	2015-11-27	""	""
http://homosaurus.org/terms/latinoStudies	latinoStudies	latino studies@en	""	""	""	http://homosaurus.org/terms/ethnicStudies	""	http://homosaurus.org/terms/latinos	2015-11-27	2015-11-27	""	""
http://homosaurus.org/terms/latinos	latinos	latinos@en	""	latinas@en||chicanas@en||hispanics@en||chicanos@en	""	http://homosaurus.org/terms/ethnicGroups	http://homosaurus.org/terms/afro-latinAmericans	http://homosaurus.org/terms/latinoStudies	2015-11-27	2015-11-27	""	""
http://homosaurus.org/terms/law	law	law@en	""	legislation@en||legislative enactments@en	""	""	http://homosaurus.org/terms/administrativeLaw||http://homosaurus.org/terms/anti-discriminationLaw||http://homosaurus.org/terms/canonLaw||http://homosaurus.org/terms/civilLaw||http://homosaurus.org/terms/constitution||http://homosaurus.org/terms/copyright||http://homosaurus.org/terms/criminalLaw||http://homosaurus.org/terms/immigrationLaw||http://homosaurus.org/terms/internationalLaw||http://homosaurus.org/terms/juvenileLaw||http://homosaurus.org/terms/municipalBy-laws||http://homosaurus.org/terms/socialLaw	http://homosaurus.org/terms/lawyers||http://homosaurus.org/terms/legalStatus||http://homosaurus.org/terms/legalStudies	2015-11-27	2015-11-27	""	""
http://homosaurus.org/terms/lawyers	lawyers	lawyers@en	""	attorneys@en	""	http://homosaurus.org/terms/legalOccupations	""	http://homosaurus.org/terms/law||http://homosaurus.org/terms/legalAid	2015-11-27	2015-11-27	""	""
http://homosaurus.org/terms/layMovement	layMovement	lay movement@en	""	""	movement of nonclerical people within christian churches@en	""	""	http://homosaurus.org/terms/christianity||http://homosaurus.org/terms/layPeople	2015-11-27	2015-11-27	""	""
http://homosaurus.org/terms/layPeople	layPeople	lay people@en	""	""	religious context@en	""	""	http://homosaurus.org/terms/layMovement||http://homosaurus.org/terms/religions	2015-11-27	2015-11-27	""	""
http://homosaurus.org/terms/LBT	LBT	LBT@en	""	""	use only with lesbian+bisexual+transgender and in combination with other terms@en	http://homosaurus.org/terms/LGBT	""	""	2015-11-27	2015-11-27	""	""
http://homosaurus.org/terms/leaflets	leaflets	leaflets@en	""	pampllets@en	""	http://homosaurus.org/terms/educationalMaterials	""	""	2015-11-27	2015-11-27	""	""
http://homosaurus.org/terms/learningDifficulties	learningDifficulties	learning difficulties@en	""	learning disabilities@en	""	""	""	http://homosaurus.org/terms/education	2015-11-27	2015-11-27	""	""
http://homosaurus.org/terms/leatherCommunity	leatherCommunity	leather community@en	""	leather scene@en	""	http://homosaurus.org/terms/communities||http://homosaurus.org/terms/subcultures	""	http://homosaurus.org/terms/SM	2015-11-27	2015-11-27	""	""
http://homosaurus.org/terms/lectures	lectures	lectures@en	""	speeches@en	""	http://homosaurus.org/terms/gatherings	""	""	2015-11-27	2015-11-27	""	""
http://homosaurus.org/terms/legalAdviceCentres	legalAdviceCentres	legal advice centres@en	""	legal assistance centres@en	""	http://homosaurus.org/terms/centres	""	http://homosaurus.org/terms/legalAid	2015-11-27	2015-11-27	""	""
http://homosaurus.org/terms/legalAid	legalAid	legal aid@en	""	""	""	""	""	http://homosaurus.org/terms/lawyers||http://homosaurus.org/terms/legalAdviceCentres	2015-11-27	2015-11-27	""	""
http://homosaurus.org/terms/legalName	legalName	legal name @en	""	""	regulations concerning first and family names@en	http://homosaurus.org/terms/personalAndFamilyLaw	""	http://homosaurus.org/terms/changeOfName	2015-11-27	2015-11-27	""	""
http://homosaurus.org/terms/legalOccupations	legalOccupations	legal occupations@en	""	""	""	http://homosaurus.org/terms/occupations	http://homosaurus.org/terms/judges||http://homosaurus.org/terms/lawyers||http://homosaurus.org/terms/notaries	""	2015-11-27	2015-11-27	""	""
http://homosaurus.org/terms/legalProcess	legalProcess	legal process@en	""	""	from first hearing to final verdict@en	""	http://homosaurus.org/terms/sentencing	http://homosaurus.org/terms/alternativePunishments||http://homosaurus.org/terms/damages||http://homosaurus.org/terms/deathPenalty||http://homosaurus.org/terms/detentionUnderAHospitalOrder||http://homosaurus.org/terms/exile||http://homosaurus.org/terms/justiceDepartment||http://homosaurus.org/terms/prisons||http://homosaurus.org/terms/probationAndAfter-careService||http://homosaurus.org/terms/reformatorySchools	2015-11-27	2015-11-27	""	""
http://homosaurus.org/terms/legalStatus	legalStatus	legal status@en	""	""	""	""	http://homosaurus.org/terms/parentalRights||http://homosaurus.org/terms/partnerRights	http://homosaurus.org/terms/law||http://homosaurus.org/terms/maritalStatus||http://homosaurus.org/terms/naturalisation	2015-11-27	2015-11-27	""	""
http://homosaurus.org/terms/legalStudies	legalStudies	legal studies@en	""	law studies@en	""	http://homosaurus.org/terms/humanities	""	http://homosaurus.org/terms/law	2015-11-27	2015-11-27	""	""
http://homosaurus.org/terms/legends	legends	legends@en	""	""	traditional narrative based on alleged historical events@en	http://homosaurus.org/terms/fiction	""	http://homosaurus.org/terms/myths||http://homosaurus.org/terms/sagas	2015-11-27	2015-11-27	""	""
http://homosaurus.org/terms/leisureActivities	leisureActivities	leisure activities@en	""	""	""	""	http://homosaurus.org/terms/ballroomDancing||http://homosaurus.org/terms/gardening||http://homosaurus.org/terms/hobbies||http://homosaurus.org/terms/nightLife||http://homosaurus.org/terms/tourism	http://homosaurus.org/terms/nudism||http://homosaurus.org/terms/partyGames||http://homosaurus.org/terms/scouting||http://homosaurus.org/terms/sports	2015-11-27	2015-11-27	""	""
http://homosaurus.org/terms/lesbianArchives	lesbianArchives	lesbian archives@en	""	""	""	http://homosaurus.org/terms/archives	""	""	2015-11-27	2015-11-27	""	""
http://homosaurus.org/terms/lesbianBookshops	lesbianBookshops	lesbian bookshops@en	""	""	""	http://homosaurus.org/terms/bookshops	""	""	2015-11-27	2015-11-27	""	""
http://homosaurus.org/terms/lesbianCharacters	lesbianCharacters	lesbian characters@en	""	""	""	http://homosaurus.org/terms/characters	""	http://homosaurus.org/terms/gayCharacters||http://homosaurus.org/terms/lesbianGirls||http://homosaurus.org/terms/lesbians	2015-11-27	2015-11-27	""	""
http://homosaurus.org/terms/lesbianChoirs	lesbianChoirs	lesbian choirs@en	""	""	""	http://homosaurus.org/terms/choirs	""	""	2015-11-27	2015-11-27	""	""
http://homosaurus.org/terms/lesbianClergy	lesbianClergy	lesbian clergy@en	""	lesbian pastors@en	""	http://homosaurus.org/terms/clergy	""	""	2015-11-27	2015-11-27	""	""
http://homosaurus.org/terms/lesbianCommunity	lesbianCommunity	lesbian community@en	""	""	""	http://homosaurus.org/terms/LGBTICommunity	""	http://homosaurus.org/terms/lesbianCommunityCentres	2015-11-27	2015-11-27	""	""
http://homosaurus.org/terms/lesbianCommunityCentres	lesbianCommunityCentres	lesbian community centres@en	""	""	""	http://homosaurus.org/terms/communityCentres	""	http://homosaurus.org/terms/lesbianCommunity||http://homosaurus.org/terms/lesbianMovement	2015-11-27	2015-11-27	""	""
http://homosaurus.org/terms/lesbianCouples	lesbianCouples	lesbian couples@en	""	""	""	http://homosaurus.org/terms/couples	""	""	2015-11-27	2015-11-27	""	""
http://homosaurus.org/terms/lesbianCulture	lesbianCulture	lesbian culture@en	""	dyke culture@en	""	http://homosaurus.org/terms/subcultures	http://homosaurus.org/terms/lesbianSlang	""	2015-11-27	2015-11-27	""	""
http://homosaurus.org/terms/lesbianDaughters	lesbianDaughters	lesbian daughters@en	""	""	""	http://homosaurus.org/terms/daughters	""	""	2015-11-27	2015-11-27	""	""
http://homosaurus.org/terms/lesbianFamilies	lesbianFamilies	lesbian families@en	""	""	used only for lesbian couples living with their children@en	http://homosaurus.org/terms/families	""	""	2015-11-27	2015-11-27	""	""
http://homosaurus.org/terms/lesbianFeminism	lesbianFeminism	lesbian feminism@en	""	""	""	http://homosaurus.org/terms/feminism	""	http://homosaurus.org/terms/heterosexualFeminism||http://homosaurus.org/terms/lesbianMovement	2015-11-27	2015-11-27	""	""
http://homosaurus.org/terms/lesbianGirls	lesbianGirls	lesbian girls@en	""	lesbian youth@en	""	http://homosaurus.org/terms/gayAndLesbianYouth||http://homosaurus.org/terms/girls	""	http://homosaurus.org/terms/lesbianCharacters||http://homosaurus.org/terms/lesbianIdentity||http://homosaurus.org/terms/lesbians	2015-11-27	2015-11-27	""	""
http://homosaurus.org/terms/lesbianIdentity	lesbianIdentity	lesbian identity@en	""	""	""	http://homosaurus.org/terms/sexualIdentity	""	http://homosaurus.org/terms/lesbianGirls||http://homosaurus.org/terms/lesbians	2015-11-27	2015-11-27	""	""
http://homosaurus.org/terms/lesbianInformationCentres	lesbianInformationCentres	lesbian information centres@en	""	lesbian documentation centres@en	""	http://homosaurus.org/terms/informationCentres	""	http://homosaurus.org/terms/lesbianMovement	2015-11-27	2015-11-27	""	""
http://homosaurus.org/terms/lesbianLand	lesbianLand	lesbian land@en	""	""	rural communities populated only by lesbians@en	http://homosaurus.org/terms/lesbianSeparatism	""	http://homosaurus.org/terms/lesbianMovement||http://homosaurus.org/terms/ruralAreas	2015-11-27	2015-11-27	""	""
http://homosaurus.org/terms/lesbianLibraries	lesbianLibraries	lesbian libraries@en	""	""	""	http://homosaurus.org/terms/libraries	""	""	2015-11-27	2015-11-27	""	""
http://homosaurus.org/terms/lesbianMovement	lesbianMovement	lesbian movement@en	""	lesbian organisations@en||lesbian organizations@en	""	http://homosaurus.org/terms/LGBTIMovement	http://homosaurus.org/terms/lesbianReligiousGroups||http://homosaurus.org/terms/lesbianTradeUnionGroups	http://homosaurus.org/terms/gayLiberation||http://homosaurus.org/terms/lesbianCommunityCentres||http://homosaurus.org/terms/lesbianFeminism||http://homosaurus.org/terms/lesbianInformationCentres||http://homosaurus.org/terms/lesbianLand||http://homosaurus.org/terms/lesbianNation||http://homosaurus.org/terms/lesbianPoliticalGroups||http://homosaurus.org/terms/lesbianPress||http://homosaurus.org/terms/lesbianRadio||http://homosaurus.org/terms/lesbianTelevision||http://homosaurus.org/terms/womensMovement	2015-11-27	2015-11-27	""	""
http://homosaurus.org/terms/lesbianMuseums	lesbianMuseums	lesbian museums@en	""	""	""	http://homosaurus.org/terms/museums	""	""	2015-11-27	2015-11-27	""	""
http://homosaurus.org/terms/lesbianNation	lesbianNation	lesbian nation@en	""	""	imagined, autonomous, international lesbian community, set apart from males@en	http://homosaurus.org/terms/lesbianSeparatism	""	http://homosaurus.org/terms/lesbianMovement	2015-11-27	2015-11-27	""	""
http://homosaurus.org/terms/lesbianParents	lesbianParents	lesbian parents@en	""	lesbian mothers@en	""	http://homosaurus.org/terms/parents	""	http://homosaurus.org/terms/childrenOfLesbians||http://homosaurus.org/terms/mothers	2015-11-27	2015-11-27	""	""
http://homosaurus.org/terms/lesbianPoliticalGroups	lesbianPoliticalGroups	lesbian political groups@en	""	""	""	""	""	http://homosaurus.org/terms/lesbianMovement||http://homosaurus.org/terms/politicalParties	2015-11-27	2015-11-27	""	""
http://homosaurus.org/terms/lesbianPress	lesbianPress	lesbian press@en	""	""	""	http://homosaurus.org/terms/press	""	http://homosaurus.org/terms/lesbianMovement	2015-11-27	2015-11-27	""	""
http://homosaurus.org/terms/lesbianProstitutes	lesbianProstitutes	lesbian prostitutes@en	""	""	""	http://homosaurus.org/terms/sexWorkers	""	http://homosaurus.org/terms/lesbianProstitution	2015-11-27	2015-11-27	""	""
http://homosaurus.org/terms/lesbianProstitution	lesbianProstitution	lesbian prostitution@en	""	""	""	http://homosaurus.org/terms/prostitution	""	http://homosaurus.org/terms/lesbianProstitutes	2015-11-27	2015-11-27	""	""
http://homosaurus.org/terms/lesbianPublishers	lesbianPublishers	lesbian publishers@en	""	""	""	http://homosaurus.org/terms/publishers	""	""	2015-11-27	2015-11-27	""	""
http://homosaurus.org/terms/lesbianRadio	lesbianRadio	lesbian radio@en	""	""	""	http://homosaurus.org/terms/radio	""	http://homosaurus.org/terms/lesbianMovement	2015-11-27	2015-11-27	""	""
http://homosaurus.org/terms/lesbianReligiousGroups	lesbianReligiousGroups	lesbian religious groups@en	""	""	""	http://homosaurus.org/terms/lesbianMovement	""	http://homosaurus.org/terms/metropolitanCommunityChurch||http://homosaurus.org/terms/religiousOrganisations	2015-11-27	2015-11-27	""	""
http://homosaurus.org/terms/lesbianRights	lesbianRights	lesbian rights@en	""	""	""	http://homosaurus.org/terms/LGBTIRights	""	""	2015-11-27	2015-11-27	""	""
http://homosaurus.org/terms/lesbianSensibility	lesbianSensibility	lesbian sensibility@en	""	""	specifically lesbian way of reading and looking at cultural texts (books, movies, television, magazines, etc.) and the appropriation of texts thought of as strictly for heterosexuals@en	http://homosaurus.org/terms/psychologicalCharacteristics	""	http://homosaurus.org/terms/gaySensibility||http://homosaurus.org/terms/reception	2015-11-27	2015-11-27	""	""
http://homosaurus.org/terms/lesbianSeparatism	lesbianSeparatism	lesbian separatism@en	""	""	ideological, social, cultural, and sometimes physical separation between men and women or between lesbian and heterosexual women@en	""	http://homosaurus.org/terms/lesbianLand||http://homosaurus.org/terms/lesbianNation	http://homosaurus.org/terms/genderRelations	2015-11-27	2015-11-27	""	""
http://homosaurus.org/terms/lesbianSlang	lesbianSlang	lesbian slang@en	""	""	""	http://homosaurus.org/terms/lesbianCulture||http://homosaurus.org/terms/slang	""	""	2015-11-27	2015-11-27	""	""
http://homosaurus.org/terms/lesbianSportsClubs	lesbianSportsClubs	lesbian sports clubs@en	""	""	""	http://homosaurus.org/terms/sportsClubs	""	""	2015-11-27	2015-11-27	""	""
http://homosaurus.org/terms/lesbianStudies	lesbianStudies	lesbian studies@en	""	""	""	http://homosaurus.org/terms/genderStudies	""	http://homosaurus.org/terms/gayStudies	2015-11-27	2015-11-27	""	""
http://homosaurus.org/terms/lesbianTelevision	lesbianTelevision	lesbian television@en	""	""	""	http://homosaurus.org/terms/television	""	http://homosaurus.org/terms/lesbianMovement	2015-11-27	2015-11-27	""	""
http://homosaurus.org/terms/lesbianTheatre	lesbianTheatre	lesbian theatre@en	""	""	""	http://homosaurus.org/terms/theatre	""	http://homosaurus.org/terms/lesbianTheatreGroups	2015-11-27	2015-11-27	""	""
http://homosaurus.org/terms/lesbianTheatreGroups	lesbianTheatreGroups	lesbian theatre groups@en	""	""	""	http://homosaurus.org/terms/theatreGroups	""	http://homosaurus.org/terms/lesbianTheatre	2015-11-27	2015-11-27	""	""
http://homosaurus.org/terms/lesbianTheology	lesbianTheology	lesbian theology@en	""	""	""	http://homosaurus.org/terms/liberationTheology	""	http://homosaurus.org/terms/feministTheology	2015-11-27	2015-11-27	""	""
http://homosaurus.org/terms/lesbianTradeUnionGroups	lesbianTradeUnionGroups	lesbian trade union groups@en	""	""	""	http://homosaurus.org/terms/lesbianMovement||http://homosaurus.org/terms/tradeUnions	""	""	2015-11-27	2015-11-27	""	""
http://homosaurus.org/terms/lesbian-gayRelations	lesbian-gayRelations	lesbian-gay relations@en	""	gay-lesbian relations@en	""	http://homosaurus.org/terms/genderRelations	""	http://homosaurus.org/terms/gayMen||http://homosaurus.org/terms/lesbians	2015-11-27	2015-11-27	""	""
http://homosaurus.org/terms/lesbianism	lesbianism	lesbianism@en	""	""	""	http://homosaurus.org/terms/sexualOrientation	""	http://homosaurus.org/terms/bisexuality||http://homosaurus.org/terms/homosexuality	2015-11-27	2015-11-27	""	""
http://homosaurus.org/terms/lesbians	lesbians	lesbians@en	""	dykes@en||gay women@en||lesbian women@en||women-identified-women@en	""	http://homosaurus.org/terms/sexualMinorities||http://homosaurus.org/terms/women	http://homosaurus.org/terms/butches||http://homosaurus.org/terms/closetedLesbians||http://homosaurus.org/terms/femmes||http://homosaurus.org/terms/olderLesbians	http://homosaurus.org/terms/lesbian-gayRelations||http://homosaurus.org/terms/lesbianCharacters||http://homosaurus.org/terms/lesbianGirls||http://homosaurus.org/terms/lesbianIdentity||http://homosaurus.org/terms/parentsOfLesbians||http://homosaurus.org/terms/partnersOfLesbians||http://homosaurus.org/terms/tribadism||http://homosaurus.org/terms/womenWhoHaveSexWithWomen	2015-11-27	2015-11-27	""	""
http://homosaurus.org/terms/lesbophobia	lesbophobia	lesbophobia@en	""	""	""	http://homosaurus.org/terms/discrimination	""	http://homosaurus.org/terms/biphobia||http://homosaurus.org/terms/bullying||http://homosaurus.org/terms/heterosexism||http://homosaurus.org/terms/homophobia||http://homosaurus.org/terms/phobias||http://homosaurus.org/terms/transphobia	2015-11-27	2015-11-27	""	""
http://homosaurus.org/terms/letters	letters	letters@en	""	correspondence@en	""	http://homosaurus.org/terms/personalPapers	""	http://homosaurus.org/terms/lettersToTheEditor	2015-11-27	2015-11-27	""	""
http://homosaurus.org/terms/lettersToTheEditor	lettersToTheEditor	letters to the editor@en	""	""	""	""	""	http://homosaurus.org/terms/letters||http://homosaurus.org/terms/press	2015-11-27	2015-11-27	""	""
http://homosaurus.org/terms/LGB	LGB	LGB@en	""	""	use only with lesbian+gay+bisexual and in combination with other terms@en	http://homosaurus.org/terms/LGBT	""	""	2015-11-27	2015-11-27	""	""
http://homosaurus.org/terms/LGBT	LGBT	LGBT@en	""	""	use only with lesbian+gay+bisexual+transgender and in combination with other terms@en	http://homosaurus.org/terms/LGBTI	http://homosaurus.org/terms/LBT||http://homosaurus.org/terms/LGB	""	2015-11-27	2015-11-27	""	""
http://homosaurus.org/terms/LGBTI	LGBTI	LGBTI@en	""	""	use only with lesbian+gay+bisexual+transgender+intersex and in combination with other terms@en	""	http://homosaurus.org/terms/LGBT	http://homosaurus.org/terms/LGBTIMovement	2015-11-27	2015-11-27	""	""
http://homosaurus.org/terms/LGBTICommunity	LGBTICommunity	LGBTI community@en	""	""	""	http://homosaurus.org/terms/communities	http://homosaurus.org/terms/bisexualCommunity||http://homosaurus.org/terms/gayCommunity||http://homosaurus.org/terms/lesbianCommunity||http://homosaurus.org/terms/transgenderCommunity	""	2015-11-27	2015-11-27	""	""
http://homosaurus.org/terms/LGBTIMovement	LGBTIMovement	LGBTI movement@en	""	""	""	http://homosaurus.org/terms/socialMovements	http://homosaurus.org/terms/biMovement||http://homosaurus.org/terms/gayMovement||http://homosaurus.org/terms/intersexMovement||http://homosaurus.org/terms/lesbianMovement||http://homosaurus.org/terms/transgenderMovement	http://homosaurus.org/terms/gay-straightAlliances||http://homosaurus.org/terms/gayPrideWeek||http://homosaurus.org/terms/LGBTI	2015-11-27	2015-11-27	""	""
http://homosaurus.org/terms/LGBTIRights	LGBTIRights	LGBTI rights@en	""	""	""	http://homosaurus.org/terms/humanRights	http://homosaurus.org/terms/bisexualRights||http://homosaurus.org/terms/gayRights||http://homosaurus.org/terms/intersexRights||http://homosaurus.org/terms/lesbianRights||http://homosaurus.org/terms/transgenderRights	http://homosaurus.org/terms/LGBTIRightsPolicy	2015-11-27	2015-11-27	""	""
http://homosaurus.org/terms/LGBTIRightsPolicy	LGBTIRightsPolicy	LGBTI rights policy@en	""	diversity policy@en	""	http://homosaurus.org/terms/policies	""	http://homosaurus.org/terms/government||http://homosaurus.org/terms/LGBTIRights	2015-11-27	2015-11-27	""	""
http://homosaurus.org/terms/LGV	LGV	LGV@en	""	lymphogranuloma venereum@en||climatic bubo@en	""	http://homosaurus.org/terms/STDs	""	""	2015-11-27	2015-11-27	""	""
http://homosaurus.org/terms/liberalism	liberalism	liberalism@en	""	""	""	http://homosaurus.org/terms/politicalMovements	""	""	2015-11-27	2015-11-27	""	""
http://homosaurus.org/terms/liberationMovements	liberationMovements	liberation movements@en	""	civil rights movements@en	""	""	""	http://homosaurus.org/terms/resistanceMovements	2015-11-27	2015-11-27	""	""
http://homosaurus.org/terms/liberationTheology	liberationTheology	liberation theology@en	""	""	""	http://homosaurus.org/terms/theology	http://homosaurus.org/terms/feministTheology||http://homosaurus.org/terms/gayTheology||http://homosaurus.org/terms/lesbianTheology	""	2015-11-27	2015-11-27	""	""
http://homosaurus.org/terms/liberty	liberty	liberty@en	""	emancipation@en||freedom@en	""	""	http://homosaurus.org/terms/intellectualFreedom	http://homosaurus.org/terms/gayLiberation	2015-11-27	2015-11-27	""	""
http://homosaurus.org/terms/librarians	librarians	librarians@en	""	""	""	http://homosaurus.org/terms/serviceOccupations	""	http://homosaurus.org/terms/libraries	2015-11-27	2015-11-27	""	""
http://homosaurus.org/terms/libraries	libraries	libraries@en	""	""	""	http://homosaurus.org/terms/informationServices	http://homosaurus.org/terms/gayLibraries||http://homosaurus.org/terms/lesbianLibraries||http://homosaurus.org/terms/transgenderLibraries||http://homosaurus.org/terms/womensLibraries	http://homosaurus.org/terms/archives||http://homosaurus.org/terms/catalogues||http://homosaurus.org/terms/digitisation||http://homosaurus.org/terms/librarians	2015-11-27	2015-11-27	""	""
http://homosaurus.org/terms/librettos	librettos	librettos@en	""	""	""	http://homosaurus.org/terms/literature	""	""	2015-11-27	2015-11-27	""	""
http://homosaurus.org/terms/licking	licking	licking@en	""	""	""	http://homosaurus.org/terms/oralSex	http://homosaurus.org/terms/cunnilingus||http://homosaurus.org/terms/rimming	""	2015-11-27	2015-11-27	""	""
http://homosaurus.org/terms/lifeInsurance	lifeInsurance	life insurance@en	""	""	""	http://homosaurus.org/terms/insurance	""	""	2015-11-27	2015-11-27	""	""
http://homosaurus.org/terms/lifeStories	lifeStories	life stories@en	""	life story books@en	""	""	http://homosaurus.org/terms/biographies||http://homosaurus.org/terms/necrologies||http://homosaurus.org/terms/obituaries	""	2015-11-27	2015-11-27	""	""
http://homosaurus.org/terms/lingerie	lingerie	lingerie@en	""	""	""	http://homosaurus.org/terms/clothing	""	""	2015-11-27	2015-11-27	""	""
http://homosaurus.org/terms/linguistics	linguistics	linguistics@en	""	""	""	http://homosaurus.org/terms/humanities	http://homosaurus.org/terms/etymology	http://homosaurus.org/terms/language	2015-11-27	2015-11-27	""	""
http://homosaurus.org/terms/literaryAwards	literaryAwards	literary awards@en	""	""	""	http://homosaurus.org/terms/awards	""	http://homosaurus.org/terms/literature	2015-11-27	2015-11-27	""	""
http://homosaurus.org/terms/literaryCriticism	literaryCriticism	literary criticism@en	""	""	""	http://homosaurus.org/terms/literature	""	http://homosaurus.org/terms/literaryTheory||http://homosaurus.org/terms/reviews	2015-11-27	2015-11-27	""	""
http://homosaurus.org/terms/literarySalons	literarySalons	literary salons@en	""	""	""	""	""	http://homosaurus.org/terms/literature||http://homosaurus.org/terms/nightLife	2015-11-27	2015-11-27	""	""
http://homosaurus.org/terms/literaryTheory	literaryTheory	literary theory@en	""	""	""	http://homosaurus.org/terms/humanities	""	http://homosaurus.org/terms/literaryCriticism||http://homosaurus.org/terms/literature	2015-11-27	2015-11-27	""	""
http://homosaurus.org/terms/literature	literature	literature@en	""	belles letters@en	""	""	http://homosaurus.org/terms/drama||http://homosaurus.org/terms/essays||http://homosaurus.org/terms/fiction||http://homosaurus.org/terms/librettos||http://homosaurus.org/terms/literaryCriticism||http://homosaurus.org/terms/myths||http://homosaurus.org/terms/poetry||http://homosaurus.org/terms/sagas||http://homosaurus.org/terms/travelLiterature||http://homosaurus.org/terms/youthLiterature	http://homosaurus.org/terms/anthologies||http://homosaurus.org/terms/arts||http://homosaurus.org/terms/biographies||http://homosaurus.org/terms/books||http://homosaurus.org/terms/literaryAwards||http://homosaurus.org/terms/literarySalons||http://homosaurus.org/terms/literaryTheory||http://homosaurus.org/terms/reception	2015-11-27	2015-11-27	""	""
http://homosaurus.org/terms/literatureReview	literatureReview	literature review@en	""	""	review of the literature about a specific subject@en	http://homosaurus.org/terms/researchMethods	""	""	2015-11-27	2015-11-27	""	""
http://homosaurus.org/terms/livingArrangements	livingArrangements	living arrangements@en	""	""	""	""	http://homosaurus.org/terms/civilUnions||http://homosaurus.org/terms/domesticPartnerships||http://homosaurus.org/terms/livingCollectives||http://homosaurus.org/terms/marriage	http://homosaurus.org/terms/domesticPartnershipContracts||http://homosaurus.org/terms/housing	2015-11-27	2015-11-27	""	""
http://homosaurus.org/terms/livingCollectives	livingCollectives	living collectives@en	""	""	""	http://homosaurus.org/terms/livingArrangements	http://homosaurus.org/terms/communes||http://homosaurus.org/terms/kibbutzim	""	2015-11-27	2015-11-27	""	""
http://homosaurus.org/terms/lobbying	lobbying	lobbying@en	""	""	""	http://homosaurus.org/terms/directAction	""	""	2015-11-27	2015-11-27	""	""
http://homosaurus.org/terms/localGovernment	localGovernment	local government@en	""	local councils@en	administrative body for a small geographic area, such as a city, town and village@en	http://homosaurus.org/terms/government	""	http://homosaurus.org/terms/mayors||http://homosaurus.org/terms/municipalBy-laws	2015-11-27	2015-11-27	""	""
http://homosaurus.org/terms/localRadio	localRadio	local radio@en	""	""	""	http://homosaurus.org/terms/radio	""	""	2015-11-27	2015-11-27	""	""
http://homosaurus.org/terms/localTelevision	localTelevision	local television@en	""	""	""	http://homosaurus.org/terms/television	""	""	2015-11-27	2015-11-27	""	""
http://homosaurus.org/terms/loneliness	loneliness	loneliness@en	""	""	""	http://homosaurus.org/terms/psychologicalCharacteristics	http://homosaurus.org/terms/isolation	""	2015-11-27	2015-11-27	""	""
http://homosaurus.org/terms/longitudinalStudies	longitudinalStudies	longitudinal studies@en	""	follow-up studies@en	""	http://homosaurus.org/terms/researchMethods	""	""	2015-11-27	2015-11-27	""	""
http://homosaurus.org/terms/lorryDrivers	lorryDrivers	lorry drivers@en	""	truck drivers@en	""	http://homosaurus.org/terms/transportationOccupations	""	""	2015-11-27	2015-11-27	""	""
http://homosaurus.org/terms/love	love	love@en	""	""	""	http://homosaurus.org/terms/emotions	http://homosaurus.org/terms/beingInLove||http://homosaurus.org/terms/platonicLove||http://homosaurus.org/terms/unrequitedLove	http://homosaurus.org/terms/loveTriangles||http://homosaurus.org/terms/relationships	2015-11-27	2015-11-27	""	""
http://homosaurus.org/terms/loveTriangles	loveTriangles	love triangles@en	""	""	""	http://homosaurus.org/terms/sexualRelationships	""	http://homosaurus.org/terms/love	2015-11-27	2015-11-27	""	""
http://homosaurus.org/terms/lovers	lovers	lovers@en	""	mistresses@en	male and female lovers@en	""	""	http://homosaurus.org/terms/partners||http://homosaurus.org/terms/sexualRelationships	2015-11-27	2015-11-27	""	""
http://homosaurus.org/terms/lubricants	lubricants	lubricants@en	""	""	""	http://homosaurus.org/terms/sexAccessories	""	""	2015-11-27	2015-11-27	""	""
http://homosaurus.org/terms/lutheranism	lutheranism	lutheranism@en	""	""	""	http://homosaurus.org/terms/protestantism	""	""	2015-11-27	2015-11-27	""	""
http://homosaurus.org/terms/machismo	machismo	machismo@en	""	hypermasculinity@en	""	http://homosaurus.org/terms/attitudes||http://homosaurus.org/terms/genderRole	""	http://homosaurus.org/terms/masculinity	2015-11-28	2015-11-28	""	""
http://homosaurus.org/terms/macrobiotics	macrobiotics	macrobiotics@en	""	""	""	http://homosaurus.org/terms/vegetarianism	""	http://homosaurus.org/terms/nutrition	2015-11-28	2015-11-28	""	""
http://homosaurus.org/terms/mahu	mahu	mahu@en	""	""	third gender person in some Polynesian cultures@en	http://homosaurus.org/terms/genderMinorities	""	""	2015-11-28	2015-11-28	""	""
http://homosaurus.org/terms/mailOrderCompanies	mailOrderCompanies	mail order companies@en	""	""	""	http://homosaurus.org/terms/businesses	""	""	2015-11-28	2015-11-28	""	""
http://homosaurus.org/terms/maleBonding	maleBonding	male bonding@en	""	""	""	http://homosaurus.org/terms/mensOrganisations	""	""	2015-11-28	2015-11-28	""	""
http://homosaurus.org/terms/maleCircumcision	maleCircumcision	male circumcision@en	""	""	""	http://homosaurus.org/terms/circumcision	""	http://homosaurus.org/terms/foreskinRestoration	2015-11-28	2015-11-28	""	""
http://homosaurus.org/terms/maleProstitutes	maleProstitutes	male prostitutes@en	""	rent boys@en||call boys@en||gigolos@en||male hustlers@en||taxi boys@en	""	http://homosaurus.org/terms/sexWorkers	""	http://homosaurus.org/terms/maleProstitution	2015-11-28	2015-11-28	""	""
http://homosaurus.org/terms/maleProstitution	maleProstitution	male prostitution@en	""	""	""	http://homosaurus.org/terms/prostitution	""	http://homosaurus.org/terms/maleProstitutes	2015-11-28	2015-11-28	""	""
http://homosaurus.org/terms/mangas	mangas	mangas@en	""	""	comic strips in Japanese style@en	http://homosaurus.org/terms/comicStrips	""	""	2015-11-28	2015-11-28	""	""
http://homosaurus.org/terms/manualSex	manualSex	manual sex@en	""	""	""	http://homosaurus.org/terms/sexualPractices	http://homosaurus.org/terms/fisting||http://homosaurus.org/terms/pinching||http://homosaurus.org/terms/wanking	http://homosaurus.org/terms/masturbation||http://homosaurus.org/terms/mutualMasturbation	2015-11-28	2015-11-28	""	""
http://homosaurus.org/terms/maoris	maoris	maoris@en	""	""	""	http://homosaurus.org/terms/indigenousPeoples	""	""	2015-11-28	2015-11-28	""	""
http://homosaurus.org/terms/mardiGras	mardiGras	mardi gras@en	""	sydney gay and lesbian mardi gras@en	Sydney Gay & Lesbian Mardi Gras is an annual gay pride parade and festival for the LGBT community in Sydney@en	http://homosaurus.org/terms/events	""	http://homosaurus.org/terms/gayPride	2015-11-28	2015-11-28	""	""
http://homosaurus.org/terms/marianismo	marianismo	marianismo@en	""	""	latin american folk tradition based on veneration of the virgin mary revering such feminine ideals as purity, chastity, and subservience@en	http://homosaurus.org/terms/attitudes||http://homosaurus.org/terms/genderRole	""	http://homosaurus.org/terms/femininity	2015-11-28	2015-11-28	""	""
http://homosaurus.org/terms/marines	marines	marines@en	""	""	""	http://homosaurus.org/terms/militaryOccupations	""	http://homosaurus.org/terms/navy	2015-11-28	2015-11-28	""	""
http://homosaurus.org/terms/maritalStatus	maritalStatus	marital status@en	""	""	""	http://homosaurus.org/terms/marriage	http://homosaurus.org/terms/divorcedPeople||http://homosaurus.org/terms/marriedPeople||http://homosaurus.org/terms/widowedPeople	http://homosaurus.org/terms/legalStatus||http://homosaurus.org/terms/marriageLaw||http://homosaurus.org/terms/separation	2015-11-28	2015-11-28	""	""
http://homosaurus.org/terms/maritimeOccupations	maritimeOccupations	maritime occupations@en	""	seafaring occupations@en	""	http://homosaurus.org/terms/occupations	http://homosaurus.org/terms/pirates||http://homosaurus.org/terms/sailors	""	2015-11-28	2015-11-28	""	""
http://homosaurus.org/terms/marketingAndSalesOccupations	marketingAndSalesOccupations	marketing and sales occupations@en	""	commercial occupations@en	""	http://homosaurus.org/terms/occupations	""	""	2015-11-28	2015-11-28	""	""
http://homosaurus.org/terms/marriage	marriage	marriage@en	""	""	""	http://homosaurus.org/terms/livingArrangements	http://homosaurus.org/terms/arrangedMarriage||http://homosaurus.org/terms/divorce||http://homosaurus.org/terms/heterosexualMarriage||http://homosaurus.org/terms/maritalStatus||http://homosaurus.org/terms/mixed-orientationMarriage||http://homosaurus.org/terms/same-sexMarriage||http://homosaurus.org/terms/womensMarriages	http://homosaurus.org/terms/civilUnions||http://homosaurus.org/terms/domesticPartnershipContracts||http://homosaurus.org/terms/domesticPartnerships||http://homosaurus.org/terms/marriageLaw||http://homosaurus.org/terms/marriedPeople||http://homosaurus.org/terms/weddings	2015-11-28	2015-11-28	""	""
http://homosaurus.org/terms/marriageLaw	marriageLaw	marriage law@en	""	matrimonial law@en	""	http://homosaurus.org/terms/personalAndFamilyLaw	""	http://homosaurus.org/terms/civilUnions||http://homosaurus.org/terms/domesticPartnershipContracts||http://homosaurus.org/terms/maritalStatus||http://homosaurus.org/terms/marriage	2015-11-28	2015-11-28	""	""
http://homosaurus.org/terms/marriedPeople	marriedPeople	married people@en	""	""	""	http://homosaurus.org/terms/couples||http://homosaurus.org/terms/maritalStatus	""	http://homosaurus.org/terms/marriage	2015-11-28	2015-11-28	""	""
http://homosaurus.org/terms/judo	judo	judo@en	""	""	""	http://homosaurus.org/terms/martialArts	""	""	2015-11-28	2015-11-28	""	""
http://homosaurus.org/terms/martialArts	martialArts	martial arts@en	""	""	""	http://homosaurus.org/terms/sports	http://homosaurus.org/terms/judo||http://homosaurus.org/terms/karate||http://homosaurus.org/terms/thaiBoxing||http://homosaurus.org/terms/wrestling	http://homosaurus.org/terms/self-defence	2015-11-28	2015-11-28	""	""
http://homosaurus.org/terms/marxism	marxism	marxism@en	""	""	""	http://homosaurus.org/terms/politicalMovements	""	""	2015-11-28	2015-11-28	""	""
http://homosaurus.org/terms/masculinity	masculinity	masculinity@en	""	""	""	""	""	http://homosaurus.org/terms/androgyny||http://homosaurus.org/terms/femininity||http://homosaurus.org/terms/gender||http://homosaurus.org/terms/genderDiversity||http://homosaurus.org/terms/genderIdentity||http://homosaurus.org/terms/genderRole||http://homosaurus.org/terms/machismo	2015-11-28	2015-11-28	""	""
http://homosaurus.org/terms/masochism	masochism	masochism@en	""	""	""	http://homosaurus.org/terms/SM	""	""	2015-11-28	2015-11-28	""	""
http://homosaurus.org/terms/massCommunication	massCommunication	mass communication@en	""	""	""	http://homosaurus.org/terms/communication	http://homosaurus.org/terms/advertising	http://homosaurus.org/terms/massMedia||http://homosaurus.org/terms/publicOpinion	2015-11-28	2015-11-28	""	""
http://homosaurus.org/terms/massMedia	massMedia	mass media@en	""	""	""	http://homosaurus.org/terms/media	http://homosaurus.org/terms/internet||http://homosaurus.org/terms/press||http://homosaurus.org/terms/radio||http://homosaurus.org/terms/television	http://homosaurus.org/terms/broadcastingNetworks||http://homosaurus.org/terms/journalists||http://homosaurus.org/terms/massCommunication	2015-11-28	2015-11-28	""	""
http://homosaurus.org/terms/massage	massage	massage@en	""	""	""	""	""	http://homosaurus.org/terms/physicalAffection||http://homosaurus.org/terms/physicalTherapy	2015-11-28	2015-11-28	""	""
http://homosaurus.org/terms/masturbation	masturbation	masturbation@en	""	autoeroticism@en||solosex@en||solo sex@en	""	http://homosaurus.org/terms/sexualPractices	http://homosaurus.org/terms/mutualMasturbation	http://homosaurus.org/terms/manualSex	2015-11-28	2015-11-28	""	""
http://homosaurus.org/terms/mathematicians	mathematicians	mathematicians@en	""	""	""	http://homosaurus.org/terms/academics	""	""	2015-11-28	2015-11-28	""	""
http://homosaurus.org/terms/mati	mati	mati@en	""	""	Surinamese-Creole women who have sexual relations with other women, but who also will have had or still have relationships with men@en	http://homosaurus.org/terms/bisexualWomen	""	""	2015-11-28	2015-11-28	""	""
http://homosaurus.org/terms/matriarchy	matriarchy	matriarchy@en	""	""	""	http://homosaurus.org/terms/society	""	http://homosaurus.org/terms/patriarchy	2015-11-28	2015-11-28	""	""
http://homosaurus.org/terms/mayors	mayors	mayors@en	""	""	""	http://homosaurus.org/terms/politicians	""	http://homosaurus.org/terms/localGovernment	2015-11-28	2015-11-28	""	""
http://homosaurus.org/terms/media	media	media@en	""	""	""	""	http://homosaurus.org/terms/audiovisualMedia||http://homosaurus.org/terms/massMedia||http://homosaurus.org/terms/socialMedia	http://homosaurus.org/terms/censorship||http://homosaurus.org/terms/digitisation||http://homosaurus.org/terms/informationSociety||http://homosaurus.org/terms/mediaOccupations||http://homosaurus.org/terms/popularCulture||http://homosaurus.org/terms/protectionOfPersonalData||http://homosaurus.org/terms/representation	2015-11-28	2015-11-28	""	""
http://homosaurus.org/terms/mediaOccupations	mediaOccupations	media occupations@en	""	""	""	http://homosaurus.org/terms/occupations	http://homosaurus.org/terms/bloggers||http://homosaurus.org/terms/journalists||http://homosaurus.org/terms/producers	http://homosaurus.org/terms/media	2015-11-28	2015-11-28	""	""
http://homosaurus.org/terms/medicalDisorders	medicalDisorders	medical disorders@en	""	""	""	""	http://homosaurus.org/terms/mentalDisorders||http://homosaurus.org/terms/physicalDisorders	http://homosaurus.org/terms/classificationOfDiseases||http://homosaurus.org/terms/diseaseProgression||http://homosaurus.org/terms/epidemics||http://homosaurus.org/terms/health	2015-11-28	2015-11-28	""	""
http://homosaurus.org/terms/medicalExaminations	medicalExaminations	medical examinations@en	""	""	""	http://homosaurus.org/terms/examinations	http://homosaurus.org/terms/HIVTests	http://homosaurus.org/terms/medicine	2015-11-28	2015-11-28	""	""
http://homosaurus.org/terms/medicalInterventions	medicalInterventions	medical interventions@en	""	""	""	http://homosaurus.org/terms/therapies	http://homosaurus.org/terms/abortion||http://homosaurus.org/terms/bloodTransfusions||http://homosaurus.org/terms/electroshockTherapy||http://homosaurus.org/terms/surgery	http://homosaurus.org/terms/donors	2015-11-28	2015-11-28	""	""
http://homosaurus.org/terms/medicalisation	medicalisation	medicalisation@en	""	medicalization@en	""	""	""	http://homosaurus.org/terms/socialConstructionism	2015-11-28	2015-11-28	""	""
http://homosaurus.org/terms/medication	medication	medication@en	""	pharmaceuticals@en	""	http://homosaurus.org/terms/therapies	http://homosaurus.org/terms/combinationTherapy||http://homosaurus.org/terms/erectionPills||http://homosaurus.org/terms/hormoneTherapy||http://homosaurus.org/terms/passiveImmuneTherapy||http://homosaurus.org/terms/pubertyBlockers	http://homosaurus.org/terms/pharmaceuticalIndustry||http://homosaurus.org/terms/side-effects	2015-11-28	2015-11-28	""	""
http://homosaurus.org/terms/medicine	medicine	medicine@en	""	""	""	http://homosaurus.org/terms/healthCare||http://homosaurus.org/terms/healthSciences	http://homosaurus.org/terms/gynaecology||http://homosaurus.org/terms/pathology||http://homosaurus.org/terms/psychiatry	http://homosaurus.org/terms/medicalExaminations||http://homosaurus.org/terms/physicians||http://homosaurus.org/terms/therapies	2015-11-28	2015-11-28	""	""
http://homosaurus.org/terms/meditation	meditation	meditation@en	""	""	""	http://homosaurus.org/terms/alternativeMedicine	""	http://homosaurus.org/terms/yoga	2015-11-28	2015-11-28	""	""
http://homosaurus.org/terms/mediterraneanCultures	mediterraneanCultures	mediterranean cultures@en	""	""	""	http://homosaurus.org/terms/cultures	""	""	2015-11-28	2015-11-28	""	""
http://homosaurus.org/terms/meetingPlaces	meetingPlaces	meeting places@en	""	""	""	""	""	http://homosaurus.org/terms/cruising||http://homosaurus.org/terms/dating||http://homosaurus.org/terms/datingWebsites||http://homosaurus.org/terms/nightLife||http://homosaurus.org/terms/publicSex||http://homosaurus.org/terms/publicSpace||http://homosaurus.org/terms/sexLocations||http://homosaurus.org/terms/socialNetworkingWebsites	2015-11-28	2015-11-28	""	""
http://homosaurus.org/terms/meetings	meetings	meetings@en	""	""	""	http://homosaurus.org/terms/gatherings	""	""	2015-11-28	2015-11-28	""	""
http://homosaurus.org/terms/memorials	memorials	memorials@en	""	""	""	http://homosaurus.org/terms/gatherings	http://homosaurus.org/terms/commemorationsOfTheDead||http://homosaurus.org/terms/commemorativePlaques	http://homosaurus.org/terms/homomonuments	2015-11-28	2015-11-28	""	""
http://homosaurus.org/terms/men	men	men@en	""	""	""	""	http://homosaurus.org/terms/bisexualMen||http://homosaurus.org/terms/gayMen||http://homosaurus.org/terms/heterosexualMen||http://homosaurus.org/terms/menWhoHaveSexWithMen	http://homosaurus.org/terms/FtMs	2015-11-28	2015-11-28	""	""
http://homosaurus.org/terms/menInTraditionallyFemale-dominatedOccupations	menInTraditionallyFemale-dominatedOccupations	men in traditionally female-dominated  occupations@en	""	men in women's jobs@en||men in female professions@en	""	""	""	http://homosaurus.org/terms/genderSegregationInLabour||http://homosaurus.org/terms/occupations	2015-11-28	2015-11-28	""	""
http://homosaurus.org/terms/menWhoHaveSexWithMen	menWhoHaveSexWithMen	men who have sex with men@en	""	msm@en	male persons who engage in sexual activity with members of the same sex, regardless of how they identify themselves@en	http://homosaurus.org/terms/men||http://homosaurus.org/terms/sexualMinorities	""	http://homosaurus.org/terms/bisexualMen||http://homosaurus.org/terms/gayMen	2015-11-28	2015-11-28	""	""
http://homosaurus.org/terms/mensFriendships	mensFriendships	men's friendships@en	""	male friendships@en	""	http://homosaurus.org/terms/friendships||http://homosaurus.org/terms/homosociality	""	""	2015-11-28	2015-11-28	""	""
http://homosaurus.org/terms/mensInformationCentres	mensInformationCentres	men’s information centres@en	""	men’s documentation centres@en	""	http://homosaurus.org/terms/informationCentres	""	http://homosaurus.org/terms/mensMovement	2015-11-28	2015-11-28	""	""
http://homosaurus.org/terms/mensMagazines	mensMagazines	men's magazines@en	""	""	""	http://homosaurus.org/terms/press	""	http://homosaurus.org/terms/mensMovement	2015-11-28	2015-11-28	""	""
http://homosaurus.org/terms/mensMovement	mensMovement	men's movement@en	""	""	""	http://homosaurus.org/terms/socialMovements	""	http://homosaurus.org/terms/mensInformationCentres||http://homosaurus.org/terms/mensMagazines||http://homosaurus.org/terms/mensOrganisations	2015-11-28	2015-11-28	""	""
http://homosaurus.org/terms/mensOrganisations	mensOrganisations	men's organisations@en	""	men's organizations@en	""	http://homosaurus.org/terms/organisations	http://homosaurus.org/terms/maleBonding	http://homosaurus.org/terms/mensMovement	2015-11-28	2015-11-28	""	""
http://homosaurus.org/terms/mensStudies	mensStudies	men's studies@en	""	""	""	http://homosaurus.org/terms/genderStudies	""	""	2015-11-28	2015-11-28	""	""
http://homosaurus.org/terms/mennonism	mennonism	mennonism@en	""	""	""	http://homosaurus.org/terms/protestantism	""	""	2015-11-28	2015-11-28	""	""
http://homosaurus.org/terms/menopause	menopause	menopause@en	""	""	""	http://homosaurus.org/terms/physicalCharacteristics	""	http://homosaurus.org/terms/menstruation||http://homosaurus.org/terms/middleAge	2015-11-28	2015-11-28	""	""
http://homosaurus.org/terms/menstruation	menstruation	menstruation@en	""	""	""	http://homosaurus.org/terms/physicalCharacteristics	http://homosaurus.org/terms/PMS	http://homosaurus.org/terms/menopause	2015-11-28	2015-11-28	""	""
http://homosaurus.org/terms/mentalDisorders	mentalDisorders	mental disorders@en	""	mental illnesses@en||psychiatric disorders@en	""	http://homosaurus.org/terms/medicalDisorders	http://homosaurus.org/terms/dementia||http://homosaurus.org/terms/ego-dystonicSexualOrientation||http://homosaurus.org/terms/personalityDisorders||http://homosaurus.org/terms/psychoticDisorders||http://homosaurus.org/terms/schizophrenia	http://homosaurus.org/terms/classificationOfDiseases||http://homosaurus.org/terms/psychologicalCharacteristics	2015-11-28	2015-11-28	""	""
http://homosaurus.org/terms/mentalExercise	mentalExercise	mental exercise@en	""	cognitive training@en||brain exercise@en	""	http://homosaurus.org/terms/games	""	""	2015-11-28	2015-11-28	""	""
http://homosaurus.org/terms/mentalHealth	mentalHealth	mental health@en	""	""	""	http://homosaurus.org/terms/health	""	""	2015-11-28	2015-11-28	""	""
http://homosaurus.org/terms/mentalHealthCare	mentalHealthCare	mental health care@en	""	""	""	http://homosaurus.org/terms/healthCare	http://homosaurus.org/terms/psychosocialCare	http://homosaurus.org/terms/therapies	2015-11-28	2015-11-28	""	""
http://homosaurus.org/terms/metaphors	metaphors	metaphors@en	""	""	""	""	""	http://homosaurus.org/terms/language||http://homosaurus.org/terms/symbols	2015-11-28	2015-11-28	""	""
http://homosaurus.org/terms/metaphysics	metaphysics	metaphysics@en	""	""	branch of philosophy dealing with transcendental knowledge@en	http://homosaurus.org/terms/philosophy	""	""	2015-11-28	2015-11-28	""	""
http://homosaurus.org/terms/methamphetamines	methamphetamines	methamphetamines@en	""	crystal meth@en	""	http://homosaurus.org/terms/hardDrugs||http://homosaurus.org/terms/partyDrugs	""	""	2015-11-28	2015-11-28	""	""
http://homosaurus.org/terms/methodism	methodism	methodism@en	""	""	""	http://homosaurus.org/terms/protestantism	""	http://homosaurus.org/terms/moralRearmament||http://homosaurus.org/terms/salvationArmy	2015-11-28	2015-11-28	""	""
http://homosaurus.org/terms/metropolitanCommunityChurch	metropolitanCommunityChurch	metropolitan community church@en	""	MCC@en	international protestant christian denomination, which has a specific outreach to lesbian, gay, bisexual, and transgender families and communities@en	http://homosaurus.org/terms/christianity	""	http://homosaurus.org/terms/gayReligiousGroups||http://homosaurus.org/terms/lesbianReligiousGroups	2015-11-28	2015-11-28	""	""
http://homosaurus.org/terms/middleAge	middleAge	middle age@en	""	""	approx. 40-60 yrs.@en	http://homosaurus.org/terms/adults	""	http://homosaurus.org/terms/menopause	2015-11-28	2015-11-28	""	""
http://homosaurus.org/terms/middleClass	middleClass	middle class@en	""	""	""	http://homosaurus.org/terms/socialClasses	""	""	2015-11-28	2015-11-28	""	""
http://homosaurus.org/terms/migrants	migrants	migrants@en	""	foreigners@en	see population groups for more specific descriptors; use nationality of origin in combination with name of country of settlement; for example:mexicans + usa@en	""	""	http://homosaurus.org/terms/citizenshipEducation||http://homosaurus.org/terms/ethnicGroups||http://homosaurus.org/terms/migration	2015-11-28	2015-11-28	""	""
http://homosaurus.org/terms/migration	migration	migration@en	""	""	""	""	http://homosaurus.org/terms/asylumMigration||http://homosaurus.org/terms/emigration||http://homosaurus.org/terms/immigration||http://homosaurus.org/terms/returnMigration	http://homosaurus.org/terms/demographics||http://homosaurus.org/terms/ethnicGroups||http://homosaurus.org/terms/migrants||http://homosaurus.org/terms/refugees	2015-11-28	2015-11-28	""	""
http://homosaurus.org/terms/militancy	militancy	militancy@en	""	""	""	http://homosaurus.org/terms/attitudes||http://homosaurus.org/terms/psychologicalCharacteristics	""	http://homosaurus.org/terms/activists	2015-11-28	2015-11-28	""	""
http://homosaurus.org/terms/militarism	militarism	militarism@en	""	""	""	""	""	http://homosaurus.org/terms/military	2015-11-28	2015-11-28	""	""
http://homosaurus.org/terms/military	military	military@en	""	armed forces@en||armed services@en	""	http://homosaurus.org/terms/publicServices	http://homosaurus.org/terms/airForce||http://homosaurus.org/terms/army||http://homosaurus.org/terms/militaryPolice||http://homosaurus.org/terms/navy||http://homosaurus.org/terms/paramilitaries	http://homosaurus.org/terms/conscientiousObjection||http://homosaurus.org/terms/militarism||http://homosaurus.org/terms/militaryOccupations||http://homosaurus.org/terms/militaryService	2015-11-28	2015-11-28	""	""
http://homosaurus.org/terms/militaryOccupations	militaryOccupations	military occupations@en	""	""	""	http://homosaurus.org/terms/occupations	http://homosaurus.org/terms/marines||http://homosaurus.org/terms/sailors||http://homosaurus.org/terms/soldiers||http://homosaurus.org/terms/veterans	http://homosaurus.org/terms/military	2015-11-28	2015-11-28	""	""
http://homosaurus.org/terms/militaryPolice	militaryPolice	military police@en	""	""	""	http://homosaurus.org/terms/military	""	""	2015-11-28	2015-11-28	""	""
http://homosaurus.org/terms/militaryService	militaryService	military service@en	""	""	""	""	""	http://homosaurus.org/terms/military||http://homosaurus.org/terms/militaryServicePhysicalExaminations	2015-11-28	2015-11-28	""	""
http://homosaurus.org/terms/militaryServicePhysicalExaminations	militaryServicePhysicalExaminations	military service physical examinations@en	""	""	""	http://homosaurus.org/terms/examinations	""	http://homosaurus.org/terms/militaryService	2015-11-28	2015-11-28	""	""
http://homosaurus.org/terms/mime	mime	mime@en	""	""	""	http://homosaurus.org/terms/theatre	""	""	2015-11-28	2015-11-28	""	""
http://homosaurus.org/terms/ministers	ministers	ministers@en	""	""	government@en	http://homosaurus.org/terms/politicians	""	""	2015-11-28	2015-11-28	""	""
http://homosaurus.org/terms/minitel	minitel	minitel@en	""	""	videotex online service accessible through the telephone lines; is considered one of the world's most successful pre-World Wide Web online services@en	http://homosaurus.org/terms/telecommunication	""	""	2015-11-28	2015-11-28	""	""
http://homosaurus.org/terms/minors	minors	minors@en	""	""	""	http://homosaurus.org/terms/ageGroups	""	http://homosaurus.org/terms/ageOfConsent||http://homosaurus.org/terms/youth	2015-11-28	2015-11-28	""	""
http://homosaurus.org/terms/misandry	misandry	misandry@en	""	""	hate or dislike of men or boys@en	http://homosaurus.org/terms/hate	""	""	2015-11-28	2015-11-28	""	""
http://homosaurus.org/terms/miscarriages	miscarriages	miscarriages@en	""	""	""	""	""	http://homosaurus.org/terms/DES||http://homosaurus.org/terms/pregnancy	2015-11-28	2015-11-28	""	""
http://homosaurus.org/terms/misogyny	misogyny	misogyny@en	""	""	hate or dislike of women or girls@en	http://homosaurus.org/terms/hate	""	""	2015-11-28	2015-11-28	""	""
http://homosaurus.org/terms/missionaries	missionaries	missionaries@en	""	""	""	http://homosaurus.org/terms/clergy	""	""	2015-11-28	2015-11-28	""	""
http://homosaurus.org/terms/mixed-orientationMarriage	mixed-orientationMarriage	mixed-orientation marriage@en	""	bisexual marriage@en	marriage in which one of the partners is heterosexual and the other is bisexual or homosexual@en	http://homosaurus.org/terms/marriage	""	""	2015-11-28	2015-11-28	""	""
http://homosaurus.org/terms/modernism	modernism	modernism@en	""	""	avant garde literary and artistic current running from the end of the 19th century until 1940@en	http://homosaurus.org/terms/artMovements	""	http://homosaurus.org/terms/finDeSiecle	2015-11-28	2015-11-28	""	""
http://homosaurus.org/terms/monarchy	monarchy	monarchy@en	""	""	""	http://homosaurus.org/terms/politicalSystems	""	http://homosaurus.org/terms/royalty	2015-11-28	2015-11-28	""	""
http://homosaurus.org/terms/monasteries	monasteries	monasteries@en	""	cloisters@en||convents@en	""	""	""	http://homosaurus.org/terms/monks||http://homosaurus.org/terms/nuns	2015-11-28	2015-11-28	""	""
http://homosaurus.org/terms/money	money	money@en	""	""	""	""	""	http://homosaurus.org/terms/benevolentSocieties||http://homosaurus.org/terms/creditCards||http://homosaurus.org/terms/donations||http://homosaurus.org/terms/finances||http://homosaurus.org/terms/financialInstitutions||http://homosaurus.org/terms/fundraising||http://homosaurus.org/terms/grants||http://homosaurus.org/terms/qualityOfLife||http://homosaurus.org/terms/sponsorship	2015-11-28	2015-11-28	""	""
http://homosaurus.org/terms/monks	monks	monks@en	""	""	""	""	""	http://homosaurus.org/terms/clergy||http://homosaurus.org/terms/monasteries	2015-11-28	2015-11-28	""	""
http://homosaurus.org/terms/monogamy	monogamy	monogamy@en	""	""	""	http://homosaurus.org/terms/sexualRelationships	""	""	2015-11-28	2015-11-28	""	""
http://homosaurus.org/terms/monotheism	monotheism	monotheism@en	""	""	""	""	""	http://homosaurus.org/terms/theology	2015-11-28	2015-11-28	""	""
http://homosaurus.org/terms/moodDisorders	moodDisorders	mood disorders@en	""	""	""	""	http://homosaurus.org/terms/bipolarDisorder||http://homosaurus.org/terms/depression	""	2015-11-28	2015-11-28	""	""
http://homosaurus.org/terms/moralRearmament	moralRearmament	moral rearmament@en	""	moral re-armament@en||buchmanism@en	""	""	""	http://homosaurus.org/terms/fundamentalism||http://homosaurus.org/terms/methodism	2015-11-28	2015-11-28	""	""
http://homosaurus.org/terms/moralTheology	moralTheology	moral theology@en	""	""	""	http://homosaurus.org/terms/theology	""	http://homosaurus.org/terms/ethics	2015-11-28	2015-11-28	""	""
http://homosaurus.org/terms/moravianChurch	moravianChurch	moravian church@en	""	""	""	http://homosaurus.org/terms/protestantism	""	""	2015-11-28	2015-11-28	""	""
http://homosaurus.org/terms/mormonism	mormonism	mormonism@en	""	""	religion practiced by Mormons @en	http://homosaurus.org/terms/christianity	""	""	2015-11-28	2015-11-28	""	""
http://homosaurus.org/terms/motherhood	motherhood	motherhood@en	""	maternity@en	""	http://homosaurus.org/terms/parenthood	""	http://homosaurus.org/terms/mothers	2015-11-28	2015-11-28	""	""
http://homosaurus.org/terms/mothers	mothers	mothers@en	""	""	""	http://homosaurus.org/terms/parents	http://homosaurus.org/terms/co-mothers||http://homosaurus.org/terms/mothersOfGayMen||http://homosaurus.org/terms/mothersOfLesbians||http://homosaurus.org/terms/singleMothers||http://homosaurus.org/terms/surrogateMothers	http://homosaurus.org/terms/breastfeedingRights||http://homosaurus.org/terms/lesbianParents||http://homosaurus.org/terms/motherhood	2015-11-28	2015-11-28	""	""
http://homosaurus.org/terms/mothersOfGayMen	mothersOfGayMen	mothers of gay men@en	""	""	""	http://homosaurus.org/terms/mothers||http://homosaurus.org/terms/parentsOfGayMen	""	""	2015-11-28	2015-11-28	""	""
http://homosaurus.org/terms/mothersOfLesbians	mothersOfLesbians	mothers of lesbians@en	""	""	""	http://homosaurus.org/terms/mothers||http://homosaurus.org/terms/parentsOfLesbians	""	""	2015-11-28	2015-11-28	""	""
http://homosaurus.org/terms/motorcycleClubs	motorcycleClubs	motorcycle clubs@en	""	""	""	http://homosaurus.org/terms/sportsClubs	""	""	2015-11-28	2015-11-28	""	""
http://homosaurus.org/terms/MS	MS	MS@en	""	multiple sclerosis@en	""	http://homosaurus.org/terms/physicalDisorders	""	""	2015-11-28	2015-11-28	""	""
http://homosaurus.org/terms/MtFs	MtFs	MtFs@en	""	transgender women@en||males transitioning to females@en||transwomen@en	""	http://homosaurus.org/terms/transgenderPeople	""	http://homosaurus.org/terms/FtMs||http://homosaurus.org/terms/women	2015-11-28	2015-11-28	""	""
http://homosaurus.org/terms/mudSex	mudSex	mud sex@en	""	""	sex in the mud@en	http://homosaurus.org/terms/sexualPractices	""	""	2015-11-28	2015-11-28	""	""
http://homosaurus.org/terms/multiculturalism	multiculturalism	multiculturalism@en	""	""	recognition of the idea that Mainstream culture no longer corresponds with a Euro-American, overwhelmingly white, male tradition, and the acknowledgement of the cultures of social minorities (defined in terms of race, class, gender, ethnicity, religion or sexual orientation) as a valuable and intrinsic component of mainstream culture@en	http://homosaurus.org/terms/attitudes	""	http://homosaurus.org/terms/culturalDiversity||http://homosaurus.org/terms/ethnicDiversity||http://homosaurus.org/terms/ethnicGroups	2015-11-28	2015-11-28	""	""
http://homosaurus.org/terms/multinationals	multinationals	multinationals@en	""	multinational corporations@en	""	http://homosaurus.org/terms/businesses	""	""	2015-11-28	2015-11-28	""	""
http://homosaurus.org/terms/multiplePersonalityDisorder	multiplePersonalityDisorder	multiple personality disorder@en	""	MPD@en||dissociative identity disorder@en||split personality disorder@en	""	http://homosaurus.org/terms/personalityDisorders	""	""	2015-11-28	2015-11-28	""	""
http://homosaurus.org/terms/municipalBy-laws	municipalBy-laws	municipal by-laws@en	""	municipal codes@en||municipal regulations@en||municipal bylaws@en||municipal ordinances@en	""	http://homosaurus.org/terms/law	""	http://homosaurus.org/terms/localGovernment	2015-11-28	2015-11-28	""	""
http://homosaurus.org/terms/murderers	murderers	murderers@en	""	killers@en	""	http://homosaurus.org/terms/physicalViolence	http://homosaurus.org/terms/assassins||http://homosaurus.org/terms/serialKillers	http://homosaurus.org/terms/murders	2015-11-28	2015-11-28	""	""
http://homosaurus.org/terms/murders	murders	murders@en	""	homicides@en	""	""	http://homosaurus.org/terms/honourKillings||http://homosaurus.org/terms/serialKillings	http://homosaurus.org/terms/murderers	2015-11-28	2015-11-28	""	""
http://homosaurus.org/terms/museums	museums	museums@en	""	""	""	""	http://homosaurus.org/terms/gayMuseums||http://homosaurus.org/terms/lesbianMuseums	http://homosaurus.org/terms/exhibitions||http://homosaurus.org/terms/informationServices	2015-11-28	2015-11-28	""	""
http://homosaurus.org/terms/music	music	music@en	""	""	""	http://homosaurus.org/terms/performingArts	http://homosaurus.org/terms/blues||http://homosaurus.org/terms/classicalMusic||http://homosaurus.org/terms/countryAndWesternMusic||http://homosaurus.org/terms/easyListeningMusic||http://homosaurus.org/terms/folkMusic||http://homosaurus.org/terms/jazz||http://homosaurus.org/terms/popMusic||http://homosaurus.org/terms/ragtime||http://homosaurus.org/terms/religiousMusic||http://homosaurus.org/terms/womensMusic	http://homosaurus.org/terms/concerts||http://homosaurus.org/terms/conductors||http://homosaurus.org/terms/musicGroups||http://homosaurus.org/terms/musicians||http://homosaurus.org/terms/musicIndustry||http://homosaurus.org/terms/musicology||http://homosaurus.org/terms/musicVideos||http://homosaurus.org/terms/producers||http://homosaurus.org/terms/songs	2015-11-28	2015-11-28	""	""
http://homosaurus.org/terms/musicGroups	musicGroups	music groups@en	""	musical groups@en	""	""	http://homosaurus.org/terms/boyBands||http://homosaurus.org/terms/choirs||http://homosaurus.org/terms/popGroups	http://homosaurus.org/terms/music	2015-11-28	2015-11-28	""	""
http://homosaurus.org/terms/musicIndustry	musicIndustry	music industry@en	""	record companies@en	""	http://homosaurus.org/terms/industries	""	http://homosaurus.org/terms/music	2015-11-28	2015-11-28	""	""
http://homosaurus.org/terms/musicVideos	musicVideos	music videos@en	""	""	""	http://homosaurus.org/terms/videos	""	http://homosaurus.org/terms/music	2015-11-28	2015-11-28	""	""
http://homosaurus.org/terms/musicalTheatre	musicalTheatre	musical theatre@en	""	""	""	http://homosaurus.org/terms/theatre	http://homosaurus.org/terms/musicals||http://homosaurus.org/terms/opera||http://homosaurus.org/terms/operetta	""	2015-11-28	2015-11-28	""	""
http://homosaurus.org/terms/musicals	musicals	musicals@en	""	""	""	http://homosaurus.org/terms/musicalTheatre	""	""	2015-11-28	2015-11-28	""	""
http://homosaurus.org/terms/musicians	musicians	musicians@en	""	""	""	http://homosaurus.org/terms/artsAndEntertainmentOccupations	http://homosaurus.org/terms/composers||http://homosaurus.org/terms/singers	http://homosaurus.org/terms/music	2015-11-28	2015-11-28	""	""
http://homosaurus.org/terms/musicology	musicology	musicology@en	""	""	""	http://homosaurus.org/terms/humanities	""	http://homosaurus.org/terms/music	2015-11-28	2015-11-28	""	""
http://homosaurus.org/terms/mutualMasturbation	mutualMasturbation	mutual masturbation@en	""	""	""	http://homosaurus.org/terms/masturbation	""	http://homosaurus.org/terms/manualSex	2015-11-28	2015-11-28	""	""
http://homosaurus.org/terms/mysteryAndDetectiveFiction	mysteryAndDetectiveFiction	mystery and detective fiction@en	""	""	""	http://homosaurus.org/terms/fiction	""	""	2015-11-28	2015-11-28	""	""
http://homosaurus.org/terms/mysticism	mysticism	mysticism@en	""	""	""	""	""	http://homosaurus.org/terms/religions||http://homosaurus.org/terms/spirituality	2015-11-28	2015-11-28	""	""
http://homosaurus.org/terms/mythology	mythology	mythology@en	""	""	""	""	""	http://homosaurus.org/terms/amazons||http://homosaurus.org/terms/myths||http://homosaurus.org/terms/religions	2015-11-28	2015-11-28	""	""
http://homosaurus.org/terms/myths	myths	myths@en	""	""	traditional, usually sacred, narrative explaining the world view of a particular culture@en	http://homosaurus.org/terms/literature	""	http://homosaurus.org/terms/legends||http://homosaurus.org/terms/mythology	2015-11-28	2015-11-28	""	""
http://homosaurus.org/terms/narcissism	narcissism	narcissism@en	""	narcism@en	""	http://homosaurus.org/terms/psychologicalCharacteristics	""	""	2015-11-28	2015-11-28	""	""
http://homosaurus.org/terms/nationalGovernment	nationalGovernment	national government@en	""	""	""	http://homosaurus.org/terms/government	""	http://homosaurus.org/terms/headsOfState	2015-11-28	2015-11-28	""	""
http://homosaurus.org/terms/nationalism	nationalism	nationalism@en	""	""	""	http://homosaurus.org/terms/attitudes||http://homosaurus.org/terms/politicalMovements	""	""	2015-11-28	2015-11-28	""	""
http://homosaurus.org/terms/nativeAmericanCultures	nativeAmericanCultures	native american cultures@en	""	""	""	http://homosaurus.org/terms/americanCultures	""	http://homosaurus.org/terms/nativeAmericans	2015-11-28	2015-11-28	""	""
http://homosaurus.org/terms/nativeAmericanReligions	nativeAmericanReligions	native american religions@en	""	american indian religions@en	""	http://homosaurus.org/terms/religions	""	http://homosaurus.org/terms/nativeAmericans	2015-11-28	2015-11-28	""	""
http://homosaurus.org/terms/nativeAmericanStudies	nativeAmericanStudies	native american studies@en	""	""	""	http://homosaurus.org/terms/ethnicStudies	""	http://homosaurus.org/terms/nativeAmericans	2015-11-28	2015-11-28	""	""
http://homosaurus.org/terms/nativeAmericans	nativeAmericans	native americans@en	""	american indians@en	""	http://homosaurus.org/terms/indigenousPeoples	""	http://homosaurus.org/terms/nativeAmericanCultures||http://homosaurus.org/terms/nativeAmericanReligions||http://homosaurus.org/terms/nativeAmericanStudies	2015-11-28	2015-11-28	""	""
http://homosaurus.org/terms/naturalInsemination	naturalInsemination	natural insemination@en	""	""	""	http://homosaurus.org/terms/insemination	""	""	2015-11-28	2015-11-28	""	""
http://homosaurus.org/terms/naturalSciences	naturalSciences	natural sciences@en	""	""	""	http://homosaurus.org/terms/academicDisciplines	http://homosaurus.org/terms/biology	""	2015-11-28	2015-11-28	""	""
http://homosaurus.org/terms/naturalisation	naturalisation	naturalisation@en	""	naturalization@en	""	""	""	http://homosaurus.org/terms/immigration||http://homosaurus.org/terms/legalStatus	2015-11-28	2015-11-28	""	""
http://homosaurus.org/terms/navy	navy	navy@en	""	""	""	http://homosaurus.org/terms/military	""	http://homosaurus.org/terms/marines||http://homosaurus.org/terms/sailors	2015-11-28	2015-11-28	""	""
http://homosaurus.org/terms/nazism	nazism	nazism@en	""	national socialism@en	""	http://homosaurus.org/terms/rightWingExtremism	""	http://homosaurus.org/terms/neonazism||http://homosaurus.org/terms/shoah	2015-11-28	2015-11-28	""	""
http://homosaurus.org/terms/necrologies	necrologies	necrologies@en	""	""	""	http://homosaurus.org/terms/lifeStories	""	http://homosaurus.org/terms/deathAndDying||http://homosaurus.org/terms/obituaries||http://homosaurus.org/terms/press	2015-11-28	2015-11-28	""	""
http://homosaurus.org/terms/necrophilia	necrophilia	necrophilia@en	""	""	""	http://homosaurus.org/terms/sexualOrientation	""	http://homosaurus.org/terms/deathAndDying	2015-11-28	2015-11-28	""	""
http://homosaurus.org/terms/neighbourhoods	neighbourhoods	neighbourhoods@en	""	""	""	http://homosaurus.org/terms/cities	""	""	2015-11-28	2015-11-28	""	""
http://homosaurus.org/terms/neighbours	neighbours	neighbours@en	""	""	""	""	""	http://homosaurus.org/terms/relationships	2015-11-29	2015-12-03	""	""
http://homosaurus.org/terms/neofascism	neofascism	neofascism@en	""	""	""	http://homosaurus.org/terms/rightWingExtremism	""	http://homosaurus.org/terms/fascism	2015-11-29	2015-11-29	""	""
http://homosaurus.org/terms/neonazism	neonazism	neonazism@en	""	""	""	http://homosaurus.org/terms/rightWingExtremism	""	http://homosaurus.org/terms/nazism	2015-11-29	2015-11-29	""	""
http://homosaurus.org/terms/neovagina	neovagina	neovagina@en	""	""	construction of an entirely new vagina@en	http://homosaurus.org/terms/genderRealignmentSurgery||http://homosaurus.org/terms/vaginas	""	""	2015-11-29	2015-11-29	""	""
http://homosaurus.org/terms/neuroticDisorders	neuroticDisorders	neurotic disorders@en	""	neuroses@en	""	http://homosaurus.org/terms/depression	http://homosaurus.org/terms/hysteria||http://homosaurus.org/terms/phobias	""	2015-11-29	2015-11-29	""	""
http://homosaurus.org/terms/newAgeMovement	newAgeMovement	new age movement@en	""	""	""	http://homosaurus.org/terms/philosophiesOfLife	""	""	2015-11-29	2015-11-29	""	""
http://homosaurus.org/terms/newTestament	newTestament	new testament@en	""	""	""	http://homosaurus.org/terms/bible	""	""	2015-11-29	2015-11-29	""	""
http://homosaurus.org/terms/newsMagazines	newsMagazines	news magazines@en	""	""	""	""	""	""	2015-11-29	2015-11-29	""	""
http://homosaurus.org/terms/newspaperColumns	newspaperColumns	newspaper columns@en	""	""	""	""	""	http://homosaurus.org/terms/press	2015-11-29	2015-11-29	""	""
http://homosaurus.org/terms/newspapers	newspapers	newspapers@en	""	""	""	http://homosaurus.org/terms/press	""	""	2015-11-29	2015-11-29	""	""
http://homosaurus.org/terms/NGOs	NGOs	NGOs@en	""	non-governmental organizations@en||non-governmental organisations@en	""	http://homosaurus.org/terms/organisations	""	http://homosaurus.org/terms/government	2015-11-29	2015-11-29	""	""
http://homosaurus.org/terms/nightLife	nightLife	night life@en	""	""	""	http://homosaurus.org/terms/leisureActivities	""	http://homosaurus.org/terms/bars||http://homosaurus.org/terms/baths||http://homosaurus.org/terms/cinemas||http://homosaurus.org/terms/discos||http://homosaurus.org/terms/literarySalons||http://homosaurus.org/terms/meetingPlaces||http://homosaurus.org/terms/parties||http://homosaurus.org/terms/restaurants||http://homosaurus.org/terms/socialActivitiesClubs	2015-11-29	2015-11-29	""	""
http://homosaurus.org/terms/nipplePlay	nipplePlay	nipple play@en	""	nipple sex@en	""	http://homosaurus.org/terms/sexualPractices	""	""	2015-11-29	2015-11-29	""	""
http://homosaurus.org/terms/nobility	nobility	nobility@en	""	aristocracy @en	""	http://homosaurus.org/terms/socialClasses	http://homosaurus.org/terms/royalty||http://homosaurus.org/terms/samurai	http://homosaurus.org/terms/upperClass	2015-11-29	2015-11-29	""	""
http://homosaurus.org/terms/nomads	nomads	nomads@en	""	""	""	""	http://homosaurus.org/terms/caravanDwellers||http://homosaurus.org/terms/roma	""	2015-11-29	2015-11-29	""	""
http://homosaurus.org/terms/nonviolentResistance	nonviolentResistance	nonviolent resistance@en	""	passive resistance@en	""	http://homosaurus.org/terms/directAction	""	""	2015-11-29	2015-11-29	""	""
http://homosaurus.org/terms/normalisation	normalisation	normalisation@en	""	assimilation@en||normalization@en	the construction of an idealised norm of conduct and the rewarding or punishing individuals for conforming or deviating from this ideal@en	http://homosaurus.org/terms/socialProcesses	""	http://homosaurus.org/terms/heteronormativity||http://homosaurus.org/terms/homonormativity||http://homosaurus.org/terms/socialControl||http://homosaurus.org/terms/socialIntegration	2015-11-29	2015-11-29	""	""
http://homosaurus.org/terms/northAmericanCultures	northAmericanCultures	north american cultures@en	""	""	""	http://homosaurus.org/terms/americanCultures	""	""	2015-11-29	2015-11-29	""	""
http://homosaurus.org/terms/notaries	notaries	notaries@en	""	""	""	http://homosaurus.org/terms/legalOccupations	""	""	2015-11-29	2015-11-29	""	""
http://homosaurus.org/terms/nudeBeaches	nudeBeaches	nude beaches@en	""	""	""	http://homosaurus.org/terms/beaches	""	http://homosaurus.org/terms/nudism	2015-11-29	2015-11-29	""	""
http://homosaurus.org/terms/nudePhotographs	nudePhotographs	nude photographs@en	""	""	""	http://homosaurus.org/terms/photographs	""	http://homosaurus.org/terms/nudes	2015-11-29	2015-11-29	""	""
http://homosaurus.org/terms/nudes	nudes	nudes@en	""	""	""	""	""	http://homosaurus.org/terms/nudePhotographs||http://homosaurus.org/terms/visualArts	2015-11-29	2015-11-29	""	""
http://homosaurus.org/terms/nudism	nudism	nudism@en	""	naturalism@en	""	""	""	http://homosaurus.org/terms/leisureActivities||http://homosaurus.org/terms/nudeBeaches	2015-11-29	2015-11-29	""	""
http://homosaurus.org/terms/nuns	nuns	nuns@en	""	""	""	http://homosaurus.org/terms/clergy	""	http://homosaurus.org/terms/monasteries	2015-11-29	2015-11-29	""	""
http://homosaurus.org/terms/nurses	nurses	nurses@en	""	""	""	http://homosaurus.org/terms/occupationsInHealthCareAndSocialCare	""	http://homosaurus.org/terms/nursing	2015-11-29	2015-11-29	""	""
http://homosaurus.org/terms/nursing	nursing	nursing@en	""	""	""	http://homosaurus.org/terms/healthCare||http://homosaurus.org/terms/psychiatricInstitutions	""	http://homosaurus.org/terms/hospitals||http://homosaurus.org/terms/nurses||http://homosaurus.org/terms/nursingHomes	2015-11-29	2015-11-29	""	""
http://homosaurus.org/terms/nursingHomes	nursingHomes	nursing homes@en	""	""	""	http://homosaurus.org/terms/institutionalCareFacilities	""	http://homosaurus.org/terms/housingForOlderPeople||http://homosaurus.org/terms/nursing	2015-11-29	2015-11-29	""	""
http://homosaurus.org/terms/nutrition	nutrition	nutrition@en	""	""	""	""	""	http://homosaurus.org/terms/cookbooks||http://homosaurus.org/terms/diet||http://homosaurus.org/terms/eatingDisorders||http://homosaurus.org/terms/health||http://homosaurus.org/terms/macrobiotics	2015-11-29	2015-11-29	""	""
http://homosaurus.org/terms/obituaries	obituaries	obituaries@en	""	""	""	http://homosaurus.org/terms/lifeStories	""	http://homosaurus.org/terms/deathAndDying||http://homosaurus.org/terms/deathNotices||http://homosaurus.org/terms/necrologies	2015-11-29	2015-11-29	""	""
http://homosaurus.org/terms/occultism	occultism	occultism@en	""	magic@en	""	http://homosaurus.org/terms/philosophiesOfLife	http://homosaurus.org/terms/astrology||http://homosaurus.org/terms/spiritism||http://homosaurus.org/terms/tarot||http://homosaurus.org/terms/witchcraft	""	2015-11-29	2015-11-29	""	""
http://homosaurus.org/terms/occupationalBans	occupationalBans	occupational bans@en	""	""	""	http://homosaurus.org/terms/coerciveMeasures	""	http://homosaurus.org/terms/occupations	2015-11-29	2015-11-29	""	""
http://homosaurus.org/terms/occupations	occupations	occupations@en	""	professions@en	""	""	http://homosaurus.org/terms/administrativeOccupations||http://homosaurus.org/terms/agriculturalOccupations||http://homosaurus.org/terms/artsAndEntertainmentOccupations||http://homosaurus.org/terms/businessPeople||http://homosaurus.org/terms/clergy||http://homosaurus.org/terms/criminalOccupations||http://homosaurus.org/terms/educationalOccupations||http://homosaurus.org/terms/legalOccupations||http://homosaurus.org/terms/maritimeOccupations||http://homosaurus.org/terms/marketingAndSalesOccupations||http://homosaurus.org/terms/mediaOccupations||http://homosaurus.org/terms/militaryOccupations||http://homosaurus.org/terms/occupationsInHealthCareAndSocialCare||http://homosaurus.org/terms/politicalOccupations||http://homosaurus.org/terms/serviceOccupations||http://homosaurus.org/terms/sportspersons||http://homosaurus.org/terms/tradesAndIndustrialOccupations||http://homosaurus.org/terms/transportationOccupations	http://homosaurus.org/terms/careerChoice||http://homosaurus.org/terms/menInTraditionallyFemale-dominatedOccupations||http://homosaurus.org/terms/occupationalBans||http://homosaurus.org/terms/professionalAssociations||http://homosaurus.org/terms/womenInTraditionallyMale-dominatedOccupations||http://homosaurus.org/terms/workSituation	2015-11-29	2015-11-29	""	""
http://homosaurus.org/terms/criminalOccupations	criminalOccupations	criminal occupations@en	""	""	""	http://homosaurus.org/terms/occupations	http://homosaurus.org/terms/pirates	http://homosaurus.org/terms/crimes||http://homosaurus.org/terms/offenders	2015-11-29	2015-11-29	""	""
http://homosaurus.org/terms/occupationsInHealthCareAndSocialCare	occupationsInHealthCareAndSocialCare	occupations in health care and social care@en	""	medical personnel@en||health professions@en||social care occupations@en||health care occupations@en||health care professionals@en	""	http://homosaurus.org/terms/occupations	http://homosaurus.org/terms/nurses||http://homosaurus.org/terms/pharmacists||http://homosaurus.org/terms/physicians||http://homosaurus.org/terms/socialWorkers||http://homosaurus.org/terms/therapists	http://homosaurus.org/terms/healthCare||http://homosaurus.org/terms/socialCare	2015-11-29	2015-11-29	""	""
http://homosaurus.org/terms/oedipusComplex	oedipusComplex	oedipus complex@en	""	""	""	""	""	""	2015-11-29	2015-11-29	""	""
http://homosaurus.org/terms/offenders	offenders	offenders@en	""	criminals@en	""	""	""	http://homosaurus.org/terms/crimes||http://homosaurus.org/terms/criminalOccupations||http://homosaurus.org/terms/victimsOfCrime	2015-11-29	2015-11-29	""	""
http://homosaurus.org/terms/oldAge	oldAge	old age@en	""	""	""	http://homosaurus.org/terms/phasesOfLife	""	http://homosaurus.org/terms/olderPeople	2015-11-29	2015-11-29	""	""
http://homosaurus.org/terms/oldCatholicChurch	oldCatholicChurch	old catholic church@en	""	""	anti-papal-primacy christian denomination originating with groups that split from the Holy See because they disagreed with essential doctrines@en	http://homosaurus.org/terms/christianity	""	""	2015-11-29	2015-11-29	""	""
http://homosaurus.org/terms/oldCultures	oldCultures	old cultures@en	""	""	""	http://homosaurus.org/terms/cultures	""	""	2015-11-29	2015-11-29	""	""
http://homosaurus.org/terms/oldTestament	oldTestament	old testament@en	""	""	""	http://homosaurus.org/terms/bible	""	""	2015-11-29	2015-11-29	""	""
http://homosaurus.org/terms/olderBisexuals	olderBisexuals	older bisexuals@en	""	""	""	http://homosaurus.org/terms/bisexuals||http://homosaurus.org/terms/olderPeople	""	""	2015-11-29	2015-11-29	""	""
http://homosaurus.org/terms/olderGayMen	olderGayMen	older gay men@en	""	""	""	http://homosaurus.org/terms/gayMen||http://homosaurus.org/terms/olderPeople	""	""	2015-11-29	2015-11-29	""	""
http://homosaurus.org/terms/olderLesbians	olderLesbians	older lesbians@en	""	""	""	http://homosaurus.org/terms/lesbians||http://homosaurus.org/terms/olderPeople	""	""	2015-11-29	2015-11-29	""	""
http://homosaurus.org/terms/olderPeople	olderPeople	older people@en	""	elderly@en||senior citizens@en||seniors@en	""	http://homosaurus.org/terms/adults	http://homosaurus.org/terms/olderBisexuals||http://homosaurus.org/terms/olderGayMen||http://homosaurus.org/terms/olderLesbians||http://homosaurus.org/terms/olderTransgenderPeople	http://homosaurus.org/terms/gerontology||http://homosaurus.org/terms/gerontophilia||http://homosaurus.org/terms/housingForOlderPeople||http://homosaurus.org/terms/oldAge||http://homosaurus.org/terms/olderPeoplesOrganisations	2015-11-29	2015-11-29	""	""
http://homosaurus.org/terms/olderPeoplesOrganisations	olderPeoplesOrganisations	older people's organisations@en	""	elder organisations@en||elder organizations@en||older people's organizations@en	""	http://homosaurus.org/terms/organisations	""	http://homosaurus.org/terms/olderPeople	2015-11-29	2015-11-29	""	""
http://homosaurus.org/terms/olderTransgenderPeople	olderTransgenderPeople	older transgender people@en	""	""	""	http://homosaurus.org/terms/olderPeople||http://homosaurus.org/terms/transgenderPeople	""	""	2015-11-29	2015-11-29	""	""
http://homosaurus.org/terms/olympicGames	olympicGames	olympic games@en	""	olympics@en	""	http://homosaurus.org/terms/sportingEvents	""	http://homosaurus.org/terms/gayGames	2015-11-29	2015-11-29	""	""
http://homosaurus.org/terms/ombudsServices	ombudsServices	ombuds services@en	""	""	""	http://homosaurus.org/terms/socialCare	""	""	2015-11-29	2015-11-29	""	""
http://homosaurus.org/terms/onlineCare	onlineCare	online care@en	""	""	web-based platform that allows patients and healthcare providers to have immediate, live, and clinically meaningful visits through video, secure text chat, and phone@en	http://homosaurus.org/terms/care	""	http://homosaurus.org/terms/internet	2015-11-29	2015-11-29	""	""
http://homosaurus.org/terms/onlineDating	onlineDating	online dating@en	""	internet dating@en	dating system which allows individuals to make contact and communicate with each other over the Internet, usually with the objective of developing a personal, romantic, or sexual relationship@en	http://homosaurus.org/terms/dating	""	http://homosaurus.org/terms/datingWebsites	2015-11-29	2015-11-29	""	""
http://homosaurus.org/terms/onlineGames	onlineGames	online games@en	""	internet games@en	video games played over some form of computer network, usually the internet, using a personal computer, video game console or handheld game console@en	http://homosaurus.org/terms/electronicGames	""	http://homosaurus.org/terms/internet	2015-11-29	2015-11-29	""	""
http://homosaurus.org/terms/opera	opera	opera@en	""	""	""	http://homosaurus.org/terms/musicalTheatre	""	http://homosaurus.org/terms/operetta	2015-11-29	2015-11-29	""	""
http://homosaurus.org/terms/operetta	operetta	operetta@en	""	""	""	http://homosaurus.org/terms/musicalTheatre	""	http://homosaurus.org/terms/opera	2015-11-29	2015-11-29	""	""
http://homosaurus.org/terms/opinionPolls	opinionPolls	opinion polls@en	""	""	""	http://homosaurus.org/terms/research	""	http://homosaurus.org/terms/publicOpinion	2015-11-29	2015-11-29	""	""
http://homosaurus.org/terms/opinions	opinions	opinions@en	""	""	""	http://homosaurus.org/terms/attitudes	http://homosaurus.org/terms/publicOpinion	""	2015-11-29	2015-11-29	""	""
http://homosaurus.org/terms/oppression	oppression	oppression@en	""	""	""	""	""	http://homosaurus.org/terms/discrimination||http://homosaurus.org/terms/persecutions||http://homosaurus.org/terms/violence	2015-11-29	2015-11-29	""	""
http://homosaurus.org/terms/oralHistory	oralHistory	oral history@en	""	""	""	http://homosaurus.org/terms/history	""	http://homosaurus.org/terms/autobiographies	2015-11-29	2015-11-29	""	""
http://homosaurus.org/terms/oralSex	oralSex	oral sex@en	""	""	""	http://homosaurus.org/terms/sexualPractices	http://homosaurus.org/terms/biting||http://homosaurus.org/terms/fellatio||http://homosaurus.org/terms/kissing||http://homosaurus.org/terms/licking	""	2015-11-29	2015-11-29	""	""
http://homosaurus.org/terms/organDonors	organDonors	organ donors@en	""	""	""	""	""	http://homosaurus.org/terms/donors	2015-11-29	2015-11-29	""	""
http://homosaurus.org/terms/organisations	organisations	organisations@en	""	organizations@en	""	""	http://homosaurus.org/terms/AIDSOrganisations||http://homosaurus.org/terms/broadcastingNetworks||http://homosaurus.org/terms/financialInstitutions||http://homosaurus.org/terms/housingAssociations||http://homosaurus.org/terms/humanRightsOrganisations||http://homosaurus.org/terms/internationalOrganisations||http://homosaurus.org/terms/mensOrganisations||http://homosaurus.org/terms/NGOs||http://homosaurus.org/terms/olderPeoplesOrganisations||http://homosaurus.org/terms/organisationsForSexualResearchAndSexualReform||http://homosaurus.org/terms/parentsOrganisations||http://homosaurus.org/terms/patientSupportGroups||http://homosaurus.org/terms/professionalAssociations||http://homosaurus.org/terms/religiousOrganisations||http://homosaurus.org/terms/socialServiceOrganisations||http://homosaurus.org/terms/tradeUnions||http://homosaurus.org/terms/womensOrganisations||http://homosaurus.org/terms/youthOrganisations	""	2015-11-29	2015-11-29	""	""
http://homosaurus.org/terms/organisationsForSexualResearchAndSexualReform	organisationsForSexualResearchAndSexualReform	organisations for sexual research and  sexual reform@en	""	sexual reform organizations@en||sexual research organizations@en||sexual research organisations@en||organizations for sexual research and sexual reform@en||sexual reform organisations@en	""	http://homosaurus.org/terms/organisations	""	http://homosaurus.org/terms/sexuality	2015-11-29	2015-11-29	""	""
http://homosaurus.org/terms/organizationOfAmericanStates	organizationOfAmericanStates	organization of american states@en	""	OAS@en	""	http://homosaurus.org/terms/internationalOrganisations	""	""	2015-11-29	2015-11-29	""	""
http://homosaurus.org/terms/orgasm	orgasm	orgasm@en	""	""	""	http://homosaurus.org/terms/sexualExcitement	""	""	2015-11-29	2015-11-29	""	""
http://homosaurus.org/terms/orphans	orphans	orphans@en	""	""	""	http://homosaurus.org/terms/bereavedPeople	""	""	2015-11-29	2015-11-29	""	""
http://homosaurus.org/terms/OSCE	OSCE	OSCE@en	""	organization for security and co-operation in europe@en	""	http://homosaurus.org/terms/internationalOrganisations	""	""	2015-11-29	2015-11-29	""	""
http://homosaurus.org/terms/outgames	outgames	outgames@en	""	""	""	http://homosaurus.org/terms/sportingEvents	""	http://homosaurus.org/terms/gayGames	2015-11-29	2015-11-29	""	""
http://homosaurus.org/terms/outing	outing	outing@en	""	""	""	http://homosaurus.org/terms/directAction	""	http://homosaurus.org/terms/comingOut||http://homosaurus.org/terms/secrecy	2015-11-29	2015-11-29	""	""
http://homosaurus.org/terms/overweightPeople	overweightPeople	overweight people@en	""	fat people@en	""	""	http://homosaurus.org/terms/chubs	http://homosaurus.org/terms/physicalCharacteristics	2015-11-29	2015-11-29	""	""
http://homosaurus.org/terms/pacificIslanderCultures	pacificIslanderCultures	pacific islander cultures@en	""	""	""	http://homosaurus.org/terms/cultures	""	http://homosaurus.org/terms/papuans	2015-11-29	2015-11-29	""	""
http://homosaurus.org/terms/paganism	paganism	paganism@en	""	""	""	http://homosaurus.org/terms/philosophiesOfLife	""	http://homosaurus.org/terms/religions	2015-11-29	2015-11-29	""	""
http://homosaurus.org/terms/painting	painting	painting@en	""	""	""	http://homosaurus.org/terms/visualArts	""	""	2015-11-29	2015-11-29	""	""
http://homosaurus.org/terms/papuans	papuans	papuans@en	""	""	""	http://homosaurus.org/terms/indigenousPeoples	""	http://homosaurus.org/terms/pacificIslanderCultures	2015-11-29	2015-11-29	""	""
http://homosaurus.org/terms/paramilitaries	paramilitaries	paramilitaries@en	""	paramilitary groups@en||militias@en	""	http://homosaurus.org/terms/military	""	""	2015-11-29	2015-11-29	""	""
http://homosaurus.org/terms/paranoia	paranoia	paranoia@en	""	""	""	""	""	""	2015-11-29	2015-11-29	""	""
http://homosaurus.org/terms/parentalAuthority	parentalAuthority	parental authority@en	""	parental responsibility@en	""	""	""	http://homosaurus.org/terms/childCustody||http://homosaurus.org/terms/parentalRights||http://homosaurus.org/terms/personalAndFamilyLaw	2015-11-29	2015-11-29	""	""
http://homosaurus.org/terms/parentalLeave	parentalLeave	parental leave@en	""	pregnancy leave@en||maternity leave@en	""	""	""	http://homosaurus.org/terms/workSituation	2015-11-29	2015-11-29	""	""
http://homosaurus.org/terms/parentalRights	parentalRights	parental rights@en	""	""	""	http://homosaurus.org/terms/legalStatus	""	http://homosaurus.org/terms/parentalAuthority||http://homosaurus.org/terms/parenthood||http://homosaurus.org/terms/personalAndFamilyLaw	2015-11-29	2015-11-29	""	""
http://homosaurus.org/terms/parenthood	parenthood	parenthood@en	""	parenting@en	""	""	http://homosaurus.org/terms/biologicalParenthood||http://homosaurus.org/terms/fatherhood||http://homosaurus.org/terms/motherhood||http://homosaurus.org/terms/socialParenthood	http://homosaurus.org/terms/desireToHaveChildren||http://homosaurus.org/terms/parentalRights||http://homosaurus.org/terms/parents||http://homosaurus.org/terms/upbringing||http://homosaurus.org/terms/visitationRights	2015-11-29	2015-11-29	""	""
http://homosaurus.org/terms/parents	parents	parents@en	""	""	""	http://homosaurus.org/terms/familyMembers	http://homosaurus.org/terms/adoptiveParents||http://homosaurus.org/terms/birthParents||http://homosaurus.org/terms/bisexualParents||http://homosaurus.org/terms/co-parents||http://homosaurus.org/terms/fathers||http://homosaurus.org/terms/fosterParents||http://homosaurus.org/terms/gayParents||http://homosaurus.org/terms/grandparents||http://homosaurus.org/terms/lesbianParents||http://homosaurus.org/terms/mothers||http://homosaurus.org/terms/parents-in-law||http://homosaurus.org/terms/parentsOfBisexuals||http://homosaurus.org/terms/parentsOfCrossdressers||http://homosaurus.org/terms/parentsOfGayMen||http://homosaurus.org/terms/parentsOfLesbians||http://homosaurus.org/terms/parentsOfPedophiles||http://homosaurus.org/terms/parentsOfTransgenderPeople||http://homosaurus.org/terms/singleParents||http://homosaurus.org/terms/stepParents||http://homosaurus.org/terms/transgenderParents	http://homosaurus.org/terms/childhood||http://homosaurus.org/terms/parenthood||http://homosaurus.org/terms/parentsOrganisations	2015-11-29	2015-11-29	""	""
http://homosaurus.org/terms/parentsOfBisexuals	parentsOfBisexuals	parents of bisexuals@en	""	bisexuals' parents@en	""	http://homosaurus.org/terms/parents	""	http://homosaurus.org/terms/bisexuals	2015-11-29	2015-11-29	""	""
http://homosaurus.org/terms/parentsOfCrossdressers	parentsOfCrossdressers	parents of crossdressers@en	""	""	""	http://homosaurus.org/terms/parents	""	http://homosaurus.org/terms/crossdressers	2015-11-29	2015-11-29	""	""
http://homosaurus.org/terms/parentsOfGayMen	parentsOfGayMen	parents of gay men@en	""	gay men's parents@en	""	http://homosaurus.org/terms/parents	http://homosaurus.org/terms/fathersOfGayMen||http://homosaurus.org/terms/mothersOfGayMen	http://homosaurus.org/terms/gayMen	2015-11-29	2015-11-29	""	""
http://homosaurus.org/terms/parentsOfLesbians	parentsOfLesbians	parents of lesbians@en	""	lesbians' parents@en	""	http://homosaurus.org/terms/parents	http://homosaurus.org/terms/fathersOfLesbians||http://homosaurus.org/terms/mothersOfLesbians	http://homosaurus.org/terms/lesbians	2015-11-29	2015-11-29	""	""
http://homosaurus.org/terms/parentsOfPedophiles	parentsOfPedophiles	parents of pedophiles@en	""	pedophiles' parents@en	""	http://homosaurus.org/terms/parents	""	http://homosaurus.org/terms/pedophiles	2015-11-29	2015-11-29	""	""
http://homosaurus.org/terms/parentsOfTransgenderPeople	parentsOfTransgenderPeople	parents of transgender people@en	""	transgender people's parents@en||parents of transgenders@en	""	http://homosaurus.org/terms/parents	""	http://homosaurus.org/terms/transgenderPeople	2015-11-29	2015-11-29	""	""
http://homosaurus.org/terms/parentsOrganisations	parentsOrganisations	parents’ organisations@en	""	parents’ organizations@en	""	http://homosaurus.org/terms/organisations	""	http://homosaurus.org/terms/parents	2015-11-29	2015-11-29	""	""
http://homosaurus.org/terms/parents-in-law	parents-in-law	parents-in-law@en	""	in-laws@en	""	http://homosaurus.org/terms/parents	""	""	2015-11-29	2015-11-29	""	""
http://homosaurus.org/terms/parkingLots	parkingLots	parking lots@en	""	""	""	http://homosaurus.org/terms/publicSpace	""	""	2015-11-29	2015-11-29	""	""
http://homosaurus.org/terms/parks	parks	parks@en	""	""	""	http://homosaurus.org/terms/publicSpace	""	""	2015-11-29	2015-11-29	""	""
http://homosaurus.org/terms/parliaments	parliaments	parliaments@en	""	""	""	http://homosaurus.org/terms/government	http://homosaurus.org/terms/europeanParliament	""	2015-11-29	2015-11-29	""	""
http://homosaurus.org/terms/parties	parties	parties@en	""	""	""	""	http://homosaurus.org/terms/sexParties	http://homosaurus.org/terms/events||http://homosaurus.org/terms/nightLife	2015-11-29	2015-11-29	""	""
http://homosaurus.org/terms/partnerNotification	partnerNotification	partner notification@en	""	""	the practice of notifying the sexual partners of a person who has been newly diagnosed with a sexually transmitted infection that they may have been exposed to the infection@en	""	""	http://homosaurus.org/terms/partners||http://homosaurus.org/terms/prevention||http://homosaurus.org/terms/sexualRelationships||http://homosaurus.org/terms/STDs	2015-11-29	2015-11-29	""	""
http://homosaurus.org/terms/partnerPreference	partnerPreference	partner preference@en	""	""	""	""	""	http://homosaurus.org/terms/sexualRelationships	2015-11-29	2015-11-29	""	""
http://homosaurus.org/terms/partnerRights	partnerRights	partner rights@en	""	""	""	http://homosaurus.org/terms/legalStatus	""	http://homosaurus.org/terms/partners	2015-11-29	2015-11-29	""	""
http://homosaurus.org/terms/partners	partners	partners@en	""	""	""	""	http://homosaurus.org/terms/partnersOfBisexuals||http://homosaurus.org/terms/partnersOfGayMen||http://homosaurus.org/terms/partnersOfLesbians||http://homosaurus.org/terms/partnersOfTransgenderPeople	http://homosaurus.org/terms/couples||http://homosaurus.org/terms/domesticPartnerships||http://homosaurus.org/terms/familyMembers||http://homosaurus.org/terms/intimatePartnerViolence||http://homosaurus.org/terms/lovers||http://homosaurus.org/terms/partnerNotification||http://homosaurus.org/terms/partnerRights||http://homosaurus.org/terms/relationships	2015-11-29	2015-11-29	""	""
http://homosaurus.org/terms/partnersOfBisexuals	partnersOfBisexuals	partners of bisexuals@en	""	""	""	http://homosaurus.org/terms/partners	""	http://homosaurus.org/terms/bisexuals	2015-11-29	2015-11-29	""	""
http://homosaurus.org/terms/partnersOfGayMen	partnersOfGayMen	partners of gay men@en	""	""	""	http://homosaurus.org/terms/partners	""	http://homosaurus.org/terms/gayMen	2015-11-29	2015-11-29	""	""
http://homosaurus.org/terms/partnersOfLesbians	partnersOfLesbians	partners of lesbians@en	""	""	""	http://homosaurus.org/terms/partners	""	http://homosaurus.org/terms/lesbians	2015-11-29	2015-11-29	""	""
http://homosaurus.org/terms/partnersOfTransgenderPeople	partnersOfTransgenderPeople	partners of transgender people@en	""	partners of transgenders@en	""	http://homosaurus.org/terms/partners	""	http://homosaurus.org/terms/transgenderPeople	2015-11-29	2015-11-29	""	""
http://homosaurus.org/terms/partyDrugs	partyDrugs	party drugs@en	""	""	""	http://homosaurus.org/terms/drugs	http://homosaurus.org/terms/cocaine||http://homosaurus.org/terms/ecstasy||http://homosaurus.org/terms/methamphetamines	""	2015-11-29	2015-11-29	""	""
http://homosaurus.org/terms/partyGames	partyGames	party games@en	""	""	""	http://homosaurus.org/terms/games	""	http://homosaurus.org/terms/leisureActivities	2015-11-29	2015-11-29	""	""
http://homosaurus.org/terms/passing	passing	passing@en	""	""	presenting oneself as a member of the opposite gender; gender@en	""	""	http://homosaurus.org/terms/crossdressers||http://homosaurus.org/terms/gender||http://homosaurus.org/terms/stealth||http://homosaurus.org/terms/transgenderPeople	2015-11-29	2015-11-29	""	""
http://homosaurus.org/terms/passiveImmuneTherapy	passiveImmuneTherapy	passive immune therapy@en	""	""	""	http://homosaurus.org/terms/medication	""	http://homosaurus.org/terms/HIVAIDS	2015-11-29	2015-11-29	""	""
http://homosaurus.org/terms/pastoralCare	pastoralCare	pastoral care@en	""	""	""	http://homosaurus.org/terms/care	""	http://homosaurus.org/terms/religions	2015-11-29	2015-11-29	""	""
http://homosaurus.org/terms/pathology	pathology	pathology@en	""	""	""	http://homosaurus.org/terms/medicine	http://homosaurus.org/terms/psychopathology	""	2015-11-29	2015-11-29	""	""
http://homosaurus.org/terms/patientSupportGroups	patientSupportGroups	patient support groups@en	""	""	""	http://homosaurus.org/terms/organisations||http://homosaurus.org/terms/supportGroups	""	http://homosaurus.org/terms/patients	2015-11-29	2015-11-29	""	""
http://homosaurus.org/terms/patients	patients	patients@en	""	""	""	""	""	http://homosaurus.org/terms/healthCare||http://homosaurus.org/terms/patientSupportGroups	2015-11-29	2015-11-29	""	""
http://homosaurus.org/terms/patriarchy	patriarchy	patriarchy@en	""	""	""	http://homosaurus.org/terms/society	""	http://homosaurus.org/terms/matriarchy	2015-11-29	2015-11-29	""	""
http://homosaurus.org/terms/patronage	patronage	patronage@en	""	""	""	""	""	""	2015-11-29	2015-11-29	""	""
http://homosaurus.org/terms/peaceMovement	peaceMovement	peace movement@en	""	anti-war movements@en	""	http://homosaurus.org/terms/socialMovements	""	""	2015-11-29	2015-11-29	""	""
http://homosaurus.org/terms/pedagogicalEros	pedagogicalEros	pedagogical eros@en	""	""	freely chosen relationships between a teacher-leader and a pupil-friend that entails veneration, fidelity and love@en	""	""	http://homosaurus.org/terms/eroticism||http://homosaurus.org/terms/pedophilia||http://homosaurus.org/terms/upbringing	2015-11-29	2015-11-29	""	""
http://homosaurus.org/terms/pedagogy	pedagogy	pedagogy@en	""	""	the study of being a teacher or the process of teaching@en	http://homosaurus.org/terms/socialAndBehaviouralSciences	""	http://homosaurus.org/terms/education||http://homosaurus.org/terms/upbringing	2015-11-29	2015-11-29	""	""
http://homosaurus.org/terms/pederasty	pederasty	pederasty@en	""	""	erotic relationship between an adult man and an adolescent boy; use only in historical context@en	http://homosaurus.org/terms/pedophilia	""	http://homosaurus.org/terms/sodomy	2015-11-29	2015-11-29	""	""
http://homosaurus.org/terms/pediatricians	pediatricians	pediatricians@en	""	""	""	http://homosaurus.org/terms/physicians	""	""	2015-11-29	2015-11-29	""	""
http://homosaurus.org/terms/pedophileMovement	pedophileMovement	pedophile movement@en	""	pedophile organisations@en||pedophile organizations@en	""	http://homosaurus.org/terms/socialMovements	""	http://homosaurus.org/terms/pedophilePeriodicals||http://homosaurus.org/terms/pedophilia	2015-11-29	2015-11-29	""	""
http://homosaurus.org/terms/pedophilePeriodicals	pedophilePeriodicals	pedophile periodicals@en	""	""	""	http://homosaurus.org/terms/press	""	http://homosaurus.org/terms/pedophileMovement	2015-11-29	2015-11-29	""	""
http://homosaurus.org/terms/pedophiles	pedophiles	pedophiles@en	""	pedosexuals@en	""	""	""	http://homosaurus.org/terms/parentsOfPedophiles	2015-11-29	2015-11-29	""	""
http://homosaurus.org/terms/pedophilia	pedophilia	pedophilia@en	""	paedophilia@en	""	http://homosaurus.org/terms/sexualOrientation	http://homosaurus.org/terms/femalePedophilia||http://homosaurus.org/terms/pederasty	http://homosaurus.org/terms/childrensSexuality||http://homosaurus.org/terms/intergenerationalRelationships||http://homosaurus.org/terms/pedagogicalEros||http://homosaurus.org/terms/pedophileMovement	2015-11-29	2015-11-29	""	""
http://homosaurus.org/terms/peepShows	peepShows	peep shows@en	""	peepshows@en	""	""	""	http://homosaurus.org/terms/sexIndustry	2015-11-29	2015-11-29	""	""
http://homosaurus.org/terms/penilePlethysmography	penilePlethysmography	penile plethysmography@en	""	penile response measurement@en||phallometry@en	assessments of penile tumescence in response to erotic stimuli in order to test sexual preference of excitement@en	http://homosaurus.org/terms/researchMethods	""	http://homosaurus.org/terms/penises	2015-11-29	2015-11-29	""	""
http://homosaurus.org/terms/penises	penises	penises@en	""	""	""	http://homosaurus.org/terms/genitals	""	http://homosaurus.org/terms/penilePlethysmography	2015-11-29	2015-11-29	""	""
http://homosaurus.org/terms/pensionFunds	pensionFunds	pension funds@en	""	""	""	http://homosaurus.org/terms/financialInstitutions	""	http://homosaurus.org/terms/retirementBenefits	2015-11-29	2015-11-29	""	""
http://homosaurus.org/terms/pensionSurvivorsBenefits	pensionSurvivorsBenefits	pension survivors benefits@en	""	survivors benefits insurance@en	""	http://homosaurus.org/terms/retirementBenefits	""	http://homosaurus.org/terms/bereavedPeople	2015-11-29	2015-11-29	""	""
http://homosaurus.org/terms/pentecostalism	pentecostalism	pentecostalism@en	""	pentecostal church@en	""	http://homosaurus.org/terms/christianity	""	""	2015-11-29	2015-11-29	""	""
http://homosaurus.org/terms/peopleWithDevelopmentalDisabilities	peopleWithDevelopmentalDisabilities	people with developmental disabilities@en	""	developmentally disabled people@en||people with intellectual disabilities@en||mentally retarded@en||people with cognitive impairments @en||mentally handicapped@en||mentally disabled people@en	""	http://homosaurus.org/terms/peopleWithDisabilities	""	""	2015-11-29	2015-11-29	""	""
http://homosaurus.org/terms/peopleWithDisabilities	peopleWithDisabilities	people with disabilities@en	""	handicapped people@en||disabled people@en	""	""	http://homosaurus.org/terms/peopleWithDevelopmentalDisabilities||http://homosaurus.org/terms/peopleWithPhysicalDisabilities	http://homosaurus.org/terms/ableism||http://homosaurus.org/terms/disabilityStudies	2015-11-29	2015-11-29	""	""
http://homosaurus.org/terms/peopleWithHearingImpairments	peopleWithHearingImpairments	people with hearing impairments@en	""	auditive disabled people@en||people with hearing disabilities@en	""	http://homosaurus.org/terms/peopleWithPhysicalDisabilities	http://homosaurus.org/terms/deafPeople	http://homosaurus.org/terms/hearingImpairments	2015-11-29	2015-11-29	""	""
http://homosaurus.org/terms/peopleWithPhysicalDisabilities	peopleWithPhysicalDisabilities	people with physical disabilities@en	""	physically disabled people@en||people with motor disabilities@en||physically challenged people@en	""	http://homosaurus.org/terms/peopleWithDisabilities	http://homosaurus.org/terms/peopleWithHearingImpairments||http://homosaurus.org/terms/peopleWithVisualDisabilities	http://homosaurus.org/terms/physicalDisabilities	2015-11-29	2015-11-29	""	""
http://homosaurus.org/terms/peopleWithVisualDisabilities	peopleWithVisualDisabilities	people with visual disabilities@en	""	people with visual impairments@en||visually disabled people@en	""	http://homosaurus.org/terms/peopleWithPhysicalDisabilities	http://homosaurus.org/terms/blindPeople	http://homosaurus.org/terms/visualDisabilities	2015-11-29	2015-11-29	""	""
http://homosaurus.org/terms/performingArts	performingArts	performing arts@en	""	""	""	http://homosaurus.org/terms/arts	http://homosaurus.org/terms/dance||http://homosaurus.org/terms/music||http://homosaurus.org/terms/theatre	""	2015-11-29	2015-11-29	""	""
http://homosaurus.org/terms/persecutionOfGayMen	persecutionOfGayMen	persecution of gay men@en	""	""	""	http://homosaurus.org/terms/persecutions	""	""	2015-11-29	2015-11-29	""	""
http://homosaurus.org/terms/persecutionOfLesbians	persecutionOfLesbians	persecution of lesbians@en	""	""	""	http://homosaurus.org/terms/persecutions	""	""	2015-11-29	2015-11-29	""	""
http://homosaurus.org/terms/persecutionOfTransgenderPeople	persecutionOfTransgenderPeople	persecution of transgender people@en	""	""	""	http://homosaurus.org/terms/persecutions	""	http://homosaurus.org/terms/transgenderPeople	2015-11-29	2015-11-29	""	""
http://homosaurus.org/terms/persecutions	persecutions	persecutions@en	""	""	large scale persecutions@en	""	http://homosaurus.org/terms/persecutionOfGayMen||http://homosaurus.org/terms/persecutionOfLesbians||http://homosaurus.org/terms/persecutionOfTransgenderPeople||http://homosaurus.org/terms/policeRaids||http://homosaurus.org/terms/shoah	http://homosaurus.org/terms/concentrationCamps||http://homosaurus.org/terms/crimesAgainstHumanity||http://homosaurus.org/terms/discrimination||http://homosaurus.org/terms/oppression||http://homosaurus.org/terms/refugees||http://homosaurus.org/terms/violence	2015-11-29	2015-11-29	""	""
http://homosaurus.org/terms/personalAndFamilyLaw	personalAndFamilyLaw	personal and family law@en	""	""	""	http://homosaurus.org/terms/civilRights	http://homosaurus.org/terms/legalName||http://homosaurus.org/terms/marriageLaw||http://homosaurus.org/terms/supportLiability	http://homosaurus.org/terms/adoption||http://homosaurus.org/terms/birthCertificateAmendments||http://homosaurus.org/terms/childCustody||http://homosaurus.org/terms/childWelfare||http://homosaurus.org/terms/domesticPartnershipContracts||http://homosaurus.org/terms/domesticPartnershipRetirementBenefits||http://homosaurus.org/terms/parentalAuthority||http://homosaurus.org/terms/parentalRights||http://homosaurus.org/terms/visitationRights	2015-11-29	2015-11-29	""	""
http://homosaurus.org/terms/personalCharacteristics	personalCharacteristics	personal characteristics@en	""	""	""	""	http://homosaurus.org/terms/heredity||http://homosaurus.org/terms/physicalCharacteristics||http://homosaurus.org/terms/psychologicalCharacteristics||http://homosaurus.org/terms/psychologicalProcesses	http://homosaurus.org/terms/typologies	2015-11-29	2015-11-29	""	""
http://homosaurus.org/terms/personalPapers	personalPapers	personal papers@en	""	""	""	""	http://homosaurus.org/terms/autobiographies||http://homosaurus.org/terms/diaries||http://homosaurus.org/terms/letters	""	2015-11-29	2015-11-29	""	""
http://homosaurus.org/terms/personalityDisorders	personalityDisorders	personality disorders@en	""	""	""	http://homosaurus.org/terms/mentalDisorders	http://homosaurus.org/terms/borderlinePersonalityDisorder||http://homosaurus.org/terms/multiplePersonalityDisorder	""	2015-11-29	2015-11-29	""	""
http://homosaurus.org/terms/personals	personals	personals@en	""	""	""	http://homosaurus.org/terms/advertisements	""	http://homosaurus.org/terms/dating	2015-11-29	2015-11-29	""	""
http://homosaurus.org/terms/personnelManagement	personnelManagement	personnel management@en	""	""	""	""	http://homosaurus.org/terms/dismissalOfEmployees||http://homosaurus.org/terms/employmentSuspension||http://homosaurus.org/terms/jobApplications||http://homosaurus.org/terms/personnelScreening	http://homosaurus.org/terms/affirmativeAction||http://homosaurus.org/terms/employmentPolicies	2015-11-29	2015-11-29	""	""
http://homosaurus.org/terms/personnelScreening	personnelScreening	personnel screening@en	""	""	""	http://homosaurus.org/terms/personnelManagement	""	http://homosaurus.org/terms/securityRisks	2015-11-29	2015-11-29	""	""
http://homosaurus.org/terms/petitions	petitions	petitions@en	""	appeals@en	""	http://homosaurus.org/terms/directAction	""	""	2015-11-29	2015-11-29	""	""
http://homosaurus.org/terms/pets	pets	pets@en	""	""	""	http://homosaurus.org/terms/animals	""	""	2015-11-29	2015-11-29	""	""
http://homosaurus.org/terms/phallicSex	phallicSex	phallic sex@en	""	""	""	http://homosaurus.org/terms/sexualPractices	http://homosaurus.org/terms/analIntercourse||http://homosaurus.org/terms/fellatio||http://homosaurus.org/terms/wanking	""	2015-11-29	2015-11-29	""	""
http://homosaurus.org/terms/pharmaceuticalIndustry	pharmaceuticalIndustry	pharmaceutical industry@en	""	""	""	http://homosaurus.org/terms/industries	""	http://homosaurus.org/terms/medication	2015-11-29	2015-11-29	""	""
http://homosaurus.org/terms/pharmacists	pharmacists	pharmacists@en	""	""	""	http://homosaurus.org/terms/occupationsInHealthCareAndSocialCare	""	""	2015-11-29	2015-11-29	""	""
http://homosaurus.org/terms/phasesOfLife	phasesOfLife	phases of life@en	""	""	""	""	http://homosaurus.org/terms/adolescence||http://homosaurus.org/terms/adulthood||http://homosaurus.org/terms/childhood||http://homosaurus.org/terms/oldAge	http://homosaurus.org/terms/ageGroups	2015-11-29	2015-11-29	""	""
http://homosaurus.org/terms/philosophers	philosophers	philosophers@en	""	""	""	http://homosaurus.org/terms/academics	""	http://homosaurus.org/terms/philosophy	2015-11-29	2015-11-29	""	""
http://homosaurus.org/terms/philosophiesOfLife	philosophiesOfLife	philosophies of life@en	""	""	""	""	http://homosaurus.org/terms/anthroposophy||http://homosaurus.org/terms/asceticism||http://homosaurus.org/terms/atheism||http://homosaurus.org/terms/freemasonry||http://homosaurus.org/terms/freethinking||http://homosaurus.org/terms/goddessMovement||http://homosaurus.org/terms/holism||http://homosaurus.org/terms/humanism||http://homosaurus.org/terms/newAgeMovement||http://homosaurus.org/terms/occultism||http://homosaurus.org/terms/paganism||http://homosaurus.org/terms/scientology||http://homosaurus.org/terms/theosophy	http://homosaurus.org/terms/ethics||http://homosaurus.org/terms/ideologies||http://homosaurus.org/terms/philosophy||http://homosaurus.org/terms/reincarnation||http://homosaurus.org/terms/religions||http://homosaurus.org/terms/rites||http://homosaurus.org/terms/spirituality||http://homosaurus.org/terms/yoga	2015-11-29	2015-11-29	""	""
http://homosaurus.org/terms/philosophy	philosophy	philosophy@en	""	""	""	http://homosaurus.org/terms/humanities	http://homosaurus.org/terms/aesthetics||http://homosaurus.org/terms/ethics||http://homosaurus.org/terms/metaphysics||http://homosaurus.org/terms/philosophyOfScience	http://homosaurus.org/terms/existentialism||http://homosaurus.org/terms/philosophers||http://homosaurus.org/terms/philosophiesOfLife	2015-11-29	2015-11-29	""	""
http://homosaurus.org/terms/philosophyOfScience	philosophyOfScience	philosophy of science@en	""	theory of knowledge@en||epistemology@en	""	http://homosaurus.org/terms/philosophy	""	""	2015-11-29	2015-11-29	""	""
http://homosaurus.org/terms/phobias	phobias	phobias@en	""	""	""	http://homosaurus.org/terms/neuroticDisorders	http://homosaurus.org/terms/AIDSPhobia||http://homosaurus.org/terms/fearOfDeath||http://homosaurus.org/terms/xenophobia	http://homosaurus.org/terms/biphobia||http://homosaurus.org/terms/hate||http://homosaurus.org/terms/homophobia||http://homosaurus.org/terms/islamophobia||http://homosaurus.org/terms/lesbophobia||http://homosaurus.org/terms/transphobia	2015-11-29	2015-11-29	""	""
http://homosaurus.org/terms/phoneSex	phoneSex	phone sex@en	""	telephone sex@en	""	http://homosaurus.org/terms/sexualPractices	""	http://homosaurus.org/terms/phoneSexWorkers||http://homosaurus.org/terms/sexIndustry	2015-11-29	2015-11-29	""	""
http://homosaurus.org/terms/phoneSexWorkers	phoneSexWorkers	phone sex workers@en	""	phone sex operators@en	""	http://homosaurus.org/terms/sexWorkers	""	http://homosaurus.org/terms/phoneSex	2015-11-29	2015-11-29	""	""
http://homosaurus.org/terms/photoBooks	photoBooks	photo books@en	""	""	""	http://homosaurus.org/terms/books	""	http://homosaurus.org/terms/photography	2015-11-29	2015-11-29	""	""
http://homosaurus.org/terms/photoMagazines	photoMagazines	photo magazines@en	""	""	""	http://homosaurus.org/terms/press	""	http://homosaurus.org/terms/photography	2015-11-29	2015-11-29	""	""
http://homosaurus.org/terms/photographers	photographers	photographers@en	""	""	""	http://homosaurus.org/terms/artsAndEntertainmentOccupations	""	http://homosaurus.org/terms/photography	2015-11-29	2015-11-29	""	""
http://homosaurus.org/terms/photographs	photographs	photographs@en	""	""	""	http://homosaurus.org/terms/audiovisualMedia	http://homosaurus.org/terms/nudePhotographs	http://homosaurus.org/terms/photography	2015-11-29	2015-11-29	""	""
http://homosaurus.org/terms/photography	photography	photography@en	""	""	""	http://homosaurus.org/terms/visualArts	""	http://homosaurus.org/terms/photoBooks||http://homosaurus.org/terms/photographers||http://homosaurus.org/terms/photographicModels||http://homosaurus.org/terms/photographs||http://homosaurus.org/terms/photoMagazines	2015-11-29	2015-11-29	""	""
http://homosaurus.org/terms/photographicModels	photographicModels	photographic models@en	""	""	""	http://homosaurus.org/terms/artsAndEntertainmentOccupations	""	http://homosaurus.org/terms/photography	2015-11-29	2015-11-29	""	""
http://homosaurus.org/terms/physicalAffection	physicalAffection	physical affection@en	""	""	nonsexual physical contact@en	""	http://homosaurus.org/terms/kissing	http://homosaurus.org/terms/body||http://homosaurus.org/terms/eroticism||http://homosaurus.org/terms/massage	2015-11-29	2015-11-29	""	""
http://homosaurus.org/terms/physicalCharacteristics	physicalCharacteristics	physical characteristics@en	""	""	""	http://homosaurus.org/terms/personalCharacteristics	http://homosaurus.org/terms/appearance||http://homosaurus.org/terms/chromosomes||http://homosaurus.org/terms/genes||http://homosaurus.org/terms/hormones||http://homosaurus.org/terms/intersex||http://homosaurus.org/terms/menopause||http://homosaurus.org/terms/menstruation	http://homosaurus.org/terms/body||http://homosaurus.org/terms/overweightPeople	2015-11-29	2015-11-29	""	""
http://homosaurus.org/terms/physicalDisabilities	physicalDisabilities	physical disabilities@en	""	""	""	http://homosaurus.org/terms/disabilities	http://homosaurus.org/terms/hearingImpairments||http://homosaurus.org/terms/visualDisabilities	http://homosaurus.org/terms/peopleWithPhysicalDisabilities||http://homosaurus.org/terms/physicalDisorders||http://homosaurus.org/terms/physicalHealth	2015-11-29	2015-11-29	""	""
http://homosaurus.org/terms/physicalDisorders	physicalDisorders	physical disorders@en	""	somatic disorders@en||bodily disorders@en	""	http://homosaurus.org/terms/medicalDisorders	http://homosaurus.org/terms/allergies||http://homosaurus.org/terms/cancer||http://homosaurus.org/terms/chronicFatigueSyndrome||http://homosaurus.org/terms/gynaecologicDisorders||http://homosaurus.org/terms/haemophilia||http://homosaurus.org/terms/MS||http://homosaurus.org/terms/scabies||http://homosaurus.org/terms/STDs||http://homosaurus.org/terms/tuberculosis	http://homosaurus.org/terms/infection||http://homosaurus.org/terms/physicalDisabilities	2015-11-29	2015-11-29	""	""
http://homosaurus.org/terms/physicalEducation	physicalEducation	physical education@en	""	""	""	http://homosaurus.org/terms/education	""	http://homosaurus.org/terms/physicalFitness||http://homosaurus.org/terms/sports	2015-11-29	2015-11-29	""	""
http://homosaurus.org/terms/physicalFitness	physicalFitness	physical fitness@en	""	fitness@en	""	http://homosaurus.org/terms/physicalHealth	""	http://homosaurus.org/terms/physicalEducation||http://homosaurus.org/terms/sports	2015-11-29	2015-11-29	""	""
http://homosaurus.org/terms/physicalHealth	physicalHealth	physical health@en	""	""	""	http://homosaurus.org/terms/health	http://homosaurus.org/terms/physicalFitness	http://homosaurus.org/terms/physicalDisabilities	2015-11-29	2015-11-29	""	""
http://homosaurus.org/terms/physicalHealthCare	physicalHealthCare	physical health care@en	""	""	""	http://homosaurus.org/terms/healthCare	""	http://homosaurus.org/terms/therapies||http://homosaurus.org/terms/vaccination	2015-11-29	2015-11-29	""	""
http://homosaurus.org/terms/physicalTherapy	physicalTherapy	physical therapy@en	""	physiotherapy@en	""	http://homosaurus.org/terms/therapies	""	http://homosaurus.org/terms/massage	2015-11-29	2015-11-29	""	""
http://homosaurus.org/terms/physicalViolence	physicalViolence	physical violence@en	""	""	""	http://homosaurus.org/terms/violence	http://homosaurus.org/terms/battering||http://homosaurus.org/terms/murderers	http://homosaurus.org/terms/robbery	2015-11-29	2015-11-29	""	""
http://homosaurus.org/terms/physicians	physicians	physicians@en	""	doctors@en	""	http://homosaurus.org/terms/occupationsInHealthCareAndSocialCare	http://homosaurus.org/terms/companyDoctors||http://homosaurus.org/terms/dentists||http://homosaurus.org/terms/familyPractitioners||http://homosaurus.org/terms/gynaecologists||http://homosaurus.org/terms/pediatricians	http://homosaurus.org/terms/medicine	2015-11-29	2015-11-29	""	""
http://homosaurus.org/terms/physicists	physicists	physicists@en	""	""	""	http://homosaurus.org/terms/academics	""	""	2015-11-29	2015-11-29	""	""
http://homosaurus.org/terms/piercings	piercings	piercings@en	""	""	""	http://homosaurus.org/terms/bodyAdornments	""	""	2015-11-29	2015-11-29	""	""
http://homosaurus.org/terms/pinching	pinching	pinching@en	""	""	""	http://homosaurus.org/terms/manualSex	""	""	2015-11-29	2015-11-29	""	""
http://homosaurus.org/terms/pinkTriangles	pinkTriangles	pink triangles@en	""	""	""	http://homosaurus.org/terms/symbols	""	""	2015-11-29	2015-11-29	""	""
http://homosaurus.org/terms/pirates	pirates	pirates@en	""	""	""	http://homosaurus.org/terms/criminalOccupations||http://homosaurus.org/terms/maritimeOccupations	""	""	2015-11-29	2015-11-29	""	""
http://homosaurus.org/terms/plasticSurgery	plasticSurgery	plastic surgery@en	""	""	""	http://homosaurus.org/terms/surgery	""	""	2015-11-29	2015-11-29	""	""
http://homosaurus.org/terms/platonicLove	platonicLove	platonic love@en	""	""	""	http://homosaurus.org/terms/love	""	""	2015-11-29	2015-11-29	""	""
http://homosaurus.org/terms/playTherapyDolls	playTherapyDolls	play therapy dolls@en	""	""	""	http://homosaurus.org/terms/dolls	""	http://homosaurus.org/terms/dollsTechnique	2015-11-29	2015-11-29	""	""
http://homosaurus.org/terms/plays	plays	plays@en	""	stage performances@en	""	http://homosaurus.org/terms/theatre	""	http://homosaurus.org/terms/actors||http://homosaurus.org/terms/casting||http://homosaurus.org/terms/characters||http://homosaurus.org/terms/drama||http://homosaurus.org/terms/screenplays	2015-11-29	2015-11-29	""	""
http://homosaurus.org/terms/PMS	PMS	PMS@en	""	premenstrual syndrome@en	""	http://homosaurus.org/terms/menstruation	""	""	2015-11-29	2015-11-29	""	""
http://homosaurus.org/terms/poetry	poetry	poetry@en	""	""	""	http://homosaurus.org/terms/literature	http://homosaurus.org/terms/songs	http://homosaurus.org/terms/poets	2015-11-29	2015-11-29	""	""
http://homosaurus.org/terms/poets	poets	poets@en	""	""	""	http://homosaurus.org/terms/writers	""	http://homosaurus.org/terms/poetry	2015-11-29	2015-11-29	""	""
http://homosaurus.org/terms/police	police	police@en	""	""	""	http://homosaurus.org/terms/publicServices	http://homosaurus.org/terms/viceSquad	http://homosaurus.org/terms/arrests||http://homosaurus.org/terms/policeEntrapment||http://homosaurus.org/terms/policeOfficers||http://homosaurus.org/terms/policeRaids	2015-11-29	2015-11-29	""	""
http://homosaurus.org/terms/policeRaids	policeRaids	police raids@en	""	""	""	http://homosaurus.org/terms/persecutions	""	http://homosaurus.org/terms/police	2015-11-29	2015-11-29	""	""
http://homosaurus.org/terms/policeEntrapment	policeEntrapment	police entrapment@en	""	under cover agents@en	""	""	""	http://homosaurus.org/terms/police	2015-11-29	2015-11-29	""	""
http://homosaurus.org/terms/policeOfficers	policeOfficers	police officers@en	""	""	policemen and policewomen@en	http://homosaurus.org/terms/serviceOccupations	""	http://homosaurus.org/terms/police	2015-11-29	2015-11-29	""	""
http://homosaurus.org/terms/policies	policies	policies@en	""	""	""	""	http://homosaurus.org/terms/employmentPolicies||http://homosaurus.org/terms/immigrationPolicy||http://homosaurus.org/terms/LGBTIRightsPolicy||http://homosaurus.org/terms/prosecutionPolicy	""	2015-11-29	2015-11-29	""	""
http://homosaurus.org/terms/politicalCorrectness	politicalCorrectness	political correctness@en	""	""	""	http://homosaurus.org/terms/socialNorms	""	http://homosaurus.org/terms/attitudes	2015-11-29	2015-11-29	""	""
http://homosaurus.org/terms/politicalMovements	politicalMovements	political movements@en	""	political philosophies@en	""	""	http://homosaurus.org/terms/anarchism||http://homosaurus.org/terms/christianDemocracy||http://homosaurus.org/terms/communism||http://homosaurus.org/terms/conservatism||http://homosaurus.org/terms/environmentalism||http://homosaurus.org/terms/imperialism||http://homosaurus.org/terms/liberalism||http://homosaurus.org/terms/marxism||http://homosaurus.org/terms/nationalism||http://homosaurus.org/terms/rightWingExtremism||http://homosaurus.org/terms/socialDemocracy||http://homosaurus.org/terms/socialism||http://homosaurus.org/terms/zionism	http://homosaurus.org/terms/politicalParties||http://homosaurus.org/terms/politics||http://homosaurus.org/terms/religiousRight||http://homosaurus.org/terms/socialMovements	2015-11-29	2015-11-29	""	""
http://homosaurus.org/terms/politicalOccupations	politicalOccupations	political occupations@en	""	""	""	http://homosaurus.org/terms/occupations	http://homosaurus.org/terms/diplomats||http://homosaurus.org/terms/headsOfState||http://homosaurus.org/terms/politicians	http://homosaurus.org/terms/politics	2015-11-29	2015-11-29	""	""
http://homosaurus.org/terms/politicalParties	politicalParties	political parties@en	""	""	""	""	""	http://homosaurus.org/terms/gayPoliticalGroups||http://homosaurus.org/terms/lesbianPoliticalGroups||http://homosaurus.org/terms/politicalMovements||http://homosaurus.org/terms/politics	2015-11-29	2015-11-29	""	""
http://homosaurus.org/terms/politicalScience	politicalScience	political science@en	""	""	""	http://homosaurus.org/terms/socialAndBehaviouralSciences	""	http://homosaurus.org/terms/politics	2015-11-29	2015-11-29	""	""
http://homosaurus.org/terms/politicalSystems	politicalSystems	political systems@en	""	forms of government@en	""	""	http://homosaurus.org/terms/anarchism||http://homosaurus.org/terms/democracy||http://homosaurus.org/terms/dictatorships||http://homosaurus.org/terms/monarchy	http://homosaurus.org/terms/government||http://homosaurus.org/terms/politics||http://homosaurus.org/terms/society	2015-11-29	2015-11-29	""	""
http://homosaurus.org/terms/politicians	politicians	politicians@en	""	""	""	http://homosaurus.org/terms/politicalOccupations	http://homosaurus.org/terms/mayors||http://homosaurus.org/terms/ministers	""	2015-11-29	2015-11-29	""	""
http://homosaurus.org/terms/politics	politics	politics@en	""	""	""	""	""	http://homosaurus.org/terms/bodyPolitics||http://homosaurus.org/terms/elections||http://homosaurus.org/terms/government||http://homosaurus.org/terms/politicalMovements||http://homosaurus.org/terms/politicalOccupations||http://homosaurus.org/terms/politicalParties||http://homosaurus.org/terms/politicalScience||http://homosaurus.org/terms/politicalSystems||http://homosaurus.org/terms/society	2015-11-29	2015-11-29	""	""
http://homosaurus.org/terms/polyamory	polyamory	polyamory@en	""	""	practice of romantic relationships with more than one person, simultaneously, with the knowledge and consent of all parties@en	http://homosaurus.org/terms/sexualRelationships	""	http://homosaurus.org/terms/polygamy	2015-11-29	2015-11-29	""	""
http://homosaurus.org/terms/polygamy	polygamy	polygamy@en	""	""	""	http://homosaurus.org/terms/sexualRelationships	""	http://homosaurus.org/terms/harems||http://homosaurus.org/terms/polyamory	2015-11-29	2015-11-29	""	""
http://homosaurus.org/terms/poopSex	poopSex	poop sex@en	""	scat@en||coprophilia@en	""	http://homosaurus.org/terms/analSex	""	""	2015-11-29	2015-11-29	""	""
http://homosaurus.org/terms/popArt	popArt	pop art@en	""	""	""	http://homosaurus.org/terms/artMovements	""	""	2015-11-29	2015-11-29	""	""
http://homosaurus.org/terms/popGroups	popGroups	pop groups@en	""	""	""	http://homosaurus.org/terms/musicGroups	""	http://homosaurus.org/terms/popMusic	2015-11-29	2015-11-29	""	""
http://homosaurus.org/terms/popMusic	popMusic	pop music@en	""	popular music@en	""	http://homosaurus.org/terms/music	http://homosaurus.org/terms/hipHopMusic||http://homosaurus.org/terms/houseMusic||http://homosaurus.org/terms/punk||http://homosaurus.org/terms/rapMusic||http://homosaurus.org/terms/reggae||http://homosaurus.org/terms/rockMusic	http://homosaurus.org/terms/boyBands||http://homosaurus.org/terms/popGroups	2015-11-29	2015-11-29	""	""
http://homosaurus.org/terms/popes	popes	popes@en	""	""	""	http://homosaurus.org/terms/clergy	""	http://homosaurus.org/terms/romanCatholicism||http://homosaurus.org/terms/vatican	2015-11-29	2015-11-29	""	""
http://homosaurus.org/terms/poppers	poppers	poppers@en	""	""	""	http://homosaurus.org/terms/drugs	""	""	2015-11-29	2015-11-29	""	""
http://homosaurus.org/terms/popularCulture	popularCulture	popular culture@en	""	""	consumerist cultural production in the form of movies, television, magazines, popular music, etc.@en	http://homosaurus.org/terms/culture	""	http://homosaurus.org/terms/arts||http://homosaurus.org/terms/idols||http://homosaurus.org/terms/media	2015-11-29	2015-11-29	""	""
http://homosaurus.org/terms/popularFiction	popularFiction	popular fiction@en	""	pulp novels@en	""	http://homosaurus.org/terms/fiction	""	""	2015-11-29	2015-11-29	""	""
http://homosaurus.org/terms/pornFilms	pornFilms	porn films@en	""	x-rated films@en||adult films@en	""	http://homosaurus.org/terms/film	""	http://homosaurus.org/terms/pornIndustry||http://homosaurus.org/terms/pornography||http://homosaurus.org/terms/pornStars	2015-11-29	2015-11-29	""	""
http://homosaurus.org/terms/pornIndustry	pornIndustry	porn industry@en	""	""	""	http://homosaurus.org/terms/sexIndustry	""	http://homosaurus.org/terms/pornFilms||http://homosaurus.org/terms/pornMagazines	2015-11-29	2015-11-29	""	""
http://homosaurus.org/terms/pornMagazines	pornMagazines	porn magazines@en	""	""	""	http://homosaurus.org/terms/press	""	http://homosaurus.org/terms/pornIndustry||http://homosaurus.org/terms/pornography	2015-11-29	2015-11-29	""	""
http://homosaurus.org/terms/pornStars	pornStars	porn stars@en	""	pornstars @en||pornographic actors@en	""	http://homosaurus.org/terms/actors||http://homosaurus.org/terms/sexWorkers	""	http://homosaurus.org/terms/pornFilms	2015-11-29	2015-11-29	""	""
http://homosaurus.org/terms/pornography	pornography	pornography@en	""	""	the depiction of sexual acts in a sensational manner, with the entire focus on the physical act, so as to arouse quick intense reactions@en	""	http://homosaurus.org/terms/childPornography	http://homosaurus.org/terms/erotica||http://homosaurus.org/terms/pornFilms||http://homosaurus.org/terms/pornMagazines||http://homosaurus.org/terms/sexting||http://homosaurus.org/terms/sexuality||http://homosaurus.org/terms/viceSquad	2015-11-29	2015-11-29	""	""
http://homosaurus.org/terms/postageStamps	postageStamps	postage stamps@en	""	stamps@en	""	""	""	""	2015-11-29	2015-11-29	""	""
http://homosaurus.org/terms/postalServices	postalServices	postal services@en	""	""	""	http://homosaurus.org/terms/businesses	""	""	2015-11-29	2015-11-29	""	""
http://homosaurus.org/terms/postcards	postcards	postcards@en	""	picture postcards@en	""	http://homosaurus.org/terms/audiovisualMedia	""	""	2015-11-29	2015-11-29	""	""
http://homosaurus.org/terms/posters	posters	posters@en	""	""	""	http://homosaurus.org/terms/audiovisualMedia	""	http://homosaurus.org/terms/visualArts	2015-11-29	2015-11-29	""	""
http://homosaurus.org/terms/postmodernism	postmodernism	postmodernism@en	""	""	""	http://homosaurus.org/terms/culturalMovements	""	""	2015-11-29	2015-11-29	""	""
http://homosaurus.org/terms/poverty	poverty	poverty@en	""	""	""	http://homosaurus.org/terms/socioeconomicCharacteristics	""	""	2015-11-29	2015-11-29	""	""
http://homosaurus.org/terms/pregnancy	pregnancy	pregnancy@en	""	""	""	http://homosaurus.org/terms/humanReproduction	http://homosaurus.org/terms/childbirth	http://homosaurus.org/terms/abortion||http://homosaurus.org/terms/miscarriages	2015-11-29	2015-11-29	""	""
http://homosaurus.org/terms/prejudices	prejudices	prejudices@en	""	""	""	http://homosaurus.org/terms/attitudes	""	http://homosaurus.org/terms/discrimination||http://homosaurus.org/terms/representation||http://homosaurus.org/terms/stereotypes||http://homosaurus.org/terms/stigmatisation	2015-11-29	2015-11-29	""	""
http://homosaurus.org/terms/presbyterianism	presbyterianism	presbyterianism@en	""	""	""	http://homosaurus.org/terms/calvinism	""	""	2015-11-29	2015-11-29	""	""
http://homosaurus.org/terms/press	press	press@en	""	""	""	http://homosaurus.org/terms/massMedia	http://homosaurus.org/terms/AIDSPeriodicals||http://homosaurus.org/terms/gayPress||http://homosaurus.org/terms/lesbianPress||http://homosaurus.org/terms/mensMagazines||http://homosaurus.org/terms/newspapers||http://homosaurus.org/terms/pedophilePeriodicals||http://homosaurus.org/terms/photoMagazines||http://homosaurus.org/terms/pornMagazines||http://homosaurus.org/terms/tabloids||http://homosaurus.org/terms/tradeJournals||http://homosaurus.org/terms/womensPress||http://homosaurus.org/terms/youthMagazines||http://homosaurus.org/terms/zines	http://homosaurus.org/terms/advertisements||http://homosaurus.org/terms/lettersToTheEditor||http://homosaurus.org/terms/necrologies||http://homosaurus.org/terms/newspaperColumns||http://homosaurus.org/terms/reviews	2015-11-29	2015-11-29	""	""
http://homosaurus.org/terms/prevention	prevention	prevention@en	""	""	""	""	""	http://homosaurus.org/terms/healthCare||http://homosaurus.org/terms/partnerNotification||http://homosaurus.org/terms/provisionOfInformation||http://homosaurus.org/terms/saferSex||http://homosaurus.org/terms/vaccination	2015-11-29	2015-11-29	""	""
http://homosaurus.org/terms/priests	priests	priests@en	""	parish priests@en	""	http://homosaurus.org/terms/clergy	""	""	2015-11-29	2015-11-29	""	""
http://homosaurus.org/terms/primaryEducation	primaryEducation	primary education@en	""	""	""	http://homosaurus.org/terms/education	""	""	2015-11-29	2015-11-29	""	""
http://homosaurus.org/terms/prisonGuards	prisonGuards	prison guards@en	""	prison staff@en	""	http://homosaurus.org/terms/serviceOccupations	""	http://homosaurus.org/terms/prisons	2015-11-29	2015-11-29	""	""
http://homosaurus.org/terms/prisoners	prisoners	prisoners@en	""	inmates@en	""	""	http://homosaurus.org/terms/prisonersOfConscience	http://homosaurus.org/terms/prisons	2015-11-29	2015-11-29	""	""
http://homosaurus.org/terms/prisonersOfConscience	prisonersOfConscience	prisoners of conscience@en	""	political prisoners@en	""	http://homosaurus.org/terms/prisoners	""	""	2015-11-29	2015-11-29	""	""
http://homosaurus.org/terms/prisons	prisons	prisons@en	""	""	""	http://homosaurus.org/terms/detention||http://homosaurus.org/terms/institutionalCareFacilities	""	http://homosaurus.org/terms/legalProcess||http://homosaurus.org/terms/prisoners||http://homosaurus.org/terms/prisonGuards||http://homosaurus.org/terms/reformatorySchools	2015-11-29	2015-11-29	""	""
http://homosaurus.org/terms/privacy	privacy	privacy@en	""	""	""	""	http://homosaurus.org/terms/secrecy	http://homosaurus.org/terms/recording	2015-11-29	2015-11-29	""	""
http://homosaurus.org/terms/probationAndAfter-careService	probationAndAfter-careService	probation and after-care service@en	""	""	""	""	""	http://homosaurus.org/terms/legalProcess	2015-11-29	2015-11-29	""	""
http://homosaurus.org/terms/producers	producers	producers@en	""	""	""	http://homosaurus.org/terms/artsAndEntertainmentOccupations||http://homosaurus.org/terms/mediaOccupations	""	http://homosaurus.org/terms/film||http://homosaurus.org/terms/music||http://homosaurus.org/terms/radio||http://homosaurus.org/terms/television||http://homosaurus.org/terms/theatre	2015-11-29	2015-11-29	""	""
http://homosaurus.org/terms/professionalAssociations	professionalAssociations	professional associations@en	""	""	""	http://homosaurus.org/terms/organisations	""	http://homosaurus.org/terms/occupations	2015-11-29	2015-11-29	""	""
http://homosaurus.org/terms/prosecutionPolicy	prosecutionPolicy	prosecution policy@en	""	""	""	http://homosaurus.org/terms/policies	""	http://homosaurus.org/terms/anonymousComplaints||http://homosaurus.org/terms/justiceDepartment	2015-11-29	2015-11-29	""	""
http://homosaurus.org/terms/prostateCancer	prostateCancer	prostate cancer@en	""	""	""	http://homosaurus.org/terms/cancer	""	""	2015-11-29	2015-11-29	""	""
http://homosaurus.org/terms/prostitutesClients	prostitutesClients	prostitutes' clients@en	""	tricks@en||clients of prostitutes@en||johns@en	""	""	""	http://homosaurus.org/terms/prostitution||http://homosaurus.org/terms/sexWorkers	2015-11-29	2015-11-29	""	""
http://homosaurus.org/terms/prostitution	prostitution	prostitution@en	""	""	""	http://homosaurus.org/terms/sexIndustry	http://homosaurus.org/terms/childProstitution||http://homosaurus.org/terms/femaleProstitution||http://homosaurus.org/terms/lesbianProstitution||http://homosaurus.org/terms/maleProstitution||http://homosaurus.org/terms/transgenderProstitution	http://homosaurus.org/terms/brothels||http://homosaurus.org/terms/escorts||http://homosaurus.org/terms/prostitutesClients||http://homosaurus.org/terms/sexTourism||http://homosaurus.org/terms/viceSquad	2015-11-29	2015-11-29	""	""
http://homosaurus.org/terms/protectionOfPersonalData	protectionOfPersonalData	protection of personal data@en	""	""	""	""	""	http://homosaurus.org/terms/media||http://homosaurus.org/terms/recording||http://homosaurus.org/terms/telecommunication	2015-11-29	2015-11-29	""	""
http://homosaurus.org/terms/protestantChurchInTheNetherlands	protestantChurchInTheNetherlands	protestant church in the netherlands@en	""	""	founded in 2004 as a merger of the Dutch Reformed Church, the Reformed Churches in the Netherlands and the Evangelical Lutheran Church in the Kingdom of the Netherlands. The church incorporates both reformed and lutheran theological orientations@en	http://homosaurus.org/terms/protestantism	""	http://homosaurus.org/terms/dutchReformedChurch||http://homosaurus.org/terms/reformedChurchesInTheNetherlands	2015-11-29	2015-11-29	""	""
http://homosaurus.org/terms/protestantism	protestantism	protestantism@en	""	""	""	http://homosaurus.org/terms/christianity	http://homosaurus.org/terms/adventistm||http://homosaurus.org/terms/calvinism||http://homosaurus.org/terms/lutheranism||http://homosaurus.org/terms/mennonism||http://homosaurus.org/terms/methodism||http://homosaurus.org/terms/moravianChurch||http://homosaurus.org/terms/protestantChurchInTheNetherlands||http://homosaurus.org/terms/remonstrantBrotherhood||http://homosaurus.org/terms/unitedChurchOfCanada	http://homosaurus.org/terms/evangelisation||http://homosaurus.org/terms/reformation||http://homosaurus.org/terms/vicars||http://homosaurus.org/terms/youthForChrist	2015-11-29	2015-11-29	""	""
http://homosaurus.org/terms/provisionOfInformation	provisionOfInformation	provision of information@en	""	""	""	""	http://homosaurus.org/terms/AIDSEducation||http://homosaurus.org/terms/healthEducation||http://homosaurus.org/terms/sexEducation	http://homosaurus.org/terms/communication||http://homosaurus.org/terms/education||http://homosaurus.org/terms/educationalMaterials||http://homosaurus.org/terms/informationCentres||http://homosaurus.org/terms/prevention	2015-11-29	2015-11-29	""	""
http://homosaurus.org/terms/provoMovement	provoMovement	provo movement@en	""	""	"the name of this 1960s-based dutch anarchist movement derives from ""provocation"", a technique the group used to foment social change through non-violent and humourous means@en"	http://homosaurus.org/terms/socialMovements	""	""	2015-11-29	2015-11-29	""	""
http://homosaurus.org/terms/psychiatricInstitutions	psychiatricInstitutions	psychiatric institutions@en	""	insane asylums@en||madhouses@en||mental hospitals@en	""	http://homosaurus.org/terms/institutionalCareFacilities	http://homosaurus.org/terms/nursing	http://homosaurus.org/terms/psychiatry	2015-11-29	2015-11-29	""	""
http://homosaurus.org/terms/psychiatrists	psychiatrists	psychiatrists@en	""	""	""	""	""	http://homosaurus.org/terms/psychiatry	2015-11-29	2015-11-29	""	""
http://homosaurus.org/terms/psychiatry	psychiatry	psychiatry@en	""	""	""	http://homosaurus.org/terms/medicine	http://homosaurus.org/terms/psychoanalysis	http://homosaurus.org/terms/psychiatricInstitutions||http://homosaurus.org/terms/psychiatrists	2015-11-29	2015-11-29	""	""
http://homosaurus.org/terms/psychoanalysis	psychoanalysis	psychoanalysis@en	""	""	""	http://homosaurus.org/terms/psychiatry||http://homosaurus.org/terms/psychotherapy	""	""	2015-11-29	2015-11-29	""	""
http://homosaurus.org/terms/psychologicalCharacteristics	psychologicalCharacteristics	psychological characteristics@en	""	""	""	http://homosaurus.org/terms/personalCharacteristics	http://homosaurus.org/terms/assertiveness||http://homosaurus.org/terms/autonomy||http://homosaurus.org/terms/burnOut||http://homosaurus.org/terms/creativity||http://homosaurus.org/terms/gaySensibility||http://homosaurus.org/terms/identity||http://homosaurus.org/terms/intelligence||http://homosaurus.org/terms/latentHomosexuality||http://homosaurus.org/terms/lesbianSensibility||http://homosaurus.org/terms/loneliness||http://homosaurus.org/terms/militancy||http://homosaurus.org/terms/narcissism||http://homosaurus.org/terms/self-acceptance||http://homosaurus.org/terms/self-image||http://homosaurus.org/terms/self-respect||http://homosaurus.org/terms/shame||http://homosaurus.org/terms/stress	http://homosaurus.org/terms/attitudes||http://homosaurus.org/terms/mentalDisorders||http://homosaurus.org/terms/psychologicalProcesses||http://homosaurus.org/terms/psychologicalTests	2015-11-29	2015-11-29	""	""
http://homosaurus.org/terms/psychologicalProcesses	psychologicalProcesses	psychological processes@en	""	""	""	http://homosaurus.org/terms/personalCharacteristics	http://homosaurus.org/terms/bereavement||http://homosaurus.org/terms/comingOut||http://homosaurus.org/terms/conflictManagement||http://homosaurus.org/terms/defenceMechanisms||http://homosaurus.org/terms/dreams||http://homosaurus.org/terms/emotions||http://homosaurus.org/terms/fantasies||http://homosaurus.org/terms/relationshipSatisfaction||http://homosaurus.org/terms/symbiosis	http://homosaurus.org/terms/attitudes||http://homosaurus.org/terms/psychologicalCharacteristics	2015-11-29	2015-11-29	""	""
http://homosaurus.org/terms/psychologicalTests	psychologicalTests	psychological tests@en	""	""	""	http://homosaurus.org/terms/examinations||http://homosaurus.org/terms/research	""	http://homosaurus.org/terms/psychologicalCharacteristics||http://homosaurus.org/terms/psychology	2015-11-29	2015-11-29	""	""
http://homosaurus.org/terms/psychologicalViolence	psychologicalViolence	psychological violence@en	""	""	""	http://homosaurus.org/terms/violence	http://homosaurus.org/terms/blackmail||http://homosaurus.org/terms/defamationCampaigns||http://homosaurus.org/terms/harassment||http://homosaurus.org/terms/hateSpeech||http://homosaurus.org/terms/stalking||http://homosaurus.org/terms/verbalAbuse	""	2015-11-29	2015-11-29	""	""
http://homosaurus.org/terms/psychologists	psychologists	psychologists@en	""	""	""	http://homosaurus.org/terms/academics	""	http://homosaurus.org/terms/psychology	2015-11-29	2015-11-29	""	""
http://homosaurus.org/terms/psychology	psychology	psychology@en	""	""	""	http://homosaurus.org/terms/socialAndBehaviouralSciences	http://homosaurus.org/terms/counseling	http://homosaurus.org/terms/psychologicalTests||http://homosaurus.org/terms/psychologists||http://homosaurus.org/terms/psychopathology||http://homosaurus.org/terms/therapies	2015-11-29	2015-11-29	""	""
http://homosaurus.org/terms/psychopathology	psychopathology	psychopathology@en	""	""	""	http://homosaurus.org/terms/pathology	""	http://homosaurus.org/terms/psychology	2015-11-29	2015-11-29	""	""
http://homosaurus.org/terms/psychosocialCare	psychosocialCare	psychosocial care@en	""	""	""	http://homosaurus.org/terms/mentalHealthCare	http://homosaurus.org/terms/counseling	http://homosaurus.org/terms/victimAdviceCounselors	2015-11-29	2015-11-29	""	""
http://homosaurus.org/terms/psychotherapy	psychotherapy	psychotherapy@en	""	""	""	http://homosaurus.org/terms/therapies	http://homosaurus.org/terms/couplesTherapy||http://homosaurus.org/terms/familyTherapy||http://homosaurus.org/terms/groupTherapy||http://homosaurus.org/terms/psychoanalysis	http://homosaurus.org/terms/counseling||http://homosaurus.org/terms/radicalTherapy	2015-11-29	2015-11-29	""	""
http://homosaurus.org/terms/psychoticDisorders	psychoticDisorders	psychotic disorders@en	""	psychosis@en||psychoses@en	""	http://homosaurus.org/terms/mentalDisorders	""	""	2015-11-29	2015-11-29	""	""
http://homosaurus.org/terms/pubertyBlockers	pubertyBlockers	puberty blockers@en	""	""	group of medications used to inhibit puberty@en	http://homosaurus.org/terms/medication	""	http://homosaurus.org/terms/genderDysphoria||http://homosaurus.org/terms/hormones||http://homosaurus.org/terms/transgenderChildren||http://homosaurus.org/terms/transgenderYouth	2015-11-29	2015-11-29	""	""
http://homosaurus.org/terms/publicAssistanceRegulations	publicAssistanceRegulations	public assistance regulations@en	""	""	""	http://homosaurus.org/terms/socialLaw	""	http://homosaurus.org/terms/insurance	2015-11-29	2015-11-29	""	""
http://homosaurus.org/terms/publicOpinion	publicOpinion	public opinion@en	""	""	""	http://homosaurus.org/terms/opinions	""	http://homosaurus.org/terms/massCommunication||http://homosaurus.org/terms/opinionPolls	2015-11-29	2015-11-29	""	""
http://homosaurus.org/terms/publicRelations	publicRelations	public relations@en	""	PR@en	""	http://homosaurus.org/terms/communication	""	""	2015-11-29	2015-11-29	""	""
http://homosaurus.org/terms/publicSafety	publicSafety	public safety@en	""	""	""	""	""	http://homosaurus.org/terms/crimes||http://homosaurus.org/terms/publicServices||http://homosaurus.org/terms/publicSpace	2015-11-29	2015-11-29	""	""
http://homosaurus.org/terms/publicServices	publicServices	public services@en	""	""	""	""	http://homosaurus.org/terms/customs||http://homosaurus.org/terms/embassies||http://homosaurus.org/terms/fireBrigades||http://homosaurus.org/terms/military||http://homosaurus.org/terms/police||http://homosaurus.org/terms/secretService	http://homosaurus.org/terms/government||http://homosaurus.org/terms/publicSafety	2015-11-29	2015-11-29	""	""
http://homosaurus.org/terms/publicSex	publicSex	public sex@en	""	""	sex in public places such as beaches, parks, cottages, etc@en	""	""	http://homosaurus.org/terms/baths||http://homosaurus.org/terms/cruising||http://homosaurus.org/terms/exhibitionism||http://homosaurus.org/terms/meetingPlaces||http://homosaurus.org/terms/publicSpace||http://homosaurus.org/terms/sexLocations||http://homosaurus.org/terms/sexuality	2015-11-29	2015-11-29	""	""
http://homosaurus.org/terms/publicSpace	publicSpace	public space@en	""	""	""	""	http://homosaurus.org/terms/beaches||http://homosaurus.org/terms/cottages||http://homosaurus.org/terms/parkingLots||http://homosaurus.org/terms/parks||http://homosaurus.org/terms/recreationAreas||http://homosaurus.org/terms/swimmingPools||http://homosaurus.org/terms/woods	http://homosaurus.org/terms/cruising||http://homosaurus.org/terms/meetingPlaces||http://homosaurus.org/terms/publicSafety||http://homosaurus.org/terms/publicSex	2015-11-29	2015-11-29	""	""
http://homosaurus.org/terms/publicTransport	publicTransport	public transport@en	""	public transportation@en	""	http://homosaurus.org/terms/transport	""	""	2015-11-29	2015-11-29	""	""
http://homosaurus.org/terms/publicWorship	publicWorship	public worship@en	""	""	""	""	""	http://homosaurus.org/terms/religions	2015-11-29	2015-11-29	""	""
http://homosaurus.org/terms/publishers	publishers	publishers@en	""	""	""	http://homosaurus.org/terms/businesses	http://homosaurus.org/terms/bisexualPublishers||http://homosaurus.org/terms/gayPublishers||http://homosaurus.org/terms/lesbianPublishers||http://homosaurus.org/terms/transgenderPublishers||http://homosaurus.org/terms/womensPublishers	""	2015-11-29	2015-11-29	""	""
http://homosaurus.org/terms/pubs	pubs	pubs@en	""	public houses@en	""	http://homosaurus.org/terms/hospitalityIndustry	""	http://homosaurus.org/terms/bars	2015-11-29	2015-11-29	""	""
http://homosaurus.org/terms/punk	punk	punk@en	""	""	""	http://homosaurus.org/terms/popMusic||http://homosaurus.org/terms/subcultures	""	""	2015-11-29	2015-11-29	""	""
http://homosaurus.org/terms/pupils	pupils	pupils@en	""	""	in primary and secondary schools@en	""	""	http://homosaurus.org/terms/education	2015-11-29	2015-11-29	""	""
http://homosaurus.org/terms/puppetTheatre	puppetTheatre	puppet theatre@en	""	""	""	http://homosaurus.org/terms/theatre	""	""	2015-11-29	2015-11-29	""	""
http://homosaurus.org/terms/qualityOfLife	qualityOfLife	quality of life@en	""	""	""	""	""	http://homosaurus.org/terms/health||http://homosaurus.org/terms/money||http://homosaurus.org/terms/relationships	2015-11-29	2015-11-29	""	""
http://homosaurus.org/terms/queensDay	queensDay	queen's day@en	""	""	national holyday in the Netherlands on 30 April@en	http://homosaurus.org/terms/events	""	""	2015-11-29	2015-11-29	""	""
http://homosaurus.org/terms/queerTheory	queerTheory	queer theory@en	""	""	""	http://homosaurus.org/terms/theories	""	http://homosaurus.org/terms/essentialism||http://homosaurus.org/terms/genderStudies||http://homosaurus.org/terms/socialConstructionism	2015-11-29	2015-11-29	""	""
http://homosaurus.org/terms/rabbis	rabbis	rabbis@en	""	""	""	http://homosaurus.org/terms/clergy	""	""	2015-11-29	2015-11-29	""	""
http://homosaurus.org/terms/racism	racism	racism@en	""	racial discrimination@en	""	http://homosaurus.org/terms/discrimination||http://homosaurus.org/terms/ethnicRelations	""	http://homosaurus.org/terms/anti-racism||http://homosaurus.org/terms/ethnocentrism||http://homosaurus.org/terms/xenophobia	2015-11-29	2015-11-29	""	""
http://homosaurus.org/terms/radicalFeminism	radicalFeminism	radical feminism@en	""	""	""	http://homosaurus.org/terms/feminism	""	""	2015-11-29	2015-11-29	""	""
http://homosaurus.org/terms/radicalTherapy	radicalTherapy	radical therapy@en	""	""	an approach to growth and development based on group processes that enable individuals and collectives to support each other and learn new ways of being that enrich people's lives and promote well-being@en	http://homosaurus.org/terms/self-help	""	http://homosaurus.org/terms/psychotherapy	2015-11-29	2015-11-29	""	""
http://homosaurus.org/terms/radio	radio	radio@en	""	""	""	http://homosaurus.org/terms/audiovisualMedia||http://homosaurus.org/terms/massMedia||http://homosaurus.org/terms/telecommunication	http://homosaurus.org/terms/gayRadio||http://homosaurus.org/terms/lesbianRadio||http://homosaurus.org/terms/localRadio	http://homosaurus.org/terms/hosts||http://homosaurus.org/terms/producers||http://homosaurus.org/terms/radioProgrammes||http://homosaurus.org/terms/webcasts	2015-11-29	2015-11-29	""	""
http://homosaurus.org/terms/radioProgrammes	radioProgrammes	radio programmes@en	""	radio programs@en||radio shows@en||radio plays@en	""	""	http://homosaurus.org/terms/talkShows	http://homosaurus.org/terms/characters||http://homosaurus.org/terms/radio	2015-11-29	2015-11-29	""	""
http://homosaurus.org/terms/ragtime	ragtime	ragtime@en	""	""	""	http://homosaurus.org/terms/music	""	""	2015-11-29	2015-11-29	""	""
http://homosaurus.org/terms/rainbowFlags	rainbowFlags	rainbow flags@en	""	""	""	http://homosaurus.org/terms/symbols	""	""	2015-11-29	2015-11-29	""	""
http://homosaurus.org/terms/rajneeshMovement	rajneeshMovement	rajneesh movement@en	""	""	""	""	""	""	2015-11-29	2015-11-29	""	""
http://homosaurus.org/terms/rapMusic	rapMusic	rap music@en	""	""	""	http://homosaurus.org/terms/popMusic	""	""	2015-11-29	2015-11-29	""	""
http://homosaurus.org/terms/rape	rape	rape@en	""	""	""	http://homosaurus.org/terms/sexualViolence	http://homosaurus.org/terms/correctiveRape	http://homosaurus.org/terms/rapeVictims	2015-11-29	2015-11-29	""	""
http://homosaurus.org/terms/rapeVictims	rapeVictims	rape victims@en	""	victims of rape@en	""	http://homosaurus.org/terms/victimsOfSexualAbuse	""	http://homosaurus.org/terms/rape	2015-11-29	2015-11-29	""	""
http://homosaurus.org/terms/reception	reception	reception@en	""	""	(critical) reflection on literature, art and culture@en	""	""	http://homosaurus.org/terms/arts||http://homosaurus.org/terms/gaySensibility||http://homosaurus.org/terms/lesbianSensibility||http://homosaurus.org/terms/literature	2015-11-29	2015-11-29	""	""
http://homosaurus.org/terms/recording	recording	recording@en	""	""	the process of capturing data or translating information to a recording format stored on some storage medium@en	""	""	http://homosaurus.org/terms/census||http://homosaurus.org/terms/digitisation||http://homosaurus.org/terms/government||http://homosaurus.org/terms/privacy||http://homosaurus.org/terms/protectionOfPersonalData	2015-11-29	2015-11-29	""	""
http://homosaurus.org/terms/recreationAreas	recreationAreas	recreation areas@en	""	""	""	http://homosaurus.org/terms/publicSpace	""	""	2015-11-29	2015-11-29	""	""
http://homosaurus.org/terms/recreationalDrugUse	recreationalDrugUse	recreational drug use@en	""	""	""	""	""	http://homosaurus.org/terms/drugAbuse||http://homosaurus.org/terms/drugs||http://homosaurus.org/terms/drugUsers	2015-11-29	2015-11-29	""	""
http://homosaurus.org/terms/redRibbons	redRibbons	red ribbons@en	""	AIDS ribbons@en	""	http://homosaurus.org/terms/symbols	""	http://homosaurus.org/terms/AIDSAwareness||http://homosaurus.org/terms/HIVAIDS	2015-11-29	2015-11-29	""	""
http://homosaurus.org/terms/referees	referees	referees@en	""	""	""	http://homosaurus.org/terms/sportspersons	""	""	2015-11-29	2015-11-29	""	""
http://homosaurus.org/terms/referenceSources	referenceSources	reference sources@en	""	reference resources@en	""	""	http://homosaurus.org/terms/bibliographies||http://homosaurus.org/terms/catalogues||http://homosaurus.org/terms/dictionaries||http://homosaurus.org/terms/directories||http://homosaurus.org/terms/encyclopedias||http://homosaurus.org/terms/handbooks	""	2015-11-29	2015-11-29	""	""
http://homosaurus.org/terms/referenda	referenda	referenda@en	""	plebiscites@en	""	http://homosaurus.org/terms/elections	""	""	2015-11-29	2015-11-29	""	""
http://homosaurus.org/terms/reformation	reformation	reformation@en	""	""	anti-roman catholic religious upheaval of the 16th century out of which emerged the protestant churches@en	""	""	http://homosaurus.org/terms/protestantism	2015-11-29	2015-11-29	""	""
http://homosaurus.org/terms/reformatorySchools	reformatorySchools	reformatory schools@en	""	reform schools@en||borstals@en	""	http://homosaurus.org/terms/institutionalCareFacilities||http://homosaurus.org/terms/schools	""	http://homosaurus.org/terms/juvenileDetentionCentres||http://homosaurus.org/terms/legalProcess||http://homosaurus.org/terms/prisons||http://homosaurus.org/terms/upbringing	2015-11-29	2015-11-29	""	""
http://homosaurus.org/terms/reformedChurchesInTheNetherlands	reformedChurchesInTheNetherlands	reformed churches in the netherlands@en	""	""	second largest protestant church in the Netherlands until it merged into the Protestant Church in the Netherlands in 2004@en	http://homosaurus.org/terms/calvinism	""	http://homosaurus.org/terms/protestantChurchInTheNetherlands	2015-11-29	2015-11-29	""	""
http://homosaurus.org/terms/refugeeCentres	refugeeCentres	refugee centres@en	""	asylum seekers centres@en	""	http://homosaurus.org/terms/centres	""	http://homosaurus.org/terms/asylumMigration||http://homosaurus.org/terms/immigrationDetentionCentres||http://homosaurus.org/terms/immigrationPolicy||http://homosaurus.org/terms/refugees	2015-11-29	2015-11-29	""	""
http://homosaurus.org/terms/refugees	refugees	refugees@en	""	""	""	""	""	http://homosaurus.org/terms/asylumMigration||http://homosaurus.org/terms/illegalResidents||http://homosaurus.org/terms/immigrationDetentionCentres||http://homosaurus.org/terms/immigrationPolicy||http://homosaurus.org/terms/migration||http://homosaurus.org/terms/persecutions||http://homosaurus.org/terms/refugeeCentres	2015-11-29	2015-11-29	""	""
http://homosaurus.org/terms/reggae	reggae	reggae@en	""	""	""	http://homosaurus.org/terms/popMusic	""	""	2015-11-29	2015-11-29	""	""
http://homosaurus.org/terms/regionalGovernment	regionalGovernment	regional government@en	""	county councils@en||provincial government@en	""	http://homosaurus.org/terms/government	""	""	2015-11-29	2015-11-29	""	""
http://homosaurus.org/terms/reincarnation	reincarnation	reincarnation@en	""	""	""	""	""	http://homosaurus.org/terms/philosophiesOfLife	2015-11-29	2015-11-29	""	""
http://homosaurus.org/terms/relationshipSatisfaction	relationshipSatisfaction	relationship satisfaction@en	""	""	""	http://homosaurus.org/terms/psychologicalProcesses	""	http://homosaurus.org/terms/relationships	2015-11-29	2015-11-29	""	""
http://homosaurus.org/terms/relationships	relationships	relationships@en	""	""	""	""	http://homosaurus.org/terms/butchFemmeRelationships||http://homosaurus.org/terms/couples||http://homosaurus.org/terms/cross-culturalRelationships||http://homosaurus.org/terms/friendships||http://homosaurus.org/terms/heterosociality||http://homosaurus.org/terms/homosociality||http://homosaurus.org/terms/intergenerationalRelationships||http://homosaurus.org/terms/sexualRelationships	http://homosaurus.org/terms/beingInLove||http://homosaurus.org/terms/couplesTherapy||http://homosaurus.org/terms/dating||http://homosaurus.org/terms/domesticPartnershipContracts||http://homosaurus.org/terms/familyMembers||http://homosaurus.org/terms/jealousy||http://homosaurus.org/terms/love||http://homosaurus.org/terms/neighbours||http://homosaurus.org/terms/partners||http://homosaurus.org/terms/qualityOfLife||http://homosaurus.org/terms/relationshipSatisfaction||http://homosaurus.org/terms/separation||http://homosaurus.org/terms/socialNetworks||http://homosaurus.org/terms/symbiosis	2015-11-29	2015-11-29	""	""
http://homosaurus.org/terms/religions	religions	religions@en	""	""	""	""	http://homosaurus.org/terms/africanReligions||http://homosaurus.org/terms/asianReligions||http://homosaurus.org/terms/christianity||http://homosaurus.org/terms/islam||http://homosaurus.org/terms/judaism||http://homosaurus.org/terms/nativeAmericanReligions||http://homosaurus.org/terms/shamanism||http://homosaurus.org/terms/winti	http://homosaurus.org/terms/atheism||http://homosaurus.org/terms/celibacy||http://homosaurus.org/terms/clergy||http://homosaurus.org/terms/layPeople||http://homosaurus.org/terms/mysticism||http://homosaurus.org/terms/mythology||http://homosaurus.org/terms/paganism||http://homosaurus.org/terms/pastoralCare||http://homosaurus.org/terms/philosophiesOfLife||http://homosaurus.org/terms/publicWorship||http://homosaurus.org/terms/religiousOrders||http://homosaurus.org/terms/religiousOrganisations||http://homosaurus.org/terms/religiousRight||http://homosaurus.org/terms/saints||http://homosaurus.org/terms/spirituality||http://homosaurus.org/terms/theology	2015-11-29	2015-11-29	""	""
http://homosaurus.org/terms/religiousMusic	religiousMusic	religious music@en	""	sacred music@en	""	http://homosaurus.org/terms/music	""	""	2015-11-29	2015-11-29	""	""
http://homosaurus.org/terms/religiousOrders	religiousOrders	religious orders@en	""	""	""	""	""	http://homosaurus.org/terms/religions	2015-11-29	2015-11-29	""	""
http://homosaurus.org/terms/religiousOrganisations	religiousOrganisations	religious organisations@en	""	religious institutions@en||religious organizations@en	""	http://homosaurus.org/terms/organisations	http://homosaurus.org/terms/salvationArmy	http://homosaurus.org/terms/gayReligiousGroups||http://homosaurus.org/terms/lesbianReligiousGroups||http://homosaurus.org/terms/religions	2015-11-29	2015-11-29	""	""
http://homosaurus.org/terms/religiousRight	religiousRight	religious right@en	""	moral majority@en	religiously motivated right wing or conservative movements in most major religions@en	http://homosaurus.org/terms/socialMovements	""	http://homosaurus.org/terms/fundamentalism||http://homosaurus.org/terms/politicalMovements||http://homosaurus.org/terms/religions	2015-11-29	2015-11-29	""	""
http://homosaurus.org/terms/religiousSocietyOfFriends	religiousSocietyOfFriends	religious society of friends@en	""	quakers@en||society of friends@en	""	http://homosaurus.org/terms/christianity	""	""	2015-11-29	2015-11-29	""	""
http://homosaurus.org/terms/religiousStudies	religiousStudies	religious studies@en	""	comparative religion@en	""	http://homosaurus.org/terms/humanities	""	http://homosaurus.org/terms/theology	2015-11-29	2015-11-29	""	""
http://homosaurus.org/terms/religiousTexts	religiousTexts	religious texts@en	""	scriptures@en||sacred texts@en	""	""	http://homosaurus.org/terms/bible||http://homosaurus.org/terms/koran||http://homosaurus.org/terms/tanakh	""	2015-11-29	2015-11-29	""	""
http://homosaurus.org/terms/remonstrantBrotherhood	remonstrantBrotherhood	remonstrant brotherhood@en	""	""	protestant church in the Netherlands@en	http://homosaurus.org/terms/protestantism	""	""	2015-11-29	2015-11-29	""	""
http://homosaurus.org/terms/renaissance	renaissance	renaissance@en	""	""	Cultural movement in 15th and 16th century Europe@en	http://homosaurus.org/terms/culturalMovements	""	""	2015-11-29	2015-11-29	""	""
http://homosaurus.org/terms/reportingPoints	reportingPoints	reporting points@en	""	""	""	""	""	http://homosaurus.org/terms/socialCare||http://homosaurus.org/terms/whistleblowers	2015-11-29	2015-11-29	""	""
http://homosaurus.org/terms/representation	representation	representation@en	""	""	the origin of an image (in the media) about a person, organisation or subject, that not necessarily has to be consistent with the facts@en	""	""	http://homosaurus.org/terms/arts||http://homosaurus.org/terms/beautyStandards||http://homosaurus.org/terms/femmesFatales||http://homosaurus.org/terms/labelling||http://homosaurus.org/terms/media||http://homosaurus.org/terms/prejudices||http://homosaurus.org/terms/self-image||http://homosaurus.org/terms/stereotypes||http://homosaurus.org/terms/stigmatisation	2015-11-29	2015-11-29	""	""
http://homosaurus.org/terms/research	research	research@en	""	""	""	""	http://homosaurus.org/terms/brainResearch||http://homosaurus.org/terms/opinionPolls||http://homosaurus.org/terms/psychologicalTests	http://homosaurus.org/terms/academicDisciplines||http://homosaurus.org/terms/researchMethods	2015-11-29	2015-11-29	""	""
http://homosaurus.org/terms/researchMethods	researchMethods	research methods@en	""	methodology@en	""	""	http://homosaurus.org/terms/cohortStudies||http://homosaurus.org/terms/dollsTechnique||http://homosaurus.org/terms/experiments||http://homosaurus.org/terms/interviews||http://homosaurus.org/terms/literatureReview||http://homosaurus.org/terms/longitudinalStudies||http://homosaurus.org/terms/penilePlethysmography||http://homosaurus.org/terms/surveys||http://homosaurus.org/terms/vaginalPhotoplethysmograph	http://homosaurus.org/terms/research	2015-11-29	2015-11-29	""	""
http://homosaurus.org/terms/residencePermits	residencePermits	residence permits@en	""	""	""	""	""	http://homosaurus.org/terms/illegalResidents||http://homosaurus.org/terms/immigrationPolicy	2015-11-29	2015-11-29	""	""
http://homosaurus.org/terms/resistanceMovements	resistanceMovements	resistance movements@en	""	""	""	""	""	http://homosaurus.org/terms/collaboration||http://homosaurus.org/terms/liberationMovements||http://homosaurus.org/terms/socialMovements	2015-11-29	2015-11-29	""	""
http://homosaurus.org/terms/resorts	resorts	resorts@en	""	""	""	http://homosaurus.org/terms/hospitalityIndustry	""	""	2015-11-29	2015-11-29	""	""
http://homosaurus.org/terms/restaurants	restaurants	restaurants@en	""	""	""	http://homosaurus.org/terms/hospitalityIndustry	""	http://homosaurus.org/terms/nightLife	2015-11-29	2015-11-29	""	""
http://homosaurus.org/terms/retirementBenefits	retirementBenefits	retirement benefits@en	""	pension insurance@en	""	""	http://homosaurus.org/terms/domesticPartnershipRetirementBenefits||http://homosaurus.org/terms/pensionSurvivorsBenefits	http://homosaurus.org/terms/insurance||http://homosaurus.org/terms/pensionFunds	2015-11-29	2015-11-29	""	""
http://homosaurus.org/terms/retirementHomes	retirementHomes	retirement homes@en	""	rest homes@en	""	http://homosaurus.org/terms/housingForOlderPeople||http://homosaurus.org/terms/institutionalCareFacilities	""	""	2015-11-29	2015-11-29	""	""
http://homosaurus.org/terms/retrievalSystems	retrievalSystems	retrieval systems@en	""	information retrieval systems@en	""	""	http://homosaurus.org/terms/classificationSystems||http://homosaurus.org/terms/thesauri	http://homosaurus.org/terms/informationServices	2015-11-29	2015-11-29	""	""
http://homosaurus.org/terms/returnMigration	returnMigration	return migration@en	""	repatriation@en	""	http://homosaurus.org/terms/migration	""	""	2015-11-29	2015-11-29	""	""
http://homosaurus.org/terms/reviews	reviews	reviews@en	""	""	""	""	""	http://homosaurus.org/terms/literaryCriticism||http://homosaurus.org/terms/press	2015-11-29	2015-11-29	""	""
http://homosaurus.org/terms/revolutions	revolutions	revolutions@en	""	""	""	""	http://homosaurus.org/terms/frenchRevolution||http://homosaurus.org/terms/russianRevolution	http://homosaurus.org/terms/socialProcesses||http://homosaurus.org/terms/wars	2015-11-29	2015-11-29	""	""
http://homosaurus.org/terms/rightToDie	rightToDie	right to die@en	""	death with dignity@en||living wills@en	""	http://homosaurus.org/terms/deathAndDying	""	http://homosaurus.org/terms/euthanasia||http://homosaurus.org/terms/humanRights||http://homosaurus.org/terms/suicide	2015-11-29	2015-11-29	""	""
http://homosaurus.org/terms/rightToVote	rightToVote	right to vote@en	""	""	""	http://homosaurus.org/terms/civilRights	""	http://homosaurus.org/terms/elections	2015-11-29	2015-11-29	""	""
http://homosaurus.org/terms/rightWingExtremism	rightWingExtremism	right wing extremism@en	""	""	""	http://homosaurus.org/terms/politicalMovements	http://homosaurus.org/terms/fascism||http://homosaurus.org/terms/nazism||http://homosaurus.org/terms/neofascism||http://homosaurus.org/terms/neonazism	""	2015-11-29	2015-11-29	""	""
http://homosaurus.org/terms/rimming	rimming	rimming@en	""	anilingus@en	""	http://homosaurus.org/terms/analSex||http://homosaurus.org/terms/licking	""	""	2015-11-29	2015-11-29	""	""
http://homosaurus.org/terms/riots	riots	riots@en	""	mob violence@en	""	http://homosaurus.org/terms/violence	http://homosaurus.org/terms/stonewallRiots	http://homosaurus.org/terms/demonstrations||http://homosaurus.org/terms/streetViolence	2015-11-29	2015-11-29	""	""
http://homosaurus.org/terms/riskBehaviours	riskBehaviours	risk behaviours@en	""	""	with regard to STDs and HIV/AIDS@en	""	http://homosaurus.org/terms/barebacking	http://homosaurus.org/terms/infection||http://homosaurus.org/terms/saferSex||http://homosaurus.org/terms/sexualBehaviourChange	2015-11-29	2015-11-29	""	""
http://homosaurus.org/terms/rites	rites	rites@en	""	""	""	""	http://homosaurus.org/terms/consecration||http://homosaurus.org/terms/weddings	http://homosaurus.org/terms/philosophiesOfLife||http://homosaurus.org/terms/ritualHomosexuality||http://homosaurus.org/terms/sacraments	2015-11-29	2015-11-29	""	""
http://homosaurus.org/terms/ritualHomosexuality	ritualHomosexuality	ritual homosexuality@en	""	""	""	http://homosaurus.org/terms/homosexuality	""	http://homosaurus.org/terms/cultures||http://homosaurus.org/terms/indigenousPeoples||http://homosaurus.org/terms/rites	2015-11-29	2015-11-29	""	""
http://homosaurus.org/terms/robbery	robbery	robbery@en	""	mugging@en	crime of taking or attempting to take something of value by force or threat of force or by putting the victim in fear@en	http://homosaurus.org/terms/theft	""	http://homosaurus.org/terms/physicalViolence	2015-11-29	2015-11-29	""	""
http://homosaurus.org/terms/rockMusic	rockMusic	rock music@en	""	""	""	http://homosaurus.org/terms/popMusic	""	""	2015-11-29	2015-11-29	""	""
http://homosaurus.org/terms/rodeos	rodeos	rodeos@en	""	""	""	http://homosaurus.org/terms/sports	""	http://homosaurus.org/terms/cowboys||http://homosaurus.org/terms/cowgirls	2015-11-29	2015-11-29	""	""
http://homosaurus.org/terms/cowgirls	cowgirls	cowgirls@en	""	""	""	http://homosaurus.org/terms/agriculturalOccupations	""	http://homosaurus.org/terms/rodeos	2015-11-29	2015-11-29	""	""
http://homosaurus.org/terms/roleModels	roleModels	role models@en	""	""	""	""	""	http://homosaurus.org/terms/identity||http://homosaurus.org/terms/idols	2015-11-29	2015-11-29	""	""
http://homosaurus.org/terms/roleBehaviour	roleBehaviour	role behaviour@en	""	role patterns@en	behaviour influenced by norms, determining a social situation; internal and external expectations; social sanctions and rewards@en	""	http://homosaurus.org/terms/genderRole||http://homosaurus.org/terms/sexualRoles	http://homosaurus.org/terms/butches||http://homosaurus.org/terms/femmes||http://homosaurus.org/terms/roleplay||http://homosaurus.org/terms/socialNorms||http://homosaurus.org/terms/stereotypes	2015-11-29	2015-11-29	""	""
http://homosaurus.org/terms/roleplay	roleplay	roleplay@en	""	""	""	""	http://homosaurus.org/terms/ageplay||http://homosaurus.org/terms/genderSwapping	http://homosaurus.org/terms/fantasies||http://homosaurus.org/terms/roleBehaviour	2015-11-29	2015-11-29	""	""
http://homosaurus.org/terms/roma	roma	roma@en	""	roma and sinti@en||gypsies@en||sinti@en||romani@en	""	http://homosaurus.org/terms/ethnicGroups||http://homosaurus.org/terms/nomads	""	http://homosaurus.org/terms/caravanDwellers	2015-11-29	2015-11-29	""	""
http://homosaurus.org/terms/romanCatholicism	romanCatholicism	roman catholicism@en	""	""	""	http://homosaurus.org/terms/christianity	""	http://homosaurus.org/terms/inquisition||http://homosaurus.org/terms/popes||http://homosaurus.org/terms/vatican	2015-11-29	2015-11-29	""	""
http://homosaurus.org/terms/romanticFriendships	romanticFriendships	romantic friendships@en	""	""	very close but non-sexual relationships and at times physical relationships between friends, often involving a degree of physical closeness beyond that which is common in modern Western societies, and may include for example holding hands, cuddling, kissing, and sharing a bed@en	http://homosaurus.org/terms/friendships	""	""	2015-11-29	2015-11-29	""	""
http://homosaurus.org/terms/romanticism	romanticism	romanticism@en	""	""	late 18th century, early 19th century cultural movement@en	http://homosaurus.org/terms/culturalMovements	""	""	2015-11-29	2015-11-29	""	""
http://homosaurus.org/terms/royalty	royalty	royalty@en	""	""	""	http://homosaurus.org/terms/nobility	""	http://homosaurus.org/terms/monarchy	2015-11-29	2015-11-29	""	""
http://homosaurus.org/terms/rubberSex	rubberSex	rubber sex@en	""	""	""	http://homosaurus.org/terms/sexualPractices	""	http://homosaurus.org/terms/SM	2015-11-29	2015-11-29	""	""
http://homosaurus.org/terms/rugby	rugby	rugby@en	""	""	""	http://homosaurus.org/terms/ballGames	""	""	2015-11-29	2015-11-29	""	""
http://homosaurus.org/terms/ruralAreas	ruralAreas	rural areas@en	""	countryside@en||non-urban areas@en	""	""	""	http://homosaurus.org/terms/lesbianLand||http://homosaurus.org/terms/ruralWomen||http://homosaurus.org/terms/villages	2015-11-29	2015-11-29	""	""
http://homosaurus.org/terms/ruralWomen	ruralWomen	rural women@en	""	""	""	http://homosaurus.org/terms/women	""	http://homosaurus.org/terms/ruralAreas	2015-11-29	2015-11-29	""	""
http://homosaurus.org/terms/russianRevolution	russianRevolution	russian revolution@en	""	""	""	http://homosaurus.org/terms/revolutions	""	http://homosaurus.org/terms/communism	2015-11-29	2015-11-29	""	""
http://homosaurus.org/terms/sacraments	sacraments	sacraments@en	""	""	""	""	""	http://homosaurus.org/terms/christianity||http://homosaurus.org/terms/rites	2015-11-29	2015-11-29	""	""
http://homosaurus.org/terms/sadism	sadism	sadism@en	""	""	""	http://homosaurus.org/terms/SM	""	""	2015-11-29	2015-11-29	""	""
http://homosaurus.org/terms/saferSex	saferSex	safer sex@en	""	""	""	http://homosaurus.org/terms/sexualPractices	""	http://homosaurus.org/terms/condoms||http://homosaurus.org/terms/dentalDams||http://homosaurus.org/terms/prevention||http://homosaurus.org/terms/riskBehaviours||http://homosaurus.org/terms/saferSexParties||http://homosaurus.org/terms/sexualBehaviourChange	2015-11-29	2015-11-29	""	""
http://homosaurus.org/terms/saferSexParties	saferSexParties	safer sex parties@en	""	""	""	http://homosaurus.org/terms/sexParties	""	http://homosaurus.org/terms/saferSex	2015-11-29	2015-11-29	""	""
http://homosaurus.org/terms/sagas	sagas	sagas@en	""	""	""	http://homosaurus.org/terms/literature	""	http://homosaurus.org/terms/legends	2015-11-29	2015-11-29	""	""
http://homosaurus.org/terms/sailors	sailors	sailors@en	""	""	""	http://homosaurus.org/terms/maritimeOccupations||http://homosaurus.org/terms/militaryOccupations	""	http://homosaurus.org/terms/navy	2015-11-29	2015-11-29	""	""
http://homosaurus.org/terms/saints	saints	saints@en	""	""	""	""	""	http://homosaurus.org/terms/religions	2015-11-29	2015-11-29	""	""
http://homosaurus.org/terms/salvationArmy	salvationArmy	salvation army@en	""	""	""	http://homosaurus.org/terms/religiousOrganisations	""	http://homosaurus.org/terms/methodism	2015-11-29	2015-11-29	""	""
http://homosaurus.org/terms/same-sexMarriage	same-sexMarriage	same-sex marriage@en	""	gay marriage@en||lesbian marriage@en	""	http://homosaurus.org/terms/marriage	""	http://homosaurus.org/terms/conscientiousObjection	2015-11-29	2015-11-29	""	""
http://homosaurus.org/terms/samurai	samurai	samurai@en	""	""	Japanese knights@en	http://homosaurus.org/terms/nobility	""	""	2015-11-29	2015-11-29	""	""
http://homosaurus.org/terms/scabies	scabies	scabies@en	""	""	""	http://homosaurus.org/terms/physicalDisorders	""	""	2015-11-29	2015-11-29	""	""
http://homosaurus.org/terms/scams	scams	scams@en	""	""	""	http://homosaurus.org/terms/crimes	""	""	2015-11-29	2015-11-29	""	""
http://homosaurus.org/terms/schizophrenia	schizophrenia	schizophrenia@en	""	""	""	http://homosaurus.org/terms/mentalDisorders	""	""	2015-11-29	2015-11-29	""	""
http://homosaurus.org/terms/schoolDropouts	schoolDropouts	school dropouts@en	""	""	""	""	""	http://homosaurus.org/terms/bullying||http://homosaurus.org/terms/educationalInstitutions||http://homosaurus.org/terms/students	2015-11-29	2015-11-29	""	""
http://homosaurus.org/terms/schoolTelevision	schoolTelevision	school television@en	""	educational television@en	""	http://homosaurus.org/terms/television	""	http://homosaurus.org/terms/education	2015-11-29	2015-11-29	""	""
http://homosaurus.org/terms/schools	schools	schools@en	""	""	schools for primary and secondary education@en	http://homosaurus.org/terms/educationalInstitutions	http://homosaurus.org/terms/boardingSchools||http://homosaurus.org/terms/reformatorySchools||http://homosaurus.org/terms/schoolsForLGBTYouth	""	2015-11-29	2015-11-29	""	""
http://homosaurus.org/terms/schoolsForLGBTYouth	schoolsForLGBTYouth	schools for LGBT youth@en	""	LGBT schools@en	""	http://homosaurus.org/terms/schools	""	""	2015-11-29	2015-11-29	""	""
http://homosaurus.org/terms/scienceFiction	scienceFiction	science fiction@en	""	""	""	http://homosaurus.org/terms/fiction	""	http://homosaurus.org/terms/cyborgs||http://homosaurus.org/terms/fantasy	2015-11-29	2015-11-29	""	""
http://homosaurus.org/terms/scientology	scientology	scientology@en	""	""	""	http://homosaurus.org/terms/philosophiesOfLife	""	""	2015-11-29	2015-11-29	""	""
http://homosaurus.org/terms/scouting	scouting	scouting@en	""	scout movement@en	""	http://homosaurus.org/terms/youthOrganisations	""	http://homosaurus.org/terms/leisureActivities	2015-11-29	2015-11-29	""	""
http://homosaurus.org/terms/screenplays	screenplays	screenplays@en	""	film scripts@en	""	""	""	http://homosaurus.org/terms/film||http://homosaurus.org/terms/plays	2015-11-29	2015-11-29	""	""
http://homosaurus.org/terms/sculpture	sculpture	sculpture@en	""	""	""	http://homosaurus.org/terms/visualArts	""	""	2015-11-29	2015-11-29	""	""
http://homosaurus.org/terms/seafaring	seafaring	seafaring@en	""	""	""	""	""	""	2015-11-29	2015-11-29	""	""
http://homosaurus.org/terms/secondWaveFeminism	secondWaveFeminism	second wave feminism@en	""	""	""	http://homosaurus.org/terms/feminism	""	""	2015-11-29	2015-11-29	""	""
http://homosaurus.org/terms/secondaryEducation	secondaryEducation	secondary education@en	""	""	""	http://homosaurus.org/terms/education	""	""	2015-11-29	2015-11-29	""	""
http://homosaurus.org/terms/secrecy	secrecy	secrecy@en	""	""	""	http://homosaurus.org/terms/privacy	""	http://homosaurus.org/terms/closetedGayMen||http://homosaurus.org/terms/closetedLesbians||http://homosaurus.org/terms/comingOut||http://homosaurus.org/terms/outing||http://homosaurus.org/terms/stealth	2015-11-29	2015-11-29	""	""
http://homosaurus.org/terms/secretService	secretService	secret service@en	""	""	""	http://homosaurus.org/terms/publicServices	""	http://homosaurus.org/terms/espionage	2015-11-29	2015-11-29	""	""
http://homosaurus.org/terms/securityRisks	securityRisks	security risks@en	""	""	employees who are, or suspected to be, untrustworthy and unduly sensitive to coercion, blackmail or duress and therefore are denied access to sensitive information@en	""	""	http://homosaurus.org/terms/blackmail||http://homosaurus.org/terms/personnelScreening	2015-11-29	2015-11-29	""	""
http://homosaurus.org/terms/seduction	seduction	seduction@en	""	temptation@en	""	""	""	http://homosaurus.org/terms/sexuality	2015-11-29	2015-11-29	""	""
http://homosaurus.org/terms/self-acceptance	self-acceptance	self-acceptance@en	""	""	""	http://homosaurus.org/terms/psychologicalCharacteristics	""	""	2015-11-29	2015-11-29	""	""
http://homosaurus.org/terms/self-defence	self-defence	self-defence@en	""	self-defense@en	""	http://homosaurus.org/terms/directAction	""	http://homosaurus.org/terms/martialArts||http://homosaurus.org/terms/violence	2015-11-29	2015-11-29	""	""
http://homosaurus.org/terms/self-help	self-help	self-help@en	""	self-improvement@en||self-development@en	self care and social support among persons with a similar affliction and/or problem@en	http://homosaurus.org/terms/care	http://homosaurus.org/terms/radicalTherapy||http://homosaurus.org/terms/supportGroups||http://homosaurus.org/terms/yoga	""	2015-11-29	2015-11-29	""	""
http://homosaurus.org/terms/self-image	self-image	self-image@en	""	self-perception@en	""	http://homosaurus.org/terms/psychologicalCharacteristics	""	http://homosaurus.org/terms/eatingDisorders||http://homosaurus.org/terms/ego-dystonicSexualOrientation||http://homosaurus.org/terms/identity||http://homosaurus.org/terms/representation	2015-11-29	2015-11-29	""	""
http://homosaurus.org/terms/self-insemination	self-insemination	self-insemination@en	""	""	""	http://homosaurus.org/terms/artificialInsemination	""	""	2015-11-29	2015-11-29	""	""
http://homosaurus.org/terms/self-repression	self-repression	self-repression@en	""	self-suppression@en	""	http://homosaurus.org/terms/defenceMechanisms	""	http://homosaurus.org/terms/denial||http://homosaurus.org/terms/ego-dystonicSexualOrientation||http://homosaurus.org/terms/latentHomosexuality	2015-11-29	2015-11-29	""	""
http://homosaurus.org/terms/self-respect	self-respect	self-respect@en	""	self-esteem@en	""	http://homosaurus.org/terms/psychologicalCharacteristics	""	""	2015-11-29	2015-11-29	""	""
http://homosaurus.org/terms/seminaries	seminaries	seminaries@en	""	""	""	http://homosaurus.org/terms/educationalInstitutions	""	""	2015-11-29	2015-11-29	""	""
http://homosaurus.org/terms/semiotics	semiotics	semiotics@en	""	semiology@en||semantics@en	""	http://homosaurus.org/terms/humanities	""	""	2015-11-29	2015-11-29	""	""
http://homosaurus.org/terms/sentencing	sentencing	sentencing@en	""	""	""	http://homosaurus.org/terms/legalProcess	""	http://homosaurus.org/terms/europeanCourtOfHumanRights||http://homosaurus.org/terms/europeanCourtOfJustice||http://homosaurus.org/terms/judges||http://homosaurus.org/terms/supremeCourt	2015-11-29	2015-11-29	""	""
http://homosaurus.org/terms/separation	separation	separation@en	""	marital separation@en	""	""	http://homosaurus.org/terms/divorce	http://homosaurus.org/terms/maritalStatus||http://homosaurus.org/terms/relationships||http://homosaurus.org/terms/visitationRights	2015-11-29	2015-11-29	""	""
http://homosaurus.org/terms/serialKillers	serialKillers	serial killers@en	""	""	""	http://homosaurus.org/terms/murderers	""	http://homosaurus.org/terms/serialKillings	2015-11-29	2015-11-29	""	""
http://homosaurus.org/terms/serialKillings	serialKillings	serial killings@en	""	""	""	http://homosaurus.org/terms/murders	""	http://homosaurus.org/terms/serialKillers	2015-11-29	2015-11-29	""	""
http://homosaurus.org/terms/seroconversion	seroconversion	seroconversion@en	""	HIV-seroconversion@en	change from HIV-negative to HIV-positive@en	""	""	http://homosaurus.org/terms/HIVAIDS	2015-11-29	2015-11-29	""	""
http://homosaurus.org/terms/serodiscordantCouples	serodiscordantCouples	serodiscordant couples@en	""	HIV-serodiscordant couples@en	couples of which one of the partners is HIV-positive and the other is HIV-negative@en	http://homosaurus.org/terms/couples	""	http://homosaurus.org/terms/HIV-negativePeople||http://homosaurus.org/terms/HIV-positivePeople||http://homosaurus.org/terms/HIVAIDS	2015-11-29	2015-11-29	""	""
http://homosaurus.org/terms/serostatus	serostatus	serostatus@en	""	HIV-serostatus@en	""	""	""	http://homosaurus.org/terms/HIV-negativePeople||http://homosaurus.org/terms/HIV-positivePeople||http://homosaurus.org/terms/HIVAIDS	2015-11-29	2015-11-29	""	""
http://homosaurus.org/terms/serviceOccupations	serviceOccupations	service occupations@en	""	""	""	http://homosaurus.org/terms/occupations	http://homosaurus.org/terms/archivists||http://homosaurus.org/terms/fireFighters||http://homosaurus.org/terms/hairdressers||http://homosaurus.org/terms/interpreters||http://homosaurus.org/terms/librarians||http://homosaurus.org/terms/policeOfficers||http://homosaurus.org/terms/prisonGuards||http://homosaurus.org/terms/tourOperators	""	2015-11-29	2015-11-29	""	""
http://homosaurus.org/terms/sexAccessories	sexAccessories	sex accessories@en	""	""	""	""	http://homosaurus.org/terms/buttplugs||http://homosaurus.org/terms/condoms||http://homosaurus.org/terms/dentalDams||http://homosaurus.org/terms/dildos||http://homosaurus.org/terms/lubricants||http://homosaurus.org/terms/vibrators	http://homosaurus.org/terms/sexShops||http://homosaurus.org/terms/sexuality||http://homosaurus.org/terms/sexualPractices	2015-11-29	2015-11-29	""	""
http://homosaurus.org/terms/sexCinemas	sexCinemas	sex cinemas@en	""	adult movie theatres@en	""	http://homosaurus.org/terms/cinemas||http://homosaurus.org/terms/sexIndustry	""	""	2015-11-29	2015-11-29	""	""
http://homosaurus.org/terms/sexClubs	sexClubs	sex clubs@en	""	""	""	http://homosaurus.org/terms/clubs||http://homosaurus.org/terms/sexIndustry	""	http://homosaurus.org/terms/sexuality	2015-11-29	2015-11-29	""	""
http://homosaurus.org/terms/sexEducation	sexEducation	sex education@en	""	""	""	http://homosaurus.org/terms/provisionOfInformation	""	http://homosaurus.org/terms/upbringing	2015-11-29	2015-11-29	""	""
http://homosaurus.org/terms/sexIndustry	sexIndustry	sex industry@en	""	adult entertainment industry@en	""	http://homosaurus.org/terms/industries	http://homosaurus.org/terms/brothels||http://homosaurus.org/terms/escortServices||http://homosaurus.org/terms/pornIndustry||http://homosaurus.org/terms/prostitution||http://homosaurus.org/terms/sexCinemas||http://homosaurus.org/terms/sexClubs||http://homosaurus.org/terms/sexShops||http://homosaurus.org/terms/sexTourism	http://homosaurus.org/terms/baths||http://homosaurus.org/terms/peepShows||http://homosaurus.org/terms/phoneSex||http://homosaurus.org/terms/sexuality||http://homosaurus.org/terms/sexWorkers	2015-11-29	2015-11-29	""	""
http://homosaurus.org/terms/sexLocations	sexLocations	sex locations@en	""	locations for sex@en	""	""	http://homosaurus.org/terms/baths||http://homosaurus.org/terms/darkRooms||http://homosaurus.org/terms/sexParties	http://homosaurus.org/terms/anonymousSex||http://homosaurus.org/terms/meetingPlaces||http://homosaurus.org/terms/publicSex||http://homosaurus.org/terms/sexuality	2015-11-29	2015-11-29	""	""
http://homosaurus.org/terms/sexParties	sexParties	sex parties@en	""	""	""	http://homosaurus.org/terms/parties||http://homosaurus.org/terms/sexLocations	http://homosaurus.org/terms/saferSexParties	http://homosaurus.org/terms/darkRooms||http://homosaurus.org/terms/groupSex||http://homosaurus.org/terms/sexuality	2015-11-29	2015-11-29	""	""
http://homosaurus.org/terms/sexScandals	sexScandals	sex scandals@en	""	sexual scandals@en	public scandals surrounding sensational cases of sexual indecency or sex crimes@en	http://homosaurus.org/terms/socialProcesses	""	""	2015-11-29	2015-11-29	""	""
http://homosaurus.org/terms/sexShops	sexShops	sex shops@en	""	adult entertainment stores@en	""	http://homosaurus.org/terms/sexIndustry||http://homosaurus.org/terms/shops	""	http://homosaurus.org/terms/sexAccessories	2015-11-29	2015-11-29	""	""
http://homosaurus.org/terms/sexTherapy	sexTherapy	sex therapy@en	""	""	""	http://homosaurus.org/terms/therapies	""	http://homosaurus.org/terms/sexualDysfunction	2015-11-29	2015-11-29	""	""
http://homosaurus.org/terms/sexTourism	sexTourism	sex tourism@en	""	""	""	http://homosaurus.org/terms/sexIndustry||http://homosaurus.org/terms/tourism	""	http://homosaurus.org/terms/prostitution	2015-11-29	2015-11-29	""	""
http://homosaurus.org/terms/sexWorkers	sexWorkers	sex workers@en	""	""	""	""	http://homosaurus.org/terms/childProstitutes||http://homosaurus.org/terms/escorts||http://homosaurus.org/terms/femaleProstitutes||http://homosaurus.org/terms/lesbianProstitutes||http://homosaurus.org/terms/maleProstitutes||http://homosaurus.org/terms/phoneSexWorkers||http://homosaurus.org/terms/pornStars||http://homosaurus.org/terms/strippers||http://homosaurus.org/terms/transgenderProstitutes	http://homosaurus.org/terms/prostitutesClients||http://homosaurus.org/terms/sexIndustry	2015-11-29	2015-11-29	""	""
http://homosaurus.org/terms/sexism	sexism	sexism@en	""	""	""	http://homosaurus.org/terms/discrimination	""	http://homosaurus.org/terms/genderism||http://homosaurus.org/terms/heterosexism	2015-11-29	2015-11-29	""	""
http://homosaurus.org/terms/sexologists	sexologists	sexologists@en	""	""	""	http://homosaurus.org/terms/academics	""	http://homosaurus.org/terms/sexology	2015-11-29	2015-11-29	""	""
http://homosaurus.org/terms/sexology	sexology	sexology@en	""	""	""	http://homosaurus.org/terms/academicDisciplines	""	http://homosaurus.org/terms/sexologists||http://homosaurus.org/terms/sexuality	2015-11-29	2015-11-29	""	""
http://homosaurus.org/terms/sexting	sexting	sexting@en	""	""	act of sending sexually explicit messages or photographs, primarily between mobile phones@en	""	""	http://homosaurus.org/terms/pornography||http://homosaurus.org/terms/sexuality||http://homosaurus.org/terms/telecommunication	2015-11-29	2015-11-29	""	""
http://homosaurus.org/terms/sexualAbstinence	sexualAbstinence	sexual abstinence@en	""	""	""	""	http://homosaurus.org/terms/virginity	http://homosaurus.org/terms/celibacy||http://homosaurus.org/terms/sexuality	2015-11-29	2015-11-29	""	""
http://homosaurus.org/terms/sexualAbuse	sexualAbuse	sexual abuse@en	""	""	""	http://homosaurus.org/terms/abuse||http://homosaurus.org/terms/sexualViolence	http://homosaurus.org/terms/incest||http://homosaurus.org/terms/sexualChildAbuse	http://homosaurus.org/terms/victimsOfSexualAbuse	2015-11-29	2015-11-29	""	""
http://homosaurus.org/terms/sexualAddiction	sexualAddiction	sexual addiction@en	""	""	""	http://homosaurus.org/terms/addictions	http://homosaurus.org/terms/hypersexuality	http://homosaurus.org/terms/sexuality	2015-11-29	2015-11-29	""	""
http://homosaurus.org/terms/sexualAssault	sexualAssault	sexual assault@en	""	""	""	http://homosaurus.org/terms/sexualViolence	""	""	2015-11-29	2015-11-29	""	""
http://homosaurus.org/terms/sexualBehaviourChange	sexualBehaviourChange	sexual behaviour change@en	""	""	""	""	""	http://homosaurus.org/terms/riskBehaviours||http://homosaurus.org/terms/saferSex	2015-11-29	2015-11-29	""	""
http://homosaurus.org/terms/sexualChildAbuse	sexualChildAbuse	sexual child abuse@en	""	child molesting@en||child sexual abuse@en	""	http://homosaurus.org/terms/childAbuse||http://homosaurus.org/terms/sexualAbuse	""	http://homosaurus.org/terms/dollsTechnique||http://homosaurus.org/terms/sexuallyAbusedChildren	2015-11-29	2015-11-29	""	""
http://homosaurus.org/terms/sexualDiversity	sexualDiversity	sexual diversity@en	""	""	diversity in sexual orientation@en	http://homosaurus.org/terms/diversity	""	http://homosaurus.org/terms/sexualIdentity||http://homosaurus.org/terms/sexualOrientation	2015-11-29	2015-11-29	""	""
http://homosaurus.org/terms/sexualDysfunction	sexualDysfunction	sexual dysfunction@en	""	sexual malfunction@en	""	""	http://homosaurus.org/terms/erectileDysfunction||http://homosaurus.org/terms/vaginismus	http://homosaurus.org/terms/sexTherapy||http://homosaurus.org/terms/sexualExcitement||http://homosaurus.org/terms/sexualHealth||http://homosaurus.org/terms/sexuality	2015-11-29	2015-11-29	""	""
http://homosaurus.org/terms/sexualExcitement	sexualExcitement	sexual excitement@en	""	sexual arousal@en	""	""	http://homosaurus.org/terms/orgasm	http://homosaurus.org/terms/eroticism||http://homosaurus.org/terms/sexualDysfunction||http://homosaurus.org/terms/sexuality	2015-11-29	2015-11-29	""	""
http://homosaurus.org/terms/sexualHarassment	sexualHarassment	sexual harassment@en	""	""	""	http://homosaurus.org/terms/harassment	""	""	2015-11-29	2015-11-29	""	""
http://homosaurus.org/terms/sexualHealth	sexualHealth	sexual health@en	""	""	""	http://homosaurus.org/terms/health	""	http://homosaurus.org/terms/sexualDysfunction	2015-11-29	2015-11-29	""	""
http://homosaurus.org/terms/sexualIdentity	sexualIdentity	sexual identity@en	""	""	""	http://homosaurus.org/terms/identity	http://homosaurus.org/terms/bisexualIdentity||http://homosaurus.org/terms/gayIdentity||http://homosaurus.org/terms/heterosexualIdentity||http://homosaurus.org/terms/lesbianIdentity	http://homosaurus.org/terms/genderIdentity||http://homosaurus.org/terms/sexualDiversity	2015-11-29	2015-11-29	""	""
http://homosaurus.org/terms/sexualMinorities	sexualMinorities	sexual minorities@en	""	""	""	""	http://homosaurus.org/terms/bisexuals||http://homosaurus.org/terms/gayMen||http://homosaurus.org/terms/katoeys||http://homosaurus.org/terms/lesbians||http://homosaurus.org/terms/menWhoHaveSexWithMen||http://homosaurus.org/terms/two-spiritPeople||http://homosaurus.org/terms/womenWhoHaveSexWithWomen	http://homosaurus.org/terms/genderMinorities||http://homosaurus.org/terms/sexuality||http://homosaurus.org/terms/sexualOrientation	2015-11-29	2015-11-29	""	""
http://homosaurus.org/terms/sexualOffencesLaws	sexualOffencesLaws	sexual offences laws@en	""	sexual criminal codes@en	""	http://homosaurus.org/terms/criminalLaw	http://homosaurus.org/terms/sodomyLaws	http://homosaurus.org/terms/ageOfConsent	2015-11-29	2015-11-29	""	""
http://homosaurus.org/terms/sexualOrientation	sexualOrientation	sexual orientation@en	""	sexual object choice@en||sexual preference@en	""	""	http://homosaurus.org/terms/asexuality||http://homosaurus.org/terms/bisexuality||http://homosaurus.org/terms/ephebophilia||http://homosaurus.org/terms/fetishism||http://homosaurus.org/terms/gerontophilia||http://homosaurus.org/terms/hebephilia||http://homosaurus.org/terms/heterosexuality||http://homosaurus.org/terms/homosexuality||http://homosaurus.org/terms/lesbianism||http://homosaurus.org/terms/necrophilia||http://homosaurus.org/terms/pedophilia||http://homosaurus.org/terms/zoophilia	http://homosaurus.org/terms/gaydar||http://homosaurus.org/terms/sexualDiversity||http://homosaurus.org/terms/sexualMinorities||http://homosaurus.org/terms/sexualRelationships||http://homosaurus.org/terms/sexualReorientation||http://homosaurus.org/terms/situationalSexualBehavior	2015-11-29	2015-11-29	""	""
http://homosaurus.org/terms/sexualPractices	sexualPractices	sexual practices@en	""	""	physical sexual activities@en	""	http://homosaurus.org/terms/analSex||http://homosaurus.org/terms/autoeroticAsphyxiation||http://homosaurus.org/terms/BDSM||http://homosaurus.org/terms/exhibitionism||http://homosaurus.org/terms/frottage||http://homosaurus.org/terms/manualSex||http://homosaurus.org/terms/masturbation||http://homosaurus.org/terms/mudSex||http://homosaurus.org/terms/nipplePlay||http://homosaurus.org/terms/oralSex||http://homosaurus.org/terms/phallicSex||http://homosaurus.org/terms/phoneSex||http://homosaurus.org/terms/rubberSex||http://homosaurus.org/terms/saferSex||http://homosaurus.org/terms/vaginalSex||http://homosaurus.org/terms/voyeurism||http://homosaurus.org/terms/waterSports	http://homosaurus.org/terms/handkerchiefCodes||http://homosaurus.org/terms/sexAccessories||http://homosaurus.org/terms/sexuality||http://homosaurus.org/terms/situationalSexualBehavior	2015-11-29	2015-11-29	""	""
http://homosaurus.org/terms/sexualReform	sexualReform	sexual reform@en	""	""	in reference to European movements for sexual reform in the 20th century@en	http://homosaurus.org/terms/socialProcesses	""	http://homosaurus.org/terms/sexuality	2015-11-29	2015-11-29	""	""
http://homosaurus.org/terms/sexualRelationships	sexualRelationships	sexual relationships@en	""	""	""	http://homosaurus.org/terms/relationships	http://homosaurus.org/terms/casualSex||http://homosaurus.org/terms/incest||http://homosaurus.org/terms/loveTriangles||http://homosaurus.org/terms/monogamy||http://homosaurus.org/terms/polyamory||http://homosaurus.org/terms/polygamy	http://homosaurus.org/terms/anonymousSex||http://homosaurus.org/terms/lovers||http://homosaurus.org/terms/partnerNotification||http://homosaurus.org/terms/partnerPreference||http://homosaurus.org/terms/sexualOrientation	2015-11-29	2015-11-29	""	""
http://homosaurus.org/terms/sexualReorientation	sexualReorientation	sexual reorientation@en	""	reparative therapy@en||conversion therapy@en||gay cures@en	""	""	""	http://homosaurus.org/terms/aversionTherapy||http://homosaurus.org/terms/ego-dystonicSexualOrientation||http://homosaurus.org/terms/ex-gayMovement||http://homosaurus.org/terms/sexualOrientation	2015-11-29	2015-11-29	""	""
http://homosaurus.org/terms/sexualRevolution	sexualRevolution	sexual revolution@en	""	""	social outlook which challenged traditional codes of behaviour related to sexuality and interpersonal relationships throughout the Western world from the 1960s into the 1970s@en	http://homosaurus.org/terms/socialProcesses	""	""	2015-11-29	2015-11-29	""	""
http://homosaurus.org/terms/sexualRoles	sexualRoles	sexual roles@en	""	""	""	http://homosaurus.org/terms/roleBehaviour	""	http://homosaurus.org/terms/handkerchiefCodes||http://homosaurus.org/terms/sexuality	2015-11-29	2015-11-29	""	""
http://homosaurus.org/terms/sexualSterilisation	sexualSterilisation	sexual sterilisation@en	""	human sterilization@en||sexual sterilization@en||human sterilisation@en	""	http://homosaurus.org/terms/surgery	""	""	2015-11-29	2015-11-29	""	""
http://homosaurus.org/terms/sexualViolence	sexualViolence	sexual violence@en	""	""	""	http://homosaurus.org/terms/violence	http://homosaurus.org/terms/rape||http://homosaurus.org/terms/sexualAbuse||http://homosaurus.org/terms/sexualAssault	""	2015-11-29	2015-11-29	""	""
http://homosaurus.org/terms/sexuality	sexuality	sexuality@en	""	""	""	http://homosaurus.org/terms/eroticism	http://homosaurus.org/terms/animalSexualBehaviour||http://homosaurus.org/terms/childrensSexuality	http://homosaurus.org/terms/anonymousSex||http://homosaurus.org/terms/casualSex||http://homosaurus.org/terms/craving||http://homosaurus.org/terms/cybersex||http://homosaurus.org/terms/eroticism||http://homosaurus.org/terms/groupSex||http://homosaurus.org/terms/hypersexuality||http://homosaurus.org/terms/organisationsForSexualResearchAndSexualReform||http://homosaurus.org/terms/pornography||http://homosaurus.org/terms/publicSex||http://homosaurus.org/terms/seduction||http://homosaurus.org/terms/sexAccessories||http://homosaurus.org/terms/sexClubs||http://homosaurus.org/terms/sexIndustry||http://homosaurus.org/terms/sexLocations||http://homosaurus.org/terms/sexology||http://homosaurus.org/terms/sexParties||http://homosaurus.org/terms/sexting||http://homosaurus.org/terms/sexualAbstinence||http://homosaurus.org/terms/sexualAddiction||http://homosaurus.org/terms/sexualDysfunction||http://homosaurus.org/terms/sexualExcitement||http://homosaurus.org/terms/sexualMinorities||http://homosaurus.org/terms/sexualPractices||http://homosaurus.org/terms/sexualReform||http://homosaurus.org/terms/sexualRoles||http://homosaurus.org/terms/situationalSexualBehavior||http://homosaurus.org/terms/sodomy||http://homosaurus.org/terms/tribadism	2015-11-29	2015-11-29	""	""
http://homosaurus.org/terms/sexuallyAbusedChildren	sexuallyAbusedChildren	sexually abused children@en	""	""	""	http://homosaurus.org/terms/children||http://homosaurus.org/terms/victimsOfSexualAbuse	""	http://homosaurus.org/terms/sexualChildAbuse	2015-11-29	2015-11-29	""	""
http://homosaurus.org/terms/shamanism	shamanism	shamanism@en	""	""	""	http://homosaurus.org/terms/religions	""	""	2015-11-29	2015-11-29	""	""
http://homosaurus.org/terms/shame	shame	shame@en	""	""	""	http://homosaurus.org/terms/psychologicalCharacteristics	""	http://homosaurus.org/terms/stigmatisation	2015-11-29	2015-11-29	""	""
http://homosaurus.org/terms/shintoism	shintoism	shintoism@en	""	shinto@en	""	http://homosaurus.org/terms/asianReligions	""	""	2015-11-29	2015-11-29	""	""
http://homosaurus.org/terms/shoah	shoah	shoah@en	""	holocaust@en	""	http://homosaurus.org/terms/persecutions	""	http://homosaurus.org/terms/jews||http://homosaurus.org/terms/nazism||http://homosaurus.org/terms/worldWarII	2015-11-29	2015-11-29	""	""
http://homosaurus.org/terms/shops	shops	shops@en	""	""	""	http://homosaurus.org/terms/businesses	http://homosaurus.org/terms/bookshops||http://homosaurus.org/terms/sexShops	""	2015-11-29	2015-11-29	""	""
http://homosaurus.org/terms/siblings	siblings	siblings@en	""	""	""	http://homosaurus.org/terms/familyMembers	http://homosaurus.org/terms/brothers||http://homosaurus.org/terms/sisters||http://homosaurus.org/terms/twins	""	2015-11-29	2015-11-29	""	""
http://homosaurus.org/terms/side-effects	side-effects	side-effects@en	""	""	of medication@en	""	""	http://homosaurus.org/terms/medication	2015-11-29	2015-11-29	""	""
http://homosaurus.org/terms/signLanguage	signLanguage	sign language@en	""	""	""	http://homosaurus.org/terms/language	""	http://homosaurus.org/terms/deafPeople	2015-11-29	2015-11-29	""	""
http://homosaurus.org/terms/singers	singers	singers@en	""	""	""	http://homosaurus.org/terms/musicians	http://homosaurus.org/terms/choirBoys	""	2015-11-29	2015-11-29	""	""
http://homosaurus.org/terms/singleFathers	singleFathers	single fathers@en	""	""	""	http://homosaurus.org/terms/fathers||http://homosaurus.org/terms/singleParents	""	""	2015-11-29	2015-11-29	""	""
http://homosaurus.org/terms/singleMothers	singleMothers	single mothers@en	""	""	""	http://homosaurus.org/terms/mothers||http://homosaurus.org/terms/singleParents	""	""	2015-11-29	2015-11-29	""	""
http://homosaurus.org/terms/singleParentFamilies	singleParentFamilies	single parent families@en	""	one-parent families@en	""	http://homosaurus.org/terms/families	""	http://homosaurus.org/terms/singleParents	2015-11-29	2015-11-29	""	""
http://homosaurus.org/terms/singleParents	singleParents	single parents@en	""	""	""	http://homosaurus.org/terms/parents||http://homosaurus.org/terms/singlePeople	http://homosaurus.org/terms/singleFathers||http://homosaurus.org/terms/singleMothers	http://homosaurus.org/terms/singleParentFamilies	2015-11-29	2015-11-29	""	""
http://homosaurus.org/terms/singlePeople	singlePeople	single people@en	""	single person households@en||singles@en	""	""	http://homosaurus.org/terms/singleParents	http://homosaurus.org/terms/divorcedPeople	2015-11-29	2015-11-29	""	""
http://homosaurus.org/terms/sissies	sissies	sissies@en	""	sissy boys@en	pejorative term applied to boys or men who are perceived to be effeminate and do not conform to traditional masculine roles@en	http://homosaurus.org/terms/boys	""	http://homosaurus.org/terms/genderRole	2015-11-29	2015-11-29	""	""
http://homosaurus.org/terms/sistergirls	sistergirls	sistergirls@en	""	sista girls@en	Aboriginal English term that is broadly similar in meaning to MtF transgender, but not necessarily exactly the same. Sistergirls often identify as or live as women. Some do not dress like women, many do@en	http://homosaurus.org/terms/genderMinorities	""	http://homosaurus.org/terms/aboriginals	2015-11-29	2015-11-29	""	""
http://homosaurus.org/terms/sisters	sisters	sisters@en	""	""	""	http://homosaurus.org/terms/siblings	""	""	2015-11-29	2015-11-29	""	""
http://homosaurus.org/terms/situationalSexualBehavior	situationalSexualBehavior	situational sexual behavior@en	""	situational homosexuality@en	sexual behavior of a kind that is different from that which the person normally exhibits, due to a social environment that in some way permits, encourages, or compels those acts; this can also include situations where a person's usual sexual behavior may not be possible@en	""	""	http://homosaurus.org/terms/sexuality||http://homosaurus.org/terms/sexualOrientation||http://homosaurus.org/terms/sexualPractices	2015-11-29	2015-11-29	""	""
http://homosaurus.org/terms/skinheads	skinheads	skinheads@en	""	""	""	http://homosaurus.org/terms/subcultures	""	""	2015-11-29	2015-11-29	""	""
http://homosaurus.org/terms/slang	slang	slang@en	""	""	""	http://homosaurus.org/terms/language	http://homosaurus.org/terms/gaySlang||http://homosaurus.org/terms/lesbianSlang||http://homosaurus.org/terms/transgenderSlang	""	2015-11-29	2015-11-29	""	""
http://homosaurus.org/terms/slavery	slavery	slavery@en	""	""	""	http://homosaurus.org/terms/crimesAgainstHumanity	""	http://homosaurus.org/terms/violence	2015-11-29	2015-11-29	""	""
http://homosaurus.org/terms/SM	SM	SM@en	""	S & M@en||S and M@en||sadomasochism@en||algolagnia@en	""	http://homosaurus.org/terms/BDSM	http://homosaurus.org/terms/flagellation||http://homosaurus.org/terms/masochism||http://homosaurus.org/terms/sadism||http://homosaurus.org/terms/spanking	http://homosaurus.org/terms/leatherCommunity||http://homosaurus.org/terms/rubberSex||http://homosaurus.org/terms/SMMovement	2015-11-29	2015-11-29	""	""
http://homosaurus.org/terms/SMMovement	SMMovement	SM movement@en	""	""	""	http://homosaurus.org/terms/socialMovements	""	http://homosaurus.org/terms/SM	2015-11-29	2015-11-29	""	""
http://homosaurus.org/terms/smoking	smoking	smoking@en	""	""	""	http://homosaurus.org/terms/addictions	""	http://homosaurus.org/terms/tobaccoIndustry	2015-11-29	2015-11-29	""	""
http://homosaurus.org/terms/soccer	soccer	soccer@en	""	""	""	http://homosaurus.org/terms/ballGames	""	""	2015-11-29	2015-11-29	""	""
http://homosaurus.org/terms/socialActivitiesClubs	socialActivitiesClubs	social activities clubs@en	""	""	""	http://homosaurus.org/terms/clubs	""	http://homosaurus.org/terms/nightLife	2015-11-29	2015-11-29	""	""
http://homosaurus.org/terms/socialAndBehaviouralSciences	socialAndBehaviouralSciences	social and behavioural sciences@en	""	behavioural sciences@en||social sciences@en	""	http://homosaurus.org/terms/academicDisciplines	http://homosaurus.org/terms/anthropology||http://homosaurus.org/terms/communicationStudies||http://homosaurus.org/terms/criminology||http://homosaurus.org/terms/culturalStudies||http://homosaurus.org/terms/demography||http://homosaurus.org/terms/economics||http://homosaurus.org/terms/educationStudies||http://homosaurus.org/terms/humanGeography||http://homosaurus.org/terms/pedagogy||http://homosaurus.org/terms/politicalScience||http://homosaurus.org/terms/psychology||http://homosaurus.org/terms/sociobiology||http://homosaurus.org/terms/sociology||http://homosaurus.org/terms/townAndCountryPlanning	""	2015-11-29	2015-11-29	""	""
http://homosaurus.org/terms/socialBookmarking	socialBookmarking	social bookmarking@en	""	""	""	http://homosaurus.org/terms/socialMedia	""	http://homosaurus.org/terms/websites	2015-11-29	2015-11-29	""	""
http://homosaurus.org/terms/socialCare	socialCare	social care@en	""	social services@en	""	http://homosaurus.org/terms/care	http://homosaurus.org/terms/childWelfare||http://homosaurus.org/terms/dayCare||http://homosaurus.org/terms/ombudsServices||http://homosaurus.org/terms/socialWork||http://homosaurus.org/terms/socioculturalEducation||http://homosaurus.org/terms/youthServices	http://homosaurus.org/terms/communityCentres||http://homosaurus.org/terms/crisisCentres||http://homosaurus.org/terms/helpLines||http://homosaurus.org/terms/occupationsInHealthCareAndSocialCare||http://homosaurus.org/terms/reportingPoints||http://homosaurus.org/terms/socialNetworks||http://homosaurus.org/terms/socialServiceOrganisations	2015-11-29	2015-11-29	""	""
http://homosaurus.org/terms/socialClasses	socialClasses	social classes@en	""	""	""	""	http://homosaurus.org/terms/bourgeoisie||http://homosaurus.org/terms/middleClass||http://homosaurus.org/terms/nobility||http://homosaurus.org/terms/underclass||http://homosaurus.org/terms/upperClass||http://homosaurus.org/terms/workingClass	http://homosaurus.org/terms/classism||http://homosaurus.org/terms/classStruggle||http://homosaurus.org/terms/socioeconomicCharacteristics	2015-11-29	2015-11-29	""	""
http://homosaurus.org/terms/socialConstructionism	socialConstructionism	social constructionism@en	""	""	notion that categories of gender, sexual orientation and ethnicity are cultural constructs rather than intrinsic categories of nature@en	http://homosaurus.org/terms/theories	""	http://homosaurus.org/terms/essentialism||http://homosaurus.org/terms/medicalisation||http://homosaurus.org/terms/queerTheory	2015-11-29	2015-11-29	""	""
http://homosaurus.org/terms/socialControl	socialControl	social control@en	""	""	societal and political mechanisms or processes that regulate individual and group behavior in an attempt to gain conformity and compliance to the rules of a given society, state, or social group@en	http://homosaurus.org/terms/socialProcesses	""	http://homosaurus.org/terms/normalisation||http://homosaurus.org/terms/socialNorms	2015-11-29	2015-11-29	""	""
http://homosaurus.org/terms/socialDemocracy	socialDemocracy	social democracy@en	""	""	""	http://homosaurus.org/terms/politicalMovements	""	http://homosaurus.org/terms/socialism	2015-11-29	2015-11-29	""	""
http://homosaurus.org/terms/socialExclusion	socialExclusion	social exclusion@en	""	marginalisation@en||marginalization@en	processes in which individuals and entire communities of people are systematically blocked from rights, opportunities and resources that are normally available to members of society and which are key to social integration@en	http://homosaurus.org/terms/socialProcesses	""	http://homosaurus.org/terms/socialIntegration	2015-11-29	2015-11-29	""	""
http://homosaurus.org/terms/socialIntegration	socialIntegration	social integration@en	""	integration@en	movement of minority groups into the mainstream of societies@en	http://homosaurus.org/terms/socialProcesses	""	http://homosaurus.org/terms/normalisation||http://homosaurus.org/terms/socialExclusion||http://homosaurus.org/terms/solidarity	2015-11-29	2015-11-29	""	""
http://homosaurus.org/terms/socialLaw	socialLaw	social law@en	""	social legislation@en	""	http://homosaurus.org/terms/law	http://homosaurus.org/terms/labourLaw||http://homosaurus.org/terms/publicAssistanceRegulations||http://homosaurus.org/terms/socialSecurityRegulations	http://homosaurus.org/terms/healthInsurance||http://homosaurus.org/terms/welfareBenefits	2015-11-29	2015-11-29	""	""
http://homosaurus.org/terms/socialMedia	socialMedia	social media@en	""	""	web-based and mobile technologies used to turn communication into interactive dialogue@en	http://homosaurus.org/terms/media	http://homosaurus.org/terms/BBS||http://homosaurus.org/terms/blogs||http://homosaurus.org/terms/chatRooms||http://homosaurus.org/terms/datingWebsites||http://homosaurus.org/terms/imageHostingWebsites||http://homosaurus.org/terms/internetForums||http://homosaurus.org/terms/socialBookmarking||http://homosaurus.org/terms/socialNetworkingWebsites||http://homosaurus.org/terms/videoSharingWebsites||http://homosaurus.org/terms/wikis	http://homosaurus.org/terms/internet||http://homosaurus.org/terms/telecommunication	2015-11-29	2015-11-29	""	""
http://homosaurus.org/terms/socialMovements	socialMovements	social movements@en	""	""	""	""	http://homosaurus.org/terms/ex-gayMovement||http://homosaurus.org/terms/labourMovement||http://homosaurus.org/terms/LGBTIMovement||http://homosaurus.org/terms/mensMovement||http://homosaurus.org/terms/peaceMovement||http://homosaurus.org/terms/pedophileMovement||http://homosaurus.org/terms/provoMovement||http://homosaurus.org/terms/religiousRight||http://homosaurus.org/terms/SMMovement||http://homosaurus.org/terms/squattersMovement||http://homosaurus.org/terms/womensMovement	http://homosaurus.org/terms/actionCommittees||http://homosaurus.org/terms/politicalMovements||http://homosaurus.org/terms/resistanceMovements	2015-11-29	2015-11-29	""	""
http://homosaurus.org/terms/socialNetworkingWebsites	socialNetworkingWebsites	social networking websites@en	""	""	""	http://homosaurus.org/terms/socialMedia||http://homosaurus.org/terms/websites	""	http://homosaurus.org/terms/dating||http://homosaurus.org/terms/meetingPlaces||http://homosaurus.org/terms/socialNetworks	2015-11-29	2015-11-29	""	""
http://homosaurus.org/terms/socialNetworks	socialNetworks	social networks@en	""	circle of friends@en	""	""	""	http://homosaurus.org/terms/friends||http://homosaurus.org/terms/relationships||http://homosaurus.org/terms/socialCare||http://homosaurus.org/terms/socialNetworkingWebsites	2015-11-29	2015-11-29	""	""
http://homosaurus.org/terms/socialNorms	socialNorms	social norms@en	""	norms and values@en||norms@en	group-held beliefs about how members should behave in a given context@en	""	http://homosaurus.org/terms/heteronormativity||http://homosaurus.org/terms/homonormativity||http://homosaurus.org/terms/politicalCorrectness||http://homosaurus.org/terms/workEthic	http://homosaurus.org/terms/attitudes||http://homosaurus.org/terms/beautyStandards||http://homosaurus.org/terms/ethics||http://homosaurus.org/terms/etiquette||http://homosaurus.org/terms/roleBehaviour||http://homosaurus.org/terms/socialControl||http://homosaurus.org/terms/taboos	2015-11-29	2015-11-29	""	""
http://homosaurus.org/terms/socialParenthood	socialParenthood	social parenthood@en	""	non-genetic parenthood@en||foster parenthood@en||adoptive parenthood@en	relates to the actual care and upbringing of a child@en	http://homosaurus.org/terms/parenthood	http://homosaurus.org/terms/co-parenthood	http://homosaurus.org/terms/adoptiveParents||http://homosaurus.org/terms/biologicalParenthood||http://homosaurus.org/terms/fosterParents	2015-11-29	2015-11-29	""	""
http://homosaurus.org/terms/socialProcesses	socialProcesses	social processes@en	""	""	""	""	http://homosaurus.org/terms/capitalism||http://homosaurus.org/terms/classStruggle||http://homosaurus.org/terms/commercialism||http://homosaurus.org/terms/compartmentalisation||http://homosaurus.org/terms/emancipation||http://homosaurus.org/terms/ethnicRelations||http://homosaurus.org/terms/gay-straightAlliances||http://homosaurus.org/terms/gayLiberation||http://homosaurus.org/terms/genderRelations||http://homosaurus.org/terms/individualisation||http://homosaurus.org/terms/normalisation||http://homosaurus.org/terms/sexScandals||http://homosaurus.org/terms/sexualReform||http://homosaurus.org/terms/sexualRevolution||http://homosaurus.org/terms/socialControl||http://homosaurus.org/terms/socialExclusion||http://homosaurus.org/terms/socialIntegration||http://homosaurus.org/terms/socialisation||http://homosaurus.org/terms/stigmatisation||http://homosaurus.org/terms/trends||http://homosaurus.org/terms/visibility	http://homosaurus.org/terms/attitudes||http://homosaurus.org/terms/revolutions||http://homosaurus.org/terms/socioculturalEvolution	2015-11-29	2015-11-29	""	""
http://homosaurus.org/terms/socialSecurityRegulations	socialSecurityRegulations	social security regulations@en	""	""	""	http://homosaurus.org/terms/socialLaw	""	http://homosaurus.org/terms/insurance||http://homosaurus.org/terms/unemploymentInsurance	2015-11-29	2015-11-29	""	""
http://homosaurus.org/terms/socialServiceOrganisations	socialServiceOrganisations	social service organisations@en	""	social service agencies@en	""	http://homosaurus.org/terms/organisations	""	http://homosaurus.org/terms/healthCare||http://homosaurus.org/terms/socialCare||http://homosaurus.org/terms/socialWork||http://homosaurus.org/terms/socialWorkers	2015-11-29	2015-11-29	""	""
http://homosaurus.org/terms/socialWork	socialWork	social work@en	""	""	""	http://homosaurus.org/terms/socialCare	""	http://homosaurus.org/terms/socialServiceOrganisations||http://homosaurus.org/terms/socialWorkers	2015-11-29	2015-11-29	""	""
http://homosaurus.org/terms/socialWorkers	socialWorkers	social workers@en	""	""	""	http://homosaurus.org/terms/occupationsInHealthCareAndSocialCare	""	http://homosaurus.org/terms/socialServiceOrganisations||http://homosaurus.org/terms/socialWork	2015-11-29	2015-11-29	""	""
http://homosaurus.org/terms/socialisation	socialisation	socialisation@en	""	socialization@en	""	http://homosaurus.org/terms/socialProcesses	http://homosaurus.org/terms/initiation	http://homosaurus.org/terms/upbringing	2015-11-29	2015-11-29	""	""
http://homosaurus.org/terms/socialism	socialism	socialism@en	""	""	""	http://homosaurus.org/terms/politicalMovements	""	http://homosaurus.org/terms/socialDemocracy	2015-11-29	2015-11-29	""	""
http://homosaurus.org/terms/society	society	society@en	""	""	""	""	http://homosaurus.org/terms/capitalism||http://homosaurus.org/terms/informationSociety||http://homosaurus.org/terms/matriarchy||http://homosaurus.org/terms/patriarchy	http://homosaurus.org/terms/politicalSystems||http://homosaurus.org/terms/politics||http://homosaurus.org/terms/utopias	2015-11-29	2015-11-29	""	""
http://homosaurus.org/terms/sociobiology	sociobiology	sociobiology@en	""	""	""	http://homosaurus.org/terms/socialAndBehaviouralSciences	""	http://homosaurus.org/terms/biology||http://homosaurus.org/terms/socioculturalEvolution||http://homosaurus.org/terms/sociology	2015-11-29	2015-11-29	""	""
http://homosaurus.org/terms/socioculturalEducation	socioculturalEducation	sociocultural education@en	""	""	""	http://homosaurus.org/terms/socialCare	""	http://homosaurus.org/terms/adultEducation||http://homosaurus.org/terms/dayReleaseCourses||http://homosaurus.org/terms/socioculturalEducationCentres||http://homosaurus.org/terms/trainingPrograms	2015-11-29	2015-11-29	""	""
http://homosaurus.org/terms/socioculturalEducationCentres	socioculturalEducationCentres	sociocultural education centres@en	""	""	""	http://homosaurus.org/terms/centres||http://homosaurus.org/terms/educationalInstitutions	""	http://homosaurus.org/terms/socioculturalEducation	2015-11-29	2015-11-29	""	""
http://homosaurus.org/terms/socioculturalEvolution	socioculturalEvolution	sociocultural evolution@en	""	social evolution@en||cultural evolution@en	umbrella term for theories of cultural evolution and social evolution, describing how cultures and societies have changed over time@en	http://homosaurus.org/terms/evolution	""	http://homosaurus.org/terms/socialProcesses||http://homosaurus.org/terms/sociobiology	2015-11-29	2015-11-29	""	""
http://homosaurus.org/terms/socioeconomicCharacteristics	socioeconomicCharacteristics	socioeconomic characteristics@en	""	social economic characteristics@en||socialeconomic characteristics@en	""	""	http://homosaurus.org/terms/consumerBehaviour||http://homosaurus.org/terms/economicExploitation||http://homosaurus.org/terms/economicSelf-reliance||http://homosaurus.org/terms/poverty	http://homosaurus.org/terms/economicDevelopments||http://homosaurus.org/terms/socialClasses	2015-11-29	2015-11-29	""	""
http://homosaurus.org/terms/sociologists	sociologists	sociologists@en	""	""	""	http://homosaurus.org/terms/academics	""	http://homosaurus.org/terms/sociology	2015-11-29	2015-11-29	""	""
http://homosaurus.org/terms/sociology	sociology	sociology@en	""	""	""	http://homosaurus.org/terms/socialAndBehaviouralSciences	""	http://homosaurus.org/terms/sociobiology||http://homosaurus.org/terms/sociologists	2015-11-29	2015-11-29	""	""
http://homosaurus.org/terms/sodomy	sodomy	sodomy@en	""	""	"historical term for ""unnatural"" sexual acts; besides sex with animals was also understood both homosexual and heterosexual anal penetration under sodomy@en"	""	""	http://homosaurus.org/terms/pederasty||http://homosaurus.org/terms/sexuality||http://homosaurus.org/terms/sodomyLaws	2015-11-29	2015-11-29	""	""
http://homosaurus.org/terms/sodomyLaws	sodomyLaws	sodomy laws@en	""	""	in USA and former British colonies@en	http://homosaurus.org/terms/sexualOffencesLaws	""	http://homosaurus.org/terms/sodomy	2015-11-29	2015-11-29	""	""
http://homosaurus.org/terms/softDrugs	softDrugs	soft drugs@en	""	""	""	http://homosaurus.org/terms/drugs	http://homosaurus.org/terms/cannabis	""	2015-11-29	2015-11-29	""	""
http://homosaurus.org/terms/softball	softball	softball@en	""	""	""	http://homosaurus.org/terms/ballGames	""	http://homosaurus.org/terms/baseball	2015-11-29	2015-11-29	""	""
http://homosaurus.org/terms/soldiers	soldiers	soldiers@en	""	""	""	http://homosaurus.org/terms/militaryOccupations	""	http://homosaurus.org/terms/army	2015-11-29	2015-11-29	""	""
http://homosaurus.org/terms/solidarity	solidarity	solidarity@en	""	""	""	http://homosaurus.org/terms/attitudes	""	http://homosaurus.org/terms/allies||http://homosaurus.org/terms/socialIntegration	2015-11-29	2015-11-29	""	""
http://homosaurus.org/terms/songs	songs	songs@en	""	""	""	http://homosaurus.org/terms/poetry	http://homosaurus.org/terms/torchSongs	http://homosaurus.org/terms/music	2015-11-29	2015-11-29	""	""
http://homosaurus.org/terms/sons	sons	sons@en	""	""	""	http://homosaurus.org/terms/children	http://homosaurus.org/terms/bisexualSons||http://homosaurus.org/terms/gaySons||http://homosaurus.org/terms/sonsOfGayMen||http://homosaurus.org/terms/sonsOfLesbians||http://homosaurus.org/terms/transgenderSons	""	2015-11-29	2015-11-29	""	""
http://homosaurus.org/terms/sonsOfGayMen	sonsOfGayMen	sons of gay men@en	""	""	""	http://homosaurus.org/terms/childrenOfGayMen||http://homosaurus.org/terms/sons	""	""	2015-11-29	2015-11-29	""	""
http://homosaurus.org/terms/sonsOfLesbians	sonsOfLesbians	sons of lesbians@en	""	""	""	http://homosaurus.org/terms/childrenOfLesbians||http://homosaurus.org/terms/sons	""	""	2015-11-29	2015-11-29	""	""
http://homosaurus.org/terms/spanking	spanking	spanking@en	""	""	""	http://homosaurus.org/terms/SM	""	""	2015-11-29	2015-11-29	""	""
http://homosaurus.org/terms/specialEducation	specialEducation	special education@en	""	""	""	http://homosaurus.org/terms/education	""	""	2015-11-29	2015-11-29	""	""
http://homosaurus.org/terms/sperm	sperm	sperm@en	""	""	""	""	""	http://homosaurus.org/terms/spermBanks||http://homosaurus.org/terms/spermDonors	2015-11-29	2015-11-29	""	""
http://homosaurus.org/terms/spermBanks	spermBanks	sperm banks@en	""	""	""	""	""	http://homosaurus.org/terms/artificialInsemination||http://homosaurus.org/terms/sperm||http://homosaurus.org/terms/spermDonors	2015-11-29	2015-11-29	""	""
http://homosaurus.org/terms/spermDonors	spermDonors	sperm donors@en	""	""	""	http://homosaurus.org/terms/donors	""	http://homosaurus.org/terms/artificialInsemination||http://homosaurus.org/terms/sperm||http://homosaurus.org/terms/spermBanks	2015-11-29	2015-11-29	""	""
http://homosaurus.org/terms/spiritism	spiritism	spiritism@en	""	""	""	http://homosaurus.org/terms/occultism	""	""	2015-11-29	2015-11-29	""	""
http://homosaurus.org/terms/spirituality	spirituality	spirituality@en	""	""	""	""	""	http://homosaurus.org/terms/faeries||http://homosaurus.org/terms/mysticism||http://homosaurus.org/terms/philosophiesOfLife||http://homosaurus.org/terms/religions||http://homosaurus.org/terms/yoga	2015-11-29	2015-11-29	""	""
http://homosaurus.org/terms/sponsorship	sponsorship	sponsorship@en	""	sponsoring@en	""	""	""	http://homosaurus.org/terms/fundraising||http://homosaurus.org/terms/grants||http://homosaurus.org/terms/money	2015-11-29	2015-11-29	""	""
http://homosaurus.org/terms/sportingEvents	sportingEvents	sporting events@en	""	""	""	http://homosaurus.org/terms/events	http://homosaurus.org/terms/eurogames||http://homosaurus.org/terms/gayGames||http://homosaurus.org/terms/olympicGames||http://homosaurus.org/terms/outgames	http://homosaurus.org/terms/competitions||http://homosaurus.org/terms/sports	2015-11-29	2015-11-29	""	""
http://homosaurus.org/terms/sports	sports	sports@en	""	""	""	""	http://homosaurus.org/terms/aquaticSports||http://homosaurus.org/terms/ballGames||http://homosaurus.org/terms/bodyBuilding||http://homosaurus.org/terms/equestrianSports||http://homosaurus.org/terms/martialArts||http://homosaurus.org/terms/rodeos||http://homosaurus.org/terms/trackAndField||http://homosaurus.org/terms/winterSports	http://homosaurus.org/terms/leisureActivities||http://homosaurus.org/terms/physicalEducation||http://homosaurus.org/terms/physicalFitness||http://homosaurus.org/terms/sportingEvents||http://homosaurus.org/terms/sportsClubs||http://homosaurus.org/terms/sportsOrganisations||http://homosaurus.org/terms/sportspersons	2015-11-29	2015-11-29	""	""
http://homosaurus.org/terms/sportsClubs	sportsClubs	sports clubs@en	""	""	""	http://homosaurus.org/terms/clubs	http://homosaurus.org/terms/cyclingClubs||http://homosaurus.org/terms/gaySportsClubs||http://homosaurus.org/terms/lesbianSportsClubs||http://homosaurus.org/terms/motorcycleClubs||http://homosaurus.org/terms/walkingClubs	http://homosaurus.org/terms/sports||http://homosaurus.org/terms/sportsOrganisations	2015-11-29	2015-11-29	""	""
http://homosaurus.org/terms/sportsOrganisations	sportsOrganisations	sports organisations@en	""	sports organizations@en	""	""	""	http://homosaurus.org/terms/sports||http://homosaurus.org/terms/sportsClubs	2015-11-30	2015-11-30	""	""
http://homosaurus.org/terms/sportspersons	sportspersons	sportspersons@en	""	sports occupations@en||athletes@en||sports-related occupations@en	""	http://homosaurus.org/terms/occupations	http://homosaurus.org/terms/referees	http://homosaurus.org/terms/sports	2015-11-30	2015-11-30	""	""
http://homosaurus.org/terms/squattersMovement	squattersMovement	squatters movement@en	""	""	""	http://homosaurus.org/terms/socialMovements	""	http://homosaurus.org/terms/housing	2015-11-30	2015-11-30	""	""
http://homosaurus.org/terms/stalking	stalking	stalking@en	""	""	""	http://homosaurus.org/terms/psychologicalViolence	http://homosaurus.org/terms/cyberstalking	http://homosaurus.org/terms/harassment	2015-11-30	2015-11-30	""	""
http://homosaurus.org/terms/statistics	statistics	statistics@en	""	""	""	""	""	http://homosaurus.org/terms/incidence	2015-11-30	2015-11-30	""	""
http://homosaurus.org/terms/STDs	STDs	STDs@en	""	venereal diseases@en||sexually transmitted diseases@en||VD@en	""	http://homosaurus.org/terms/physicalDisorders	http://homosaurus.org/terms/candida||http://homosaurus.org/terms/chlamydia||http://homosaurus.org/terms/crabs||http://homosaurus.org/terms/genitalUlcers||http://homosaurus.org/terms/genitalWarts||http://homosaurus.org/terms/gonorrhea||http://homosaurus.org/terms/hepatitis||http://homosaurus.org/terms/herpes||http://homosaurus.org/terms/HIVAIDS||http://homosaurus.org/terms/humanPapillomaVirus||http://homosaurus.org/terms/LGV||http://homosaurus.org/terms/syphilis||http://homosaurus.org/terms/trichomonas	http://homosaurus.org/terms/partnerNotification	2015-11-30	2015-11-30	""	""
http://homosaurus.org/terms/stealth	stealth	stealth@en	""	""	remaining private about gender assigned at birth; transgender@en	""	""	http://homosaurus.org/terms/assignedGender||http://homosaurus.org/terms/comingOut||http://homosaurus.org/terms/passing||http://homosaurus.org/terms/secrecy||http://homosaurus.org/terms/transgenderPeople	2015-11-30	2015-11-30	""	""
http://homosaurus.org/terms/stepFamilies	stepFamilies	step families@en	""	blended families@en	""	http://homosaurus.org/terms/families	""	http://homosaurus.org/terms/stepParents	2015-11-30	2015-11-30	""	""
http://homosaurus.org/terms/stepParents	stepParents	step parents@en	""	""	""	http://homosaurus.org/terms/parents	""	http://homosaurus.org/terms/stepFamilies	2015-11-30	2015-11-30	""	""
http://homosaurus.org/terms/stereotypes	stereotypes	stereotypes@en	""	""	""	""	""	http://homosaurus.org/terms/prejudices||http://homosaurus.org/terms/representation||http://homosaurus.org/terms/roleBehaviour||http://homosaurus.org/terms/stigmatisation	2015-11-30	2015-11-30	""	""
http://homosaurus.org/terms/stigmatisation	stigmatisation	stigmatisation@en	""	stigmatization@en	""	http://homosaurus.org/terms/socialProcesses	""	http://homosaurus.org/terms/labelling||http://homosaurus.org/terms/prejudices||http://homosaurus.org/terms/representation||http://homosaurus.org/terms/shame||http://homosaurus.org/terms/stereotypes	2015-11-30	2015-11-30	""	""
http://homosaurus.org/terms/stonewallRiots	stonewallRiots	stonewall riots@en	""	""	series of spontaneous, violent demonstrations against a police raid that took place in June 28, 1969, at the Stonewall Inn, in the Greenwich Village neighbourhood of New York City@en	http://homosaurus.org/terms/riots	""	http://homosaurus.org/terms/gayLiberation	2015-11-30	2015-11-30	""	""
http://homosaurus.org/terms/streetNames	streetNames	street names@en	""	""	""	""	""	http://homosaurus.org/terms/awards	2015-11-30	2015-11-30	""	""
http://homosaurus.org/terms/streetTheatre	streetTheatre	street theatre@en	""	""	""	http://homosaurus.org/terms/theatre	""	""	2015-11-30	2015-11-30	""	""
http://homosaurus.org/terms/streetViolence	streetViolence	street violence@en	""	""	""	http://homosaurus.org/terms/violence	""	http://homosaurus.org/terms/riots	2015-11-30	2015-11-30	""	""
http://homosaurus.org/terms/stress	stress	stress@en	""	""	""	http://homosaurus.org/terms/psychologicalCharacteristics	""	http://homosaurus.org/terms/burnOut	2015-11-30	2015-11-30	""	""
http://homosaurus.org/terms/strippers	strippers	strippers@en	""	stripteasers@en	""	http://homosaurus.org/terms/sexWorkers	""	http://homosaurus.org/terms/dancers||http://homosaurus.org/terms/exoticDancers||http://homosaurus.org/terms/striptease	2015-11-30	2015-11-30	""	""
http://homosaurus.org/terms/striptease	striptease	striptease@en	""	""	""	http://homosaurus.org/terms/theatre	""	http://homosaurus.org/terms/strippers	2015-11-30	2015-11-30	""	""
http://homosaurus.org/terms/students	students	students@en	""	""	in universities, high schools, and colleges@en	""	""	http://homosaurus.org/terms/education||http://homosaurus.org/terms/schoolDropouts||http://homosaurus.org/terms/studentsClubs	2015-11-30	2015-11-30	""	""
http://homosaurus.org/terms/studentsClubs	studentsClubs	students' clubs@en	""	""	""	http://homosaurus.org/terms/clubs	""	http://homosaurus.org/terms/students	2015-11-30	2015-11-30	""	""
http://homosaurus.org/terms/studyDays	studyDays	study days@en	""	""	""	http://homosaurus.org/terms/gatherings	""	http://homosaurus.org/terms/education	2015-11-30	2015-11-30	""	""
http://homosaurus.org/terms/subcultures	subcultures	subcultures@en	""	lifestyles@en	""	http://homosaurus.org/terms/cultures	http://homosaurus.org/terms/beatGeneration||http://homosaurus.org/terms/dandyism||http://homosaurus.org/terms/decadence||http://homosaurus.org/terms/gayCulture||http://homosaurus.org/terms/leatherCommunity||http://homosaurus.org/terms/lesbianCulture||http://homosaurus.org/terms/punk||http://homosaurus.org/terms/skinheads||http://homosaurus.org/terms/transgenderCulture||http://homosaurus.org/terms/youthCulture	http://homosaurus.org/terms/counterculture	2015-11-30	2015-11-30	""	""
http://homosaurus.org/terms/substanceAbuse	substanceAbuse	substance abuse@en	""	chemical dependency@en	""	http://homosaurus.org/terms/addictions	http://homosaurus.org/terms/alcoholism||http://homosaurus.org/terms/drugAbuse	""	2015-11-30	2015-11-30	""	""
http://homosaurus.org/terms/suburbs	suburbs	suburbs@en	""	""	""	http://homosaurus.org/terms/cities	""	""	2015-11-30	2015-11-30	""	""
http://homosaurus.org/terms/suffragettes	suffragettes	suffragettes@en	""	suffragists@en	""	http://homosaurus.org/terms/feminists	""	http://homosaurus.org/terms/firstWaveFeminism	2015-11-30	2015-11-30	""	""
http://homosaurus.org/terms/suicide	suicide	suicide@en	""	""	""	http://homosaurus.org/terms/deathAndDying	""	http://homosaurus.org/terms/euthanasia||http://homosaurus.org/terms/rightToDie	2015-11-30	2015-11-30	""	""
http://homosaurus.org/terms/summerCamps	summerCamps	summer camps@en	""	""	""	""	""	http://homosaurus.org/terms/camping||http://homosaurus.org/terms/tourism	2015-11-30	2015-11-30	""	""
http://homosaurus.org/terms/supportGroups	supportGroups	support groups@en	""	""	""	http://homosaurus.org/terms/self-help	http://homosaurus.org/terms/patientSupportGroups	""	2015-11-30	2015-11-30	""	""
http://homosaurus.org/terms/supportLiability	supportLiability	support liability@en	""	liability for support@en||maintenance obligation@en	""	http://homosaurus.org/terms/personalAndFamilyLaw	http://homosaurus.org/terms/alimony||http://homosaurus.org/terms/childSupport	http://homosaurus.org/terms/domesticPartnershipContracts	2015-11-30	2015-11-30	""	""
http://homosaurus.org/terms/supremeCourt	supremeCourt	supreme court@en	""	""	and equivalents@en	""	""	http://homosaurus.org/terms/sentencing	2015-11-30	2015-11-30	""	""
http://homosaurus.org/terms/surgery	surgery	surgery@en	""	""	""	http://homosaurus.org/terms/medicalInterventions	http://homosaurus.org/terms/brainSurgery||http://homosaurus.org/terms/castration||http://homosaurus.org/terms/circumcision||http://homosaurus.org/terms/genderRealignmentSurgery||http://homosaurus.org/terms/plasticSurgery||http://homosaurus.org/terms/sexualSterilisation	""	2015-11-30	2015-11-30	""	""
http://homosaurus.org/terms/surrealism	surrealism	surrealism@en	""	""	""	http://homosaurus.org/terms/artMovements	""	""	2015-11-30	2015-11-30	""	""
http://homosaurus.org/terms/surrogateMothers	surrogateMothers	surrogate mothers@en	""	gestational surrogate mothers@en	""	http://homosaurus.org/terms/mothers	""	http://homosaurus.org/terms/humanReproduction	2015-11-30	2015-11-30	""	""
http://homosaurus.org/terms/surveys	surveys	surveys@en	""	""	""	http://homosaurus.org/terms/researchMethods	""	""	2015-11-30	2015-11-30	""	""
http://homosaurus.org/terms/swimmingPools	swimmingPools	swimming pools@en	""	""	""	http://homosaurus.org/terms/publicSpace	""	""	2015-11-30	2015-11-30	""	""
http://homosaurus.org/terms/swimwear	swimwear	swimwear@en	""	""	""	http://homosaurus.org/terms/clothing	""	""	2015-11-30	2015-11-30	""	""
http://homosaurus.org/terms/symbiosis	symbiosis	symbiosis@en	""	""	dyadic fusion, bringing on a psychological state in which there is a loss of sense of oneself as individual and separate@en	http://homosaurus.org/terms/psychologicalProcesses	""	http://homosaurus.org/terms/relationships	2015-11-30	2015-11-30	""	""
http://homosaurus.org/terms/symbolism	symbolism	symbolism@en	""	""	late nineteenth-century art movement of French, Russian and Belgian origin in poetry and other arts; arts@en	http://homosaurus.org/terms/artMovements	""	""	2015-11-30	2015-11-30	""	""
http://homosaurus.org/terms/symbols	symbols	symbols@en	""	""	""	""	http://homosaurus.org/terms/freedomRings||http://homosaurus.org/terms/handkerchiefCodes||http://homosaurus.org/terms/homomonuments||http://homosaurus.org/terms/labrys||http://homosaurus.org/terms/lambda||http://homosaurus.org/terms/pinkTriangles||http://homosaurus.org/terms/rainbowFlags||http://homosaurus.org/terms/redRibbons	http://homosaurus.org/terms/metaphors	2015-11-30	2015-11-30	""	""
http://homosaurus.org/terms/syphilis	syphilis	syphilis@en	""	lues@en	""	http://homosaurus.org/terms/STDs	""	http://homosaurus.org/terms/genitalUlcers	2015-11-30	2015-11-30	""	""
http://homosaurus.org/terms/tabloids	tabloids	tabloids@en	""	tabloid press@en	""	http://homosaurus.org/terms/press	""	""	2015-11-30	2015-11-30	""	""
http://homosaurus.org/terms/taboos	taboos	taboos@en	""	""	""	""	""	http://homosaurus.org/terms/socialNorms	2015-11-30	2015-11-30	""	""
http://homosaurus.org/terms/talkShows	talkShows	talk shows@en	""	television talk shows@en||radio talk shows@en	""	http://homosaurus.org/terms/radioProgrammes||http://homosaurus.org/terms/televisionProgrammes	""	""	2015-11-30	2015-11-30	""	""
http://homosaurus.org/terms/tanakh	tanakh	tanakh@en	""	tenach@en	""	http://homosaurus.org/terms/religiousTexts	""	http://homosaurus.org/terms/judaism	2015-11-30	2015-11-30	""	""
http://homosaurus.org/terms/tantra	tantra	tantra@en	""	tantrism@en||tantricism@en	""	http://homosaurus.org/terms/alternativeMedicine	""	""	2015-11-30	2015-11-30	""	""
http://homosaurus.org/terms/taoism	taoism	taoism@en	""	""	""	http://homosaurus.org/terms/asianReligions	""	""	2015-11-30	2015-11-30	""	""
http://homosaurus.org/terms/tarot	tarot	tarot@en	""	""	""	http://homosaurus.org/terms/occultism	""	""	2015-11-30	2015-11-30	""	""
http://homosaurus.org/terms/tattoos	tattoos	tattoos@en	""	""	""	http://homosaurus.org/terms/bodyAdornments	""	""	2015-11-30	2015-11-30	""	""
http://homosaurus.org/terms/taxation	taxation	taxation@en	""	taxes@en	""	""	""	http://homosaurus.org/terms/government	2015-11-30	2015-11-30	""	""
http://homosaurus.org/terms/taxiDrivers	taxiDrivers	taxi drivers@en	""	cab drivers@en	""	http://homosaurus.org/terms/transportationOccupations	""	""	2015-11-30	2015-11-30	""	""
http://homosaurus.org/terms/teachingMaterials	teachingMaterials	teaching materials@en	""	""	""	""	""	http://homosaurus.org/terms/education||http://homosaurus.org/terms/educationalMaterials||http://homosaurus.org/terms/handbooks	2015-11-30	2015-11-30	""	""
http://homosaurus.org/terms/technicalEducation	technicalEducation	technical education@en	""	""	""	http://homosaurus.org/terms/education	""	http://homosaurus.org/terms/vocationalEducation	2015-11-30	2015-11-30	""	""
http://homosaurus.org/terms/technicians	technicians	technicians@en	""	""	""	http://homosaurus.org/terms/tradesAndIndustrialOccupations	""	http://homosaurus.org/terms/technology	2015-11-30	2015-11-30	""	""
http://homosaurus.org/terms/technology	technology	technology@en	""	applied science@en	""	""	""	http://homosaurus.org/terms/technicians	2015-11-30	2015-11-30	""	""
http://homosaurus.org/terms/telecommunication	telecommunication	telecommunication@en	""	""	transmission of information over significant distances to communicate@en	http://homosaurus.org/terms/communication	http://homosaurus.org/terms/apps||http://homosaurus.org/terms/email||http://homosaurus.org/terms/internet||http://homosaurus.org/terms/minitel||http://homosaurus.org/terms/radio||http://homosaurus.org/terms/television||http://homosaurus.org/terms/webcams	http://homosaurus.org/terms/broadcastingNetworks||http://homosaurus.org/terms/computerIndustry||http://homosaurus.org/terms/digitisation||http://homosaurus.org/terms/helpLines||http://homosaurus.org/terms/protectionOfPersonalData||http://homosaurus.org/terms/sexting||http://homosaurus.org/terms/socialMedia||http://homosaurus.org/terms/telecommuting	2015-11-30	2015-11-30	""	""
http://homosaurus.org/terms/telecommuting	telecommuting	telecommuting@en	""	telework@en||electronic outwork@en	work arrangement in which employees enjoy flexibility in work location and hours@en	""	""	http://homosaurus.org/terms/telecommunication||http://homosaurus.org/terms/workSituation	2015-11-30	2015-11-30	""	""
http://homosaurus.org/terms/television	television	television@en	""	tv@en	""	http://homosaurus.org/terms/audiovisualMedia||http://homosaurus.org/terms/massMedia||http://homosaurus.org/terms/telecommunication	http://homosaurus.org/terms/gayTelevision||http://homosaurus.org/terms/lesbianTelevision||http://homosaurus.org/terms/localTelevision||http://homosaurus.org/terms/schoolTelevision	http://homosaurus.org/terms/actors||http://homosaurus.org/terms/datingShows||http://homosaurus.org/terms/directors||http://homosaurus.org/terms/hosts||http://homosaurus.org/terms/producers||http://homosaurus.org/terms/televisionSeries||http://homosaurus.org/terms/webcasts	2015-11-30	2015-11-30	""	""
http://homosaurus.org/terms/televisionProgrammes	televisionProgrammes	television programmes@en	""	television programs@en||television shows@en	""	""	http://homosaurus.org/terms/talkShows||http://homosaurus.org/terms/televisionSeries	""	2015-11-30	2015-11-30	""	""
http://homosaurus.org/terms/televisionSeries	televisionSeries	television series@en	""	""	""	http://homosaurus.org/terms/televisionProgrammes	""	http://homosaurus.org/terms/casting||http://homosaurus.org/terms/characters||http://homosaurus.org/terms/television	2015-11-30	2015-11-30	""	""
http://homosaurus.org/terms/tennis	tennis	tennis@en	""	""	""	http://homosaurus.org/terms/ballGames	""	""	2015-11-30	2015-11-30	""	""
http://homosaurus.org/terms/terminalCare	terminalCare	terminal care@en	""	""	""	http://homosaurus.org/terms/healthCare	""	http://homosaurus.org/terms/deathAndDying	2015-11-30	2015-11-30	""	""
http://homosaurus.org/terms/terrorism	terrorism	terrorism@en	""	""	""	http://homosaurus.org/terms/crimesAgainstHumanity	""	http://homosaurus.org/terms/deathSquads||http://homosaurus.org/terms/violence	2015-11-30	2015-11-30	""	""
http://homosaurus.org/terms/testes	testes	testes@en	""	testicles@en	""	http://homosaurus.org/terms/genitals	""	http://homosaurus.org/terms/testicularCancer	2015-11-30	2015-11-30	""	""
http://homosaurus.org/terms/testicularCancer	testicularCancer	testicular cancer@en	""	""	""	http://homosaurus.org/terms/cancer	""	http://homosaurus.org/terms/testes	2015-11-30	2015-11-30	""	""
http://homosaurus.org/terms/textileArt	textileArt	textile art@en	""	""	""	http://homosaurus.org/terms/visualArts	""	""	2015-11-30	2015-11-30	""	""
http://homosaurus.org/terms/thaiBoxing	thaiBoxing	thai boxing@en	""	muay thai@en||thai kickboxing@en	""	http://homosaurus.org/terms/martialArts	""	""	2015-11-30	2015-11-30	""	""
http://homosaurus.org/terms/theatre	theatre	theatre@en	""	theater@en	""	http://homosaurus.org/terms/performingArts	http://homosaurus.org/terms/cabaret||http://homosaurus.org/terms/circus||http://homosaurus.org/terms/datingShows||http://homosaurus.org/terms/gayTheatre||http://homosaurus.org/terms/kabuki||http://homosaurus.org/terms/lesbianTheatre||http://homosaurus.org/terms/mime||http://homosaurus.org/terms/musicalTheatre||http://homosaurus.org/terms/plays||http://homosaurus.org/terms/puppetTheatre||http://homosaurus.org/terms/streetTheatre||http://homosaurus.org/terms/striptease||http://homosaurus.org/terms/theatreShows||http://homosaurus.org/terms/youthTheatre	http://homosaurus.org/terms/directors||http://homosaurus.org/terms/producers||http://homosaurus.org/terms/theatreGroups||http://homosaurus.org/terms/theatreStudies	2015-11-30	2015-11-30	""	""
http://homosaurus.org/terms/theatreGroups	theatreGroups	theatre groups@en	""	""	""	""	http://homosaurus.org/terms/gayTheatreGroups||http://homosaurus.org/terms/lesbianTheatreGroups	http://homosaurus.org/terms/theatre	2015-11-30	2015-11-30	""	""
http://homosaurus.org/terms/theatreShows	theatreShows	theatre shows@en	""	revues@en	""	http://homosaurus.org/terms/theatre	""	""	2015-11-30	2015-11-30	""	""
http://homosaurus.org/terms/theatreStudies	theatreStudies	theatre studies@en	""	""	""	http://homosaurus.org/terms/humanities	""	http://homosaurus.org/terms/theatre	2015-11-30	2015-11-30	""	""
http://homosaurus.org/terms/theft	theft	theft@en	""	stealing@en	""	http://homosaurus.org/terms/crimes	http://homosaurus.org/terms/robbery	""	2015-11-30	2015-11-30	""	""
http://homosaurus.org/terms/theologians	theologians	theologians@en	""	theologists@en	""	http://homosaurus.org/terms/academics||http://homosaurus.org/terms/clergy	""	http://homosaurus.org/terms/theology	2015-11-30	2015-11-30	""	""
http://homosaurus.org/terms/theology	theology	theology@en	""	""	""	""	http://homosaurus.org/terms/fundamentalism||http://homosaurus.org/terms/heresy||http://homosaurus.org/terms/liberationTheology||http://homosaurus.org/terms/moralTheology	http://homosaurus.org/terms/monotheism||http://homosaurus.org/terms/religions||http://homosaurus.org/terms/religiousStudies||http://homosaurus.org/terms/theologians	2015-11-30	2015-11-30	""	""
http://homosaurus.org/terms/theories	theories	theories@en	""	""	""	""	http://homosaurus.org/terms/deconstruction||http://homosaurus.org/terms/essentialism||http://homosaurus.org/terms/etiology||http://homosaurus.org/terms/queerTheory||http://homosaurus.org/terms/socialConstructionism	http://homosaurus.org/terms/academicDisciplines||http://homosaurus.org/terms/definitions	2015-11-30	2015-11-30	""	""
http://homosaurus.org/terms/theosophy	theosophy	theosophy@en	""	""	""	http://homosaurus.org/terms/philosophiesOfLife	""	""	2015-11-30	2015-11-30	""	""
http://homosaurus.org/terms/therapies	therapies	therapies@en	""	""	""	""	http://homosaurus.org/terms/alternativeMedicine||http://homosaurus.org/terms/behaviouralTherapy||http://homosaurus.org/terms/medicalInterventions||http://homosaurus.org/terms/medication||http://homosaurus.org/terms/physicalTherapy||http://homosaurus.org/terms/psychotherapy||http://homosaurus.org/terms/sexTherapy||http://homosaurus.org/terms/voiceTherapy	http://homosaurus.org/terms/medicine||http://homosaurus.org/terms/mentalHealthCare||http://homosaurus.org/terms/physicalHealthCare||http://homosaurus.org/terms/psychology||http://homosaurus.org/terms/therapists	2015-11-30	2015-11-30	""	""
http://homosaurus.org/terms/therapists	therapists	therapists@en	""	""	""	http://homosaurus.org/terms/occupationsInHealthCareAndSocialCare	""	http://homosaurus.org/terms/therapies	2015-11-30	2015-11-30	""	""
http://homosaurus.org/terms/thesauri	thesauri	thesauri@en	""	""	""	http://homosaurus.org/terms/retrievalSystems	""	""	2015-11-30	2015-11-30	""	""
http://homosaurus.org/terms/thirdGender	thirdGender	third gender@en	""	""	individuals who are categorized (by their will or by social consensus) as neither man nor woman, as well as the social category present in those societies who recognize three or more genders@en	http://homosaurus.org/terms/gender	""	http://homosaurus.org/terms/genderMinorities	2015-11-30	2015-11-30	""	""
http://homosaurus.org/terms/thirtysomethings	thirtysomethings	thirtysomethings@en	""	""	""	http://homosaurus.org/terms/adults	""	""	2015-11-30	2015-11-30	""	""
http://homosaurus.org/terms/tobaccoIndustry	tobaccoIndustry	tobacco industry@en	""	""	""	http://homosaurus.org/terms/industries	""	http://homosaurus.org/terms/smoking	2015-11-30	2015-11-30	""	""
http://homosaurus.org/terms/tolerance	tolerance	tolerance@en	""	""	""	http://homosaurus.org/terms/attitudes	""	http://homosaurus.org/terms/intolerance	2015-11-30	2015-11-30	""	""
http://homosaurus.org/terms/tomboys	tomboys	tomboys@en	""	""	girls who exhibit some characteristics of the gender role of a boy@en	http://homosaurus.org/terms/girls	""	http://homosaurus.org/terms/genderRole	2015-11-30	2015-11-30	""	""
http://homosaurus.org/terms/torchSongs	torchSongs	torch songs@en	""	""	""	http://homosaurus.org/terms/songs	""	""	2015-11-30	2015-11-30	""	""
http://homosaurus.org/terms/torture	torture	torture@en	""	""	""	http://homosaurus.org/terms/battering	""	""	2015-11-30	2015-11-30	""	""
http://homosaurus.org/terms/tourOperators	tourOperators	tour operators@en	""	tour managers@en||tour leaders@en	""	http://homosaurus.org/terms/serviceOccupations	""	http://homosaurus.org/terms/tourism||http://homosaurus.org/terms/travel	2015-11-30	2015-11-30	""	""
http://homosaurus.org/terms/tourism	tourism	tourism@en	""	tourism industry@en	""	http://homosaurus.org/terms/leisureActivities	http://homosaurus.org/terms/cruises||http://homosaurus.org/terms/sexTourism	http://homosaurus.org/terms/camping||http://homosaurus.org/terms/cityWalks||http://homosaurus.org/terms/hotels||http://homosaurus.org/terms/summerCamps||http://homosaurus.org/terms/tourOperators||http://homosaurus.org/terms/travel||http://homosaurus.org/terms/travelAgencies||http://homosaurus.org/terms/travelGuides||http://homosaurus.org/terms/youthHostels	2015-11-30	2015-11-30	""	""
http://homosaurus.org/terms/townAndCountryPlanning	townAndCountryPlanning	town and country planning@en	""	""	""	http://homosaurus.org/terms/socialAndBehaviouralSciences	""	http://homosaurus.org/terms/zoningPlans	2015-11-30	2015-11-30	""	""
http://homosaurus.org/terms/trackAndField	trackAndField	track and field@en	""	""	""	http://homosaurus.org/terms/sports	""	""	2015-11-30	2015-11-30	""	""
http://homosaurus.org/terms/trade	trade	trade@en	""	commerce@en	""	""	http://homosaurus.org/terms/e-commerce	http://homosaurus.org/terms/commercialism||http://homosaurus.org/terms/economics||http://homosaurus.org/terms/tradeExhibitions	2015-11-30	2015-11-30	""	""
http://homosaurus.org/terms/tradeExhibitions	tradeExhibitions	trade exhibitions@en	""	""	""	http://homosaurus.org/terms/events	""	http://homosaurus.org/terms/trade	2015-11-30	2015-11-30	""	""
http://homosaurus.org/terms/tradeJournals	tradeJournals	trade journals@en	""	""	""	http://homosaurus.org/terms/press	""	""	2015-11-30	2015-11-30	""	""
http://homosaurus.org/terms/tradeUnions	tradeUnions	trade unions@en	""	trade union movement@en||labour unions@en||unions@en	""	http://homosaurus.org/terms/organisations	http://homosaurus.org/terms/gayTradeUnionGroups||http://homosaurus.org/terms/lesbianTradeUnionGroups	http://homosaurus.org/terms/labourMovement	2015-11-30	2015-11-30	""	""
http://homosaurus.org/terms/tradesAndIndustrialOccupations	tradesAndIndustrialOccupations	trades and industrial occupations@en	""	""	""	http://homosaurus.org/terms/occupations	http://homosaurus.org/terms/constructionWorkers||http://homosaurus.org/terms/cooks||http://homosaurus.org/terms/technicians	http://homosaurus.org/terms/industries	2015-11-30	2015-11-30	""	""
http://homosaurus.org/terms/traditionalMedicine	traditionalMedicine	traditional medicine@en	""	home remedies@en||folk medicine@en	comprises unscientific knowledge systems that developed over generations within various societies before the era of modern medicine@en	http://homosaurus.org/terms/alternativeMedicine	""	""	2015-11-30	2015-11-30	""	""
http://homosaurus.org/terms/trainingPrograms	trainingPrograms	training programs@en	""	training courses@en	""	http://homosaurus.org/terms/education	""	http://homosaurus.org/terms/socioculturalEducation	2015-11-30	2015-11-30	""	""
http://homosaurus.org/terms/transgenderArchives	transgenderArchives	transgender archives@en	""	""	""	http://homosaurus.org/terms/archives	""	""	2015-11-30	2015-11-30	""	""
http://homosaurus.org/terms/transgenderCharacters	transgenderCharacters	transgender characters@en	""	""	""	http://homosaurus.org/terms/characters	""	http://homosaurus.org/terms/transgenderPeople	2015-11-30	2015-11-30	""	""
http://homosaurus.org/terms/transgenderChildren	transgenderChildren	transgender children@en	""	""	""	http://homosaurus.org/terms/children||http://homosaurus.org/terms/transgenderPeople	""	http://homosaurus.org/terms/pubertyBlockers	2015-11-30	2015-11-30	""	""
http://homosaurus.org/terms/transgenderCommunity	transgenderCommunity	transgender community@en	""	""	""	http://homosaurus.org/terms/LGBTICommunity	""	http://homosaurus.org/terms/transgenderPeople	2015-11-30	2015-11-30	""	""
http://homosaurus.org/terms/transgenderCouples	transgenderCouples	transgender couples@en	""	""	""	http://homosaurus.org/terms/couples	""	""	2015-11-30	2015-11-30	""	""
http://homosaurus.org/terms/transgenderCulture	transgenderCulture	transgender culture@en	""	""	""	http://homosaurus.org/terms/subcultures	http://homosaurus.org/terms/transgenderSlang	""	2015-11-30	2015-11-30	""	""
http://homosaurus.org/terms/transgenderDaughters	transgenderDaughters	transgender daughters@en	""	""	""	http://homosaurus.org/terms/daughters||http://homosaurus.org/terms/transgenderPeople	""	""	2015-11-30	2015-11-30	""	""
http://homosaurus.org/terms/transgenderFamilies	transgenderFamilies	transgender families@en	""	""	""	http://homosaurus.org/terms/families	""	http://homosaurus.org/terms/transgenderPeople	2015-11-30	2015-12-01	""	""
http://homosaurus.org/terms/transgenderIdentity	transgenderIdentity	transgender identity@en	""	""	""	http://homosaurus.org/terms/genderIdentity	""	http://homosaurus.org/terms/transgenderPeople	2015-11-30	2015-11-30	""	""
http://homosaurus.org/terms/transgenderInformationCentres	transgenderInformationCentres	transgender information centres@en	""	transgender documentation centres@en	""	http://homosaurus.org/terms/informationCentres	""	http://homosaurus.org/terms/transgenderism	2015-11-30	2015-11-30	""	""
http://homosaurus.org/terms/transgenderLibraries	transgenderLibraries	transgender libraries@en	""	""	""	http://homosaurus.org/terms/libraries	""	""	2015-11-30	2015-11-30	""	""
http://homosaurus.org/terms/transgenderMovement	transgenderMovement	transgender movement@en	""	""	including the crossdressing movement@en	http://homosaurus.org/terms/LGBTIMovement	""	http://homosaurus.org/terms/transgenderism||http://homosaurus.org/terms/transgenderPeople	2015-11-30	2015-11-30	""	""
http://homosaurus.org/terms/transgenderParents	transgenderParents	transgender parents@en	""	""	""	http://homosaurus.org/terms/parents	""	http://homosaurus.org/terms/childrenOfTransgenderPeople	2015-11-30	2015-11-30	""	""
http://homosaurus.org/terms/transgenderPeople	transgenderPeople	transgender people@en	""	transgendered people@en||transgenders@en	""	""	http://homosaurus.org/terms/FtMs||http://homosaurus.org/terms/MtFs||http://homosaurus.org/terms/olderTransgenderPeople||http://homosaurus.org/terms/transgenderChildren||http://homosaurus.org/terms/transgenderDaughters||http://homosaurus.org/terms/transgenderSons||http://homosaurus.org/terms/transgenderYouth	http://homosaurus.org/terms/anti-transgenderViolence||http://homosaurus.org/terms/parentsOfTransgenderPeople||http://homosaurus.org/terms/partnersOfTransgenderPeople||http://homosaurus.org/terms/passing||http://homosaurus.org/terms/persecutionOfTransgenderPeople||http://homosaurus.org/terms/stealth||http://homosaurus.org/terms/transgenderCharacters||http://homosaurus.org/terms/transgenderCommunity||http://homosaurus.org/terms/transgenderFamilies||http://homosaurus.org/terms/transgenderIdentity||http://homosaurus.org/terms/transgenderism||http://homosaurus.org/terms/transgenderMovement||http://homosaurus.org/terms/transgenderRights	2015-11-30	2015-11-30	""	""
http://homosaurus.org/terms/transgenderProstitutes	transgenderProstitutes	transgender prostitutes@en	""	""	""	http://homosaurus.org/terms/sexWorkers	""	http://homosaurus.org/terms/transgenderProstitution	2015-11-30	2015-11-30	""	""
http://homosaurus.org/terms/transgenderProstitution	transgenderProstitution	transgender prostitution@en	""	""	""	http://homosaurus.org/terms/prostitution	""	http://homosaurus.org/terms/transgenderProstitutes	2015-11-30	2015-11-30	""	""
http://homosaurus.org/terms/transgenderPublishers	transgenderPublishers	transgender publishers@en	""	""	""	http://homosaurus.org/terms/publishers	""	""	2015-11-30	2015-11-30	""	""
http://homosaurus.org/terms/transgenderRights	transgenderRights	transgender rights@en	""	""	""	http://homosaurus.org/terms/LGBTIRights	""	http://homosaurus.org/terms/transgenderPeople	2015-11-30	2015-11-30	""	""
http://homosaurus.org/terms/transgenderSlang	transgenderSlang	transgender slang@en	""	""	""	http://homosaurus.org/terms/slang||http://homosaurus.org/terms/transgenderCulture	""	""	2015-11-30	2015-11-30	""	""
http://homosaurus.org/terms/transgenderSons	transgenderSons	transgender sons@en	""	""	""	http://homosaurus.org/terms/sons||http://homosaurus.org/terms/transgenderPeople	""	""	2015-11-30	2015-11-30	""	""
http://homosaurus.org/terms/transgenderStudies	transgenderStudies	transgender studies@en	""	""	""	http://homosaurus.org/terms/genderStudies	""	http://homosaurus.org/terms/transgenderism	2015-11-30	2015-11-30	""	""
http://homosaurus.org/terms/transgenderYouth	transgenderYouth	transgender youth@en	""	""	""	http://homosaurus.org/terms/transgenderPeople||http://homosaurus.org/terms/youth	""	http://homosaurus.org/terms/pubertyBlockers	2015-11-30	2015-11-30	""	""
http://homosaurus.org/terms/transgenderism	transgenderism	transgenderism@en	""	""	""	""	http://homosaurus.org/terms/transsexualism	http://homosaurus.org/terms/gender||http://homosaurus.org/terms/genderDiversity||http://homosaurus.org/terms/genderIdentity||http://homosaurus.org/terms/intersex||http://homosaurus.org/terms/transgenderInformationCentres||http://homosaurus.org/terms/transgenderMovement||http://homosaurus.org/terms/transgenderPeople||http://homosaurus.org/terms/transgenderStudies	2015-11-30	2015-11-30	""	""
http://homosaurus.org/terms/transitioning	transitioning	transitioning@en	""	""	the process of changing one's gender presentation to accord with one's internal sense of one's gender; transgender@en	""	""	http://homosaurus.org/terms/assignedGender||http://homosaurus.org/terms/genderIdentity||http://homosaurus.org/terms/genderRealignmentSurgery||http://homosaurus.org/terms/transsexualism||http://homosaurus.org/terms/voiceTherapy	2015-11-30	2015-11-30	""	""
http://homosaurus.org/terms/translations	translations	translations@en	""	""	""	""	""	http://homosaurus.org/terms/language	2015-11-30	2015-11-30	""	""
http://homosaurus.org/terms/transphobia	transphobia	transphobia@en	""	""	""	http://homosaurus.org/terms/discrimination	""	http://homosaurus.org/terms/biphobia||http://homosaurus.org/terms/bullying||http://homosaurus.org/terms/heterosexism||http://homosaurus.org/terms/homophobia||http://homosaurus.org/terms/lesbophobia||http://homosaurus.org/terms/phobias	2015-11-30	2015-11-30	""	""
http://homosaurus.org/terms/transport	transport	transport@en	""	transportation@en	""	""	http://homosaurus.org/terms/aviation||http://homosaurus.org/terms/publicTransport	http://homosaurus.org/terms/transportationOccupations||http://homosaurus.org/terms/transportCompanies	2015-11-30	2015-11-30	""	""
http://homosaurus.org/terms/transportCompanies	transportCompanies	transport companies@en	""	transportation companies@en||transportation industry@en	""	http://homosaurus.org/terms/businesses	""	http://homosaurus.org/terms/transport	2015-11-30	2015-11-30	""	""
http://homosaurus.org/terms/transportationOccupations	transportationOccupations	transportation occupations@en	""	transportation-related occupations@en	""	http://homosaurus.org/terms/occupations	http://homosaurus.org/terms/airlinePersonnel||http://homosaurus.org/terms/busDrivers||http://homosaurus.org/terms/lorryDrivers||http://homosaurus.org/terms/taxiDrivers	http://homosaurus.org/terms/transport	2015-11-30	2015-11-30	""	""
http://homosaurus.org/terms/transsexualPeople	transsexualPeople	transsexual people@en	""	transexuals@en||transsexuals@en	""	http://homosaurus.org/terms/genderMinorities	""	http://homosaurus.org/terms/transsexualism	2015-11-30	2015-11-30	""	""
http://homosaurus.org/terms/transsexualism	transsexualism	transsexualism@en	""	transsexuality@en||transexuality@en	an individual's identification with a gender inconsistent or not culturally associated with their assigned sex@en	http://homosaurus.org/terms/transgenderism	""	http://homosaurus.org/terms/genderDysphoria||http://homosaurus.org/terms/genderRealignmentSurgery||http://homosaurus.org/terms/transitioning||http://homosaurus.org/terms/transsexualPeople||http://homosaurus.org/terms/voiceTherapy	2015-11-30	2015-11-30	""	""
http://homosaurus.org/terms/travel	travel	travel@en	""	""	""	""	http://homosaurus.org/terms/voyagesOfExploration	http://homosaurus.org/terms/tourism||http://homosaurus.org/terms/tourOperators||http://homosaurus.org/terms/travelAgencies	2015-11-30	2015-11-30	""	""
http://homosaurus.org/terms/travelAgencies	travelAgencies	travel agencies@en	""	""	""	http://homosaurus.org/terms/businesses	""	http://homosaurus.org/terms/tourism||http://homosaurus.org/terms/travel	2015-11-30	2015-11-30	""	""
http://homosaurus.org/terms/travelLiterature	travelLiterature	travel literature@en	""	""	both fiction and nonfiction@en	http://homosaurus.org/terms/literature	""	http://homosaurus.org/terms/travelGuides	2015-11-30	2015-11-30	""	""
http://homosaurus.org/terms/travelGuides	travelGuides	travel guides@en	""	tour books@en	""	""	""	http://homosaurus.org/terms/tourism||http://homosaurus.org/terms/travelLiterature	2015-11-30	2015-11-30	""	""
http://homosaurus.org/terms/trends	trends	trends@en	""	""	form of behaviour that develops among a large population, is collectively followed with enthusiasm and evolves into a relatively permanent change@en	http://homosaurus.org/terms/socialProcesses	""	""	2015-11-30	2015-11-30	""	""
http://homosaurus.org/terms/tribadism	tribadism	tribadism@en	""	scissoring@en||humping@en	lesbian sexuality; only in historical context@en	""	""	http://homosaurus.org/terms/frottage||http://homosaurus.org/terms/lesbians||http://homosaurus.org/terms/sexuality	2015-11-30	2015-11-30	""	""
http://homosaurus.org/terms/trichomonas	trichomonas	trichomonas@en	""	trichomonas vaginitis@en	""	http://homosaurus.org/terms/STDs	""	""	2015-11-30	2015-11-30	""	""
http://homosaurus.org/terms/trigenderPeople	trigenderPeople	trigender people@en	""	""	people who are moving between or among gender identities: male, female and a third gender@en	http://homosaurus.org/terms/genderMinorities	""	""	2015-11-30	2015-11-30	""	""
http://homosaurus.org/terms/tuberculosis	tuberculosis	tuberculosis@en	""	tbc@en||tb@en	""	http://homosaurus.org/terms/physicalDisorders	""	""	2015-11-30	2015-11-30	""	""
http://homosaurus.org/terms/twentysomethings	twentysomethings	twentysomethings@en	""	""	""	http://homosaurus.org/terms/adults	""	""	2015-11-30	2015-11-30	""	""
http://homosaurus.org/terms/twins	twins	twins@en	""	""	""	http://homosaurus.org/terms/siblings	""	""	2015-11-30	2015-11-30	""	""
http://homosaurus.org/terms/two-spiritPeople	two-spiritPeople	two-spirit people@en	""	bardaches@en||niizh manidoowag@en||berdaches@en	self-identifying term used by indigenous people in North America to reconnect with the multiple gender and sexual roles in Native cultures@en	http://homosaurus.org/terms/genderMinorities||http://homosaurus.org/terms/sexualMinorities	""	""	2015-11-30	2015-11-30	""	""
http://homosaurus.org/terms/typologies	typologies	typologies@en	""	""	arrangements of classifications of the salient features of a social group@en	""	""	http://homosaurus.org/terms/personalCharacteristics	2015-11-30	2015-11-30	""	""
http://homosaurus.org/terms/underclass	underclass	underclass@en	""	""	""	http://homosaurus.org/terms/socialClasses	""	""	2015-11-30	2015-11-30	""	""
http://homosaurus.org/terms/underwear	underwear	underwear@en	""	""	""	http://homosaurus.org/terms/clothing	""	""	2015-11-30	2015-11-30	""	""
http://homosaurus.org/terms/unemployment	unemployment	unemployment@en	""	""	""	""	""	http://homosaurus.org/terms/labour||http://homosaurus.org/terms/unemploymentInsurance	2015-11-30	2015-11-30	""	""
http://homosaurus.org/terms/unemploymentInsurance	unemploymentInsurance	unemployment insurance@en	""	unemployment benefits@en	""	http://homosaurus.org/terms/insurance	""	http://homosaurus.org/terms/socialSecurityRegulations||http://homosaurus.org/terms/unemployment	2015-11-30	2015-11-30	""	""
http://homosaurus.org/terms/unitedChurchOfCanada	unitedChurchOfCanada	united church of canada@en	""	""	""	http://homosaurus.org/terms/protestantism	""	""	2015-11-30	2015-11-30	""	""
http://homosaurus.org/terms/unitedNations	unitedNations	united nations@en	""	UN@en	""	http://homosaurus.org/terms/internationalOrganisations	""	""	2015-11-30	2015-11-30	""	""
http://homosaurus.org/terms/universalDeclarationOfHumanRights	universalDeclarationOfHumanRights	universal declaration of human rights@en	""	""	""	""	""	http://homosaurus.org/terms/humanRights	2015-11-30	2015-11-30	""	""
http://homosaurus.org/terms/universities	universities	universities@en	""	""	""	http://homosaurus.org/terms/educationalInstitutions	""	http://homosaurus.org/terms/academicEducation||http://homosaurus.org/terms/colleges	2015-11-30	2015-11-30	""	""
http://homosaurus.org/terms/unmarriedCouples	unmarriedCouples	unmarried couples@en	""	""	""	http://homosaurus.org/terms/couples	""	""	2015-11-30	2015-11-30	""	""
http://homosaurus.org/terms/unrequitedLove	unrequitedLove	unrequited love@en	""	""	""	http://homosaurus.org/terms/love	""	""	2015-11-30	2015-11-30	""	""
http://homosaurus.org/terms/upbringing	upbringing	upbringing@en	""	child rearing@en	the process of promoting and supporting the physical, emotional, social, and intellectual development of a child from infancy to adulthood@en	""	""	http://homosaurus.org/terms/childhood||http://homosaurus.org/terms/childrensHomes||http://homosaurus.org/terms/education||http://homosaurus.org/terms/parenthood||http://homosaurus.org/terms/pedagogicalEros||http://homosaurus.org/terms/pedagogy||http://homosaurus.org/terms/reformatorySchools||http://homosaurus.org/terms/sexEducation||http://homosaurus.org/terms/socialisation||http://homosaurus.org/terms/youthCare	2015-11-30	2015-11-30	""	""
http://homosaurus.org/terms/upperClass	upperClass	upper class@en	""	""	""	http://homosaurus.org/terms/socialClasses	""	http://homosaurus.org/terms/nobility	2015-11-30	2015-11-30	""	""
http://homosaurus.org/terms/uteri	uteri	uteri@en	""	wombs@en||uteruses@en	""	http://homosaurus.org/terms/genitals	""	http://homosaurus.org/terms/gynaecologicDisorders	2015-11-30	2015-11-30	""	""
http://homosaurus.org/terms/utopias	utopias	utopias@en	""	""	""	""	""	http://homosaurus.org/terms/future||http://homosaurus.org/terms/society	2015-11-30	2015-11-30	""	""
http://homosaurus.org/terms/vaccination	vaccination	vaccination@en	""	inoculation@en	""	""	""	http://homosaurus.org/terms/physicalHealthCare||http://homosaurus.org/terms/prevention	2015-11-30	2015-11-30	""	""
http://homosaurus.org/terms/vaginalPhotoplethysmograph	vaginalPhotoplethysmograph	vaginal photoplethysmograph@en	""	vaginal response measurement@en	measurement of vaginal blood flow to measure female sexual arousal@en	http://homosaurus.org/terms/researchMethods	""	http://homosaurus.org/terms/vaginas	2015-11-30	2015-11-30	""	""
http://homosaurus.org/terms/vaginalSex	vaginalSex	vaginal sex@en	""	""	""	http://homosaurus.org/terms/sexualPractices	http://homosaurus.org/terms/cunnilingus	""	2015-11-30	2015-11-30	""	""
http://homosaurus.org/terms/vaginas	vaginas	vaginas@en	""	""	""	http://homosaurus.org/terms/genitals	http://homosaurus.org/terms/g-spot||http://homosaurus.org/terms/neovagina	http://homosaurus.org/terms/vaginalPhotoplethysmograph||http://homosaurus.org/terms/vaginismus	2015-11-30	2015-11-30	""	""
http://homosaurus.org/terms/vaginismus	vaginismus	vaginismus@en	""	vaginism@en	vaginal tightness causing discomfort, pain, and penetration problems@en	http://homosaurus.org/terms/sexualDysfunction	""	http://homosaurus.org/terms/vaginas	2015-11-30	2015-11-30	""	""
http://homosaurus.org/terms/vampirism	vampirism	vampirism@en	""	vampire sex@en||blood sports@en	""	""	""	http://homosaurus.org/terms/biting	2015-11-30	2015-11-30	""	""
http://homosaurus.org/terms/vandalism	vandalism	vandalism@en	""	destruction of property@en||property destruction@en	""	http://homosaurus.org/terms/crimes	""	http://homosaurus.org/terms/arson||http://homosaurus.org/terms/graffiti||http://homosaurus.org/terms/violence	2015-11-30	2015-11-30	""	""
http://homosaurus.org/terms/vatican	vatican	vatican@en	""	pope and curia@en	""	""	""	http://homosaurus.org/terms/popes||http://homosaurus.org/terms/romanCatholicism	2015-11-30	2015-11-30	""	""
http://homosaurus.org/terms/vegetarianism	vegetarianism	vegetarianism@en	""	""	""	http://homosaurus.org/terms/diet	http://homosaurus.org/terms/macrobiotics	""	2015-11-30	2015-11-30	""	""
http://homosaurus.org/terms/verbalAbuse	verbalAbuse	verbal abuse@en	""	verbal harassment@en	""	http://homosaurus.org/terms/abuse||http://homosaurus.org/terms/psychologicalViolence	""	http://homosaurus.org/terms/defamationCampaigns||http://homosaurus.org/terms/hateSpeech	2015-11-30	2015-11-30	""	""
http://homosaurus.org/terms/veterans	veterans	veterans@en	""	ex-military personnel@en	""	http://homosaurus.org/terms/militaryOccupations	""	""	2015-11-30	2015-11-30	""	""
http://homosaurus.org/terms/vibrators	vibrators	vibrators@en	""	""	""	http://homosaurus.org/terms/sexAccessories	""	""	2015-11-30	2015-11-30	""	""
http://homosaurus.org/terms/vicars	vicars	vicars@en	""	""	""	http://homosaurus.org/terms/clergy	""	http://homosaurus.org/terms/protestantism	2015-11-30	2015-11-30	""	""
http://homosaurus.org/terms/viceSquad	viceSquad	vice squad@en	""	""	""	http://homosaurus.org/terms/police	""	http://homosaurus.org/terms/pornography||http://homosaurus.org/terms/prostitution	2015-11-30	2015-11-30	""	""
http://homosaurus.org/terms/victimAdviceCounselors	victimAdviceCounselors	victim advice counselors@en	""	victim advocates@en	service providers registering complaints by victims of harassment, discrimination or violence, respecting the victims' right of privacy@en	""	""	http://homosaurus.org/terms/psychosocialCare||http://homosaurus.org/terms/victimsOfCrime	2015-11-30	2015-11-30	""	""
http://homosaurus.org/terms/victims	victims	victims@en	""	""	""	""	http://homosaurus.org/terms/victimsOfCrime||http://homosaurus.org/terms/victimsOfWar	http://homosaurus.org/terms/victimsRights||http://homosaurus.org/terms/violence	2015-11-30	2015-11-30	""	""
http://homosaurus.org/terms/victimsOfCrime	victimsOfCrime	victims of crime@en	""	crime victims@en	""	http://homosaurus.org/terms/victims	http://homosaurus.org/terms/victimsOfHateCrimes||http://homosaurus.org/terms/victimsOfSexualAbuse	http://homosaurus.org/terms/crimes||http://homosaurus.org/terms/offenders||http://homosaurus.org/terms/victimAdviceCounselors	2015-11-30	2015-11-30	""	""
http://homosaurus.org/terms/victimsOfHateCrimes	victimsOfHateCrimes	victims of hate crimes@en	""	hate crime victims@en	""	http://homosaurus.org/terms/victimsOfCrime	""	http://homosaurus.org/terms/hate||http://homosaurus.org/terms/hateCrimes	2015-11-30	2015-11-30	""	""
http://homosaurus.org/terms/victimsOfSexualAbuse	victimsOfSexualAbuse	victims of sexual abuse@en	""	sexual abuse victims@en||victims of sex crimes@en||sexual violence victims@en	""	http://homosaurus.org/terms/victimsOfCrime	http://homosaurus.org/terms/incestVictims||http://homosaurus.org/terms/rapeVictims||http://homosaurus.org/terms/sexuallyAbusedChildren	http://homosaurus.org/terms/sexualAbuse	2015-11-30	2015-11-30	""	""
http://homosaurus.org/terms/victimsOfWar	victimsOfWar	victims of war@en	""	war victims@en	""	http://homosaurus.org/terms/victims	""	http://homosaurus.org/terms/wars	2015-11-30	2015-11-30	""	""
http://homosaurus.org/terms/victimsRights	victimsRights	victims' rights@en	""	""	""	""	""	http://homosaurus.org/terms/victims||http://homosaurus.org/terms/violence	2015-11-30	2015-11-30	""	""
http://homosaurus.org/terms/videoOnDemand	videoOnDemand	video on demand@en	""	""	systems which allow users to select and watch/listen to video or audio content on demand@en	""	""	http://homosaurus.org/terms/audiovisualMedia||http://homosaurus.org/terms/internet	2015-11-30	2015-11-30	""	""
http://homosaurus.org/terms/videoSharingWebsites	videoSharingWebsites	video sharing websites@en	""	""	""	http://homosaurus.org/terms/socialMedia||http://homosaurus.org/terms/websites	""	""	2015-11-30	2015-11-30	""	""
http://homosaurus.org/terms/videos	videos	videos@en	""	""	""	http://homosaurus.org/terms/arts||http://homosaurus.org/terms/audiovisualMedia	http://homosaurus.org/terms/musicVideos	http://homosaurus.org/terms/DVDs	2015-11-30	2015-11-30	""	""
http://homosaurus.org/terms/villages	villages	villages@en	""	""	""	""	""	http://homosaurus.org/terms/cities||http://homosaurus.org/terms/ruralAreas	2015-11-30	2015-11-30	""	""
http://homosaurus.org/terms/violence	violence	violence@en	""	""	""	""	http://homosaurus.org/terms/abuse||http://homosaurus.org/terms/anti-gayViolence||http://homosaurus.org/terms/anti-lesbianViolence||http://homosaurus.org/terms/anti-transgenderViolence||http://homosaurus.org/terms/intimatePartnerViolence||http://homosaurus.org/terms/physicalViolence||http://homosaurus.org/terms/psychologicalViolence||http://homosaurus.org/terms/riots||http://homosaurus.org/terms/sexualViolence||http://homosaurus.org/terms/streetViolence	http://homosaurus.org/terms/aggression||http://homosaurus.org/terms/crimes||http://homosaurus.org/terms/hate||http://homosaurus.org/terms/oppression||http://homosaurus.org/terms/persecutions||http://homosaurus.org/terms/self-defence||http://homosaurus.org/terms/slavery||http://homosaurus.org/terms/terrorism||http://homosaurus.org/terms/vandalism||http://homosaurus.org/terms/victims||http://homosaurus.org/terms/victimsRights||http://homosaurus.org/terms/wars	2015-11-30	2015-11-30	""	""
http://homosaurus.org/terms/virginity	virginity	virginity@en	""	""	""	http://homosaurus.org/terms/sexualAbstinence	""	""	2015-11-30	2015-11-30	""	""
http://homosaurus.org/terms/visibility	visibility	visibility@en	""	""	of marginalised groups in society@en	http://homosaurus.org/terms/socialProcesses	""	""	2015-11-30	2015-11-30	""	""
http://homosaurus.org/terms/visitationRights	visitationRights	visitation rights@en	""	""	""	""	""	http://homosaurus.org/terms/childCustody||http://homosaurus.org/terms/parenthood||http://homosaurus.org/terms/personalAndFamilyLaw||http://homosaurus.org/terms/separation	2015-11-30	2015-11-30	""	""
http://homosaurus.org/terms/visualArts	visualArts	visual arts@en	""	""	""	http://homosaurus.org/terms/arts	http://homosaurus.org/terms/architecture||http://homosaurus.org/terms/design||http://homosaurus.org/terms/draughtmanship||http://homosaurus.org/terms/graffiti||http://homosaurus.org/terms/graphicArt||http://homosaurus.org/terms/painting||http://homosaurus.org/terms/photography||http://homosaurus.org/terms/sculpture||http://homosaurus.org/terms/textileArt	http://homosaurus.org/terms/artGalleries||http://homosaurus.org/terms/artists||http://homosaurus.org/terms/nudes||http://homosaurus.org/terms/posters	2015-11-30	2015-11-30	""	""
http://homosaurus.org/terms/visualDisabilities	visualDisabilities	visual disabilities@en	""	visual impairments@en	""	http://homosaurus.org/terms/physicalDisabilities	http://homosaurus.org/terms/blindness	http://homosaurus.org/terms/peopleWithVisualDisabilities	2015-11-30	2015-11-30	""	""
http://homosaurus.org/terms/vocationalEducation	vocationalEducation	vocational education@en	""	""	""	http://homosaurus.org/terms/education	""	http://homosaurus.org/terms/internships||http://homosaurus.org/terms/technicalEducation	2015-11-30	2015-11-30	""	""
http://homosaurus.org/terms/vogueing	vogueing	vogueing@en	""	""	""	http://homosaurus.org/terms/dance	""	""	2015-11-30	2015-11-30	""	""
http://homosaurus.org/terms/voiceTherapy	voiceTherapy	voice therapy@en	""	""	any non-surgical technique used to make the human voice sound more female or male; transgender@en	http://homosaurus.org/terms/therapies	""	http://homosaurus.org/terms/transitioning||http://homosaurus.org/terms/transsexualism	2015-11-30	2015-11-30	""	""
http://homosaurus.org/terms/volleyball	volleyball	volleyball@en	""	""	""	http://homosaurus.org/terms/ballGames	""	""	2015-11-30	2015-11-30	""	""
http://homosaurus.org/terms/voluntaryExile	voluntaryExile	voluntary exile@en	""	""	""	http://homosaurus.org/terms/exile	""	""	2015-11-30	2015-11-30	""	""
http://homosaurus.org/terms/volunteering	volunteering	volunteering@en	""	volunteer work@en||volunteerism@en	""	http://homosaurus.org/terms/labour	""	http://homosaurus.org/terms/volunteers	2015-11-30	2015-11-30	""	""
http://homosaurus.org/terms/volunteers	volunteers	volunteers@en	""	volunteer workers@en	""	""	""	http://homosaurus.org/terms/volunteering	2015-11-30	2015-11-30	""	""
http://homosaurus.org/terms/voyagesOfExploration	voyagesOfExploration	voyages of exploration@en	""	""	""	http://homosaurus.org/terms/travel	""	""	2015-11-30	2015-11-30	""	""
http://homosaurus.org/terms/voyeurism	voyeurism	voyeurism@en	""	scoptophilia@en||scopophilia@en	""	http://homosaurus.org/terms/sexualPractices	""	""	2015-11-30	2015-11-30	""	""
http://homosaurus.org/terms/vulva	vulva	vulva@en	""	""	""	http://homosaurus.org/terms/genitals	""	""	2015-11-30	2015-11-30	""	""
http://homosaurus.org/terms/wages	wages	wages@en	""	salaries@en	""	""	""	http://homosaurus.org/terms/collectiveLabourAgreements	2015-11-30	2015-11-30	""	""
http://homosaurus.org/terms/walkingClubs	walkingClubs	walking clubs@en	""	""	""	http://homosaurus.org/terms/sportsClubs	""	""	2015-11-30	2015-11-30	""	""
http://homosaurus.org/terms/wanking	wanking	wanking@en	""	jerking off@en||wacking off@en	""	http://homosaurus.org/terms/manualSex||http://homosaurus.org/terms/phallicSex	""	""	2015-11-30	2015-11-30	""	""
http://homosaurus.org/terms/waria	waria	waria@en	""	""	community of gender variant people in Indonesia derived from the words wanita (woman) and pria (man)@en	http://homosaurus.org/terms/genderMinorities	""	""	2015-11-30	2015-11-30	""	""
http://homosaurus.org/terms/wars	wars	wars@en	""	""	""	""	http://homosaurus.org/terms/civilWars||http://homosaurus.org/terms/coldWar||http://homosaurus.org/terms/worldWarI||http://homosaurus.org/terms/worldWarII	http://homosaurus.org/terms/internationalRelations||http://homosaurus.org/terms/revolutions||http://homosaurus.org/terms/victimsOfWar||http://homosaurus.org/terms/violence	2015-11-30	2015-11-30	""	""
http://homosaurus.org/terms/waterSports	waterSports	water sports@en	""	urolagnia@en||pissing sex@en||golden showers@en||undinism@en	sexual activity involving urine; DO NOT USE for aquatic sports@en	http://homosaurus.org/terms/sexualPractices	""	""	2015-11-30	2015-11-30	""	""
http://homosaurus.org/terms/webFilteringSoftware	webFilteringSoftware	web filtering software@en	""	""	software designed and optimised for controlling what content is permitted to a reader, especially when it is used to restrict material delivered over the Web@en	""	""	http://homosaurus.org/terms/censorship||http://homosaurus.org/terms/internet	2015-11-30	2015-11-30	""	""
http://homosaurus.org/terms/webcams	webcams	webcams@en	""	webcameras@en	""	http://homosaurus.org/terms/telecommunication	""	http://homosaurus.org/terms/internet	2015-11-30	2015-11-30	""	""
http://homosaurus.org/terms/webcasts	webcasts	webcasts@en	""	""	media presentation distributed over the internet using streaming media technology to distribute a single content source to many simultaneous listeners/viewers@en	http://homosaurus.org/terms/internet	""	http://homosaurus.org/terms/radio||http://homosaurus.org/terms/television	2015-11-30	2015-11-30	""	""
http://homosaurus.org/terms/websites	websites	websites@en	""	""	""	http://homosaurus.org/terms/internet	http://homosaurus.org/terms/datingWebsites||http://homosaurus.org/terms/imageHostingWebsites||http://homosaurus.org/terms/socialNetworkingWebsites||http://homosaurus.org/terms/videoSharingWebsites||http://homosaurus.org/terms/wikis	http://homosaurus.org/terms/socialBookmarking	2015-11-30	2015-11-30	""	""
http://homosaurus.org/terms/weddings	weddings	weddings@en	""	""	""	http://homosaurus.org/terms/rites	""	http://homosaurus.org/terms/consecration||http://homosaurus.org/terms/domesticPartnershipContracts||http://homosaurus.org/terms/marriage	2015-11-30	2015-11-30	""	""
http://homosaurus.org/terms/welfareBenefits	welfareBenefits	welfare benefits@en	""	social benefits@en	""	""	""	http://homosaurus.org/terms/insurance||http://homosaurus.org/terms/socialLaw	2015-11-30	2015-11-30	""	""
http://homosaurus.org/terms/westernCultures	westernCultures	western cultures@en	""	western civilisation@en||western civilization@en	white, dominant culture spread around the world from Western Europe@en	http://homosaurus.org/terms/cultures	""	""	2015-11-30	2015-11-30	""	""
http://homosaurus.org/terms/whistleblowers	whistleblowers	whistleblowers@en	""	""	persons who tells the public or someone in authority about alleged dishonest or illegal activities (misconduct) occurring in a government department, a public or private organization, or a company@en	""	""	http://homosaurus.org/terms/reportingPoints	2015-11-30	2015-11-30	""	""
http://homosaurus.org/terms/whitePeople	whitePeople	white people@en	""	caucasians@en	""	http://homosaurus.org/terms/ethnicGroups	""	""	2015-11-30	2015-11-30	""	""
http://homosaurus.org/terms/widowedPeople	widowedPeople	widowed people@en	""	widowers@en||widows@en	""	http://homosaurus.org/terms/bereavedPeople||http://homosaurus.org/terms/maritalStatus	""	""	2015-11-30	2015-11-30	""	""
http://homosaurus.org/terms/wikis	wikis	wikis@en	""	""	websites whose users can add, modify, or delete its content via a web browser using a simplified markup language or a rich-text editor@en	http://homosaurus.org/terms/socialMedia||http://homosaurus.org/terms/websites	""	""	2015-11-30	2015-11-30	""	""
http://homosaurus.org/terms/wills	wills	wills@en	""	testaments@en	""	""	""	http://homosaurus.org/terms/inheritanceLaw	2015-11-30	2015-11-30	""	""
http://homosaurus.org/terms/winterSports	winterSports	winter sports@en	""	""	""	http://homosaurus.org/terms/sports	http://homosaurus.org/terms/figureSkating	""	2015-11-30	2015-11-30	""	""
http://homosaurus.org/terms/winti	winti	winti@en	""	""	Afro-Surinamese traditional religion@en	http://homosaurus.org/terms/religions	""	""	2015-11-30	2015-11-30	""	""
http://homosaurus.org/terms/witchcraft	witchcraft	witchcraft@en	""	""	the alleged use of supernatural or magical powers@en	http://homosaurus.org/terms/alternativeMedicine||http://homosaurus.org/terms/occultism	""	http://homosaurus.org/terms/witches	2015-11-30	2015-11-30	""	""
http://homosaurus.org/terms/witches	witches	witches@en	""	""	""	""	""	http://homosaurus.org/terms/goddessMovement||http://homosaurus.org/terms/witchcraft	2015-11-30	2015-11-30	""	""
http://homosaurus.org/terms/women	women	women@en	""	womyn@en||wimmin@en	""	""	http://homosaurus.org/terms/bisexualWomen||http://homosaurus.org/terms/heterosexualWomen||http://homosaurus.org/terms/lesbians||http://homosaurus.org/terms/ruralWomen||http://homosaurus.org/terms/womenWhoHaveSexWithWomen	http://homosaurus.org/terms/girls||http://homosaurus.org/terms/MtFs	2015-11-30	2015-11-30	""	""
http://homosaurus.org/terms/womenInTraditionallyMale-dominatedOccupations	womenInTraditionallyMale-dominatedOccupations	women in traditionally male-dominated occupations@en	""	women in male professions@en||women in men's jobs@en	""	""	""	http://homosaurus.org/terms/genderSegregationInLabour||http://homosaurus.org/terms/occupations	2015-11-30	2015-11-30	""	""
http://homosaurus.org/terms/womenWhoHaveSexWithWomen	womenWhoHaveSexWithWomen	women who have sex with women@en	""	wsw@en	female persons who engage in sexual activity with members of the same sex, regardless of how they identify theselves@en	http://homosaurus.org/terms/sexualMinorities||http://homosaurus.org/terms/women	""	http://homosaurus.org/terms/bisexualWomen||http://homosaurus.org/terms/lesbians	2015-11-30	2015-11-30	""	""
http://homosaurus.org/terms/womensArchives	womensArchives	women's archives@en	""	""	""	http://homosaurus.org/terms/archives	""	""	2015-11-30	2015-11-30	""	""
http://homosaurus.org/terms/womensBars	womensBars	women's bars@en	""	""	""	http://homosaurus.org/terms/bars	""	""	2015-11-30	2015-11-30	""	""
http://homosaurus.org/terms/womensBookshops	womensBookshops	women's bookshops@en	""	""	""	http://homosaurus.org/terms/bookshops	""	""	2015-11-30	2015-11-30	""	""
http://homosaurus.org/terms/womensCommunityCentres	womensCommunityCentres	women's community centres@en	""	""	""	http://homosaurus.org/terms/communityCentres	""	http://homosaurus.org/terms/womensMovement	2015-11-30	2015-11-30	""	""
http://homosaurus.org/terms/womensFriendships	womensFriendships	women's friendships@en	""	female friendships@en	""	http://homosaurus.org/terms/friendships||http://homosaurus.org/terms/homosociality	""	""	2015-11-30	2015-11-30	""	""
http://homosaurus.org/terms/womensInformationCentres	womensInformationCentres	women's information centres@en	""	women's documentation centres@en	""	http://homosaurus.org/terms/informationCentres	""	http://homosaurus.org/terms/womensMovement	2015-11-30	2015-11-30	""	""
http://homosaurus.org/terms/womensLibraries	womensLibraries	women's libraries@en	""	""	""	http://homosaurus.org/terms/libraries	""	""	2015-11-30	2015-11-30	""	""
http://homosaurus.org/terms/womensMarriages	womensMarriages	women's marriages@en	""	""	same gender marriage tradition Between two women in Africa, according to the African culture and tradition@en	http://homosaurus.org/terms/marriage	""	""	2015-11-30	2015-11-30	""	""
http://homosaurus.org/terms/womensMovement	womensMovement	women's movement@en	""	feminist movement@en	""	http://homosaurus.org/terms/socialMovements	""	http://homosaurus.org/terms/feminism||http://homosaurus.org/terms/lesbianMovement||http://homosaurus.org/terms/womensCommunityCentres||http://homosaurus.org/terms/womensInformationCentres||http://homosaurus.org/terms/womensOrganisations||http://homosaurus.org/terms/womensPress	2015-11-30	2015-11-30	""	""
http://homosaurus.org/terms/womensMusic	womensMusic	women's music@en	""	wimmin's music@en||womyn's music@en||lesbian music@en||women-identified music@en	music by, for, and about women, particularly lesbian women@en	http://homosaurus.org/terms/music	""	http://homosaurus.org/terms/womensMusicFestivals	2015-11-30	2015-11-30	""	""
http://homosaurus.org/terms/womensMusicFestivals	womensMusicFestivals	women's music festivals@en	""	""	""	http://homosaurus.org/terms/festivals	""	http://homosaurus.org/terms/womensMusic	2015-11-30	2015-11-30	""	""
http://homosaurus.org/terms/womensOrganisations	womensOrganisations	women's organisations@en	""	women's organizations@en	""	http://homosaurus.org/terms/organisations	""	http://homosaurus.org/terms/womensMovement	2015-11-30	2015-11-30	""	""
http://homosaurus.org/terms/womensPress	womensPress	women's press@en	""	""	""	http://homosaurus.org/terms/press	""	http://homosaurus.org/terms/womensMovement	2015-11-30	2015-11-30	""	""
http://homosaurus.org/terms/womensPublishers	womensPublishers	women's publishers@en	""	""	""	http://homosaurus.org/terms/publishers	""	""	2015-11-30	2015-11-30	""	""
http://homosaurus.org/terms/womensStudies	womensStudies	women's studies@en	""	""	""	http://homosaurus.org/terms/genderStudies	http://homosaurus.org/terms/girlsStudies	http://homosaurus.org/terms/herstory	2015-11-30	2015-11-30	""	""
http://homosaurus.org/terms/woods	woods	woods@en	""	""	""	http://homosaurus.org/terms/publicSpace	""	""	2015-11-30	2015-11-30	""	""
http://homosaurus.org/terms/workEthic	workEthic	work ethic@en	""	""	""	http://homosaurus.org/terms/ethics||http://homosaurus.org/terms/socialNorms	""	""	2015-11-30	2015-11-30	""	""
http://homosaurus.org/terms/workSituation	workSituation	work situation@en	""	""	""	""	""	http://homosaurus.org/terms/careerDevelopment||http://homosaurus.org/terms/occupations||http://homosaurus.org/terms/parentalLeave||http://homosaurus.org/terms/telecommuting	2015-11-30	2015-11-30	""	""
http://homosaurus.org/terms/workingClass	workingClass	working class@en	""	""	""	http://homosaurus.org/terms/socialClasses	""	http://homosaurus.org/terms/labourMovement	2015-11-30	2015-11-30	""	""
http://homosaurus.org/terms/workshops	workshops	workshops@en	""	""	""	http://homosaurus.org/terms/gatherings	""	""	2015-11-30	2015-11-30	""	""
http://homosaurus.org/terms/worldWarI	worldWarI	world war I@en	""	first world war@en	1914-1918@en	http://homosaurus.org/terms/wars	""	""	2015-11-30	2015-11-30	""	""
http://homosaurus.org/terms/worldWarII	worldWarII	world war II@en	""	second world war@en	1939-1945@en	http://homosaurus.org/terms/wars	""	http://homosaurus.org/terms/shoah	2015-11-30	2015-11-30	""	""
http://homosaurus.org/terms/wrestling	wrestling	wrestling@en	""	""	""	http://homosaurus.org/terms/martialArts	""	""	2015-11-30	2015-11-30	""	""
http://homosaurus.org/terms/writers	writers	writers@en	""	authors@en	""	http://homosaurus.org/terms/artsAndEntertainmentOccupations	http://homosaurus.org/terms/poets	""	2015-11-30	2015-11-30	""	""
http://homosaurus.org/terms/xenophobia	xenophobia	xenophobia@en	""	zenophobia@en	""	http://homosaurus.org/terms/phobias	""	http://homosaurus.org/terms/racism	2015-11-30	2015-11-30	""	""
http://homosaurus.org/terms/yoga	yoga	yoga@en	""	""	""	http://homosaurus.org/terms/self-help	""	http://homosaurus.org/terms/meditation||http://homosaurus.org/terms/philosophiesOfLife||http://homosaurus.org/terms/spirituality	2015-11-30	2015-11-30	""	""
http://homosaurus.org/terms/youth	youth	youth@en	""	teenagers@en||adolescents@en||pubescents@en||young people@en	from 13 to 25 years of age@en	http://homosaurus.org/terms/ageGroups	http://homosaurus.org/terms/bisexualYouth||http://homosaurus.org/terms/children||http://homosaurus.org/terms/gayAndLesbianYouth||http://homosaurus.org/terms/heterosexualYouth||http://homosaurus.org/terms/transgenderYouth	http://homosaurus.org/terms/adolescence||http://homosaurus.org/terms/adultism||http://homosaurus.org/terms/minors||http://homosaurus.org/terms/youthCare||http://homosaurus.org/terms/youthCulture||http://homosaurus.org/terms/youthOrganisations||http://homosaurus.org/terms/youthServices	2015-11-30	2015-11-30	""	""
http://homosaurus.org/terms/youthCare	youthCare	youth care@en	""	""	""	http://homosaurus.org/terms/care	""	http://homosaurus.org/terms/upbringing||http://homosaurus.org/terms/youth	2015-11-30	2015-11-30	""	""
http://homosaurus.org/terms/youthCentres	youthCentres	youth centres@en	""	""	""	http://homosaurus.org/terms/centres	http://homosaurus.org/terms/youthHostels	http://homosaurus.org/terms/youthServices	2015-11-30	2015-11-30	""	""
http://homosaurus.org/terms/youthCulture	youthCulture	youth culture@en	""	""	""	http://homosaurus.org/terms/subcultures	""	http://homosaurus.org/terms/youth	2015-11-30	2015-11-30	""	""
http://homosaurus.org/terms/youthForChrist	youthForChrist	youth for christ@en	""	""	""	http://homosaurus.org/terms/youthOrganisations	""	http://homosaurus.org/terms/protestantism	2015-11-30	2015-11-30	""	""
http://homosaurus.org/terms/youthHostels	youthHostels	youth hostels@en	""	""	""	http://homosaurus.org/terms/youthCentres	""	http://homosaurus.org/terms/tourism	2015-11-30	2015-11-30	""	""
http://homosaurus.org/terms/youthLiterature	youthLiterature	youth literature@en	""	young adult literature@en||children's books@en	""	http://homosaurus.org/terms/literature	""	""	2015-11-30	2015-11-30	""	""
http://homosaurus.org/terms/youthMagazines	youthMagazines	youth magazines@en	""	""	""	http://homosaurus.org/terms/press	""	""	2015-11-30	2015-11-30	""	""
http://homosaurus.org/terms/youthOrganisations	youthOrganisations	youth organisations@en	""	youth organizations@en	""	http://homosaurus.org/terms/organisations	http://homosaurus.org/terms/scouting||http://homosaurus.org/terms/youthForChrist	http://homosaurus.org/terms/youth	2015-11-30	2015-11-30	""	""
http://homosaurus.org/terms/youthServices	youthServices	youth services@en	""	""	""	http://homosaurus.org/terms/socialCare	""	http://homosaurus.org/terms/youth||http://homosaurus.org/terms/youthCentres	2015-11-30	2015-11-30	""	""
http://homosaurus.org/terms/youthTheatre	youthTheatre	youth theatre@en	""	young people's theatre@en	""	http://homosaurus.org/terms/theatre	""	""	2015-11-30	2015-11-30	""	""
http://homosaurus.org/terms/zines	zines	zines@en	""	""	a small circulation publication usually reproduced via photocopier@en	http://homosaurus.org/terms/press	""	""	2015-11-30	2015-11-30	""	""
http://homosaurus.org/terms/zionism	zionism	zionism@en	""	""	""	http://homosaurus.org/terms/politicalMovements	""	http://homosaurus.org/terms/jews||http://homosaurus.org/terms/judaism	2015-11-30	2015-11-30	""	""
http://homosaurus.org/terms/zoningPlans	zoningPlans	zoning plans@en	""	districting plans@en	""	""	""	http://homosaurus.org/terms/government||http://homosaurus.org/terms/townAndCountryPlanning	2015-11-30	2015-11-30	""	""
http://homosaurus.org/terms/zoophilia	zoophilia	zoophilia@en	""	bestiality@en	""	http://homosaurus.org/terms/sexualOrientation	""	http://homosaurus.org/terms/animals	2015-11-30	2015-11-30	""	""
http://homosaurus.org/terms/dictatorships	dictatorships	dictatorships@en	""	absolutism@en	""	http://homosaurus.org/terms/politicalSystems	""	""	2015-12-03	2015-12-03	""	""
