identifier	prefLabel	altLabel	description	historyNote
homoit0002818	Testosteron-17β-Dehydrogenase-Mangel	17-Keto-Reduktase-Mangel||17-Ketosteroid-Reduktase-Mangel||17-beta-Hydroxysteroid-Dehydrogenase 3-Mangel||Pseudohermaphroditismus, männlicher, durch 17-beta-Hydroxysteroid-Dehydrogenase 3-Mangel||17-Beta	Menschen mit 17-Beta-Hydroxysteroid-Dehydrogenase-3-Mangel, hier abgekürzt „17-Beta“, haben XY-Chromosomen und Hoden, aber ihr Körper verfügt nicht über eines der Enzyme, die für die Synthese von Testosteron erforderlich sind. Die meisten Menschen mit 17-Beta werden mit einer Vulva und einer Vagina geboren, und ihre Hoden sind meist nicht herabgestiegen. Einige Menschen mit 17-Beta werden mit Genitalien geboren, die weder einem typischen Penis noch einer typischen Vulva ähneln. Manche haben einen Penis, der kleiner als typisch ist (Mikropenis), und die Harnröhre öffnet sich möglicherweise an der Unterseite des Penis und nicht an der Spitze (Hypospadie). In der Pubertät entwickeln Menschen mit 17-Beta häufig einige sekundäre Geschlechtsmerkmale, die mit einer typischen Testosteron-Pubertät einhergehen.	
homoit0001789	2SLGBTQ+	LGBTQ2S+	Abkürzung zur Bezeichnung von Two-Spirit-Personen, Lesben, Schwulen, Bisexuellen, Transgender-Personen, Queers und anderen geschlechtlichen und sexuellen Minderheiten als Gruppe; wird in Kanada häufig verwendet, um die Besonderheiten der Erfahrungen indigener Völker zu betonen.	
homoit0000001	5α-Reduktase-2-Mangel	5-Alpha-Reduktase-Mangel||5ARD	Menschen mit 5-Alpha-Reduktase-Mangel, abgekürzt 5-ARD, haben XY-Chromosomen, Hoden und nach medizinischer Zuschreibung typische Testosteronwerte, aber ihr Körper produziert nicht das Enzym, das für die Umwandlung von Testosteron in das stärkere Androgen Dihydrotestosteron (DHT) verantwortlich ist. Dies wirkt sich auf die Entwicklung der äußeren Geschlechtsmerkmale einer Person aus. Menschen, die mit 5-ARD geboren werden, werden oft schon bei der Geburt Unterschiede zu medizinischen Normvorstellungen von Genitalien zugeschrieben. In der Adoleszenz entwickeln Menschen mit 5-ARD typischerweise einige Merkmale, die mit einer Testosteronpubertät in Verbindung gebracht werden, und es kann sein, dass sie zu diesem Zeitpunkt ein Genitalwachstum erleben.	
homoit0002578	69ern	69||Neunundsechzig||Soixante-neuf||69nen	69ern bezieht sich auf den gemeinsamen Oralsex zwischen zwei Personen, die gleichzeitig Oralsex geben und empfangen, und soll der Zahl 69 ähneln.	
homoit0003138	Abduction play	Entführungsspiel||Einvernehmliche Entführung||Einvernehmliches Kidnapping	Eine Art von einvernehmlichem BDSM-Spiel, bei dem ein oder mehrere Sexualpartner zum Schein gefangen genommen, gefesselt, bekämpft und eingeschüchtert werden.	
homoit0002892	Australisch-aboriginale asexuelle Personen	Aboriginal asexuelle Personen||Asexuelle Aboriginal Australische Personen||Asexuelle Aboriginal Australier:innen	Asexuelle Personen, die einem oder mehreren der verschiedenen indigenen Völker Australiens angehören; nicht für die indigene Bevölkerung der Torres-Strait-Inseln verwenden, die als ethnisch und kulturell verschieden betrachtet wird. Nur zur Beschreibung von Personen verwenden, die sich als australische Ureinwohner identifizieren.	
homoit0001976	Australisch-aboriginale bisexuelle Personen	Aboriginal bisexuelle Personen||Bisexuelle Aboriginal Australische Personen||Bisexuelle Aboriginal Australier:innen	Bisexuelle Personen, die einem oder mehreren der verschiedenen indigenen Völker Australiens angehören; nicht für die indigene Bevölkerung der Torres-Strait-Inseln verwenden, die als ethnisch und kulturell verschieden betrachtet wird. Nur zur Beschreibung von Personen verwenden, die sich als australische Ureinwohner identifizieren.	
homoit0001975	Australisch-aboriginale schwule Männer	Aboriginal schwule Männer||Schwule Aboriginal Australische Männer||Schwule Aboriginal Australier	Schwule Männer, die einem oder mehreren der verschiedenen indigenen Völker Australiens angehören; nicht für die indigene Bevölkerung der Torres-Strait-Inseln verwenden, die als ethnisch und kulturell verschieden betrachtet wird. Nur zur Beschreibung von Personen verwenden, die sich als australische Ureinwohner identifizieren.	
homoit0001979	Australisch-aboriginale inter* Personen	Aboriginal intersexuelle* Personen||Intersexuelle* Aboriginal australische Personen||Intersexuelle Aboriginal Australier:innen	Inter* Personen, die einem oder mehreren der verschiedenen indigenen Völker Australiens angehören; nicht für die indigene Bevölkerung der Torres-Strait-Inseln verwenden, die als ethnisch und kulturell verschieden betrachtet wird. Nur zur Beschreibung von Personen verwenden, die sich als australische Ureinwohner identifizieren.	
homoit0001974	Australisch-aboriginale Lesben	Aboriginal Lesben||Lesbische Aboriginal Australier:innen	Lesben, die einem oder mehreren der verschiedenen indigenen Völker Australiens angehören; nicht für die indigene Bevölkerung der Torres-Strait-Inseln verwenden, die als ethnisch und kulturell verschieden betrachtet wird. Nur zur Beschreibung von Personen verwenden, die sich als australische Ureinwohner identifizieren.	
homoit0000002	Australisch-aboriginale LSBTQ+ Personen	Aboriginal Personen (LGBTQ)||Aboriginal Australiische Personen (LGBTQ)||LGBTQ+ Aboriginal Australische Personen||LGBTQ+ Aboriginal Australier:innen||LGBTQ+ Aboriginal Personen||LGBTQ+ Aboriginals	LSBTQ+ Personen, die einem oder mehreren der verschiedenen indigenen Völker Australiens angehören; nicht für die indigene Bevölkerung der Torres-Strait-Inseln verwenden, die als ethnisch und kulturell verschieden betrachtet wird. Nur zur Beschreibung von Personen verwenden, die sich als australische Ureinwohner identifizieren.	
homoit0003393	Australisch-aboriginale nichtbinäre Personen	Nicht-binäre Aboriginal Australische Personen||Nicht-binäre Aboriginal Australier*innen||Nichtbinäre Aboriginal Australische Personen||Nichtbinäre Aboriginal Australier:innen||Non-binäre Aboriginal Australische Personen||Nonbinäre Aboriginal Australier*innen	Nicht-binäre Personen, die einem oder mehreren der verschiedenen indigenen Völker Australiens angehören; nicht für die indigene Bevölkerung der Torres-Strait-Inseln verwenden, die als ethnisch und kulturell verschieden betrachtet wird. Nur zur Beschreibung von Personen verwenden, die sich als australische Ureinwohner identifizieren.	
homoit0001978	Australisch-aboriginale queere Personen	Aboriginal queer Personen||Queere Aboriginal Australische Personen||Queer Aboriginal Australier:innen	Queere Personen, die einem oder mehreren der verschiedenen indigenen Völker Australiens angehören; nicht für die indigene Bevölkerung der Torres-Strait-Inseln verwenden, die als ethnisch und kulturell verschieden betrachtet wird. Nur zur Beschreibung von Personen verwenden, die sich als australische Ureinwohner identifizieren.	
homoit0001977	Australisch-aboriginale transgender Personen	Aboriginal transgender Personen||Queere Aboriginal Australische Personen||Queer Aboriginal Australier:innen	Transgender Personen, die einem oder mehreren der verschiedenen indigenen Völker Australiens angehören; nicht für die indigene Bevölkerung der Torres-Strait-Inseln verwenden, die als ethnisch und kulturell verschieden betrachtet wird. Nur zur Beschreibung von Personen verwenden, die sich als australische Ureinwohner identifizieren.	
homoit0003365	Schwangerschaftsabbruch	Abtreibung||Schwangerschaftsunterbrechung	Die vorzeitige Beendigung einer Schwangerschaft.	
homoit0003366	Zugang zu Schwangerschaftsabbrüchen für LGBTQ+ Menschen		Der Begriff wird verwendet, um die verschiedenen Aspekte zu beschreiben, die bestimmen, ob Abtreibungen für LGBTQ+ Menschen an einem bestimmten Ort zugänglich sind. Zu den Faktoren, die die Zugänglichkeit bestimmen, gehören Legalität, Sicherheit, Privatsphäre, finanzielle Kosten, Reisefreiheit usw.	
homoit0000003	Acault		Ein häufig falsch übersetzter burmesischer Begriff für Menschen, die bei der Geburt als männlich eingestuft werden und weibliche Verhaltensweisen zeigen, während sie als spirituelle Medien dienen; die Legitimität des Begriffs ist fraglich.	
homoit0002142	Schauspieler:innen-Fanfiction	Actorfic||Schauspieler-Fanfiction	Fanfiction, die sich auf die Beziehungen von realen Schauspielern, oft desselben Geschlechts, konzentriert, diese einbezieht oder detailliert beschreibt.	
homoit0002336	Adoptierte LGBTQ+ Personen	Adoptierte Personen (LGBTQ)||LGBTQ+ adoptiere Personen	LGBTQ+ Menschen, die adoptiert wurden, ob von LGBTQ+ Eltern oder nicht.	
homoit0000009	Adoptivelternschaft		Die Erfahrung, ein Adoptivelternteil für ein Kind oder mehrere Kinder zu sein. Ein Adoptivelternteil ist die Person oder die Personen, die durch eine Adoption zu dauerhaften Eltern werden, mit allen damit verbundenen Pflichten.	
homoit0000010	Adoptiveltern			
homoit0001673	Ae/Aer/Aerself (Pronomen)	Ae (Pronomen)||Ae/Aer/Aerself	Eine Gruppe von Pronomen. Wird auf diese Weise verwendet: Ae besuchte die Homosaurus-Website. Ich beobachtete Aer beim Stöbern auf der Homosaurus-Website. Ae benutzt den Homosaurus aerself.	
homoit0002335	Afroamerikanische asexuelle Personen	Afroamerikanische ace Personen||Asexuelle Afroamerikaner:innen	Asexuelle Personen afrikanischer Abstammung, die in den Vereinigten Staaten geboren sind, oder asexuelle Menschen, die in afrikanischen Ländern geboren sind und in den Vereinigten Staaten leben oder eine starke Verbindung zu ihnen haben. Verwendung für Personen, die sich selbst als Afroamerikaner bezeichnen. Befolgen Sie die Präferenz der Person für Afroamerikaner oder Schwarze, wann immer möglich.	
homoit0000123	Afroamerikanische bisexuelle Personen	Bisexuelle afroamerikanische Personen||Bisexuelle Afroamerikaner:innen	Bisexuelle Personen afrikanischer Abstammung, die in den Vereinigten Staaten geboren sind, oder bisexuelle Menschen, die in afrikanischen Ländern geboren sind und in den Vereinigten Staaten leben oder eine starke Verbindung zu ihnen haben. Verwendung für Personen, die sich selbst als Afroamerikaner bezeichnen. Befolgen Sie die Präferenz der Person für Afroamerikaner oder Schwarze, wann immer möglich.	
homoit0000463	Afroamerikanische schwule Männer	Schwule afroamerikanische Männer||Schwule Afroamerikaner	Schwule Männer afrikanischer Abstammung, die in den Vereinigten Staaten geboren sind, oder schwule Männer, die in afrikanischen Ländern geboren sind und in den Vereinigten Staaten leben oder eine starke Verbindung zu dem Land haben. Nur für Personen verwenden, die sich selbst als afroamerikanisch bezeichnen.	
homoit0002935	Afroamerikanische inter* Personen	Inter* afroamerikanische Personen||Afroamerikanische inter* Personen	Inter* Personen afrikanischer Abstammung, die in den Vereinigten Staaten geboren sind, oder inter* Personen, die in afrikanischen Ländern geboren sind und in den Vereinigten Staaten leben oder eine starke Verbindung zu dem Land haben. Nur für Personen verwenden, die sich selbst als afroamerikanisch bezeichnen.	
homoit0000714	Afroamerikanische Lesben	Lesbische Afroamerikaner:innen	Lesben afrikanischer Abstammung, die in den Vereinigten Staaten geboren sind, oder Lesben, die in afrikanischen Ländern geboren sind und in den Vereinigten Staaten leben oder eine starke Verbindung zu dem Land haben. Nur für Personen verwenden, die sich selbst als afroamerikanisch bezeichnen.	
homoit0000015	Afroamerikanische LGBTQ+-Personen	LGBTQ+-afroamerikanische Personen||LGBTQ+-Afroamerikaner:innen	Afroamerikanische Personen, die auch LGBTQ+ sind; nicht pauschal für People of Color verwenden; wann immer möglich der individuellen Präferenz für Afroamerikaner oder Schwarze folgen.	
homoit0001151	Afroamerikanische queere Personen	Queere afroamerikanische Personen||Queere Afroamerikaner:innen	Queere Personen afrikanischer Abstammung, die in den Vereinigten Staaten geboren sind, oder queere Personen, die in afrikanischen Ländern geboren sind und in den Vereinigten Staaten leben oder eine starke Verbindung zu dem Land haben. Nur für Personen verwenden, die sich selbst als afroamerikanisch bezeichnen.	
homoit0001384	Afroamerikanische trans Personen	Trans afroamerikanische Personen||Trans Afroamerikaner:innen	Trans Personen afrikanischer Abstammung, die in den Vereinigten Staaten geboren sind, oder trans Personen, die in afrikanischen Ländern geboren sind und in den Vereinigten Staaten leben oder eine starke Verbindung zu dem Land haben. Nur für Personen verwenden, die sich selbst als afroamerikanisch bezeichnen.	
homoit0002893	Afrokanadische asexuelle Personen	Asexuelle afrokanadische Personen||Asexuelle Afrokanadier:innen	Asexuelle Personen afrikanischer Abstammung, die in Kanada geboren sind, oder asexuelle Personen, die in afrikanischen Ländern geboren sind und in Kanada leben oder eine starke Verbindung zu dem Land haben. Nur für Personen verwenden, die sich selbst als afrokanadisch bezeichnen.	
homoit0000124	Afrokanadische bisexuelle Personen	Bisexuelle afroamerikanische Personen||Bisexuelle Afrokanadier:innen	Bisexuelle Personen afrikanischer Abstammung, die in Kanada geboren sind, oder bisexuelle Personen, die in afrikanischen Ländern geboren sind und in Kanada leben oder eine starke Verbindung zu dem Land haben. Nur für Personen verwenden, die sich selbst als afrokanadisch bezeichnen.	
homoit0000464	Afrokanadische schwule Männer	Schwule afrokanadische Männer||Schwule Afrokanadier	Schwule Männer afrikanischer Abstammung, die in Kanada geboren sind, oder schwule Männer, die in afrikanischen Ländern geboren sind und in Kanada leben oder eine starke Verbindung zu dem Land haben. Nur für Personen verwenden, die sich selbst als afrokanadisch bezeichnen.	
homoit0002957	Afrokanadische inter* Personen	Inter* afrokanadische Personen||Inter* Afrokanadier:innen	Inter* Personen afrikanischer Abstammung, die in Kanada geboren sind, oder inter* Personen, die in afrikanischen Ländern geboren sind und in Kanada leben oder eine starke Verbindung zu dem Land haben. Nur für Personen verwenden, die sich selbst als afrokanadisch bezeichnen.	
homoit0000715	Afrokanadische Lesben	Lesbische Afrokanadier:innen	Lesben afrikanischer Abstammung, die in Kanada geboren sind, oder Lesben, die in afrikanischen Ländern geboren sind und in Kanada leben oder eine starke Verbindung zu dem Land haben. Nur für Personen verwenden, die sich selbst als afrokanadisch bezeichnen.	
homoit0000016	Afrokanadische LGBTQ+-Personen	LGBTQ+-afrokanadische Personen||LGBTQ+-Afrokanadier:innen	LGBTQ+-Personen afrikanischer Abstammung, die in Kanada geboren sind, oder LGBTQ+-Personen, die in afrikanischen Ländern geboren sind und in Kanada leben oder eine starke Verbindung zu dem Land haben. Nur für Personen verwenden, die sich selbst als afrokanadisch bezeichnen.	
homoit0001152	Afrokanadische queere Personen	Queere afrokanadische Personen||Queere Afrokanadier:innen	Queere Personen afrikanischer Abstammung, die in Kanada geboren sind, oder queere Personen, die in afrikanischen Ländern geboren sind und in Kanada leben oder eine starke Verbindung zu dem Land haben. Nur für Personen verwenden, die sich selbst als afrokanadisch bezeichnen.	
homoit0001385	Afrokanadische trans Personen	Trans afrokanadische Personen||Trans Afrokanadier:innen	Trans Personen afrikanischer Abstammung, die in Kanada geboren sind, oder trans Personen, die in afrikanischen Ländern geboren sind und in Kanada leben oder eine starke Verbindung zu dem Land haben. Nur für Personen verwenden, die sich selbst als afrokanadisch bezeichnen.	
homoit0002894	Afrokaribische asexuelle Personen	Asexuelle afrokaribische Personen||Asexuelle Afrokarib:innen	Asexuelle Personen afrikanischer Abstammung, die in der Karibik geboren sind, oder asexuelle Personen, die in afrikanischen Ländern geboren sind und in der Karibik leben oder eine starke Verbindung zur Karibik haben. Nur für Personen verwenden, die sich selbst als afrokaribisch bezeichnen.	
homoit0000125	Afrokaribische bisexuelle Personen	Bisexuelle afrokaribische Personen||Bisexuelle Afrokarib:innen	Bisexuelle Personen afrikanischer Abstammung, die in der Karibik geboren sind, oder bisexuelle Personen, die in afrikanischen Ländern geboren sind und in der Karibik leben oder eine starke Verbindung zur Karibik haben. Nur für Personen verwenden, die sich selbst als afrokaribisch bezeichnen.	
homoit0000465	Afrokaribische schwule Männer	Schwule afrokaribische Männer||Schwule Afrokarib:innen	Schwule Männer afrikanischer Abstammung, die in der Karibik geboren sind, oder schwule Männer, die in afrikanischen Ländern geboren sind und in der Karibik leben oder eine starke Verbindung zur Karibik haben. Nur für Personen verwenden, die sich selbst als afrokaribisch bezeichnen.	
homoit0002958	Afroamerikanische inter* Personen	Inter* afrokaribische Personen	Inter* Personen afrikanischer Abstammung, die in der Karibik geboren sind, oder inter* Personen, die in afrikanischen Ländern geboren sind und in der Karibik leben oder eine starke Verbindung zur Karibik haben. Nur für Personen verwenden, die sich selbst als afrokaribisch bezeichnen.	
homoit0000716	Afrokaribische Lesben	Lesbische Afrokarib:innen	Lesben afrikanischer Abstammung, die in der Karibik geboren sind, oder Lesben, die in afrikanischen Ländern geboren sind und in der Karibik leben oder eine starke Verbindung zur Karibik haben. Nur für Personen verwenden, die sich selbst als afrokaribisch bezeichnen.	
homoit0000017	Afrokaribische LGBTQ+-Personen	LGBTQ+-afrokaribische Personen	LGBTQ+-Personen afrikanischer Abstammung, die in der Karibik geboren sind, oder LGBTQ+-Personen, die in afrikanischen Ländern geboren sind und in der Karibik leben oder eine starke Verbindung zur Karibik haben. Nur für Personen verwenden, die sich selbst als afrokaribisch bezeichnen.	
homoit0001153	Afrokaribische queere Personen	Queere afrokaribische Personen||Queere Afrokarib:innen	Queere Personen afrikanischer Abstammung, die in der Karibik geboren sind, oder queere Personen, die in afrikanischen Ländern geboren sind und in der Karibik leben oder eine starke Verbindung zur Karibik haben. Nur für Personen verwenden, die sich selbst als afrokaribisch bezeichnen.	
homoit0001386	Afrokaribische trans Personen	Trans afrokaribische Personen||Trans Afrokarib:innen	Trans Personen afrikanischer Abstammung, die in der Karibik geboren sind, oder trans Personen, die in afrikanischen Ländern geboren sind und in der Karibik leben oder eine starke Verbindung zur Karibik haben. Nur für Personen verwenden, die sich selbst als afrokaribisch bezeichnen.	
homoit0002896	Afroeuropäische asexuelle Personen	Asexuelle afroeuropäische Personen	Asexuelle Personen afrikanischer Abstammung, die in europäischen Ländern geboren sind, oder asexuelle Personen, die in afrikanischen Ländern geboren sind und in Europa leben oder eine starke Verbindung zu Europa haben. Nur für Personen verwenden, die sich selbst als afroeuropäisch bezeichnen.	
homoit0000126	Afroeuropäische bisexuelle Personen	Bisexuelle afroeuropäische Personen	Bisexuelle Personen afrikanischer Abstammung, die in europäischen Ländern geboren sind, oder Bisexuelle Personen, die in afrikanischen Ländern geboren sind und in Europa leben oder eine starke Verbindung zu Europa haben. Nur für Personen verwenden, die sich selbst als afroeuropäisch bezeichnen.	
homoit0000466	Afroeuropäische schwule Männer	Schwule afroeuropäische Männer	Schwule Männer afrikanischer Abstammung, die in europäischen Ländern geboren sind, oder schwule Männer, die in afrikanischen Ländern geboren sind und in Europa leben oder eine starke Verbindung zu Europa haben. Nur für Personen verwenden, die sich selbst als afroeuropäisch bezeichnen.	
homoit0002959	Afroeuropäische inter* Personen	Inter* afroeuropäische Personen	Inter* Personen afrikanischer Abstammung, die in europäischen Ländern geboren sind, oder inter* Personen, die in afrikanischen Ländern geboren sind und in Europa leben oder eine starke Verbindung zu Europa haben. Nur für Personen verwenden, die sich selbst als afroeuropäisch bezeichnen.	
homoit0000717	Afroeuropäische Lesben	Lesbische Afroeuropäerinnen	Lesben afrikanischer Abstammung, die in europäischen Ländern geboren sind, oder Lesben Menschen, die in afrikanischen Ländern geboren sind und in Europa leben oder eine starke Verbindung zu Europa haben. Nur für Personen verwenden, die sich selbst als afroeuropäisch bezeichnen.	
homoit0000018	Afroeuropäische LGBTQ+-Personen	LGBTQ+- afroeuropäische Personen	LGBTQ+-Personen afrikanischer Abstammung, die in europäischen Ländern geboren sind, oder LGBTQ+-Personen, die in afrikanischen Ländern geboren sind und in Europa leben oder eine starke Verbindung zu Europa haben. Nur für Personen verwenden, die sich selbst als afroeuropäisch bezeichnen.	
homoit0001154	Afroeuropäische queere Personen	Queere afroeuropäische Personen	Queere Personen afrikanischer Abstammung, die in europäischen Ländern geboren sind, oder queere Personen, die in afrikanischen Ländern geboren sind und in Europa leben oder eine starke Verbindung zu Europa haben. Nur für Personen verwenden, die sich selbst als afroeuropäisch bezeichnen.	
homoit0001387	Afroeuropäische trans Personen	Trans afroeuropäische Personen	Transgender Personen afrikanischer Abstammung, die in europäischen Ländern geboren sind, oder transgenderPersonen, die in afrikanischen Ländern geboren sind und in Europa leben oder eine starke Verbindung zu Europa haben. Nur für Personen verwenden, die sich selbst als afroeuropäisch bezeichnen.	
homoit0002898	Afrolateinamerikanische asexuelle-Personen	Asexuelle afrolateinamerikanische Personen	Asexuelle Personen afrikanischer Abstammung, die in lateinamerikanischen Ländern geboren sind, oder asexuelle Personen, die in afrikanischen Ländern geboren sind und in lateinamerikanischen Ländern leben oder eine starke Verbindung zu lateinamerikanischen Ländern haben. Nur für Personen verwenden, die sich selbst als afrolateinamerikanisch bezeichnen.	
homoit0000127	Afrolateinamerikanische bisexuelle Personen	Bisexuelle afrolateinamerikanische Personen	Bisexuelle Personen afrikanischer Abstammung, die in lateinamerikanischen Ländern geboren sind, oder bisexuelle Personen, die in afrikanischen Ländern geboren sind und in lateinamerikanischen Ländern leben oder eine starke Verbindung zu lateinamerikanischen Ländern haben. Nur für Personen verwenden, die sich selbst als afrolateinamerikanisch bezeichnen.	
homoit0000467	Afrolateinamerikanische schwule Männer	Schwule afrolateinamerikanische Männer	Schwule Männer afrikanischer Abstammung, die in lateinamerikanischen Ländern geboren sind, oder schwule Männer, die in afrikanischen Ländern geboren sind und in lateinamerikanischen Ländern leben oder eine starke Verbindung zu lateinamerikanischen Ländern haben. Nur für Personen verwenden, die sich selbst als afrolateinamerikanisch bezeichnen.	
homoit0002960	Afrolateinamerikanische inter* Personen	Inter* afrolateinamerikanische Personen	Inter* Personen afrikanischer Abstammung, die in lateinamerikanischen Ländern geboren sind, oder inter* Personen, die in afrikanischen Ländern geboren sind und in lateinamerikanischen Ländern leben oder eine starke Verbindung zu lateinamerikanischen Ländern haben. Nur für Personen verwenden, die sich selbst als afrolateinamerikanisch bezeichnen.	
homoit0000718	Afrolateinamerikanische Lesben	Lesbische afrolateinamerikanische Personen	Lesbische Personen afrikanischer Abstammung, die in lateinamerikanischen Ländern geboren sind, oder lesbische Personen, die in afrikanischen Ländern geboren sind und in lateinamerikanischen Ländern leben oder eine starke Verbindung zu lateinamerikanischen Ländern haben. Nur für Personen verwenden, die sich selbst als afrolateinamerikanisch bezeichnen.	
homoit0000019	Afrolateinamerikanische LGBTQ+-Personen	LGBTQ+- afrolateinamerikanische Personen	LGBTQ+-Personen afrikanischer Abstammung, die in lateinamerikanischen Ländern geboren sind, oder LGBTQ+-Personen, die in afrikanischen Ländern geboren sind und in lateinamerikanischen Ländern leben oder eine starke Verbindung zu lateinamerikanischen Ländern haben. Nur für Personen verwenden, die sich selbst als afrolateinamerikanisch bezeichnen.	
homoit0001155	Afrolateinamerikanische queere Personen	Queere afrolateinamerikanische Personen	Queere Personen afrikanischer Abstammung, die in lateinamerikanischen Ländern geboren sind, oder queere Personen, die in afrikanischen Ländern geboren sind und in lateinamerikanischen Ländern leben oder eine starke Verbindung zu lateinamerikanischen Ländern haben. Nur für Personen verwenden, die sich selbst als afrolateinamerikanisch bezeichnen.	
homoit0001388	Afrolateinamerikanische trans Personen	Trans afrolateinamerikanische Personen	Transgender Personen afrikanischer Abstammung, die in lateinamerikanischen Ländern geboren sind, oder Transgender Personen, die in afrikanischen Ländern geboren sind und in lateinamerikanischen Ländern leben oder eine starke Verbindung zu lateinamerikanischen Ländern haben. Nur für Personen verwenden, die sich selbst als afrolateinamerikanisch bezeichnen.	
homoit0000020	Schutzalter	Mündigkeitsalter	Das Alter, in dem eine Person als rechtlich befähigt gilt, in sexuelle Handlungen einzuwilligen. Das Schutzalter variiert je nach Land, Staat oder Kultur.	
homoit0000022	Ageplay	ABDL	Rollenspiele in der Rolle von Personen unterschiedlichen Alters, meist als Kinder, zum Spaß oder zum erotischen Vergnügen.	
homoit0001927	Agender Identität		Identitätsbegriff für Personen, die kein Gender haben oder sich mit der Genderlosigkeit identifizieren.	
homoit0000021	Agender Personen		Personen, sich als kein Gender habend identifizieren oder genderlos sind.	
homoit0000023	Agî	Agi	Philippinisches Wort, das sowohl Hermaphrodit als auch eine schwule Beleidigung bedeuten kann	
homoit0000024	AIDS-Aktivist:innen		Personen, die sich für soziale und politische Veränderungen zugunsten der von HIV/AIDS betroffenen Menschen einsetzen.	
homoit0000025	AIDS-Sensibilisierung	Sensibilisierung zu AIDS||Informationen über AIDS||Beratung zu AIDS	Aktivismus und andere Bemühungen, die Aufmerksamkeit auf die AIDS-Epidemie zu lenken.	
homoit0002258	AIDS-Tod und -Sterben	Tod durch AIDS||Sterben durch AIDS	Erfahrungen im Zusammenhang mit Menschen, die an AIDS erkrankt sind und sich dem Ende ihres Lebens nähern oder dieses erreicht haben.	
homoit0000027	AIDS-Aufklärung	Aufklärung zu AIDS||Informationen über AIDS||Beratung zu AIDS	Unterrichtung über HIV/AIDS, einschließlich Themen wie die Geschichte der AIDS-Epidemie, Ansteckung, Prävention und Behandlung.	
homoit0000026	AIDS-Informationszentren	Informationszentren zu AIDS	Einrichtungen, die sich der Aufklärung, Vorbeugung und Behandlung von HIV/AIDS widmen; AIDS-Informationszentren bieten oft Dienste wie HIV-Beratung und -Tests an.	
homoit0000028	AIDS-Memorial-Quilts	AIDS-Gedenktücher||AIDS-Erinnerungstücher||Gedenktücher für an den Folgen von AIDS Verstorbene||Quilts für an den Folgen von AIDS Verstorbene||Memorial Quilts für an den Folgen von AIDS Verstorbene||Erinnerungstücher für an den Folgen von AIDS Verstorbene||Gedenktücher für an den Folgen von AIDS-Verstorbene	Quilts zum Gedenken an Menschen, die an den Folgen von AIDS gestorben sind, um auf die AIDS-Epidemie aufmerksam zu machen und den Betroffenen Unterstützung und Heilung zu bieten. Der Begriff wird häufig im Zusammenhang mit dem 1985 von Cleve Jones ins Leben gerufenen NAMES Project AIDS Memorial Quilt verwendet.	
homoit0000029	AIDS-Memorials	AIDS-Gedenkfeier||AIDS-Denkmäler	Projekte und Veranstaltungen zum Gedenken an Menschen, die an den Folgen von AIDS gestorben sind.	
homoit0000030	AIDS-Organisationen		Community-basierte Gruppen oder Einrichtungen, die Menschen mit HIV/AIDS unterstützen und sich für sie einsetzen.	
homoit0000031	AIDS-Publikationen	AIDS-Zeitschriften	Regelmäßig erscheinende gedruckte oder digitale Publikationen, die von oder für Menschen mit AIDS erstellt werden.	
homoit0000032	AIDS-Phobie	Angst vor AIDS	Starke Ablehnung oder Abscheu gegenüber Personen mit HIV/AIDS oder Verhaltensweisen, von denen man annimmt, dass sie das Risiko einer Ansteckung mit HIV/AIDS mit sich bringen. AIDS-Phobie kann Isolation, Stereotypen, verbale Belästigung und physische Gewalt beinhalten.	
homoit0000035	Akava'ine		Ein Begriff der Māori der Cook-Inseln, der sich auf Transgender-Personen mit Māori-Abstammung von den Cook-Inseln bezieht.	
homoit0000037	Ali		Tamilische Beleidigung für einen femininen schwulen Mann; lässt sich direkt mit Hermaphrodit übersetzen.	
homoit0000038	Verbündete	Unterstützer:innen	Personen einer privilegierten sozialen Identität, die Randgruppen, denen sie nicht angehören, unterstützen, sich mit ihnen solidarisieren und sich für eine Verbesserung derer Interessen einsetzen.	
homoit0001823	Alloromantische Personen		Personen, die regelmäßig und in beständiger Weise romantische Anziehung und Begierde erleben, oft einhergehend mit sexueller Anziehung.	
homoit0001791	Alloromantik		Eine romantische Orientierung, die durch das regelmäßige und beständige Auftreten romantischer Anziehung und Begierde charakterisiert wird, oft einhergehend mit sexueller Anziehung.	
homoit0001917	Allosexuelle Personen		Personen, die allgemein sexuelle Anziehung oder den Wunsch nach partnerschaftlicher sexueller Erfahrung verspüren.	
homoit0001531	Allosexualität		Eine sexuelle Orientierung, die allgemein durch das Auftreten sexueller Anziehung oder den Wunsch nach partnerschaftlicher sexueller Erfahrung charakterisiert wird.	
homoit0002143	Alternativuniversum (Fanfiction)	Setting eines alternativen Universums (Fanfiction)||AU	Alternernative Schauplätze zum kanonischen Universum eines Textes, in dem Fanfiction spielen könnte.	
homoit0000039	Alyha		Personen uramerikansicher Mohave-Stämme, die bei der Geburt männlich eingestuft wurden, aber weibliche Züge aufweisen, in der Gesellschaft als Frauen leben und oft als Heilerinnen arbeiten.	
homoit0001532	Amatonormativität		Die Annahme, dass alle Personen den Wunsch nach romantischen Beziehungen haben und eine solche ein bevorzugtes Lebensziel ist.	
homoit0000040	Amazonen		Volk rein weiblicher Kriegerinnen in der griechischen Mythologie und der klassischen Antike; seit der frühen Neuzeit ist ihr Name zu einer Bezeichnung für Kriegerinnen im Allgemeinen geworden sowie zu einem kulturellen Symbol, das in lesbischen Gemeinschaften verwendet wird.	
homoit0002819	uneindeutige Geniltalien	nicht eindeutige Genitalien	Ein Begriff, der verwendet wird, um Genitalien zu beschreiben, bei denen die äußeren Genitalien nicht den medizinischen Normvorstellungen eines weiblichen oder männlichen Erscheinungsbilds entsprechen. Medizinisches Fachpersonal und Eltern deuten dies oft als erstes Anzeichen von Inter*. Selten erfordern die so eingeordneten Genitalien einen sofortigen chirurgischen Eingriff, vor allem dann nicht, wenn das Kind in der Lage ist, ohne Komplikationen auszuscheiden und zu urinieren. Viele inter* Menschen empfinden diesen Begriff als stigmatisierend, weil dahinter* die Vorstellung steht, dass es "richtige" und "falsche" Genitalien gäbe. Diese Annahme führt häufig zur fremdbestimmenden und folgenreichen medizinischen Praxis, die Genitalien von inter* Kindern operativ an ein normatives Erscheinungsbild anzugleichen. Inter Personen sprechen dabei häufig von genitalverstümmelnden Operationen. Der Begriff "uneindeutige Genitalien" sollte daher nicht verwendet werden, es sei denn, die betreffende Person hat ihre Einwilligung erteilt.	
homoit0000041	Analperlen		Ein Sexspielzeug, das beim Analspiel verwendet wird und aus mehreren aneinander befestigten Kugeln (oder Bällen) besteht, die kontinuierlich durch den Anus in das Rektum eingeführt und dann mit unterschiedlicher Geschwindigkeit wieder herausgezogen werden.	
homoit0000042	Analfisting	Analfisting||Analfaustficken||Analfaustverkehr	Sexuelle Praktik, Sexualpraktik, des Einführens einer Faust in den Anus.	
homoit0000081	Analspiel	Analplay	Jede Art von sexueller Praktik, Sexualpraktik, die anale Stimulation beinhaltet.	
homoit0000043	Analsex	Analverkehr	Sexuelle Praktik, Sexualpraktik, die die Penetration des Anus beinhaltet.	
homoit0001645	Ankerpartner:innen		Ein Begriff, der in nicht-monogamen Gemeinschaften verwendet wird, um eine:n langfristige:n Partner:in mit mehreren Verpflichtungen zu bezeichnen. Wird oft anstelle von Begriffen verwendet, die als hierarchisch angesehen werden (z. B. primäre:r/sekundäre:r Partner:in).	
homoit0000044	Androgeninsensitivitätssyndrom	AIS||Androgen-Resistenz-Syndrom||Androgenresistenz-Syndrom||Goldberg-Maxwell-Syndrom||Morris-Syndrom||Syndrom der testikulären Feminisierung (TFM)	Menschen, die mit AIS geboren werden, haben XY-Chromosomen und Hoden, und ihr Körper ist in unterschiedlichem Masse unempfindlich gegenüber Androgenen (einschließlich Testosteron). Das bedeutet, dass ihre Zellen untypisch auf das von ihnen produzierte Testosteron reagieren. Wie bei anderen Variationen der Geschlechtsmerkmale handelt es sich bei der AIS um ein Spektrum mit den Unterkategorien vollständige (CAIS), teilweise (PAIS) und leichte Androgeninsensitivität (MAIS). Der Begriff „männliches Androgeninsensitivitätssyndrom“ sollte nicht verwendet werden, um diese Variation zu beschreiben, da viele Menschen mit AIS Frauen sind.	
homoit0002820	Androgene		Ein Begriff, der Testosteron, Dihydrotestosteron und andere Hormone umfasst, die hauptsächlich in den Hoden, aber auch in den Eierstöcken und Nebennieren produziert werden.	
homoit0000046	Androgynos		Israelischer Begriff, der in der rabbinischen Literatur verwendet wird, um sowohl ein mythologisches inter* Wesen zu beschreiben, als auch auf einen rechtlichen Zustand hinzuweisen.	
homoit0000045	Androgyne Personen		Eine Personen, deren Gender-Präsentation, gemessen an gesellschaftlichen Geschlechternormen, weder eindeutig männlich noch eindeutig weiblich erscheint.	
homoit0000047	Androgynität		Gemessen an gesellschaftlichen Geschlechternormen weder eindeutig männlich noch eindeutig weiblich.	
homoit0003082	Petplay	Animal Roleplay||Pet Play	Rollenspiel, bei dem eine Person die Rolle eines Tieres oder Tiercharakters übernimmt, manchmal mit jemandem in der Rolle eines:einer Trainer:in, Betreuer:in oder Tierhalter:in – zum Spass oder zur erotischen Unterhaltung.	
homoit0002144	Anime und Manga Fandom	Anime und Manga Fangemeinde||Anime Fandom||Manga Fandom||Manga und Anime Fandom||Manga Fangemeinde||Manga und Anime Fangemeinde||Anime Fangemeinde||Anime und Manga Fantum||Anime Fantum||Manga Fantum	Die Fangemeinde, die sich auf die Beziehungen von Figuren aus Anime oder Manga konzentriert, diese einbezieht oder detailliert beschreibt.	
homoit0002616	Anonyme Spender:innen	Anonyme Samenspender:innen||Anonyme Eizellenspender:innen	Menschen, die ihre Gameten (Geschlechtszellen) in dem Wissen gespendet haben, dass ihre Identität für alle potenziellen Nachkommen unbekannt bleiben würde.	
homoit0000050	Anonymer Sex		Sexuelle Begegnungen zwischen zwei oder mehreren Personen, die sich nicht kennen, in der Regel ohne die Erwartung einer zukünftigen Kommunikation oder Interaktion.	
homoit0002821	Anorchie	Anorchidie	Ein Mensch mit Anorchie hat 46 XY-Chromosomen und wird ohne Hoden geboren. Infolgedessen produzieren sie keine typischen Mengen an Testosteron. Jemand mit Anorchie hat in der Regel einen typisch aussehenden Penis und Hodensack, da diese Organe bereits in der Phase der fötalen Entwicklung gebildet werden, wenn die Hoden verschwinden.	
homoit0002899	Diskriminierung von asexuellen Personen	Antiasexuelle Diskriminierung||Anti-asexuelle Diskriminierung	Die ungerechte oder vorurteilsbehaftete Behandlung asexueller Menschen aufgrund ihrer sexuellen Identität; kann die Verweigerung von gesetzlichen Rechten, Beschäftigung und Wohnraum beinhalten.	
homoit0002900	Gewalt gegen asexuelle Personen	Antiasexuelle Gewalt||Anti-asexuelle Gewalt	Verhalten, bei dem körperliche Gewalt angewendet wird, um asexuelle Menschen aufgrund ihrer Identität zu verletzen oder zu töten.	
homoit0000051	Diskriminierung von bisexuellen Personen	Antibisexuelle Diskriminierung||Anti-bisexuelle Diskriminierung	Die ungerechte oder vorurteilsbehaftete Behandlung bisexueller Menschen aufgrund ihrer sexuellen Identität; kann die Verweigerung von gesetzlichen Rechten, Beschäftigung und Wohnraum beinhalten.	
homoit0000052	Gewalt gegen bisexuelle Personen	Antibisexuelle Gewalt||Anti-bisexuelle Gewalt	Verhalten, das körperliche Gewalt beinhaltet und darauf abzielt, bisexuelle Menschen aufgrund ihrer Identität zu verletzen oder zu töten.	
homoit0002257	Anti-Schwarzer Rassismus	Antischwarzer Rassismus||Anti-Schwarzsein||Anti-blackness||Anti Blackness	Begriff, der verwendet wird, um die Besonderheiten des Rassismus, der sich gegen Schwarze Menschen richtet, anzuerkennen. Anti-Schwarzer Rassismus beinhaltet die Überzeugung, dass Schwarze Menschen andere angeborene Verhaltensmerkmale besitzen, die ererbten Eigenschaften entsprechen und denen anderer Races - insbesondere der weißen - unterlegen sind. Anti-Schwarzer Rassismus umfasst auch Vorurteile, Diskriminierung und Feindseligkeit (persönlich oder systematisch), die sich gegen Schwarze Menschen aufgrund ihrer Race und ihrer wahrgenommenen Minderwertigkeit richten. Hinweis: Der englische Begriff «Race» ist nicht mit dem deutschen Begriff «Rasse» gleichzusetzen, da sie in zwei unterschiedlichen Diskursen stehen. Oft wird deshalb im Deutschen ebenfalls Race verwendet.	
homoit0000053	Antidiskriminierungsgesetz		Gesetzgebung zur Verhinderung von Diskriminierung geschützter Personengruppen in den Bereichen Beschäftigung, Wohnen, Bildung und anderen Formen der Diskriminierung.	
homoit0000054	Antifeminismus	Anti-Feminismus	Ablehnung einiger oder aller Formen des Feminismus.	
homoit0000055	Schwulenfeindliche Diskriminierung	Homosexuellenfeindliche Diskriminierung||Antihomosexuelle Diskriminierung||Anti-Homosexuellen-Diskriminierung||Diskriminierung von Homosexuellen||Diskriminierung von schwulen Männern||Diskriminierung von schwulen Personen	Die ungerechte oder vorurteilsbehaftete Behandlung schwuler Männer aufgrund ihrer sexuellen Identität; kann die Verweigerung von gesetzlichen Rechten, Beschäftigung und Wohnraum beinhalten.	
homoit0000056	Schwulenfeindliche Gewalt	Homosexuellenfeindliche Gewalt||Antihomosexuelle Gewalt||Anti-Homosexuelle-Gewalt||Gewalt gegen Homosexuelle||Gewalt gegen schwulen Männern||Gewalt gegen schwulen Personen||Gay Bashing	Verhalten, bei dem körperliche Gewalt angewendet wird, um schwule Männer aufgrund ihrer Identität zu verletzen oder zu töten.	
homoit0001893	Diskriminierung von inter* Personen	Antiinter* Diskriminierung||Anti-intersex* Diskriminierung||Antiintersex* Diskriminierung||Anti-inter* Diskriminierung	Die ungerechte oder vorurteilsbehaftete Behandlung von inter* Menschen aufgrund der Tatsache, dass sie inter* sind; kann die Verweigerung von gesetzlichen Rechten, Beschäftigung und Wohnraum beinhalten.	
homoit0001770	Gewalt gegen inter* Personen	Antiinter* Diskriminierung||Anti-intersex* Diskriminierung||Antiintersex* Diskriminierung||Anti-inter* Diskriminierung	Verhalten, das körperliche Gewalt beinhaltet und darauf abzielt, inter* Menschen zu schädigen oder zu töten, weil sie inter* sind.	
homoit0003140	Diskriminierung von Personen mit Kinks	Anti-Kink Diskriminierung	Die ungerechte oder vorurteilsbehaftete Behandlung von Einzelpersonen oder Gemeinschaften aufgrund ihrer Kinks und/oder kinky Sexualpraktiken; kann eine nachteilige gerichtliche Verurteilung und/oder die Verweigerung von Rechtsansprüchen, Beschäftigung und Wohnraum beinhalten.	
homoit0000057	Lesbenfeindliche Diskriminierung	Anti-lesbische Diskriminierung||Diskriminierung von Lesben||Diskriminierung von lesbischen Frauen||Diskriminierung von lesbischen Personen	Die ungerechte oder vorurteilsbehaftete Behandlung von Lesben aufgrund ihrer sexuellen Identität; kann die Verweigerung von Rechtsansprüchen, Beschäftigung und Wohnraum beinhalten.	
homoit0000058	Lesbenfeindliche Gewalt	Anti-lesbische Gewalt||Gewalt gegen Lesben||Gewalt gegen lesbische Frauen||Gewalt gegen lesbische Personen	Verhaltensweisen, die körperliche Gewalt beinhalten und darauf abzielen, Lesben aufgrund ihrer Identität zu verletzen oder zu töten.	
homoit0000059	Gewalt gegen LGBTQ+-Personen	Anti-LGBTQ+ Gewalt	Verhalten, das körperliche Gewalt beinhaltet und darauf abzielt, LQBTQ+-Menschen aufgrund ihrer Identität zu schädigen oder zu töten.	
homoit0000060	Queerfeindliche Diskriminierung	Anti-queere Diskriminierung||Antiqueere Diskriminierung||Diskriminierung von queeren Personen	Die ungerechte oder vorurteilsbehaftete Behandlung von queeren Menschen aufgrund ihrer Identität; kann die Verweigerung von gesetzlichen Rechten, Beschäftigung und Wohnraum beinhalten.	
homoit0000061	Queerfeindliche Gewalt	Anti-queere Gewalt||Antiqueere Gewalt||Gewalt gegen queere Personen	Verhalten, das körperliche Gewalt beinhaltet und darauf abzielt, queere Menschen aufgrund ihrer Identität zu verletzen oder zu töten.	
homoit0002269	Antirassismus	AntiRa||Antira	Sammelbegriff für eine Reihe von Ideen, Maßnahmen und politischen Aktionen, die darauf abzielen, Rassismus und rassistische Unterdrückung (ob persönlich oder systemisch) aktiv in Frage zu stellen, abzulehnen oder zu bekämpfen und sich für die Gleichstellung aller Races einzusetzen. Hinweis: Der englische Begriff «Race» ist nicht mit dem deutschen Begriff «Rasse» gleichzusetzen, da sie in zwei unterschiedlichen Diskursen stehen. Oft wird deshalb im Deutschen ebenfalls Race verwendet.	
homoit0003141	Anti-Sadomasochismus		Ablehnung verschiedener Praktiken oder Fantasien, die Sadomasochismus oder Machtaustausch beinhalten.	
homoit0000062	Transfeindliche Diskriminierung	Antitrans Diskriminierung||Anti-trans Diskriminierung||Diskriminierung von trans Personen	Die ungerechte oder vorurteilsbehaftete Behandlung von trans Personen (oder anderen Personen, die als abweichend von der Geschlechternorm wahrgenommen werden) aufgrund ihrer Geschlechtsidentität und/oder ihres Geschlechtsausdrucks; dies kann die Verweigerung von gesetzlichen Rechten, Beschäftigung und Wohnraum beinhalten.	
homoit0003499	Transfeindliche Gesetze	Anti-trans-Gesetzgebung||Transfeindliche Gesetzgebung	Bemühungen, Gesetze vorzuschlagen, zu erlassen, zu ändern oder aufzuheben, um die gesetzlichen Rechte von trans Personen einzuschränken. Dazu gehören Gesetze, die den Zugang zu geschlechtsangleichender Gesundheitsfürsorge, die Teilnahme an Sportveranstaltungen, Verwaltungs- und Gerichtsverfahren wie die Eintragung von Geschlecht und Namen sowie Maßnahmen, die sich auf die medizinische Behandlung, Bildung und mentale Gesundheitsfürsorge von Transgender-Jugendlichen auswirken, betreffen.	
homoit0000063	Transfeindliche Gewalt	Anti-trans-Gewalt	Verhalten, das körperliche Gewalt einschließt und darauf abzielt, trans Personen aufgrund ihrer Identität zu verletzen oder zu töten.	
homoit0001885	Anti-Two-Spirit-Diskriminierung	Two-Spirit-feindliche Diskriminierung||2S-feindliche Diskriminierung	Die ungerechte oder voreingenommene Behandlung von Two-Spirit-Personen aufgrund ihrer Identität; kann die Verweigerung von gesetzlichen Rechten, Arbeitsplätzen und Wohnraum mit einschließen.	
homoit0001769	Anti-Two-Spirit-Gewalt	Two-Spirit-feindliche Gewalt||2S-feindliche Diskriminierung	Verhalten, das körperliche Gewalt einschließt und darauf abzielt,Two-Spirit Personen aufgrund ihrer Identität zu verletzen oder zu töten.	
homoit0000064	Aphallie	Penisagenesie	Menschen mit Aphallie haben XY-Chromosomen, Hoden und werden ohne Penis geboren. Sie produzieren die üblichen Mengen an Testosteron und entwickeln sekundäre Geschlechtsmerkmale, die mit einer typischen Testosteron-Pubertät in der Jugend assoziiert sind.	
homoit0002580	Aneignung indigenener Identität		Eine Form der kulturellen Aneignung und Ethnie, bei der falsche Ansprüche auf Staatsbürgerschaft, Zugehörigkeit und/oder Abstammung von indigenen Völkern in Nordamerika erhoben werden. Nicht zu verwechseln mit Nachkommen, die nicht mehr mit ihren Vorfahren verbunden sind, oder Nachkommen, die wieder Verbindung zu ihren Vorfahren suchen.	
homoit0002582	Aneignung marginalisierter Identitäten		Die falsche Behauptung, einer marginalisierten Gruppe anzugehören (u. a. Behinderung, Ethnie, Hautfarbe und Sexualität).	
homoit0002581	Aneignung von Two-Spirit-Identität		Eine Form der kulturellen Aneignung, die die Identifizierung mit der Two-Spirit-Identität von Personen umfasst, die keine Staatsbürgerschaft, Zugehörigkeit und/oder Abstammung von indigenen Völkern in Nordamerika vorweisen können.	
homoit0003391	Arabisch-amerikanische aromantische Personen	Aromantische arabisch-amerikanische Personen	Aromantische Personen, die von arabischen Völkern abstammen und in den Vereinigten Staaten geboren wurden, oder aromantische Personen, die in arabischen Ländern geboren wurden und in den Vereinigten Staaten leben oder eine starke Verbindung zu diesen haben. Nicht zu verwechseln mit muslimischen Menschen.	
homoit0003389	Arabisch-amerikanische asexuelle Personen	Asexuelle arabisch-amerikanische Personen	Asexuelle Personen, die von arabischen Völkern abstammen und in den Vereinigten Staaten geboren wurden, oder asexuelle Personen, die in arabischen Ländern geboren wurden und in den Vereinigten Staaten leben oder eine starke Verbindung zu diesen haben. Nicht zu verwechseln mit muslimischen Menschen.	
homoit0003385	Arabisch-amerikanische bisexuelle Personen	Bisexuelle arabisch-amerikanische Personen	Bisexuelle Personen, die von arabischen Völkern abstammen und in den Vereinigten Staaten geboren wurden, oder bisexuelle Personen, die in arabischen Ländern geboren wurden und in den Vereinigten Staaten leben oder eine starke Verbindung zu diesen haben. Nicht zu verwechseln mit muslimischen Menschen.	
homoit0003384	Arabisch-amerikanische schwule Männer	Schwule arabisch-amerikanische Männer	Schwule Männer, die von arabischen Völkern abstammen und in den Vereinigten Staaten geboren wurden, oder schwule Männer, die in arabischen Ländern geboren wurden und in den Vereinigten Staaten leben oder eine starke Verbindung zu diesen haben. Nicht zu verwechseln mit muslimischen Menschen.	
homoit0003390	Arabisch-amerikanische inter* Personen	Inter* arabisch-amerikanische Personen	Inter* Personen, die von arabischen Völkern abstammen und in den Vereinigten Staaten geboren wurden, oder inter* Personen, die in arabischen Ländern geboren wurden und in den Vereinigten Staaten leben oder eine starke Verbindung zu diesen haben. Nicht zu verwechseln mit muslimischen Menschen.	
homoit0003383	Arabisch-amerikanische Lesben	Lesbische arabisch-amerikanische Personen	Lesben, die von arabischen Völkern abstammen und in den Vereinigten Staaten geboren wurden, oder Lesben, die in arabischen Ländern geboren wurden und in den Vereinigten Staaten leben oder eine starke Verbindung zu diesen haben. Nicht zu verwechseln mit muslimischen Menschen.	
homoit0003382	Arabisch-amerikanische LGBTQ+-Personen	LGBTQ+-arabisch-amerikanische Personen	LGBTQ+-Personen, die von arabischen Völkern abstammen und in den Vereinigten Staaten geboren wurden, oder LGBTQ+-Personen, die in arabischen Ländern geboren wurden und in den Vereinigten Staaten leben oder eine starke Verbindung zu diesen haben. Nicht zu verwechseln mit muslimischen Menschen.	
homoit0003388	Arabisch-amerikanische nichtbinäre Personen	Nichtbinäre arabisch-amerikanische Personen||Non-binäire arabisch-amerikanische Personen	Nichtbinäre Personen, die von arabischen Völkern abstammen und in den Vereinigten Staaten geboren wurden, oder queere Personen, die in arabischen Ländern geboren wurden und in den Vereinigten Staaten leben oder eine starke Verbindung zu diesen haben. Nicht zu verwechseln mit muslimischen Menschen.	
homoit0003387	Arabisch-amerikanische queere Personen	Queere arabisch-amerikanische Personen	Queere Personen, die von arabischen Völkern abstammen und in den Vereinigten Staaten geboren wurden, oder queere Personen, die in arabischen Ländern geboren wurden und in den Vereinigten Staaten leben oder eine starke Verbindung zu diesen haben. Nicht zu verwechseln mit muslimischen Menschen.	
homoit0003386	Arabisch-amerikanische trans Personen	Trans arabisch-amerikanische Personen	Trans Personen, die von arabischen Völkern abstammen und in den Vereinigten Staaten geboren wurden, oder trans Personen, die in arabischen Ländern geboren wurden und in den Vereinigten Staaten leben oder eine starke Verbindung zu diesen haben. Nicht zu verwechseln mit muslimischen Menschen.	
homoit0003392	Arabische aromantische Personen	Aromantische arabische Personen||Aromantische Araber:innen	Aromantische Personen, die aus arabischen Ländern kommen und/oder von arabischen Völkern abstammen. Nicht mit muslimischen Menschen gleichsetzen.	
homoit0002015	Arabische asexuelle Personen	Asexuelle arabische Personen||Asexuelle Araber:innen	Asexuelle Personen, die aus arabischen Ländern kommen und/oder von arabischen Völkern abstammen. Nicht mit muslimischen Menschen gleichsetzen.	
homoit0002012	Arabische bisexuelle Personen	Bisexuelle Arabische Personen||Bisexuelle Araber:innen	Bisexuelle Personen, die aus arabischen Ländern kommen und/oder von arabischen Völkern abstammen. Nicht mit muslimischen Menschen gleichsetzen.	
homoit0002011	Arabische schwule Männer	Schwule arabische Männer||Schwule Araber||Arabische schwule Männer	Schwule Männer, die aus arabischen Ländern kommen und/oder von arabischen Völkern abstammen. Nicht mit muslimischen Menschen gleichsetzen.	
homoit0002016	Arabische inter* Personen	Inter* arabische Personen||Inter* Araber:innen	Inter* Personen, die aus arabischen Ländern kommen und/oder von arabischen Völkern abstammen. Nicht mit muslimischen Menschen gleichsetzen.	
homoit0002010	Arabische Lesben	Lesbische Araber:innen	Lesben, die aus arabischen Ländern kommen und/oder von arabischen Völkern abstammen. Nicht mit muslimischen Menschen gleichsetzen.	
homoit0002009	Arabische LGBTQ+-Personen	LGBTQ+-arabische Personen	LGBTQ+-Personen, die aus arabischen Ländern kommen und/oder von arabischen Völkern abstammen. Nicht mit muslimischen Menschen gleichsetzen.	
homoit0003277	Arabische nichtbinäre Personen	Nicht-binäre arabische Personen||Nicht-binäre arabische Personen	Arabische nichtbinäre Personen, die aus arabischen Ländern kommen und/oder von arabischen Völkern abstammen. Nicht mit muslimischen Menschen gleichsetzen.	
homoit0002014	Arabische queere Personen	Queere arabische Personen	Queere Personen, die aus arabischen Ländern kommen und/oder von arabischen Völkern abstammen. Nicht mit muslimischen Menschen gleichsetzen.	
homoit0002013	Arabische trans Personen	Trans arabische Personen	Trans Personen, die aus arabischen Ländern kommen und/oder von arabischen Völkern abstammen. Nicht mit muslimischen Menschen	
homoit0000065	Aravani	Hijra||Aruvani||Jagappa	Indische Bezeichnung für Menschen, die sich als Frauen identifizieren, die in einem männlichen Körper gefangen sind; viele bevorzugen andere Bezeichnungen, z.B. Hijra oder Thirunangai.	
homoit0000033	ARC (AIDS-Related Complex)	AIDS-Related Complex||ARC	Abkürzung für AIDS-related complex, ein Begriff, der zu Beginn der AIDS-Epidemie verwendet wurde, um Menschen mit symptomatischen HIV-Infektionen zu beschreiben, bei denen AIDS noch nicht offiziell diagnostiziert wurde. Seit 2000 wird der Begriff im klinischen Bereich weitgehend nicht mehr verwendet.	
homoit0002533	Armenische asexuelle Personen	Asexuelle Armenier:innen||Asexuelle armenische Personen	Asexuelle Personen, die ethnisch gesehen armenisch sind.	
homoit0002529	Armenische bisexuelle Personen	Bisexuelle Armenier:innen||Bisexuelle armenische Personen	Bisexuelle Personen, die ethnisch gesehen armenisch sind.	
homoit0002527	Armenische schwule Männer	Schwule Armenier||Schwule armenische Personen	Schwule Männer, die ethnisch gesehen armenisch sind.	
homoit0002532	Armenische inter* Personen	Inter* Armenier:innen||Inter* armenische Personen	Inter* Personen, die ethnisch gesehen armenisch sind.	
homoit0002528	Armenische Lesben	Lesbische Armenier:innen||Lesbische armenische Personen	Lesben, die ethnisch gesehen armenisch sind.	
homoit0002526	Armenische LGBTQ+-Personen	LGBTQ+-Armenier:innen||LGBTQ+-armenische Personen	LGBTQ+-Personen, die ethnisch gesehen armenisch sind.	
homoit0002530	Armenische queere Personen	Queere Armenier:innen||Queere armenische Personen	Queere Personen, die ethnisch gesehen armenisch sind.	
homoit0002531	Armenische trans Personen	Trans Armenier:innen||Transgender armenische Personen	Transgender Personen, die ethnisch gesehen armenisch sind.	
homoit0003137	Achselhöhle	Achsel||Axilla	Der hohle Bereich unter dem Oberarm, an dem die Schulter ansetzt, dafür bekannt, kitzlig und/oder sexuell stimulierend zu sein.	
homoit0003264	Aromantische Akademiker:innen	Aromantische Lehrer:innen||Aromantische Professor:innen||Aromantische Forscher:innen	Aromantische Forscher:innen und/oder Pädagog:innen, die in der höheren Bildung tätig sind.	
homoit0002603	Aromantische Kunst		Bezeichnung für verschiedene Formen der kreativen Tätigkeit, einschließlich visueller, materieller und darstellender Kunst, von aromantischen Künstler:innen oder über aromantische Themen und Gemeinschaften.	
homoit0001748	Aromantische Autor:innen	Aro Autor:innen||Aromantische Schriftsteller:innen	Aromantische Verfasser:innen von schriftlichen Werken.	
homoit0002999	Aromantische autistische Personen	Autistische aro Personen	Aromantische Personen, die autistisch sind.	
homoit0002463	Aromantische Autobiografien		Berichte über das Leben aromantischer Personen, die von diesen Personen geschrieben wurden. Für schriftliche Berichte über das Leben aromantischer Personen, die nicht von der betreffenden Person verfasst wurden, verwenden Sie „Aromantische Biographien“.	
homoit0002464	Aromantische Biografien		Schriftliche Berichte über das Leben von aromantischen Personen. Für schriftliche Berichte über das Leben aromantischer Menschen, die von den Betreffenden selbst verfasst wurden, ist der Begriff „Aromantische Autobiografien“ zu verwenden.	
homoit0003009	Aromantische blinde Personen	Blinde aromantische Personen	Aromantische Personen mit erheblichem oder vollständigem Sehverlust.	
homoit0003496	Aromantische Kinderliteratur		Literarische Werke, die für ein Publikum von Leser:innen bis zu 12 Jahren geschrieben wurden, auch bekannt als Kinderliteratur oder Jugendliteratur. Verwendung in Bezug auf Kinder-/Jugendliteratur, die sich auf aromantische Figuren oder Themen konzentriert.	
homoit0003033	Aromantische Hochschulstudierende		Aromantische Personen, die eine Hochschule besuchen. Achtung: Das US-amerikanische College entspricht nicht exakt der Hochschule im deutschen Sprachraum, wird aber häufig als Hochschule übersetzt.	
homoit0002400	Aromantische Comics		Werke, die aus sequentiellen Bildern bestehen, die oft von Text begleitet werden; Verwendung in Bezug auf Comics, die sich auf aromantische Charaktere oder Themen konzentrieren.	
homoit0003019	Aromantische gehörlöse Personen	Gehörlose aromantische Personen||Taube aromantische PersonenAromantische||Taube Personen	Aromantische Personen mit signifikantem oder vollständigem Hörverlust, die sich als gehörlos/nicht gehörlos, taub/nicht taub oder Deaf/nicht Deaf betrachten können.	
homoit0002995	Aromantische Personen mit Behinderung	Behinderte aromantische Personen	Aromantische Personen mit Behinderung.	
homoit0002452	Aromantisches Drama		Werke der Belletristik, die für die Aufführung geschrieben wurden; Verwendung in Bezug auf dramatische Werke, die sich auf aromantische Charakteren oder Themen fokussieren.	
homoit0002613	Aromantische erotische Kunst		Erotische Kunst von aromantischen Künstler:innen, die aromantische Personen darstellen oder als wichtig innerhalb der aromantischen Kultur angesehen werden.	
homoit0002552	Aromantische erotische Filme	Aromantische Erotikfilme||Erotische aromantische Filme	Erotikfilme oder -videos, die von aromantischen Regisseur:innen erstellt wurden, aromantische Menschen darstellen oder die in der aromantischen Kultur als wichtig angesehen werden.	
homoit0002451	Aromantische erotische Literatur	Aromantische erotische Bücher||Aromantische Erotikbücher	Literarische Werke mit erotischen oder sexuellen Elementen; Verwendung in Bezug auf erotische Literatur mit Schwerpunkt auf aromantischen Charakteren oder Themen.	
homoit0001757	Aromantische Familien	Aro-Familien	Familien, ob biologische, Adoptiv- oder Wahlfamilien, in denen sich eine oder mehrere Personen als aromantisch identifizieren.	
homoit0002418	Aromantische Fantasyliteratur		Genre, das Magie und andere übernatürliche Phänomene als Hauptelement der Handlung, des Themas und/oder des Schauplatzes verwendet; Verwendung für Fantasy-Fiction mit Schwerpunkt auf aromantischen Charakteren oder Themen.	
homoit0001753	Aromantische Fiction	Aromantische Fiction||Aro-Fiction	Werke, die imaginäre Ereignisse oder Personen beschreiben; Verwendung in Bezug auf fiktionale Werke, die sich auf aromantische Charaktere oder Themen konzentrieren.	
homoit0002562	Aromantische Filme		Filme oder Videos, die von aromantischen Regisseur:innen geschaffen wurden, in denen aromantische Menschen dargestellt werden oder die in der aromantischen Kultur als wichtig angesehen werden.	
homoit0002423	Aromantische Graphic Novels	Aromantische Comics	Werke, die aus aufeinanderfolgenden Bildern bestehen, oft begleitet von Text, der im Allgemeinen eigenständige Geschichten enthält; wird in Bezug auf Graphic Novels verwendet, die sich auf aromantische Charaktere oder Themen konzentrieren.	
homoit0002462	Aromantische Geschichte		Vergangene Ereignisse oder Berichte aus der Vergangenheit, die aromantische Menschen betreffen, oder Menschen, die als aromantisch wahrgenommen werden könnten, wenn sie heute leben würden.	
homoit0002427	Aromantische Horror-Fiction		Fiktionale Werke, die erschrecken, ängstigen oder abstoßen sollen; Verwendung in Bezug auf Horror-Fiction, die sich auf aromantische Charaktere oder Themen konzentriert.	
homoit0002466	Aromantische Literaturkritik		Studium, Bewertung und Interpretation literarischer Werke mit Schwerpunkt auf aromantischen Charakteren oder Themen; kann auch die Interpretation von Literatur durch die Linse und den Rahmen aromantischer Studien umfassen.	
homoit0002449	Aromantische Literatur		Geschriebene literarische Werke über Aromantik, aromantische Charaktere oder aromantische Themen.	
homoit0002431	Aromantische Krimis und Detektivgeschichten	Aromantische Krimis und Detektivromane	Geschriebene literarische Werke über die Aufklärung von Verbrechen oder die Arbeit von Detektiv:innen; Verwendung in Bezug auf Mystery- und Detektivromane mit Schwerpunkt auf aromantischen Charakteren und Themen.	
homoit0003003	Aromantische neurodivergente Personen	Neurodivergente aromantische Personen	Aromantische Menschen, deren Gehirn anders verarbeitet, lernt und/oder sich anders verhält als gesellschaftlich üblich. Einige dieser neurologischen Unterschiede können sich in Lernschwierigkeiten, medizinischen Störungen und anderen Erkrankungen äussern.	
homoit0003438	Aromantische Maler:innen		Aromantische Personen, die beruflich oder als Hobby malen.	
homoit0001761	Aromantische Eltern	Aro-Eltern	Eltern, die aromantisch sind.	
homoit0000067	Aromantische Personen		Personen, die im Allgemeinen keine romantische Anziehung oder Begierde verspüren.	
homoit0002145	Aromantische Personen im Fandom	Aromantische Personen im Fantum	Die Teilnahme und Einbeziehung aromantischer Menschen in Fan-Communitys.	
homoit0003024	Aromantische Personen mit chronischen Krankheiten	Chronisch kranke aromantische Personen	Aromantische Menschen mit langfristigen gesundheitlichen Problemen, die eine kontinuierliche medizinische Betreuung erfordern und/oder das tägliche Leben erheblich beeinträchtigen oder einschränken; einige, aber nicht alle Menschen mit chronischen Krankheiten betrachten sich als behindert.	
homoit0003455	Aromantische Fotograf:innen	Aromantische Fotografierende	Aromantische Personen, die beruflich oder als Hobby fotografieren.	
homoit0002401	Aromantische Dichtung	Aromantische Lyrik||Aromantische Poesie	Literarisches Werk, in der Regel in Versen geschrieben, das sich mit aromantischen Charakteren, Themen oder aromantischer Identität beschäftigt.	
homoit0002557	Aromantische Pornofilme	Aromantische Pornos	Sexuell explizite Filme aromantischen Personen..	
homoit0002434	Aromantische Liebesromane		Werke der Belletristik, die sich um romantische und/oder sexuelle Beziehungen zwischen den Hauptfiguren drehen; Verwendung in Bezug auf Liebesromane, die sich auf aromantische Figuren konzentrieren.	
homoit0002439	Aromantische Science-Fiction	Aromantische Science Fiction	Werk über phantasievolle oder futuristische Konzepte, die Wissenschaft, Technologie, Raumfahrt, Zeitreisen und andere spekulative Elemente beinhalten; Verwendung in Bezug auf Science Fiction mit einem Schwerpunkt auf aromatischen Charakteren oder Themen.	
homoit0002442	Aromantische Kurzgeschichten		Schriftliche literarische Werke, die kurz sind und eine in sich abgeschlossene Begebenheit oder ein Konzept beschreiben; Verwendung in Bezug auf Kurzgeschichten, die sich auf aromatische Charaktere oder Themen konzentrieren.	
homoit0003203	Aromantische Solidarität		Ein Gefühl der Gemeinschaft und der allgemeinen Einigkeit in Bezug auf Ziele, politische Interessen und/oder gemeinschaftliche Sympathien, die auf gemeinsamen Erfahrungen als aromatische Personen beruhen.	
homoit0003248	Aromantische Lehrer:innen	Aromantische Lehrerinnen||Aromantische Lehrer||Aromantische Lehrkräfte	Lehrer:innen, die sich selbst als aromatisch bezeichnen.	
homoit0002453	Aromantisches Theater		Werke der darstellenden Kunst, die sich mit aromatischen Charakteren, Gemeinschaften oder Themen befassen.	
homoit0003356	Aromantische Unitarier:innen	Aromantische Unitarische Universalist:innen	Aromatische Personen, die Mitglied der Unitarian Universalist Church sind.	
homoit0003186	Aromantische Urban Fantasy	Aromantische Urban-Fantasy-Romane	Ein Subgenre der Fantasy, in dem Magie und übernatürliche Kreaturen in zeitgenössischen urbanen Umgebungen vorkommen; für Urban Fantasy verwenden, die sich auf demisexuelle Charaktere oder Themen konzentriert.	
homoit0003216	Aromantische Webseiten		Öffentliche Webseiten, die sich in erster Linie mit aromatischen Gemeinschaften und Themen befassen, sowie Webseiten, die für die Nutzung durch aromatische Menschen bestimmt sind.	
homoit0003030	Aromantische Rollstuhlfahrer:innen		Aromantische Menschen, die einen Rollstuhl nutzen.	
homoit0002460	Aromantische Jugendliche	Aromantische Teenager:innen	Aromatische Menschen im Alter zwischen Kindheit und Erwachsensein.	
homoit0002461	Aromantische Jugendliteratur		Literarische Werke, die für eine Leserschaft im Alter von 12 bis 18 Jahren geschrieben werden, auch bekannt als YA (Young Adult); verwenden in Bezug auf Jugendliteratur, die sich auf aromantische Charakteren oder Themen konzentriert.	
homoit0003469	Aromantische jugendliche Überlebende von Mobbing		Aromatische Jugendliche im Alter von 12 bis 18 Jahren, die Mobbing aufgrund ihrer sexuellen Identität erlebt und überlebt haben. Folgen Sie der individuellen Vorliebe für „Opfer“ oder „Überlebende“, wann immer dies möglich ist.	
homoit0003483	Aromantische jugendliche Mobbingopfer	Aromantische jugendliche Opfer von Mobbing	Aromatische Jugendliche im Alter von 12 bis 18 Jahren, die aufgrund ihrer sexuellen Identität Mobbing erfahren und überlebt haben oder auch nicht. Folgen Sie der individuellen Vorliebe für „Opfer“ oder „Überlebende“, wann immer dies möglich ist.	
homoit0003150	Aromantisches Zines		Unabhängige Publikationen mit geringer Auflage, die in der Regel mit einem Fotokopierer vervielfältigt werden; wird für Zines (von englisch magazine) verwendet, die von aromantischen Menschen erstellt werden und/oder sich mit aromantischer Identität, Themen oder Kultur befassen.	
homoit0001644	Aromantik	aromantisch||aro	Eine romantische Orientierung, die im Allgemeinen durch wenig oder keine romantische Anziehung gekennzeichnet ist.	
homoit0002822	Aromatase-Mangel		Menschen mit Aromatase-Mangel verfügen nicht über das Enzym, das für die Umwandlung von Androgenen in Östrogen verantwortlich ist. Bei der Geburt können Menschen mit Aromatase-Mangel und XX-Chromosomen eine größere Klitoris als üblich und teilweise oder vollständig verwachsene Schamlippen haben (was dem Aussehen eines Hodensacks ähnelt). In der Pubertät entwickeln sie möglicherweise keine Brüste, beginnen nicht zu menstruieren und können einige sekundäre Geschlechtsmerkmale entwickeln, die mit einer typischen Testosteron-Pubertät einhergehen. Sie können auch mehrere Zysten an ihren Eierstöcken entwickeln. Menschen mit XY-Chromosomen können ebenfalls einen Aromatase-Mangel haben, doch treten bei ihnen in der Regel keine Veränderungen der Geschlechtsmerkmale auf, obwohl sie größer werden können als typisch ist, da Östrogen normalerweise für das Schließen der Knochenwachstumsplatten verantwortlich ist.	
homoit0002823	Aromatase-Exzess-Syndrom	AEXS||Hyperöstrogenismus||Präpubertäre Gynäkomastie, hereditäre	Menschen mit Aromatase-Exzess-Syndrom haben eine erhöhte Produktion von Aromatase, die Androgene (wie Testosteron) in Östrogen umwandelt. Menschen mit XY-Chromosomen und Aromatase-Exzess-Syndrom haben daher mehr aktives Östrogen in ihrem Körper als typisch ist. Infolgedessen hören sie oft früher auf zu wachsen, und/oder entwickeln in der Jugend Brüste, zusammen mit Merkmalen, die mit einer typischen Testosteronpubertät verbunden sind. Menschen mit XX-Chromosomen können ebenfalls an einem Aromatase-Exzess-Syndrom leiden, doch führt dies in der Regel nicht dazu, dass ihre Geschlechtsmerkmale von dem abweichen, was für Menschen, die bei der Geburt als weiblich eingestuft wurden, als typisch gilt, obwohl auch bei ihnen Brustvergrößerung und Kleinwuchs sowie Menstruationsunregelmäßigkeiten auftreten können.	
homoit0000068	Festnahmen von LGBTQ+-Personen	Verhaftungen von LGPTQ+-Personen	Festnahme und Inhaftierung von LGBTQ+-Personen durch eine Institution oder Behörde, um ihnen ihre Bewegungsfreiheit zu entziehen.	
homoit0002617	Künstliche Besamung		Die Einführung von Sperma in die Gebärmutterhalsöffnung, die Gebärmutter oder den Eileiter mithilfe von Reproduktionstechnologie. Einige vermeiden diesen Begriff aufgrund der Implikationen des Wortes „künstlich“.	
homoit0003265	Asexuelle Akademiker:innen	Axexuelle akademische Personen||Ace Akademiker:innen	Asexuelle Forscher:innen und/oder Pädagog:innen, die im Hochschulbereich tätig sind.	
homoit0002758	Asexueller Aktivismus	Ace Aktivismus	Direktes Handeln und Organisieren, um politische oder gesellchaftliche Veränderungen und die Akzeptanz von Asexualität zu erreichen..	
homoit0002759	Axexuelle Archive	Ace Archive	Sammlungen von Aufzeichnungen und Materialien zu asexuellen Menschen oder asexuellen Gemeinschaften; können eine Vielzahl von Organisationen und Institutionen umfassen, von Communityarchiven bis hin zu staatlichen Archiven.	
homoit0002604	Axexuelle Kunst	Ace Kunst	Begriff für verschiedene Formen kreativer Tätigkeit, darunter visuelle, materielle und darstellende Kunst, von asexuellen Künstlern oder zu asexuellen Themen und Communitys.	
homoit0002760	Asexuelle Künstler:innen	Ace Künstler:innen	Asexuelle Personen, die eine von vielen kreativen Künsten ausüben.	
homoit0002979	Asexuelle Atheist:innen	Ace Atheist:innen	Asexuelle Personen, die atheistisch sind.	
homoit0002761	Asexuelle Sportler:innen	Asexuelle Athlet:innen||Ace Sportler:innen	Profi- oder Freizeitsportler:innen, die sich selbst als asexuell bezeichnen.	
homoit0001747	Asexuelle Autor:innen	Ace Autor:innen||Asexuelle Schriftsteller:innen||Ace Schriftsteller:innen	Asexuelle Verfasser:innen von schriftlichen Werken.	
homoit0002675	Asexuelle autistische Personen	Ace autistische Personen||Autistische ace Personen	Asexuelle Personen, die autistisch sind.	
homoit0002480	Asexuelle Autobiografien	Ace Autobiografien	Berichte über das Leben asexueller Personen, die von diesen Personen geschrieben wurden. Für schriftliche Berichte über das Leben asexueller Personen, die nicht von der betreffenden Person verfasst wurden, verwenden Sie „Asexuelle Biographien“.	
homoit0002481	Asexuelle Biografien	Ace Biografien	Schriftliche Berichte über das Leben von asexuellen Personen. Für schriftliche Berichte über das Leben asexueller Menschen, die von den Betreffenden selbst verfasst wurden, ist der Begriff „Asexuelle Autobiografien“ zu verwenden.	
homoit0002783	Asexuelle blinde Personen	Blinde asexuelle Personen||Blinde ace Personen	Asexuelle Personen mit erheblichem oder vollständigem Sehverlust.	
homoit0002763	Asexuelle Buchhandlungen	Ace Buchhandlungen	Buchhandlungen, die Materialien verkaufen, die für asexuelle Personen bestimmt sind oder sich mit Themen befassen, die mit asexuellen Erfahrungen zusammenhängen.	
homoit0002988	Asexuelle Buddhist:innen	Ace Buddhist:innen||Asexuelle buddhistische Personen||Buddhistische asexuelle Personen||Buddhistische ace Personen||Ace buddhistische Personen	Asexuelle Personen, die buddhistisch sind.	
homoit0002770	Asexuelle Charaktere	Ace Charaktere	Charaktere in künstlerischen Werken, die asexuell sind.	
homoit0002771	Asexuelle Chefköch:innen	Ace Chefköch:innen||Asexuelle Chefköche||Ace Chefköche||Ace Chefköchinnen||Asexuelle Chefköchinnen	Asexuelle Personen, die ausgebildete, professionelle Köch:innen sind und in der Regel eine Führungsrolle in ihrer Küche innehaben.	
homoit0002772	Asexuelle Kinder	Ace Kinder	Asexuelle Personen, die die Volljährigkeit noch nicht erreicht haben.	
homoit0003495	Asexuelle Kinderliteratur	Ace Kinderliteratur	Literarische Werke, die für Leser:innen bis zu 12 Jahren geschrieben wurden, auch bekannt als Kinderliteratur oder Jugendliteratur. Verwendung in Bezug auf Kinder-/Jugendliteratur, die sich auf asexuelle Figuren oder Themen konzentriert.	
homoit0002980	Asexuelle Christ:innen	Ace Christ:innen||Asexuelle christliche Personen||Christliche asexuelle Personen||Christliche ace Personen	Asexuelle Personen, die christlich sind.	
homoit0002981	Asexuelle Geistliche	Ace Geistliche	Asexuelle Personen, die für religiöse Aufgaben ordiniert sind, insbesondere in der christlichen Kirche.	
homoit0003034	Asexuelle Hochschulstudiernde	Ace Hochschulstudierende||Ace Hochschulstudent:innen||Asexuelle Hochschulstudent:innen	Asexuelle Personen, die eine Hochschule besuchen. Achtung: Das US-amerikanische College entspricht nicht exakt der Hochschule im deutschen Sprachraum, wird aber häufig als Hochschule übersetzt.	
homoit0002708	Asexuelle Komiker:innen	Asexuelle Comedians||Ace Komiker:innen||Ace Comedians||Asexuelle Komiker||Asexuelle Komikerinnen||Ace Komiker||Ace Komikerinnen	Asexuelle Personen, die ihr Publikum durch Witze, Slapstick, Requisiten oder andere unterhaltsame Mittel zum Lachen bringen wollen.	
homoit0002404	Asexuelle Comics	Ace Comics||Ace-Comics||Asexuellen-Comics	Werke, die aus sequentiellen Bildern bestehen, die oft von Text begleitet werden; Verwendung in Bezug auf Comics, die sich auf asexuelle Charaktere oder Themen konzentrieren.	
homoit0002773	Asexuelle Gemeinschaft	Ace Gemeinschaft	Gruppen von Personen, die die Erfahrung teilen, asexuell zu sein.	
homoit0002775	Asexuelle Gemeinschaftszentren	Ace Gemeinschatszentren	Räume, in denen sich Personen aus asexuellen Gemeinschaften zu sozialen, edukativen, freizeitlichen oder organisierten Aktivitäten treffen.	
homoit0002780	Asexuelle Paare	Ace Paare	Partnerschaften, in denen beide Personen asexuell sind.	
homoit0002788	Asexuelle Kultur	Ace Kultur	Kulturelle Erfahrungen, die von Mitgliedern asexueller Gemeinschaften geteilt werden, oder Produkte der asexuellen Kultur (z. B. Kunst und Medien, die von und für asexuelle Menschen geschaffen wurden, Aktivismus, der sich auf asexuelle Themen konzentriert, Slang, der in asexuellen Gemeinschaften häufig verwendet wird, usw.).	
homoit0002781	Asexuelle Töchter	Ace Töchter	Töchter, die sich als asexuell identifizieren.	
homoit0002784	Asexuelle gehörlose Personen	Gehörlose asexuelle Personen||Taube asexuelle Personen||Gehörlose ace Personen||Taube ace Personen||Asexuelle Taube Personen	Personen mit signifikantem oder vollständigem Hörverlust, die sich als gehörlos/nicht gehörlos, taub/nicht taub oder Deaf/nicht Deaf betrachten können.	
homoit0002782	Asexuelle Personen mit Behinderung	Behinderte asexuelle Personen||Ace Personen mit Behinderung||Behinderte ace Personen	Asexuelle Personen mit Behinderung.	
homoit0002991	Asexueller Dom	Asexueller Dominus||Asexuelle dominante Person||Ace Dominus||Ace Dom	Asexuelle Personen (in der Regel Männer), die Teil der BDSM-Szene sind und die dominante Rolle in sexuellen Beziehungen mit einer Master/Slave-Dynamik übernehmen.	
homoit0002990	Asexuelle Domina	Ace Domina	Frauen, die eine dominante Rolle in BDSM-Aktivitäten übernehmen; Verwendung für Dominas, die sich als asexuell identifizieren.	
homoit0002468	Asexuelles Drama	Asexuelles Theaterstück||Asexuelles Bühnenstück||Ace Drama||Ace Bühnenstück||Ace Theaterstück	Belletristische Werke, die für die Aufführung geschrieben wurden; Verwednung in Bezug auf dramatische Werke, die sich auf asexuelle Charaktere oder Themen konzentrieren.	
homoit0002791	Asexuelles Beschäftigungsverhältnis	Ace Beschäftigungsverhältnis	Beschäftigung oder Anstellung von asexuellen Personen	
homoit0002614	Asexuelle erotische Kunst	Erotische ace Kunst	Erotische Kunst von asexuellen Künstler:innen, die asexuelle Personen darstellen oder als wichtig innerhalb der asexuellen Kultur angesehen werden.	
homoit0002553	Asexuelle erotische Filme	Erotische ace Filme||Asexuelle Erotikfilme||Ace Erotikfiilme	Erotische Filme von asexuellen Künstler:innen, die asexuelle Personen darstellen oder als wichtig innerhalb der asexuellen Kultur angesehen werden.	
homoit0002413	Asexuelle erotische Literatur	Erotische ace Literatur||Erotische asexuelle Literatur	Literarische Werke, die erotische oder sexuelle Elemente beinhalten; Verwendung in Bezug auf erotische Literatur, die sich auf asexuelle Charaktere oder Themen fokussiert.	
homoit0001758	Asexuelle Familien	Ace Familien	Biologische, Adoptiv- oder Wahlfamilien, in denen sich eine oder mehrere Personen als asexuell identifizieren.	
homoit0002417	Asexuelle Fantasyliteratur	Ace Fantasyliteratur	Genre, das Magie und andere übernatürliche Phänomene als primäres Element der Handlung, des Themas und/oder des Schauplatzes verwendet; Verwendung für Fantasyliteratur, die sich auf asexuelle Figuren oder Themen konzentriert.	
homoit0002792	Asexuelle Väter	Ace Väter	Asexuelle Personen, die Väter sind.	
homoit0001754	Asexuelle Fiction	Ace Fiction||Ace Literatur||Asexuelle Fiktion||Ace Fiktion||Ace Belletristik||Asexuelle Belletristik	Werke, in denen imaginäre Ereignisse oder Personen beschrieben werden; Verwendung in Bezug auf fiktionale Werke, die sich auf asexuelle Charaktere oder Themen konzentrieren.	
homoit0002563	Asexuelle Filme	Ace Filme	Filme, die von asexuellen Regisseur:innen geschaffen wurden, in denen asexuelle Menschen dargestellt werden oder die in der asexuellen Kultur als wichtig angesehen werden.	
homoit0002421	Asexuelle Graphic Novels	Asexuelle Comics||Ace Graphic Novels||Ace Comics	Werke, die aus sequentiellen Bildern bestehen, die oft von Text begleitet werden und im Allgemeinen eigenständige Geschichten enthalten; wird in Bezug auf Graphic Novels verwendet, die sich auf asexuelle Figuren oder Themen konzentrieren.	
homoit0002267	Asexuelle Geschichte	Ace Geschichte	Vergangene Ereignisse oder Berichte aus der Vergangenheit, die asexuelle Menschen betreffen, oder Menschen, die als asexuell wahrgenommen werden könnten, wenn sie heute leben würden.	
homoit0002473	Asexuelle Horror-Fiction	Ace Horror-Fiction	Fiktionale Werke, die erschrecken, ängstigen oder abstoßen sollen; Verwendung in Bezug auf fiktionale Werke, die sich auf asexuelle Charaktere oder Themen konzentrieren.	
homoit0002793	Asexuelle Informationszentren	Informationszentren für Asexuelle||Anlaufstellen für Asexuelle||Ace Infocenter||Informationszentren für Asexualität||Anlaufstellen für Asexualität||Infocenter für Asexualität	Einrichtungen, die asexuellen Menschen Bildung, Unterstützung und Informationen über asexuelle Themen und asexuelle Gemeinschaften bieten.	
homoit0002794	Asexuelle Bibliotheken	Bibliotheken für Asexuelle||Ace Bibliotheken	Bibliotheken, die in erster Linie Materialien zu asexuellen Personen und Themen oder für die Nutzung durch asexuelle Personen bereithalten.	
homoit0002483	Asexuelle Literaturkritik	Ace Literaturkritik	Das Studium, die Bewertung und die Interpretation literarischer Werke, die sich mit asexuellen Charakteren oder Themen befassen; kann auch die Interpretation von Literatur durch die Linse und den Rahmen der asexuellen Studien beinhalten.	
homoit0002467	Asexuelle Literatur	Ace Literatur	Schriftliche literarische Werke über Asexualität, asexuelle Figuren oder asexuelle Themen.	
homoit0002992	Asexuelle Mistresses	Ace Mistresses	Asexuelle Frauen, die Teil der BDSM-Szene sind und in sexuellen Beziehungen mit einer Mistress/Sklavin-Dynamik die Rolle der Herrin übernehmen.	
homoit0002795	Asexuelle Mütter	Ace Mütter	Asexuelle Personen, die Mütter sind.	
homoit0002796	Asexuelle Bewegung	Ace Bewegung||Asexuellenbewegung	Sammelbegriff für Aktivismus, der sich auf die Rechte asexueller Menschen und die Probleme asexueller Gemeinschaften konzentriert.	
homoit0002799	Asexuelle Museen	Ace Museen	Einrichtungen, die sich der Aufbewahrung, Ausstellung, Konservierung und Erhaltung von Materialien über asexuelle Menschen und die asexuelle Geschichte widmen.	
homoit0003164	Asexuelle Musicals	Ace Musicals	Musicals, die von asexuellen Regisseur:innen geschaffen wurden, in denen asexuelle Personen dargestellt werden oder die in der asexuellen Kultur als wichtig angesehen werden.	
homoit0002982	Asexuelle Muslim:innen	Muslimische Asexuelle||Ace Muslim:innen||Asexuelle Muslim:innen||Asexuelle Personen muslimischen Glaubens||Ace Personen muslimischen Glaubens	Asexuelle Personen, die muslimischen Glaubens sind.	
homoit0002429	Asexuelle Krimis und Detektivgeschichten	Asexuelle Krimis und Detektivromane||Ace Krimis und Detektivromane	Geschriebene literarische Werke über die Aufklärung von Verbrechen oder die Arbeit von Detektiv:innen; Verwendung in Bezug auf Mystery- und Detektivromane mit Schwerpunkt auf asexuelle Charakteren und Themen.	
homoit0002664	Asexuelle neurodivergente Personen	Neurodivergente asexuelle Personen||Neurodivergente ace Personen||Ace neurodivergente Personen	Asexuelle Menschen, deren Gehirn anders verarbeitet, lernt und/oder sich anders verhält als gesellschaftlich üblich. Einige dieser neurologischen Unterschiede können sich in Lernschwierigkeiten, medizinischen Störungen und anderen Erkrankungen äussern.	
homoit0002797	Asexuelle Newsletter	Ace Newsletter	Regelmässig erscheinende gedruckte oder digitale Publikationen, die von oder für asexuelle Menschen erstellt werden, oft mit dem Ziel, Nachrichten und Informationen über asexuelle Gemeinschaften und asexuelle Themen zu verbreiten.	
homoit0002798	Asexuelle Zeitungen	Ace Zeitungen	Fortlaufende gedruckte oder digitale Zeitungen über asexuelle Menschen oder asexuelle Themen (die in der Regel von asexuellen Menschen oder asexuellen Organisationen herausgegeben werden), die Nachrichten, Artikel, Kolumnen, Korrespondenz und Anzeigen enthalten.	
homoit0002890	Asexuelle Opern	Ace Opern	Opern, die von asexuellen Regisseur:innen geschaffen wurden, asexuelle Personen darstellen oder die in der asexuellen Kultur als wichtig angesehen werden.	
homoit0002983	Axexuelle Heid:innen	Asexuelle Heiden||Asexuelle Heidinnen||Asexuelle heidnische Personen||Ace Heid:innen||Heidnische ace Personen	Asexuelle Menschen, die polytheistischen Religionen oder anderen Religionen ausserhalb der vorherrschenden Kultur angehören, die typischerweise die Naturverehrung und/oder das heilige Weibliche beinhalten, wie Wicca, Druidentum, Heidentum usw. Wird verwendet, um asexuelle Personen zu beschreiben, die sich selbst als heidnisch bezeichnen.	
homoit0003439	Asexuelle Maler:innen	Ace Maler:innen	Asexuelle Personen, die beruflich oder als Hobby malen.	
homoit0001762	Asexuelle Eltern	Ace Eltern	Eltern, die asexuell sind.	
homoit0002800	Asexuelle Partner:innen	Ace Partner:innen	Asexuelle Menschen, die Liebes-, Sexual- oder Spielpartner:innen einer anderen Person oder mehrerer Personen sind.	
homoit0000071	Asexuelle Personen	Aces	Personen, die im Allgemeinen keine sexuelle Anziehung oder kein sexuelles Verlangen verspüren; wird nicht verwendet, um Personen zu beschreiben, die aus religiösen oder kulturellen Gründen Zölibat oder Abstinenz praktizieren.	
homoit0002146	Asexuelle Personen im Fandom	Asexuelle Personen im Fantum||Ace Personen im Fandom||Ace Personen im Fantum||Aces im Fandom||Aces im Fantum	Die Teilnahme und Einbeziehung asexueller Personen in Fan-Communitys.	
homoit0002801	Asexuelle Militärangehörige	Ace Militärangehörige||Ace Armeeangehörige||Asexuelle Armeeangehörige	Asexuelle Personen, die in Streitkräften dienen	
homoit0002037	Asexuelle Personen am Arbeitsplatz	Ace Personen am Arbeitsplatz||Aces am Arbeisplatz	Die Präsenz asexueller Menschen am Arbeitsplatz, einschließlich der Akzeptanz von und der Probleme mit asexuellen Arbeitnehmenden.	
homoit0002802	Asexuelle People of Color	Asexuelle Personen of Color||Asexuelle Menschen of Color||Asexuelle Menschen von Farbe||Asexuelle Personen von Farbe||Asexuelle PoC	Asexuelle Personen, die nicht weiß sind und sich als People of Color identifizieren.	
homoit0002786	Asexuelle Personen mit chronischen Krankheiten	Chronisch kranke asexuelle Personen	Asexuelle Menschen mit langfristigen gesundheitlichen Problemen, die eine kontinuierliche medizinische Betreuung erfordern und/oder das tägliche Leben erheblich beeinträchtigen oder einschränken; einige, aber nicht alle Menschen mit chronischen Krankheiten betrachten sich als behindert.	
homoit0003456	Asexuelle Fotograf:innen	Asexuelle Fotografierende||Ace Fotograf:innen	Asexuelle Personen, die beruflich oder als Hobby fotografieren.	
homoit0002405	Asexuelle Dichtung	Asexuelle Lyrik||Asexuelle Poesie||Ace Dichtung||Ace Lyrik||Ace Poesie	Literarisches Werk, in der Regel in Versen geschrieben, das sich mit asexuellen Charakteren, Themen oder asexueller Identität beschäftigt.	
homoit0002803	Asexuelle politische Aktivist:innen	Asexuelle politisch aktivistische Personen||Politisch akivistische Asexuelle||Ace politisch aktivistische Personen||Politisch aktivistische Aces	Asexuelle Personen, die sich durch öffentliche Organisation für politische oder soziale Veränderungen einsetzen.	
homoit0002816	Asexuelle Politiker:innen	Asexuelle Personen in öffentlichen Ämtern||Ace Politiker:innen	Asexuelle Personen, die für ein öffentliches Amt kandidieren, derzeit ein öffentliches Amt innehaben oder politische Positionen innehatten. Politiker:innen können durch öffentliche Wahlen gewählt oder anderweitig ernannt werden.	
homoit0002558	Asexuelle Pornofilme	Asexuelle Pornos||Asexuelle Sexfilme||Ace Pornos||Ace Sexfilme	Sexuell explizite Filme mit asexuellen Personen.	
homoit0002804	Asexuelle Presse	Asexuelle Medien||Ace Medien||Ace Presse	Zeitungen, Zeitschriften oder andere Publikationsorgane, die sich an ein asexuelles Publikum richten und/oder von asexuellen Personen betrieben werden.	
homoit0002984	Asexuelle Protestant:innen	Asexuelle Protestanten||Asexuelle Protestantinnen||Asexuelle protestantische Personen||Asexuelle evanglische Personen||Asexuelle Evangelische||Ace Protestanten||Ace Protestantinnen||Protestantische Aces||Evanglische Aces||Asexuelle Evangelische	Asexuelle Personen, die Mitglieder der protestantischen bzw. evangelischen Kirche sind.	
homoit0002805	Asexuelle Verlage	Asexuelle Verleger:innen||Ace Verleger:innen||Ace Verlage	Unternehmen und Organisationen, die Materialien für asexuelle Gemeinschaften veröffentlichen oder sich mit asexuellen Themen befassen.	
homoit0002806	Asexuelles Radio	Ace Radio	Im Radio ausgestrahlte hörbare Inhalte (analog oder digital) über asexuelle Personen und asexuelle Themen.	
homoit0002807	Asexuelle Beziehungen	Ace Beziehungen	Dauerhafte Beziehungen (romantisch, sexuell oder platonisch) zwischen zwei oder mehr asexuellen Personen.	
homoit0002808	Asexuelle Rechte	Ace Rechte	Rechtliche, soziale oder ethische Prinzipien der Freiheit oder des Anspruchs, die von asexuellen Personen vertreten werden.	
homoit0002986	Asexuelle Katholik:innen	Ace Katholik:innen||Asexuelle Katholikinnen||Asexuelle Katholiken||Asexuelle römisch-katholische Personen||Katholische asexuelle Personen	Asexuelle Personen, die Mitglieder der römisch-katholischen Kirche sind.	
homoit0002433	Asexuelle Liebesromane	Ace Liebesromane	Werke der Belletristik, die sich um romantische und/oder sexuelle Beziehungen zwischen den Hauptfiguren drehen; Verwendung in Bezug auf Liebesromane, die sich auf asexuelle Figuren konzentrieren.	
homoit0002437	Asexuelle Science-Fiction	Ace Science-Fiction	Werk über phantasievolle oder futuristische Konzepte, die Wissenschaft, Technologie, Raumfahrt, Zeitreisen und andere spekulative Elemente beinhalten; Verwendung in Bezug auf Science Fiction mit einem Schwerpunkt auf asexuellen Charakteren oder Themen.	
homoit0002441	Asexuelle Kurzgeschichten	Ace Kurzgeschichten	Schriftliche literarische Werke, die kurz sind und eine in sich abgeschlossene Begebenheit oder ein Konzept beschreiben; Verwendung in Bezug auf Kurzgeschichten, die sich auf asexuelle Charaktere oder Themen konzentrieren.	
homoit0002789	Asexueller Slang	Ace Slang	Umgangsprachliche oder informelle Sprache, die sich auf Asexualität bezieht oder von asexuellen Personen verwendet wird.	
homoit0003202	Asexuelle Solidarität	Ace Solidarität	Ein Gefühl der Gemeinschaft und der allgemeinen Einigkeit in Bezug auf Ziele, politische Interessen und/oder gemeinschaftliche Sympathien, die auf gemeinsamen Erfahrungen als asexuelle Personen beruhen.	
homoit0002790	Asexuelle Söhne	Ace Söhne	Asexuelle Personen, die Söhne sind.	
homoit0002849	Asexual Studies	Ace Studien||Asexualitätsstudien||Asexeuelle Forschung||Asexualitätsforschung	Akademischer Forschungs- und Studienbereich über asexuelle Personen, asexuelle Identität und asexuelle Gemeinschaften.	
homoit0002004	Asexuelle Überlebende von Mobbing	Ace Überlebende von Mobbing	Asexuelle Personen, die aufgrund ihrer sexuellen Identität Mobbing erlebt und überlebt haben; wenn möglich die Präferenz der Person für „Opfer“ oder „Überlebende“ beachten.	
homoit0002850	Asexuelle Überlebende von Hasskriminalität	Ace Überlebende von Hasskriminalität||Asexuelle Überlebende von Hassdelikten||Asexuelle Überlebende von Hassverbrechen	Asexuelle Personen, die Hasskriminalität erlebt und überlebt haben; wenn möglich die Präferenz der Person für „Opfer“ oder „Überlebende“ beachten.	
homoit0002851	Asexuelle Überlebende von Vergewaltigungen	Ace Überlebende von Vergewaltigungen	Asexuelle Personen, die Vergewaltigungen erlebt und überlebt haben; wenn möglich die Präferenz der Person für „Opfer“ oder „Überlebende“ beachten.	
homoit0002852	Asexuelle Überlebende von sexuellem Missbrauch	Ace Überlebende von sexuellem Missbrauch	Asexuelle Personen, die sexuellen Missbrauch erlebt und überlebt haben; wenn möglich die Präferenz der Person für „Opfer“ oder „Überlebende“ beachten.	
homoit0002853	Asexuelle Kriegsüberlebende	Ace Kriegsüberlebende||Asexuelle Überlebende eines Krieges	Asexuelle Personen, die Krieg erlebt und überlebt haben; wenn möglich die Präferenz der Person für „Opfer“ oder „Überlebende“ beachten.	
homoit0003249	Asexuelle Lehrer:innen	Ace Lehrer:innen||Asexuelle Lehrerinnen||Asexuelle Lehrer||Asexuelle Lehrkräfte	Lehrer:innen, die sich als asexuell identifizieren.	
homoit0002854	Asexuelles Fernsehen	Ace Fernsehen	Fernsehsendungen, in denen asexuelle Charakteren oder Themen vorkommen.	
homoit0002469	Asexuelles Theater	Ace Theater	Werke der darstellenden Kunst, die sich auf asexuellen Charakteren, Gemeinschaften oder Themen konzentrieren.	
homoit0003185	Asexuelle Urban Fantasy	Ace Urban-Fantasy-Romane||Asexuelle Urban-Fantasy-Romane	Ein Subgenre der Fantasy, in dem Magie und übernatürliche Kreaturen in zeitgenössischen urbanen Umgebungen vorkommen; für Urban Fantasy verwenden, die sich auf asexuelle Charaktere oder Themen konzentriert.	
homoit0001995	Asexuelle Mobbingopfer	Ace Mobbingopfer||Asexuelle Opfer von Mobbing	Asexuelle Personen, die aufgrund ihrer sexuellen Identität Mobbing erfahren und überlebt haben oder nicht; wenn möglich die Präferenz der Person für „Opfer“ oder „Überlebende“ beachten.	
homoit0002895	Asexuelle Opfer von Hasskriminalität	Ace Opfer von Hasskriminalität||Asexuelle Opfer von Hassdelikten||Asexuelle Opfer von Hassverbrechen	Asexuelle Personen, die Opfer von Hassverbrechen geworden sind und überlebt haben oder nicht; wenn möglich die Präferenz der Person für „Opfer“ oder „Überlebende“ beachten.	
homoit0002855	Asexuelle Vergewaltigungsopfer	Ace Vergewaltigungsopfer||Asexuelle Opfer von Vergewaltigungen	Asexuelle Personen, die Vergewaltigungen erlebt und überlebt haben oder nicht; wenn möglich die Präferenz der Person für „Opfer“ oder „Überlebende“ beachten.	
homoit0002856	Asexuelle Opfer von sexuellem Missbrauch	Ace Opfer von sexuellem Missbrauch	Asexuelle Personen, die sexuell missbraucht wurden und überlebt haben oder nicht; wenn möglich die Präferenz der Person für „Opfer“ oder „Überlebende“ beachten.	
homoit0002857	Asexuelle Kriegsopfer	Ace Kriegsopfer||Asexuelle Opfer eines Krieges	Asexuelle Personen, die einen Krieg erlebt und überlebt haben oder nicht; beachten Sie, wenn möglich die Präferenz der Person für „Opfer“ oder „Überlebende“.	
homoit0002858	Asexuelle Opferrechte	Ace Opferrechte||Rechte asexueller Opfer	Das Recht asexueller Personen auf Information, Anwesenheit und Anhörung im Rahmen des Strafrechtssystems, wenn sie infolge eines Verbrechens, eines Unfalls oder eines anderen Ereignisses geschädigt oder verletzt worden sind.	
homoit0003217	Asexuelle Webseiten	Ace Webseiten||Asexuelle Websites	Öffentliche Webseiten, die sich in erster Linie an asexuelle Gemeinschaften und Themen richten, sowie Webseiten, die für die Nutzung durch asexuelle Personen bestimmt sind.	
homoit0002787	Asexuelle Rollstuhlfahrer:innen	Ace Rollstuhlfahrer:innen||Asexuelle Rollstuhlfahrerinnen||Asexuelle Rollstuhlfahrer	Asexuelle Personen, die einen Rollstuhl nutzen.	
homoit0002985	Asexuelle Hexen	Ace Hexen||Asexuelle Wicca||Asexuelle Wicca-Anhänger:innen	Asexuelle Anhänger:innen von Wicca oder anderen heidnischen Religionen, die sich selbst als Hexen bezeichnen.	
homoit0002292	Asexuelle Jugendliche	Ace Jugendliche||Asexuelle Teenager:innen	Asexuelle Personen im Alter zwischen Kindheit und Erwachsensein.	
homoit0002478	Asexuelle Jugendliteratur	Ace Jugendliteratur	Literarische Werke, die für eine Leserschaft im Alter von 12 bis 18 Jahren geschrieben werden, auch bekannt als YA (Young Adult); verwenden in Bezug auf Jugendliteratur, die sich auf asexuelle Charakteren oder Themen konzentriert.	
homoit0003468	Asexuelle jugendliche Überlebende von Mobbing	Ace jugendliche Überlebende von Mobbing	Asexuelle Jugendliche im Alter von 12 bis 18 Jahren, die aufgrund ihrer sexuellen Identität Mobbing erlebt und überlebt haben. Folgen Sie der individuellen Präferenz für „Opfer“ oder „Überlebende“, wenn möglich.	
homoit0003482	Asexuelle jugendliche Mobbingopfer	Ace jugendliche Opfer von Mobbing||Asexuelle jugendliche Opfer von Mobbing	Asexuelle Jugendliche im Alter von 12 bis 18 Jahren, die aufgrund ihrer sexuellen Identität Mobbing erlebt und überlebt haben oder nicht. Folgen Sie der individuellen Präferenz für „Opfer“ oder „Überlebende“, wenn möglich.	
homoit0003151	Asexuelle Zines	Ace Zines	Unabhängige Publikationen mit geringer Auflage, die in der Regel mit einem Fotokopierer vervielfältigt werden; wird für Zines (von englisch magazine) verwendet, die von asexuellen Personen erstellt werden und/oder sich auf asexuelle Identität, Themen oder Kultur konzentrieren.	
homoit0002859	Unternehmen ausgerichtet auf asexuelle Personen		Unternehmen, die sich auf asexuelle Klientel und Produkte für asexuelle Gemeinschaften konzentrieren.	
homoit0002860	Unternehmen von asexuellen Personen	Unternehmen im Besitz von asexuellen Personen	Unternehmen, die asexuellen Menschen gehören.	
homoit0000004	Asexualität	Ace	Eine sexuelle Orientierung, die im Allgemein durch einen Mangel an sexueller Anziehung oder sexuellem Verlangen gekennzeichnet ist.	
homoit0003135	Ashing	Ashplay||Ash-Play	Zigarren- oder Zigarettenasche auf den Mund oder Körper einer Person auftragen.	
homoit0000072	Ashtime		Begriff, der vom Volk der Maale in Äthiopien für Menschen verwendet wird, die bei der Geburt als männlich zugeordnet wurden, aber weibliche Merkmale aufweisen; die Legitimität des Begriffs ist umstritten.	
homoit0002902	Asiatisch-amerikanische asexuelle Personen	Ace asiatisch-amerikanische Personen||Asexuelle asiatisch-amerikanische Personen||Asexuelle asiatische Amerikaner:innen	Asexuelle Personen asiatischer Herkunft oder Abstammung, die in den Vereinigten Staaten oder asiatischen Ländern geboren wurden und in den Vereinigten Staaten leben oder eine starke Verbindung zu den Vereinigten Staaten haben. Nur für Personen verwenden, die sich selbst als asiatisch-amerikanisch bezeichnen.	
homoit0000130	Asiatisch-amerikanische bisexuelle Personen	Bisexuelle asiatisch-amerikanische Personen||Bisexuelle asiatische Amerikaner:innen	Bisexuelle Personen asiatischer Herkunft oder Abstammung, die in den Vereinigten Staaten oder asiatischen Ländern geboren wurden und in den Vereinigten Staaten leben oder eine starke Verbindung zu den Vereinigten Staaten haben. Nur für Personen verwenden, die sich selbst als asiatisch-amerikanisch bezeichnen.	
homoit0000471	Asiatisch-amerikanische schwule Männer	Asiatisch-amerikanische homosexuelle Männer||Schwule asiatisch-amerikanische Männer	Schwule Männer asiatischer Herkunft oder Abstammung, die in den Vereinigten Staaten oder asiatischen Ländern geboren wurden und in den Vereinigten Staaten leben oder eine starke Verbindung zu den Vereinigten Staaten haben. Nur für Personen verwenden, die sich selbst als asiatisch-amerikanisch bezeichnen.	
homoit0002756	Asiatisch-amerikanische inter* Personen	Inter* asiatisch-amerikanische Personen	Inter* Personen asiatischer Herkunft oder Abstammung, die in den Vereinigten Staaten oder asiatischen Ländern geboren wurden und in den Vereinigten Staaten leben oder eine starke Verbindung zu den Vereinigten Staaten haben. Nur für Personen verwenden, die sich selbst als asiatisch-amerikanisch bezeichnen.	
homoit0000721	Asiatisch-amerikanische Lesben	Lesbische asiatische Amerikaner:innen	Lesben asiatischer Herkunft oder Abstammung, die in den Vereinigten Staaten oder asiatischen Ländern geboren wurden und in den Vereinigten Staaten leben oder eine starke Verbindung zu den Vereinigten Staaten haben. Nur für Personen verwenden, die sich selbst als asiatisch-amerikanisch bezeichnen.	
homoit0000073	Asiatisch-amerikanische LGBTQ+-Personen	Asiatische LGBTQ+-Amerikaner:innen	LGBTQ+-Personen asiatischer Herkunft oder Abstammung, die in den Vereinigten Staaten oder asiatischen Ländern geboren wurden und in den Vereinigten Staaten leben oder eine starke Verbindung zu den Vereinigten Staaten haben. Nur für Personen verwenden, die sich selbst als asiatisch-amerikanisch bezeichnen.	
homoit0001158	Asiatisch-amerikanische queere Personen	Queere asiatisch-amerikanische Personen	Queere Personen asiatischer Herkunft oder Abstammung, die in den Vereinigten Staaten oder asiatischen Ländern geboren wurden und in den Vereinigten Staaten leben oder eine starke Verbindung zu den Vereinigten Staaten haben. Nur für Personen verwenden, die sich selbst als asiatisch-amerikanisch bezeichnen.	
homoit0001391	Asiatisch-amerikanische trans Personen	Asiatische trans Amerikaner:innen	Trans Personen asiatischer Herkunft oder Abstammung, die in den Vereinigten Staaten oder asiatischen Ländern geboren wurden und in den Vereinigten Staaten leben oder eine starke Verbindung zu den Vereinigten Staaten haben. Nur für Personen verwenden, die sich selbst als asiatisch-amerikanisch bezeichnen.	
homoit0002901	Asiatische asexuelle Personen	Ace asiatische Personen||Asexuelle asiatische Personen	Asexuelle Personen asiatischer Herkunft oder Abstammung, die in Asien oder als Teil der asiatischen Diaspora leben. Nur für Personen verwenden, die sich selbst als asiatisch identifitzieren.	
homoit0000131	Asiatische bisexuelle Personen	Bisexuelle asiatische Personen	Bisexuelle Personen asiatischer Herkunft oder Abstammung, die in Asien oder als Teil der asiatischen Diaspora leben. Nur für Personen verwenden, die sich selbst als asiatisch identifitzieren.	
homoit0000472	Asiatische schwule Männer	Schwule asiatische Männer||Schwule Asiaten	Schwule Männer asiatischer Herkunft oder Abstammung, die in Asien oder als Teil der asiatischen Diaspora leben. Nur für Personen verwenden, die sich selbst als asiatisch identifitzieren.	
homoit0002757	Asiatische inter* Personen	Inter* asiatische Personen	Inter* Personen asiatischer Herkunft oder Abstammung, die in Asien oder als Teil der asiatischen Diaspora leben. Nur für Personen verwenden, die sich selbst als asiatisch identifitzieren.	
homoit0000722	Asiatische Lesben	Lesbische Asiat:innen	Lesben mit asiatischer Herkunft oder Abstammung, die in Asien oder in der asiatischen Diaspora leben. Nur für Personen verwenden, die sich selbst als asiatisch identifitzieren.	
homoit0000074	Asiatische LGBTQ+-Personen	LGBTQ+-asiatische Personen	LGBTQ+-Personen mit asiatischer Herkunft oder Abstammung, die in Asien oder in der asiatischen Diaspora leben. Nur für Personen verwenden, die sich selbst als asiatisch identifizieren.	
homoit0001159	Asiatische queere Personen	Queere asiatische Personen	Queere Personen mit asiatischer Herkunft oder Abstammung, die in Asien oder in der asiatischen Diaspora leben. Nur für Personen verwenden, die sich selbst als asiatisch identifizieren.	
homoit0001392	Asiatische trans Personen	Trans Personen aus Asien	Trans Personen mit asiatischer Herkunft oder Abstammung, die in Asien oder in der asiatischen Diaspora leben. Nur für Personen verwenden, die sich selbst als asiatisch identifizieren.	
homoit0000076	Arschficken		Der sexuelle Akt des Penetrierens des Anus einer Person mit einem Penis oder Dildo.	
homoit0002069	Assamesische asexuelle Personen	Asexuelle assamesische Personen||Ace assamesische Personen||Asexuelle Asomiya||Ace Asomiya	Asexuelle Personen, die der sozio-ethnischen Gruppe der Assamesen angehören, die assamesische Sprache sprechen oder im indischen Bundesstaat Assam wohnen.	
homoit0002065	Assamesische bisexuelle Personen	Bisexuelle assamesische Personen||Bisexuelle Asomiya	Bisexuelle Personen, die der sozio-ethnischen Gruppe der Assamesen angehören, die assamesische Sprache sprechen oder im indischen Bundesstaat Assam wohnen.	
homoit0002064	Assamesische schwule Männer	Schwule assamesische Männer||Schwule Asomiya	Schwule Männer, die der sozio-ethnischen Gruppe der Assamesen angehören, die assamesische Sprache sprechen oder im indischen Bundesstaat Assam wohnen.	
homoit0002067	Assamesische inter* Personen	Inter* Asomiya	Inter* Personen, die der sozio-ethnischen Gruppe der Assamesen angehören, die assamesische Sprache sprechen oder im indischen Bundesstaat Assam wohnen.	
homoit0002063	Assamesische Lesben	Lesbische Asomiya	Lesben, die der sozio-ethnischen Gruppe der Assamesen angehören, die assamesische Sprache sprechen oder im indischen Bundesstaat Assam wohnen.	
homoit0002060	Assamesische LGBTQ+-Personen	LGBTQ+-assamesische Personen||LGBTQ+-Asomiya	LGBTQ+-Personen, die der sozio-ethnischen Gruppe der Assamesen angehören, die assamesische Sprache sprechen oder im indischen Bundesstaat Assam wohnen.	
homoit0003394	Assamesische nichtbinäre Personen	Nichtbinäre assamesische Personen||Nicht-binäre assamesische Personen||Non-binäre assamesische Personen	Nichtbinäre Personen, die der sozio-ethnischen Gruppe der Assamesen angehören, die assamesische Sprache sprechen oder im indischen Bundesstaat Assam wohnen.	
homoit0002066	Assamesische queere Personen	Queere assamesische Personen||Queere Asomiya	Queere Personen, die der sozio-ethnischen Gruppe der Assamesen angehören, die assamesische Sprache sprechen oder im indischen Bundesstaat Assam wohnen.	
homoit0002068	Assamesische trans Personen	Trans Asomiya	Trans Personen, die der sozio-ethnischen Gruppe der Assamesen angehören, die assamesische Sprache sprechen oder im indischen Bundesstaat Assam wohnen.	
homoit0000077	Bei der Geburt weiblich zugewiesenes Geschlecht		Die Zuweisung des weiblichen Geschlechts kurz nach der Geburt.	
homoit0000078	Zugewiesenes soziales Geschlecht		Soziales Geschlecht, in vielen Ländern "weiblich" oder "männlich", das Menschen, meist kurz nach der Geburt, zugewiesen wird.	
homoit0000079	Bei der Geburt männlich zugewiesenes Geschlecht		Die Zuweisung des männlichen Geschlechts kurz nach der Geburt.	
homoit0001648	Zugewiesenes Geschlecht		Das Geschlecht einer Person, wie es von Ärzt:innen oder medizinischem Personal bestimmt wird. Die Bestimmung basiert in der Regel auf dem Aussehen der äußeren Genitalien, kann jedoch auch andere Methoden umfassen. In der Praxis ist das bei der Geburt zugewiesene Geschlecht oft kulturell variabel; der Begriff „zugewiesenes Geschlecht“ ist daher oft passender oder genauer.	
homoit0001646	Kein zugewiesenes Geschlecht bei der Geburt		Die Zuweisung eines Geschlechtsmerkmals „X“ oder einer Geschlechtsbezeichnung „X“ kurz nach der Geburt. Es ist ungewöhnlich, dass inter* Menschen bei der Geburt „intersexuell“ oder „X“ zugewiesen wird.	
homoit0002618	Künstliche Befruchtung	Assistierte Reproduktion	Der Prozess, durch den ein Fötus durch Spenderbefruchtung, Eizellspende, Leihmutterschaft, IVF und/oder andere Reproduktionstechnologien gezeugt wird.	
homoit0002619	Techniken der assistierten Reproduktion	ART||Assisted reproductive technologies||Artificial Reproductive Technology||Assistierte Reproduktionstechniken	Ein Oberbegriff, der alle Methoden der Empfängnis außerhalb des Geschlechtsverkehrs beschreibt, einschließlich, aber nicht beschränkt auf Spenderinsemination, künstliche Befruchtung, Leihmutterschaft, Eizellspende und IVF.	
homoit0002394	Haltungen von LGBTQ+-Personen zur Polizei	Meinungen von LGBTQ+-Personen zur Polizei||Ansichten von LGBTQ+-Personen zur Polizei	Meinungen und Beurteilungen von Gefühlen, Beziehungen und Interaktionen zwischen LGBTQ+-Personen und der Polizei.	
homoit0000075	Autoerotische Strangulation	Asphyxiophilie||Hypoxyphilie||Autoerotische Atemkontrolle	Absichtliche Erschwerung oder Unterbindung der eigenen Atmung zum Zweck der sexuellen Erregung.	
homoit0000083	Autoerotik		Die Ausübung sexueller Selbststimulierung.	
homoit0000084	Aversionstherapie		Verhaltenstherapie, die darauf abzielt, angenehme Assoziationen, die durch Homosexualität hervorgerufen werden, durch unangenehme Assoziationen (in Form von Elektroschocks oder Brechmitteln) zu ersetzen, um die homosexuelle Orientierung der Proband:innen in eine heterosexuelle zu ändern.	
homoit0000085	Aylonit		Eine romanisierte Version des hebräischen Begriffs, der im Judentum traditionell verwendet wird, um Menschen zu beschreiben, denen bei der Geburt das weibliche Geschlecht zugewiesen wurde und die sekundäre Geschlechtsmerkmale entwickeln, die als „männlich“ wahrgenommen werden, sowie Probleme mit der Fruchtbarkeit haben.	
homoit0000088	Babydyke	Babylesben	Frisch geoutete Lesben; Verwendung nur für Lesben, die sich als Dykes identifizieren.	
homoit0000089	Babyschwule	Baby-Gay||Baby Schwule	Frisch geoutete Persone, insbesondere frisch geoutete schwule Männer.	
homoit0000090	Bading		Abwertende philippinische Bezeichnung für schwule Männer, die Crossdressing praktizieren.	
homoit0003508	Baihe	Bǎihé	Ein Genre, das sich auf die romantischen oder sexuellen Beziehungen zwischen weiblichen Figuren in chinesischen Romanen, Comics, Filmen, Animationen und Dramen fokussiert.	
homoit0000091	Bakla		Philippinischer Begriff für Personen, denen bei der Geburt ein männliches Geschlecht zugeschrieben wurde, die sich jedoch auf feminine Weise verhalten; wird oft als drittes Geschlecht betrachtet.	
homoit0000092	Ballroom-Szene	Ballroom-Gemeinschaft||Ballroom-Kultur||House-Ballroom-Kultur||Drag-ball-Kultur	Eine im frühen 20. Jahrhundert in New York City entstandene Subkultur, in der vor allem afroamerikanische und lateinamerikanische LGBTQ+-Personen auftreten und um verschiedene Preise konkurrieren.	
homoit0000093	Ballknebel		Kugeln aus Silikon, Gummi oder anderen Materialien, die einer Person um den Mund geschnallt werden, um sie am Sprechen zu hindern, in der Regel beim Sex.	
homoit0003098	Luftballonfetisch	Looner||Looning	Die Verwendung von Luftballons als Mode, für sexuelle Erregung oder erotische Spiele.	
homoit0000094	Ballroom-Familien	Ballroomhäuser||Ballroom houses||Ballroomfamilien	In der Ballroom-Kultur sind Ballroomfamilien (oder Häuser) gewählte Familien, die von etablierten Mitgliedern der Gemeinschaft geleitet und nach ihnen benannt werden (z. B. das House of Xtravaganza); die Anführer:innen von Ballfamilien werden in der Regel „Mütter“ oder „Väter“ genannt, während die Mitglieder als „Kinder" und „Geschwister“ bezeichnet werden.	
homoit0002147	Bandslash	Band slash||Band-Slash	Fanfiction, die romantische oder sexuelle Beziehungen zwischen gleichgeschlechtlichen Musiker:innen thematisieren oder detailliert beschreiben. Die Musiker:innen, zumeist Männer, existieren in der realen Welt.	
homoit0000095	Banjees	Banjee	Begriff aus den 1980er-Jahren (oder früher), der einen bestimmten Typus junger lateinamerikanischer oder afroamerikanischer Männer beschreibt, die Sex mit Männern haben und sich in stereotyper, männlicher urbaner Mode kleiden.	
homoit0000096	Bantut		Philippinischer Begriff für schwule Männer, die die Kleidung und/oder das Verhalten von Frauen übernehmen	
homoit0002148	Bara		Ein Genre der japanischen Kunst, das hauptsächlich von schwulen Männern für andere schwule Männer produziert wird und Männlichkeit, Muskeln, Körperfett und Behaarung in den Mittelpunkt stellt (ähnlich wie die Bären- und Gym-Subkultur in Europa).	
homoit0002149	Bara-Fangemeinde		Die Fangemeinde, die sich auf die Beziehungen von Figuren aus Bara-Manga und Anime fokussiert oder detailliert behandelt.	
homoit0000099	Barebacking	ungeschützter Analverkehr	Analverkehr ohne Kondom.	
homoit0001139	Bathroom Bans	Toilettenzugangsverbote||Toilettenverweise	Gesetze oder politische Maßnahmen, die trans und nichtbinäre Personen aufgrund ihrer Geschlechtsidentität daran hindern, öffentliche Toiletten und Einrichtungen wie Umkleideräume, Duschen, Umkleidekabinen und andere geschlechtergetrennte Räume zu benutzen	
homoit0000101	Bayot	Bayet	Abfälliger Begriff der Sprache Cebuano, der auf den Philippinen verwendet wird, um verweichlichte schwule Männer oder maskuline Frauen zu beschreiben.	
homoit0001788	Beard	Alibi-Partner:in	Personen, die sich als Date oder Partner:in von jemandem ausgeben, mit dem:der sie nicht in einer Beziehung sind, in der Regel um zu verhindern, dass die Sexualität dieser Person öffentlich bekannt wird; am häufigsten wird damit eine Frau bezeichnet, die vorgibt, mit einem schwulen Mann auszugehen.	
homoit0000105	Bären (schwuler Kontext)	Bears	Slang, der in den USA und anderen englischsprachigen Ländern verwendet wird, um haarige und große oder muskulöse schwule Männer zu beschreiben. Wird auch im deutschsprachigen Raum verwendet.	
homoit0000106	Verhaltenstherapie		Aus der kognitiven Psychologie abgeleitete therapeutische Techniken und Behandlungen, die darauf abzielen, als selbstzerstörerisch oder ungesund empfundene Verhaltensweisen zu erkennen und möglicherweise zu ändern. Dazu gehören auch Verhaltenstherapien, die darauf abzielen, die sexuelle oder geschlechtliche Identität oder den Ausdruck einer Person zu verändern.	
homoit0003318	Belarusische aromantische Personen	Aromantische belarusische Personen	Aromatische Menschen, die ethnisch belarusisch sind oder die belarusische Staatsangehörigkeit besitzen.	
homoit0003307	Belarusische asexuelle Personen	Asexuelle belarusische Personen	Asexuelle Menschen, die ethnisch belarusisch sind oder die belarusische Staatsangehörigkeit besitzen.	
homoit0003308	Belarusische bisexuelle Personen	Bisexuelle belarusische Personen	Bisexuelle Menschen, die ethnisch belarusisch sind oder die belarusische Staatsangehörigkeit besitzen.	
homoit0003315	Belarusische demisexuelle Personen	Demisexuelle belarusische Personen	Demisexuelle Menschen, die ethnisch belarusisch sind oder die belarusische Staatsangehörigkeit besitzen.	
homoit0003309	Belarusische schwule Männer	Schwule belarusische Männer	Schwule Männer, die ethnisch belarusisch sind oder die belarusische Staatsangehörigkeit besitzen.	
homoit0003317	Belarusische grauromantische Personen	Grauromantische belarusische Personen	Grauromatische Menschen, die ethnisch belarusisch sind oder die belarusische Staatsangehörigkeit besitzen.	
homoit0003310	Belarusische inter* Personen	Inter* Personen aus Belarus	Inter* Menschen, die ethnisch belarusisch sind oder die belarusische Staatsangehörigkeit besitzen.	
homoit0003311	Belarusische Lesben	Lesbische Belarusinnen	Lesben, die ethnisch belarusisch sind oder die belarusische Staatsangehörigkeit besitzen.	
homoit0003306	Belarusische LBGTQ+-Personen	LGBTQ+-Personen aus Belarus	LGBTQ+-Personen, die ethnisch belarusisch sind oder die belarusische Staatsangehörigkeit besitzen.	
homoit0003316	Belarusische megasexuelle Personen	Megasexuelle belarusische Personen	Megasexuelle Menschen, die ethnisch belarusisch sind oder die belarusische Staatsangehörigkeit besitzen.	
homoit0003313	Belarusische nichtbinäre Personen	Nichtbinäre belarusische Personen||Nicht-binäre belarusische Personen||Non-binäre belarusische Personen	Nichtbinäre Menschen, die ethnisch belarusisch sind oder die belarusische Staatsangehörigkeit besitzen.	
homoit0003312	Belarusische queere Personen	Queere belarusische Personen	Queere Menschen, die ethnisch belarusisch sind oder die belarusische Staatsangehörigkeit besitzen.	
homoit0003314	Belarusische trans Personen	Trans Personen aus Belarus	Trans Menschen, die ethnisch belarusisch sind oder die belarusische Staatsangehörigkeit besitzen.	
homoit0002093	Bengalische asexuelle Personen	Asexuelle Bengalis	Asexuelle Menschen, die die bengalische Sprache sprechen oder bengalischer Abstammung sind.	
homoit0002089	Bengalische bisexuelle Personen	Bisexuelle Bengalis	Bisexuelle Menschen, die die bengalische Sprache sprechen oder bengalischer Abstammung sind.	
homoit0002088	Bengalische schwule Männer	Schwule Bengalis	Schwule Männer, die die bengalische Sprache sprechen oder bengalischer Abstammung sind.	
homoit0002092	Bengalische inter* Personen	Inter* Bengalis	Inter* Menschen, die die bengalische Sprache sprechen oder bengalischer Abstammung sind.	
homoit0002087	Bengalische Lesben	Lesbische Bengalis	Lesben, die die bengalische Sprache sprechen oder bengalischer Abstammung sind.	
homoit0002086	Bengalische LGBTQ+-Personen	LGBTQ+-Bengalis	LGBTQ+-Personen, die die bengalische Sprache sprechen oder bengalischer Abstammung sind.	
homoit0003396	Bengalische nichtbinäre Personen	Nichtbinäre Bengalis||Nicht-binäre Bengalis||Non-binäre Bengalis	Nichtbinäre Menschen, die die bengalische Sprache sprechen oder bengalischer Abstammung sind.	
homoit0002090	Bengalische queere Personen	Queere Bengalis	Queere Menschen, die die bengalische Sprache sprechen oder bengalischer Abstammung sind.	
homoit0002091	Bengalische trans Personen	Trans Bengalis	Trans Menschen, die die bengalische Sprache sprechen oder bengalischer Abstammung sind.	
homoit0000098	Berdache		Ein beleidigender Begriff, der von Siedler-Anthropologen entwickelt wurde, um im weitesten Sinne indigene Menschen zu beschreiben, die gemischte Geschlechterrollen zum Ausdruck bringen; wird nur in historischen Kontexten verwendet.	
homoit0000108	Bi+-Personen		Personen, die sich sexuell und/oder romantisch nicht ausschließlich zu Personen eines einzigen biologischen Geschlechts hingezogen fühlen (einschließlich bisexueller, queerer, pansexueller und fluider Identitäten).	
homoit0003445	Bi-Curiosity	Bi-Neugierde	Ein Begriff, der das Phänomen beschreibt, dass heterosexuelle oder heterosexuell auftretende Personen neugierig darauf sind, sexuelle Beziehungen oder Erfahrungen mit anderen Menschen desselben Geschlechts zu erkunden.	
homoit0000110	Bigender-Identität		Bezeichnung für die Identität von Menschen, die zwei Geschlechter haben.	
homoit0000111	Bigender-Personen		Personen, die sich gleichzeitig oder eher fließend mit zwei Geschlechtern identifizieren.	
homoit0000113	Binabea		Tagalog-Begriff für Personen, die nach gesellschaftlichen und medizinischen Normvorstellungen weibliche und männlichen Merkmale aufweisen.	
homoit0000114	Abbinden (Brust)	Binding	Der Akt des Kompromierens des Brustgewebes mit einem enganliegenden Shirt, Band oder ähnlichem; wird häufig von trans Männern oder transmaskulinen Personen gemacht.	
homoit0000116	Biologische Elternschaft		Die Erfahrung, biologischer Elternteil eines Kindes zu sein. Diese Beziehung kann genetisch, schwangerschaftsbedingt oder beides sein.	
homoit0000117	Biphobie	Bifeindlichkeit	Feindseligkeit oder Abscheu gegenüber Bisexualität als Identität oder gegenüber bisexuellen Personen aufgrund ihrer Sexualität. Biphobie kann die Leugnung der Existenz von Bisexualität, Stereotypen, verbale Belästigung und körperliche Gewalt umfassen.	
homoit0001928	BIPoC	Schwarze, Indigene und People of Color	Akronym, das vor allem in den Vereinigten Staaten verwendet wird, um Schwarze, Indigene und People of Color als Gruppe zu bezeichnen, wobei auch die spezifischen Erfahrungen Schwarzer und indigener Menschen im Mittelpunkt stehen.	
homoit0002904	Biracial asexuelle Personen	Asexuelle bi-racial Personen||Asexuelle biracial Personen||Bi-racial asexuelle Personen	Asexuelle Personen, die zu zwei oder mehreren Volksgruppen gehören. Hinweis: Der englische Begriff «Race» ist nicht mit dem deutschen Begriff «Rasse» gleichzusetzen, da sie in zwei unterschiedlichen Diskursen stehen. Oft wird deshalb im Deutschen ebenfalls Race verwendet.	
homoit0001798	Biracial bisexuelle Personen	Bisexuelle bi-racial Personen||Bisexuelle biracial Personen||Bi-racial bisexuelle Personen	Bisexuelle Personen, die zu zwei oder mehreren Volksgruppen gehören. Hinweis: Der englische Begriff «Race» ist nicht mit dem deutschen Begriff «Rasse» gleichzusetzen, da sie in zwei unterschiedlichen Diskursen stehen. Oft wird deshalb im Deutschen ebenfalls Race verwendet.	
homoit0001797	Biracial schwule Männer	Schwule bi-racial Männer||Schwule biracial Männer||Bi-racial schwule Männer	Schwule Männer, die zu zwei oder mehreren Volksgruppen gehören. Hinweis: Der englische Begriff «Race» ist nicht mit dem deutschen Begriff «Rasse» gleichzusetzen, da sie in zwei unterschiedlichen Diskursen stehen. Oft wird deshalb im Deutschen ebenfalls Race verwendet.	
homoit0002961	Biracial inter* Personen	Inter* bi-racial Personen||Inter* biracial Personen||Bi-racial inter* Personen	Inter* Personen, die zu zwei oder mehreren Volksgruppen gehören. Hinweis: Der englische Begriff «Race» ist nicht mit dem deutschen Begriff «Rasse» gleichzusetzen, da sie in zwei unterschiedlichen Diskursen stehen. Oft wird deshalb im Deutschen ebenfalls Race verwendet.	
homoit0001796	Biracial Lesben	Bi-racial Lesben	Lesben, die zu zwei oder mehreren Volksgruppen gehören. Hinweis: Der englische Begriff «Race» ist nicht mit dem deutschen Begriff «Rasse» gleichzusetzen, da sie in zwei unterschiedlichen Diskursen stehen. Oft wird deshalb im Deutschen ebenfalls Race verwendet.	
homoit0000820	Biracial LGBTQ+-Personen	Bi-racial LGBTQ+-Personen	LGBTQ+-Personen, die zu zwei oder mehreren Volksgruppen gehören. Hinweis: Der englische Begriff «Race» ist nicht mit dem deutschen Begriff «Rasse» gleichzusetzen, da sie in zwei unterschiedlichen Diskursen stehen. Oft wird deshalb im Deutschen ebenfalls Race verwendet.	
homoit0003399	Biracel nichtbinäre Personen	Nichtbinäre bi-racial Personen||Nichtbinäre biracial Personen||Bi-racial nichtbinäre Personen	Nichtbinäre Personen, die zu zwei oder mehreren Volksgruppen gehören. Hinweis: Der englische Begriff «Race» ist nicht mit dem deutschen Begriff «Rasse» gleichzusetzen, da sie in zwei unterschiedlichen Diskursen stehen. Oft wird deshalb im Deutschen ebenfalls Race verwendet.	
homoit0001800	Biracial queere Personen	Bi-racial queere Personen||Queere biracial Personen||Queere bi-racial Personen	Queere Personen, die zu zwei oder mehreren Volksgruppen gehören. Hinweis: Der englische Begriff «Race» ist nicht mit dem deutschen Begriff «Rasse» gleichzusetzen, da sie in zwei unterschiedlichen Diskursen stehen. Oft wird deshalb im Deutschen ebenfalls Race verwendet.	
homoit0001799	Biracial trans Personen	Bi-racial trans Personen	Trans Personen, die zu zwei oder mehreren Volksgruppen gehören. Hinweis: Der englische Begriff «Race» ist nicht mit dem deutschen Begriff «Rasse» gleichzusetzen, da sie in zwei unterschiedlichen Diskursen stehen. Oft wird deshalb im Deutschen ebenfalls Race verwendet.	
homoit0001824	Biromantische Personen		Personen, die häufig und beständig romantische Anziehung oder romantisches Verlangen für Menschen verschiedener biologischer oder sozialer Geschlechter empfinden.	
homoit0001792	Biromantik		Eine romantische Orientierung, die sich dadurch auszeichnet, dass häufig und beständig eine romantische Anziehung oder ein romantisches Verlangen zu mehr als einem biologischen oder sozialen Geschlecht besteht.	
homoit0000118	Änderung der Geburtsurkunde		Formale Änderung der Geburtsurkunde, typischerweise um eine Anpassung des gesetzlichen Namens oder des Geschlechts bzw. der Geschlechtsmerkmale widerzuspiegeln.	
homoit0000119	Geburtsurkunde		Rechtliche Dokumente, die ausgestellt werden, um die Geburt einer Person zu dokumentieren. Sie enthalten in der Regel identifizierende Informationen wie den Namen der Person, das ihr zugewiesene Geschlecht, Datum und Ort der Geburt und die Elternschaft.	
homoit0000121	Leibliche Eltern		Biologische oder genetische Eltern eines Kindes oder von Kindern, die zur Adoption freigegeben wurden.	
homoit0003266	Bisexuelle Akademiker:innen	Bisexuelle Hochschullehrer:innen||Bisexuelle Professor:innen||Bisexuelle Forscher:innen	Bisexuelle Forscher:innen und/oder Pädagog:innen, die in der Hochschulbildung tätig sind.	
homoit0000122	Bisexueller Aktivismus	Bisexuellen-Aktivismus||Bisexuelles Engagement||Bisexuellen-Engagement	Direktes Handeln und Organisieren, um politische oder gesellchaftliche Veränderungen und die Akzeptanz von Bisexualität zu erreichen.	
homoit0000128	Bisexuelle Archive	Bisexuellen-Archiv	Sammlungen von Aufzeichnungen und Materialien, die sich auf bisexuelle Menschen oder bisexuelle Gemeinschaften beziehen; kann eine Vielzahl von Organisationen und Institutionen umfassen, von Community- bis zu Staatsarchiven.	
homoit0002600	Bisexuelle Kunst	Bisexuellen-Kunst	Bezeichnung für verschiedene Formen des kreativen Schaffens, einschließlich visueller, materieller und darstellender Kunst, von bisexuellen Künstlern oder über bisexuelle Themen und Gemeinschaften.	
homoit0000129	Bisexuelle Künstler:innen		Bisexuelle Personen, die eine von vielen kreativen Künsten ausüben.	
homoit0000132	Bisexuelle Atheist:innen		Bisexuelle Menschen, die atheistisch sind.	
homoit0001932	Bisexuelle Sportler:innen	Bisexuelle Athlet:innen	Profi- oder Amateur-/Freizeitsportler:innen, die bisexuell sind.	
homoit0001726	Bisexuelle Autor:innen		Bisexuelle Verfasser:innen von schriftlichen Werken.	
homoit0002670	Bisexuelle autistische Personen	Autistische bisexuelle Personen	Bisexuelle Personen, die autistisch sind.	
homoit0001732	Bisexuelle Autobiografien	Bisexuelle Memoiren	Berichte über das Leben bisexueller Personen, die von diesen Personen geschrieben wurden. Für schriftliche Berichte über das Leben bisexueller Personen, die nicht von der betreffenden Person verfasst wurden, wird „Bisexuelle Biographien“ verwendet	
homoit0000133	Bisexuelle Bars		Lokale bzw. Trinklokale oder Gaststätten, die sich in erster Linie an bisexuelle Menschen wenden.	
homoit0000134	Bisexuelle Strände		Strände, die für bisexuelle Menschen reserviert sind, oder Strände, die bekanntermaßen von bisexuellen Menschen besucht werden.	
homoit0001617	Bisexuelle Biografien		Schriftliche Berichte über das Leben von bisexuellen Personen. Für schriftliche Berichte über das Leben bisexueller Menschen, die von den Betreffenden selbst verfasst wurden, ist der Begriff „Bisexuelle Autobiografien“ zu verwenden.	
homoit0001874	Bisexuelle blinde Personen	Blinde bisexuelle Personen	Bisexuelle Personen mit erheblichem oder vollständigem Sehverlust.	
homoit0000136	Bisexuelle Buchhandlungen		Buchhandlungen, die Materialien verkaufen, die für bisexuelle Personen bestimmt sind oder sich mit Themen befassen, die mit bisexuellen Erfahrungen zusammenhängen.	
homoit0000137	Bisexuelle Jungen	Bisexuelle Jungs	Jungen (in der Regel unter 18 Jahre), die bisexuell sind.	
homoit0000138	Bisexuelle Buddhist:innen		Bisexuelle Personen, die buddhistisch sind.	
homoit0000139	Bisexuelle Charaktere		Charaktere in künstlerischen Werken, die bisexuell sind.	
homoit0001774	Bisexuelle Chefköch:innen		Bisexuelle Personen, die ausgebildete, professionelle Köch:innen sind und in der Regel eine Führungsrolle in ihrer Küche innehaben.	
homoit0000140	Bisexuelle Kinder		Bisexuelle Personen, die die Volljährigkeit noch nicht erreicht haben.	
homoit0003491	Bisexuelle Kinderliteratur		Literarische Werke, die für ein Publikum von Leser:innen bis zu 12 Jahren geschrieben wurden, auch bekannt als Kinderliteratur oder Jugendliteratur. Verwendung in Bezug auf Kinder-/Jugendliteratur, die sich auf bisexuelle Figuren oder Themen konzentriert.	
homoit0000141	Bisexuelle Christ:innen		Bisexuelle Personen, die christlich sind.	
homoit0000142	Bisexuelle Geistliche	Bisexueller Klerus||Bisexuelle Kleriker:innen||Bisexuelle Pfarrer:innen	Bisexuelle Personen, die für religiöse Aufgaben ordiniert sind, insbesondere in der christlichen Kirche.	
homoit0003035	Bisexuelle Hochschulstudierende		Bisexuelle Personen, die eine Hochschule besuchen. Achtung: Das US-amerikanische College entspricht nicht exakt der Hochschule im deutschen Sprachraum, wird aber häufig als Hochschule übersetzt.	
homoit0002704	Bisexuelle Komiker:innen	Bisexuelle Comedians||Bisexuelle Comediennes	Bisexuelle Personen, die ihr Publikum durch Witze, Slapstick, Requisiten oder andere unterhaltsame Mittel zum Lachen bringen wollen.	
homoit0001589	Bisexuelle Comics	Bisexuellen-Comics	Werke, die aus sequentiellen Bildern bestehen, die oft von Text begleitet werden; Verwendung in Bezug auf Comics, die sich auf bisexuelle Charaktere oder Themen konzentrieren.	
homoit0000143	Bisexuelle Gemeinschaft	Bisexuelle Community	Gruppen von Personen, die die Erfahrung teilen, bisexuell zu sein.	
homoit0000144	Bisexuelle Gemeinschaftszentren		Räume, in denen sich Personen aus bisexuellen Gemeinschaften zu sozialen, edukativen, freizeitlichen oder organisierten Aktivitäten treffen.	
homoit0000145	Bisexuelle Paare		Partnerschaften, in denen beide Personen bisexuell sind.	
homoit0001833	Bisexuelle Kultur		Kulturelle Erfahrungen, die von Mitgliedern bisexueller Gemeinschaften geteilt werden, oder Produkte der bisexuellen Kultur (z. B. Kunst und Medien, die von und für bisexuelle Menschen geschaffen wurden, Aktivismus, der sich auf bisexuelle Themen konzentriert, Slang, der in bisexuellen Gemeinschaften häufig verwendet wird, usw.).	
homoit0000146	Bisexuelle Töchter		Töchter, die sich als bisexuell identifizieren.	
homoit0001869	Bisexuelle gehörlose Personen	Bisexuelle taube Personen||Bisexuelle Taube Personen||Gehörlose bisexuelle Personen	Bisexuelle Personen mit signifikantem oder vollständigem Hörverlust, die sich als gehörlos/nicht gehörlos, taub/nicht taub oder Deaf/nicht Deaf betrachten können.	
homoit0001857	Bisexuelle Personen mit Behinderung	Behinderte bisexuelle Personen||Bisexuelle mit Behinderung||Behinderte Bisexuelle||Behinderte Bi-Personen	Bisexuelle Personen mit Behinderung.	
homoit0000159	Bisexueller Dom	Bisexueller Dominus||Bisexuelle dominante Person||Bi-Dominus||Bi-Dom	Bisexuelle Personen (in der Regel Männer), die Teil der BDSM-Szene sind und die dominante Rolle in sexuellen Beziehungen mit einer Master/Sklav:in-Dynamik übernehmen.	
homoit0000148	Bisexuelle Domina	Bi-Domina	Frauen, die eine dominante Rolle in BDSM-Aktivitäten übernehmen; Verwendung für Dominas, die sich als bisexuell identifizieren.	
homoit0000149	Bisexuelles Drama	Bisexuelles Theaterstück||Bisexuelles Bühnenstück||Bi-Drama||Bi-Bühnenstück||Bi-Theaterstück	Belletristische Werke, die für die Aufführung geschrieben wurden; Verwednung in Bezug auf dramatische Werke, die sich auf bisexuelle Charaktere oder Themen konzentrieren.	
homoit0001720	Bisexuelle Beschäftigte	Bisexuelle Arbeitnehmer:innen	Beschäftigung oder Anstellung von bisexuellen Personen	
homoit0002609	Bisexuelle erotische Kunst	Erotische Bi-Kunst	Erotische Kunst von bisexuellen Künstler:innen, die bisexuelle Personen darstellen oder als wichtig innerhalb der bisexuellen Kultur angesehen werden.	
homoit0002548	Bisexuelle erotische Filme	Erotische Bi-Filme||Bisexuelle Erotikfilme||Bi-Erotikfiilme	Erotische Filme von bisexuellen Künstler:innen, die bisexuelle Personen darstellen oder als wichtig innerhalb der bisexuellen Kultur angesehen werden.	
homoit0001599	Bisexuelle erotische Literatur	Erotische Bi-Literatur||Erotische bisexuelle Literatur	Literarische Werke, die erotische oder sexuelle Elemente beinhalten; Verwendung in Bezug auf erotische Literatur, die sich auf bisexuelle Charaktere oder Themen fokussiert.	
homoit0000150	Bisexuelle Familien	Bi-Familien	Biologische, Adoptiv- oder Wahlfamilien, in denen sich eine oder mehrere Personen als bisexuell identifizieren.	
homoit0001567	Bisexuelle Fantasyliteratur	Bi-Fantasyliteratur	Genre, das Magie und andere übernatürliche Phänomene als primäres Element der Handlung, des Themas und/oder des Schauplatzes verwendet; Verwendung für Fantasyliteratur, die sich auf bisexuelle Figuren oder Themen konzentriert.	
homoit0002338	Bisexuelle Väter	Bi-Väter	Bisexuelle Personen, die Väter sind.	
homoit0000151	Bisexuelle Fiction	Bi-Fiction	Werke, in denen imaginäre Ereignisse oder Personen beschrieben werden; Verwendung in Bezug auf fiktionale Werke, die sich auf bisexuelle Charaktere oder Themen konzentrieren.	
homoit0002447	Bisexuelle Filme	Bi-Filme	Filme, die von bisexuellen Regisseur:innen geschaffen wurden, in denen bisexuelle Menschen dargestellt werden oder die in der bisexuellen Kultur als wichtig angesehen werden.	
homoit0000152	Bisexuelle junge Frauen		Junge Frauen (in der Regel unter 18 Jahre), die sich als bisexuell identifizieren.	
homoit0003429	Bisexuelle Graphic Novels	Bisexuelle Comics||Bi-Graphic-Novels||Bi-Comics	Werke, die aus sequentiellen Bildern bestehen, die oft von Text begleitet werden und im Allgemeinen eigenständige Geschichten enthalten; wird in Bezug auf Graphic Novels verwendet, die sich auf bisexuelle Figuren oder Themen konzentrieren.	
homoit0002263	Bisexuelle Geschichte	Bi-Geschichte	Vergangene Ereignisse oder Berichte aus der Vergangenheit, die bisexuelle Menschen betreffen, oder Menschen, die als bisexuell wahrgenommen werden könnten, wenn sie heute leben würden.	
homoit0001583	Bisexuelle Horror-Fiction	Bi-Horror-Fiction	Fiktionale Werke, die erschrecken, ängstigen oder abstoßen sollen; Verwendung in Bezug auf fiktionale Werke, die sich auf bisexuelle Charaktere oder Themen konzentrieren.	
homoit0000153	Bisexuelle Identität		Begriff, der verwendet wird, um die sexuelle Identität von Personen zu beschreiben, die sich romantisch und/oder sexuell zu Menschen mehr als eines Geschlechts hingezogen fühlen und den Begriff „bisexuell“ gegenüber Alternativen wie „pansexuell“, „polysexuell“ usw. bevorzugen.	
homoit0000147	Bisexuelle Informationszentren	Informationszentren für Bisexuelle||Anlaufstellen für Bisexuelle||Bi-Infocenter||Informationszentren für Bisexualität||Anlaufstellen für Bisexualität||Infocenter für Bisexualität	Einrichtungen, die bisexuellen Menschen Bildung, Unterstützung und Informationen über bisexuelle Themen und bisexuelle Gemeinschaften bieten.	
homoit0000156	Bisexuelle Bibliotheken	Bibliotheken für Bisexuelle||Bi-Bibliotheken	Bibliotheken, die in erster Linie Materialien zu bisexuellen Menschen und Themen oder für die Nutzung durch bisexuelle Menschen bereithalten.	
homoit0001605	Bisexuelle Literaturkritik	Bi-Literaturkritik	Das Studium, die Bewertung und die Interpretation literarischer Werke, die sich mit bisexuellen Charakteren oder Themen befassen; kann auch die Interpretation von Literatur durch die Linse und den Rahmen der bisexuellen Studien beinhalten.	
homoit0000157	Bisexuelle Literatur	Bi-Literatur	Schriftliche literarische Werke über Bisexualität, bisexuelle Figuren oder bisexuelle Themen.	
homoit0000160	Bisexuelle Männer	Männliche Bisexuelle	Männer, die sich als bisexuell identizieren.	
homoit0000161	Bisexuelle Mistresses		Bisexuelle Frauen, die Teil der BDSM-Szene sind und in sexuellen Beziehungen mit einer Mistress/Sklav:in-Dynamik die Rolle der Herrin übernehmen.	
homoit0002344	Bisexuelle Mütter	Bi-Mütter	Bisexuelle Personen, die Mütter sind.	
homoit0000162	Bisexuelle Bewegung	Bi-Bewegung||Bisexualitätsbewegung	Sammelbegriff für Aktivismus, der sich auf die Rechte bisexueller Menschen und die Probleme bisexueller Gemeinschaften konzentriert.	
homoit0000163	Bisexuelle Museen	Bi-Museen	Einrichtungen, die sich der Aufbewahrung, Ausstellung, Konservierung und Erhaltung von Materialien über bisexuelle Menschen und die bisexuelle Geschichte widmen.	
homoit0003162	Bisexuelle Musicals	Bi-Musicals	Musicals, die von bisexuellen Regisseur:innen geschaffen wurden, in denen bisexuelle Personen dargestellt werden oder die in der bisexuellen Kultur als wichtig angesehen werden.	
homoit0000164	Bisexuelle Muslim:innen	Muslimische Bisexuelle||Bisexuelle Personen muslimischen Glaubens	Bisexuelle Personen, die muslimischen Glaubens sind.	
homoit0001577	Bisexuelle Krimis und Detektivgeschichten	Bisexuelle Krimis und Detektivromane	Geschriebene literarische Werke über die Aufklärung von Verbrechen oder die Arbeit von Detektiv:innen; Verwendung in Bezug auf Mystery- und Detektivromane mit Schwerpunkt auf bisexuelle Charakteren und Themen.	
homoit0002661	Bisexuelle neurodivergente Personen	Neurodivergente bisexuelle Personen	Bisexuelle Menschen, deren Gehirn anders verarbeitet, lernt und/oder sich anders verhält als gesellschaftlich üblich. Einige dieser neurologischen Unterschiede können sich in Lernschwierigkeiten, medizinischen Störungen und anderen Erkrankungen äussern.	
homoit0000166	Bisexuelle Newsletter		Regelmässig erscheinende gedruckte oder digitale Publikationen, die von oder für bisexuelle Menschen erstellt werden, oft mit dem Ziel, Nachrichten und Informationen über bisexuelle Gemeinschaften und bisexuelle Themen zu verbreiten.	
homoit0000167	Bisexuelle Zeitungen		Fortlaufende gedruckte oder digitale Zeitungen über bisexuelle Menschen oder bisexuelle Themen (die in der Regel von bisexuellen Menschen oder bisexuellen Organisationen herausgegeben werden), die Nachrichten, Artikel, Kolumnen, Korrespondenz und Anzeigen enthalten.	
homoit0002888	Bisexuelle Opern		Opern, die von bisexuellen Regisseur:innen geschaffen wurden, bisexuelle Personen darstellen oder die in der bisexuellen Kultur als wichtig angesehen werden.	
homoit0000168	Bisexuelle Heid:innen	Bisexuelle heidnische Personen	Bisexuelle Menschen, die polytheistischen Religionen oder anderen Religionen ausserhalb der vorherrschenden Kultur angehören, die typischerweise die Naturverehrung und/oder das heilige Weibliche beinhalten, wie Wicca, Druidentum, Heidentum usw. Wird verwendet, um bisexuelle Personen zu beschreiben, die sich selbst als heidnisch bezeichnen.	
homoit0003517	Bisexuelle Maler:innen		Bisexuelle Personen, die beruflich oder als Hobby malen.	
homoit0000169	Bisexuelle Eltern	Bi-Eltern	Eltern, die bisexuell sind.	
homoit0002369	Bisexuelle Partner:innen		Bisexuelle Menschen, die Liebes-, Sexual- oder Spielpartner:innen einer anderen Person oder mehrerer Personen sind.	
homoit0000170	Bisexuelle Personen	Bisexuelle||Bi-Personen	Personen, die sich romantisch und/oder sexuell zu mehr als einem Geschlecht hingezogen fühlen und sich als bisexuell identifizieren; nicht zur Beschreibung von pansexuellen oder polysexuellen Personen verwenden, es sei denn, diese verwenden auch den Begriff bisexuell.	
homoit0002150	Bisexuelle Personen im Fandom	Bisexuelle Personen im Fantum	Die Teilnahme und Einbeziehung bisexueller Personen in Fan-Communitys.	
homoit0000171	Bisexuelle Armeeangehörige	Bisexuelle Militärangehörige	Bisexuelle Personen, die in Streitkräften dienen	
homoit0002032	Bisexuelle Personen am Arbeitsplatz		Die Präsenz bisexueller Menschen am Arbeitsplatz, einschließlich der Akzeptanz von und der Probleme mit bisexuellen Arbeitnehmenden.	
homoit0000172	Bisexuelle Personen of Color	Bisexuelle People of Color||Bisexuelle Menschen of Color||Bisexuelle Menschen von Farbe||Bisexuelle Personen von Farbe||Bisexuelle PoC	Bisexuelle Personen, die nicht weiß sind und sich als People of Color identifizieren.	
homoit0001882	Bisexuelle Personen mit chronischen Krankheiten	Chronisch kranke bisexuelle Personen	Bisexuelle Menschen mit langfristigen gesundheitlichen Problemen, die eine kontinuierliche medizinische Betreuung erfordern und/oder das tägliche Leben erheblich beeinträchtigen oder einschränken; einige, aber nicht alle Menschen mit chronischen Krankheiten betrachten sich als behindert.	
homoit0003449	Bisexuelle Fotograf:innen	Bisexuelle Fotografierende	Bisexuelle Personen, die beruflich oder als Hobby fotografieren.	
homoit0000174	Bisexuelle Dichtung	Bisexuelle Lyrik||Bisexuelle Poesie	Literarisches Werk, in der Regel in Versen geschrieben, das sich mit bisexuellen Charakteren, Themen oder bisexueller Identität beschäftigt.	
homoit0000175	Bisexuelle politische Aktivist:innen	Bisexuelle politisch aktivistische Personen||Politisch akivistische Bisexuelle	Bisexuelle Personen, die sich durch öffentliche Organisation für politische oder soziale Veränderungen einsetzen.	
homoit0002812	Bisexuelle Politiker:innen	Bisexuelle Personen in öffentlichen Ämtern	Bisexuelle Personen, die für ein öffentliches Amt kandidieren, derzeit ein öffentliches Amt innehaben oder politische Positionen innehatten. Politiker:innen können durch öffentliche Wahlen gewählt oder anderweitig ernannt werden.	
homoit0000176	Bisexuelle Pornofilme	Bisexuelle Pornos	Sexuell explizite Filme mit bisexuellen Personen.	
homoit0000177	Bisexuelle Presse	Bisexuelle Medien	Zeitungen, Zeitschriften oder andere Publikationsorgane, die sich an ein bisexuelles Publikum richten und/oder von bisexuellen Personen betrieben werden.	
homoit0000178	Bisexuelle Sexarbeiter:innen	Bisexuelle Prostituierte||Bi-Sexarbeiter:innen||Bi-Prostituierte||Bisexuelle Prostitution||Bisexuelle Sexarbeit	Bisexuelle Personen, die Geld oder Waren als Gegenleistung für sexuelle Dienstleistungen, Darbietungen oder Gesellschaft erhalten. Verwenden, um bisexuelle Personen zu beschreiben, die im breiten Spektrum der Sexarbeit tätig sind.	
homoit0000179	Bisexuelle Protestant:innen	Bisexuelle protestantische Personen||Evangelische bisexuelle Personen||Bisexuelle evangelische Personen	Bisexuelle Personen, die Mitglieder der protestantischen bzw. evangelischen Kirche sind.	
homoit0000180	Bisexuelle Verlage	Bisexuelle Verleger:innen	Unternehmen und Organisationen, die Materialien für bisexuelle Gemeinschaften veröffentlichen oder sich mit bisexuellen Themen befassen.	
homoit0000181	Bisexuelles Radio		Im Radio ausgestrahlte hörbare Inhalte (analog oder digital) über Bisexualität und bisexuelle Themen.	
homoit0000182	Bisexuelle Beziehungen		Dauerhafte Beziehungen (romantisch, sexuell oder platonisch) zwischen zwei oder mehr bisexuellen Personen.	
homoit0000183	Bisexuelle Rechte		Rechtliche, soziale oder ethische Prinzipien der Freiheit oder des Anspruchs, die von bisexuellen Personen vertreten werden.	
homoit0000184	Bisexuelle Katholik:innen	Katholische bisexuelle Personen||Römisch-katholische Personen||Bisexuelle römisch-katholische Personen	Bisexuelle Personen, die Mitglieder der römisch-katholischen Kirche sind.	
homoit0001594	Bisexuelle Liebesromane		Werke der Belletristik, die sich um romantische Beziehungen oder Liebe zwischen Personen drehen; Verwendung in Bezug auf Liebesromane, die sich auf bisexuelle Figuren oder Themen konzentrieren.	
homoit0001572	Bisexuelle Science-Fiction		Werke über phantasievolle oder futuristische Konzepte, die Wissenschaft, Technologie, Raumfahrt, Zeitreisen und andere spekulative Elemente beinhalten; Verwendung in Bezug auf Science Fiction mit einem Schwerpunkt auf bisexuellen Charakteren oder Themen.	
homoit0001611	Bisexuelle Kurzgeschichten		Schriftliche literarische Werke, die kurz sind und eine in sich abgeschlossene Begebenheit oder ein Konzept beschreiben; Verwendung in Bezug auf Kurzgeschichten, die sich auf bisexuelle Charaktere oder Themen konzentrieren.	
homoit0000185	Bisexueller Slang	Bisexuelle Umgangssprache	Umgangssprachliche oder informelle Sprache, die sich auf Bisexualität bezieht oder von bisexuellen Personen verwendet wird.	
homoit0003198	Bisexuelle Solidarität		Ein Gefühl der Gemeinschaft und der allgemeinen Einigkeit in Bezug auf Ziele, politische Interessen und/oder gemeinschaftliche Sympathien, die auf gemeinsamen Erfahrungen als bisexuelle Personen beruhen.	
homoit0000186	Bisexuelle Söhne		Söhne, die sich als bisexuell identifizieren.	
homoit0000187	Bisexual Studies	Bisexuelle Studien||Bisexualitätsstudien||Bisexeuelle Forschung||Bisexualitätsforschung	Akademischer Forschungs- und Studienbereich über bisexuelle Personen, bisexuelle Identität und bisexuelle Gemeinschaften.	
homoit0002001	Bisexuelle Überlebende von Mobbing		Bisexuelle Personen, die Mobbing aufgrund ihrer sexuellen Identität erlebt und überlebt haben; wenn möglich die Präferenz der Personen für den Begriff "Opfer" oder "Überlebende“ beachten.	
homoit0000188	Bisexuelle Überlebende von Hasskriminalität	Bisexuelle Überlebende von Hassdelikten||Bisexuelle Überlebende von Hassverbrechen	Bisexuelle Personen, die Hasskriminalität erlebt und überlebt haben; wenn möglich die Präferenz der Personen für den Begriff "Opfer" oder "Überlebende“ beachten.	
homoit0000189	Bisexuelle Überlebende von Vergewaltigungen		Bisexuelle Menschen, die eine Vergewaltigung erlebt und überlebt haben; wenn möglich die Präferenz der Personen für den Begriff "Opfer" oder "Überlebende“ beachten.	
homoit0000190	Bisexuelle Überlebende von sexuellem Missbrauch		Bisexuelle Personen, die sexuellen Missbrauch erlebt und überlebt haben; wenn möglich die Präferenz der Personen für den Begriff "Opfer" oder "Überlebende“ beachten.	
homoit0000191	Bisexuelle Kriegsüberlebende	Bisexuelle Überlebende eines Krieges	Bisexuelle Personen, die Krieg erlebt und überlebt haben; wenn möglich die Präferenz der Personen für den Begriff "Opfer" oder "Überlebende“ beachten.	
homoit0003250	Bisexuelle Lehrer:innen	Bisexuelle Lehrerinnen||Bisexuelle Lehrer||Bisexuelle Lehrkräfte||Bi-Lehrer||Bi-Lehrerinnen||Bi-Lehrer:innen||Bi-Lehrkräfte	Lehrer:innen, die sich als bisexuell identifizieren.	
homoit0000193	Bisexuelles Fernsehen	Bisexuelles TV	Fernsehsendungen, in denen bisexuelle Charaktere oder Themen vorkommen.	
homoit0000194	Bisexuelles Theater		Werke der darstellenden Kunst, die sich mit bisexuellen Charakteren, Gemeinschaften oder Themen befassen.	
homoit0003350	Bisexuelle Unitarier:innen	Bisexuelle Unitarische Universalist:innen	Bisexuelle Personen, die Mitglied der Unitarian Universalist Church sind.	
homoit0003182	Bisexuelle Urban Fantasy	Bisexuelle Urban-Fantasy-Romane	Ein Subgenre der Fantasy, in dem Magie und übernatürliche Kreaturen in zeitgenössischen urbanen Umgebungen vorkommen; für Urban Fantasy verwenden, die sich auf bisexuelle Charaktere oder Themen konzentriert.	
homoit0001992	Bisexuelle Mobbingopfer		Bisexuelle Personen, die aufgrund ihrer sexuellen Identität Mobbing erfahren und überlebt haben oder nicht überlebt haben; wenn möglich die Präferenz der Personen für den Begriff "Opfer" oder "Überlebende“ beachten.	
homoit0000196	Bisexuelle Opfer von Hasskriminalität	Bisexuelle Opfer von Hassdelikten||Bisexuelle Opfer von Hassverbrechen	Bisexuelle Personen, die Opfer von Hassverbrechen geworden sind und überlebt haben oder nicht überlebt haben; wenn möglich die Präferenz der Personen für den Begriff "Opfer" oder "Überlebende“ beachten.	
homoit0000197	Bisexuelle Vergewaltigungsopfer	Bisexuelle Opfer von Vergewaltigungen	Bisexuelle Personen, die eine Vergewaltigung erlebt und überlebt haben oder nicht überlebt haben; wenn möglich die Präferenz der Personen für den Begriff "Opfer" oder "Überlebende“ beachten.	
homoit0000198	Bisexuelle Opfer von sexuellem Missbrauch		Bisexuelle Personen, die sexuell missbraucht wurden und überlebt haben oder nicht überlebt haben; wenn möglich die Präferenz der Personen für den Begriff "Opfer" oder "Überlebende“ beachten.	
homoit0000199	Bisexuelle Kriegsopfer		Bisexuelle Personen, die einen Krieg erlebt und überlebt haben oder nicht überlebt haben; wenn möglich die Präferenz der Personen für den Begriff "Opfer" oder "Überlebende“ beachten.	
homoit0000200	Bisexuelle Opferrechte	Rechte bisexueller Opfer	Das Recht bisexueller Personen auf Information, Anwesenheit und Anhörung im Rahmen des Strafrechtssystems, wenn sie infolge eines Verbrechens, eines Unfalls oder eines anderen Ereignisses geschädigt oder verletzt worden sind.	
homoit0003212	Bisexuelle Webseiten	Bisexuelle Websites	Öffentliche Webseiten, die sich in erster Linie mit bisexuellen Gemeinschaften und Themen befassen, sowie Webseiten, die für die Nutzung durch bisexuelle Menschen bestimmt sind.	
homoit0001888	Bisexuelle Rollstuhlfahrer:innen		Bisexuelle Personen, die einen Rollstuhl nutzen.	
homoit0001910	Bisexuelle Hexen	Bisexuelle Wicca||Bisexuelle Wicca-Anhänger:innen	Bisexuelle Anhänger:innen von Wicca oder anderen heidnischen Religionen, die sich selbst als Hexen bezeichnen.	
homoit0000202	Bisexuelle Frauen		Bisexuelle Personen, die sich selbst als Frauen bezeichnen und ihr Geschlecht im Sinne westlicher Vorstellungen von Frausein, Weiblichkeit und/oder Femininität verstehen.	
homoit0000192	Bisexuelle Jugendliche	Bi-Jugendliche||Bi-Teenager:innen||Bisexuelle Teenager:innen	Bisexuelle Menschen im Alter zwischen Kindheit und Erwachsensein.	
homoit0000203	Bisexuelle Jugendliteratur		Literarische Werke, die für eine Leserschaft im Alter von 12 bis 18 Jahren geschrieben werden, auch bekannt als YA (Young Adult); verwenden in Bezug auf Jugendliteratur, die sich auf bisexuelle Charakteren oder Themen konzentriert.	
homoit0003463	Bisexuelle jugendliche Überlebende von Mobbing		Bisexuelle Jugendliche im Alter von 12 bis 18 Jahren, die Mobbing aufgrund ihres Geschlechts oder ihrer sexuellen Identität erlebt und überlebt haben; wenn möglich die Präferenz der Personen für den Begriff "Opfer" oder "Überlebende“ beachten.	
homoit0003477	Bisexuelle jugendliche Mobbingopfer	Bisexuelle jugendliche Opfer von Mobbing	Bisexuelle Jugendliche im Alter von 12 bis 18 Jahren, die Mobbing aufgrund ihres Geschlechts oder ihrer sexuellen Identität erlebt und überlebt haben oder nicht überlebt haben; wenn möglich die Präferenz der Personen für den Begriff "Opfer" oder "Überlebende“ beachten.	
homoit0001744	Unternehmen ausgerichtet auf Bisexuelle		Unternehmen, die sich auf bisexuelle Klientel und Produkte für bisexuelle Gemeinschaften konzentrieren.	
homoit0001738	Unternehmen von bisexuellen Personen	Unternehmen im Besitz von bisexuellen Personen	Unternehmen, die bisexuellen Personen gehören.	
homoit0000204	Bisexualität		Sexuelle Identität, die als Anziehung zu mehr als einem Geschlecht definiert wird; möglichst der individuellen Präferenz für Bisexualität, Pansexualität oder Polysexualität folgen.	
homoit0002151	Bishōnen		Japanisches Wort, das „schöner Junge“ bedeutet und verwendet wird, um eine bestimmte Ästhetik androgyner männlicher Schönheit zu beschreiben. Während sich „bishōnen“ im Japanischen speziell auf Jugendliche unter zwanzig Jahren bezieht und ‚biseinen‘ zur Beschreibung schöner erwachsener Männer verwendet wird, verwenden englischsprachige Anime- und Manga-Fangemeinden „bishōnen“ häufig in Bezug auf jeden gut aussehenden männlichen Charakter, unabhängig vom Alter.	
homoit0000205	Bissu		Geistig und körperlich androgyne Schamanen in der Kultur der Bugis (Indonesien).	
homoit0000206	Beißen		Beißen oder Druckausübung mit den Zähnen zum Zweck der sexuellen Erregung.	
homoit0000207	Biza'ah		Bei den Zapoteken in Teotitlán del Valle, Mexiko, bezieht sich dieser Begriff auf Menschen, die bei der Geburt als männlich eingestuft wurden und weibliche Merkmale aufweisen.	
homoit0002334	Schwarze asexuelle Personen		Schwarze Menschen, die asexuell sind. Nur für Personen verwenden, die sich selbst als schwarz identifizieren. Nach Möglichkeit der Präferenz der Person für „Afroamerikaner” oder „schwarz” folgen.	
homoit0000135	Schwarze bisexuelle Personen	Bisexuelle schwarze Personen	Schwarze Menschen, die bisexuell sind. Nur für Personen verwenden, die sich selbst als schwarz identifizieren. Nach Möglichkeit der Präferenz der Person für „Afroamerikaner” oder „schwarz” folgen.	
homoit0002270	Schwarzer Feminismus		Eine Form des Feminismus, die als Reaktion auf das Versagen der Mainstream-Feminist:innen und Bürgerrechtsbewegungen entstanden ist, die Wechselwirkungen zwischen weißer Vorherrschaft und Patriarchat anzuerkennen, die die besonderen Erfahrungen schwarzer Frauen prägen.	
homoit0003170	Schwarze Feminist:innen	Afrofeminist:innen	Eine Person, die sich einer Form des Feminismus verschrieben hat, die als Reaktion auf das Versagen der Mainstream-Feminismus- und Bürgerrechtsbewegung entstanden ist, die Wechselwirkungen zwischen weißer Vorherrschaft und Patriarchat anzuerkennen, die die besonderen Erfahrungen schwarzer Frauen prägen. Zu verwenden, wenn es um schwarze Feminist:innen geht oder wenn sich eine Person als solche identifiziert.	
homoit0000477	Schwarze schwule Männer	Schwule schwarze Männer	Schwarze Männer, die schwul oder homosexuell sind. Nur für Personen zu verwenden, die sich selbst als schwarz identifizieren. Nach Möglichkeit der Präferenz der Person für "Afroamerikanisch" oder "Schwarz" folgen.	
homoit0002764	Schwarze inter* Personen	Inter* schwarze Personen	Schwarze Menschen, die inter* sind. Nur für Personen zu verwenden, die sich selbst als schwarz identifizieren. Nach Möglichkeit der Präferenz der Person für "Afroamerikanisch" oder "Schwarz" folgen.	
homoit0000726	Schwarze Lesben	Lesbische schwarze Frauen	Schwarze Menschen, die lesbisch sind. Nur für Personen zu verwenden, die sich selbst als schwarz identifizieren. Nach Möglichkeit der Präferenz der Person für "Afroamerikanisch" oder "Schwarz" folgen.	
homoit0000208	Schwarze LGBTQ+-Personen		Schwarze Menschen, die auch LGBTQ+ sind. Nicht generell für People of Color zu verwenden. Nach Möglichkeit der Präferenz der Person für "Afroamerikanisch" oder "Schwarz" folgen.	
homoit0002398	Black Lives Matter-Bewegung	Black Lives Matter||BLM-Bewegung	Eine vor allem in den USA und Kanada verbreitete dezentrale politische und soziale Bewegung, die sich für gewaltfreien zivilen Ungehorsam einsetzt, um gegen Polizeibrutalität und alle rassistisch motivierten Gewalttaten gegen schwarze Menschen zu protestieren. Die breitere Bewegung und die mit ihr verbundenen Organisationen setzen sich in der Regel gegen Polizeigewalt gegenüber Schwarzen sowie für verschiedene andere politische Veränderungen ein, die als für die Befreiung schwarzer Menschen relevant angesehen werden.	
homoit0003400	Schwarze nichtbinäre Personen	Schwarze nicht-binäre Personen||Schwarze non-binäre Personen||Non-binäre schwarze Personen||Nichtbinäre schwarze Personen||Nicht-binäre schwarze Personen	Schwarze Menschen, die nichtbinär sind. Nur für Personen zu verwenden, die sich selbst als schwarz identifizieren. Nach Möglichkeit der Präferenz der Person für "Afroamerikanisch" oder "Schwarz" folgen.	
homoit0001163	Schwarze queere Personen	Queere schwarze Personen	Schwarze Menschen, die queer sind. Nur für Personen zu verwenden, die sich selbst als schwarz identifizieren. Nach Möglichkeit der Präferenz der Person für "Afroamerikanisch" oder "Schwarz" folgen.	
homoit0002399	Black Trans Lives Matter-Bewegung	Black Trans Lives Matter||BTLM	Ein Teil der Black Lives Matter-Bewegung, der sich speziell für schwarze trans Personen (insbesondere schwarze trans Frauen) einsetzt und für Rassengleichheit und die Befreiung schwarzer Menschen kämpft.	
homoit0001396	Schwarze trans Personen	Trans schwarze Personen	Schwarze Menschen, die trans sind. Nur für Personen zu verwenden, die sich selbst als schwarz identifizieren. Nach Möglichkeit der Präferenz der Person für "Afroamerikanisch" oder "Schwarz" folgen.	
homoit0002824	Blasenextrophie		Menschen mit Blasenekstrophie werden mit einer freiliegenden Harnblase (durch eine offene Bauchdecke) oder außerhalb des Körpers geboren. Sie können auch ein offenes Becken haben (das dadurch entsteht, dass die Schambeine nicht zusammenwachsen), was zu genitalen Unterschieden führt. Menschen mit Blasenekstrophie und XY-Chromosomen haben oft einen kürzeren Penis als normal, mit Epispadie (d. h. die Harnröhre mündet an der Oberseite des Penis statt an der Spitze) und Hodenhochstand. Menschen mit XX-Chromosomen und Blasenekstrophie haben oft eine höher als normal gelegene Harnröhre, weit auseinanderstehende Schamlippen (aufgrund des großen Abstands ihrer Schambeine) und eine Klitoris, die aus zwei Hälften mit einer Spalte in der Mitte besteht.	
homoit0001782	Blaqueer Personen	Black & Queer-Personen||BlaQ-Personen	Schwarze queere Menschen, die ihre queere Identität als wesentlich für ihre Schwarzheit erkennen und umgekehrt; wird nur verwendet, um Personen zu beschreiben, die sich als Blaqueer oder BlaQ identifizieren.	
homoit0000209	Augenbinden		Ein Accessoire, das zum Bedecken der Augen verwendet wird, traditionell ein Stück Stoff, das um den Kopf gebunden wird, um die Sicht zu verhindern oder einzuschränken.	
homoit0003078	Blood-Play		Verwendung von Blut zum erotischen oder sinnlichen Vergnügen.	
homoit0003367	Körperliche Selbstbestimmung	Körperliche Autonomie||Recht auf körperliche Selbstbestimmung||Recht auf körperliche Autonomie	Das Recht einer Person, ohne Einflussnahme oder Zwang von außen fundierte Entscheidungen über den eigenen Körper zu treffen.	
homoit0000214	Körperverzierung	Körperschmuck||Körpergestaltung	Verzierung oder Schmücken des menschlichen Körpers aus ästhetischen oder kulturellen Gründen; umfasst Schmuck, Make-up, Körperbemalung und temporäre Tattoos. Für Massnahmen, die den Körper verändern, den Begriff „Körpermodifikation“ verwenden.	
homoit0003134	Bodybag (erotisch)		Eine Körperhülle oder ein Sack, oft aus Leder, der zur sensorischen Deprivation oder bei sexuellen Praktiken verwendet wird.	
homoit0003061	Körperflüssigkeiten	Fäkalien||Milch||Rotz||Schweiß||Urin||Erbrochenes	Natürlich vorkommende Flüssigkeiten, die vom menschlichen Körper produziert werden.	
homoit0003076	Körpermodifikation	Körperveränderung	Massnahmen oder Eingriffe, die den Körper aus ästhetischen oder kulturellen Gründen verändern, oft dauerhaft oder semi-permanent; umfasst Tattoos, Piercings, Branding, Skarifizierung (Einbringen von Ziernarben in die Haut) sowie plastische Eingriffe. Für das temporäre Verzieren oder Schmücken des Körpers den Begriff "Körperverzierung" verwenden.	
homoit0001634	Körperteilfetisch	Partialismus||sexuelle Vorliebe für ein bestimmtes Körperteil	Fetische, die sich auf einen bestimmten Körperteil beziehen.	
homoit0003072	Body-Worship		Jede Praxis, den Körper eines anderen zu verehren, meist in einem sexuellen Kontext.	
homoit0000215	Boi		Slang für junge männliche oder transmaskuline Menschen. Der Begriff wird häufig in lesbischen Communitys verwendet.	
homoit0000086	Bondage		Das Fesseln oder Festbinden des Körpers, in der Regel mit Seilen, Handschellen, Klebeband oder anderen Haftmitteln, zum Zweck erotischer Lust oder ästhetischer Betrachtung.	
homoit0003064	Stiefelfetisch	Boot-Fetisch	Erotisierung von Stiefeln durch das Tragen und Einbeziehen in sexuelle Spiele.	
homoit0000217	Bootblacking		In der Leder- und Kink-Community der Vorgang des Reinigens und Pflegens von Leder.	
homoit0003105	Bootblack	Stiefelputzer	In der Leder- und Kink-Community eine Person, die jemandes Lederstiefel, -schuhe oder -kleidung reinigt und pflegt.	
homoit0000218	Boston Marriage		Das Zusammenleben zweier Frauen (oft in einer romantischen Beziehung) ohne die finanzielle Unterstützung eines Mannes. Entstanden in Neuengland (USA) im späten 19. Jahrhundert.	
homoit0000584	Bottom-Surgery	Genitalrekonstruktionschirurgie	Umgangssprachlicher Begriff für geschlechtsangleichende chirurgische Veränderungen der Genitalien und/oder Fortpflanzungsorgane.	
homoit0000219	Bottoms (Sex)	Bottoms	Der:Die rezeptive Partner:in beim Sex oder bei sexuellen Praktiken.	
homoit0000220	Junge		Kinder oder Jugendliche, in der Regel unter 18 Jahren, die sich als Jungen identifizieren.	
homoit0000221	Jungenfreundschaft		Verbindungen, die auf Zuneigung und Vertrauen zwischen zwei oder mehr Jungen basieren.	
homoit0002152	Boys Love (Genre)	BL||Boys Love||Shōnen Ai||Yaoi	Das Manga- und Anime-Genre fiktionaler Boy-Boy-Romanzen, in erster Linie für ein weibliches Publikum geschaffen; wird im Englischen manchmal synonym mit „Yaoi“ verwendet (im Japanischen jedoch nicht).	
homoit0000222	Brust	Brüste||Busen||Möpse||Titten||Titte||Vorbau	Eines der beiden weichen, hervorstehenden Organe auf der Brust einer Person.	
homoit0001620	Brustvergrößerung	Mammaaugmentation	Chirurgischer Eingriff zur Vergrößerung der Brust mithilfe eines Implantats; wird häufig von Transfrauen als geschlechtsangleichende Operation durchgeführt.	
homoit0001621	Brustfetisch	Busenfetisch||Tittenfetisch	Erotisierung der Brüste	
homoit0003132	Breast-Play	Brustspiel	Sexuelle Handlung, die die Brüste betrifft, einschließlich Streicheln/Begrapschen, Küssen, Lecken, Reiben, Kneifen oder Drücken/Zusammendrücken.	
homoit0001622	Brustverkleinerung	Mammareduktion	Chirurgischer Eingriff zur Verkleinerung der Brust. Wird häufig von Transmännern oder nicht-binären Personen als geschlechtsangleichende Operation durchgeführt.	
homoit0001623	Brustgröße		Die Größe des Brustgewebes einer Person; kann als Annäherungswert (z.B. große Brüste, kleine Brüste) oder als Referenz für Messstandards für BHs und andere Stützkleidung verwendet werden.	
homoit0003130	Brustfolter	Tittenfolter	Kink-Aktivität, bei der intensive Empfindungen, Schmerzen oder Einschnürungen an den Brüsten hervorgerufen werden.	
homoit0003113	Atemkontrolle	Asphyxiophilie||Breath-Play	Die Fähigkeit zu atmen kontrollieren oder einschränken, um gesteigerte Lust oder Stimulation zu erreichen.	
homoit0000223	Bordelle	Freudenhaus||Puff||Laufhaus||Stundenhotel	Einrichtung, in denen für sexuelle Handlungen mit Sexarbeiter:innen bezahlt wird. Bordelle können illegal, entkriminalisiert oder legal sein.	
homoit0000224	Brotherboy		Indigener australischer Begriff für Menschen, die eine Geschlechtsumwandlung von weiblich zu männlich vornehmen.	
homoit0000226	LGBTQ+-Peer-Unterstützung	Peer-to-Peer-Unterstützung für LGBTQ+	Eine Peer-to-Peer-Form der Gesundheitsfürsorge für LGBTQ+-Personen, bei der Freiwillige (manchmal auch „Buddies” genannt) Menschen zu Arztterminen begleiten, um ihnen emotionale und logistische Unterstützung zu bieten.	
homoit0003129	Bug-Chasing	Pozzen||Pozzing||Absichtliche HIV-Ansteckung	Die Handlung oder Fantasie, Sex mit der Absicht zu haben, sich mit HIV/AIDS zu infizieren.	
homoit0003128	Bukkake		Ein sexueller Akt, bei dem mehrere Personen auf eine Person ejakulieren, typischerweise auf das Gesicht.	
homoit0000228	Mobbing	Mobben	Eine Form aggressiven Verhaltens, die verbale Belästigung, körperliche Gewalt oder Nötigung umfassen kann. Mobbing richtet sich in der Regel wiederholt gegen bestimmte Opfer, häufig aufgrund ihrer ethnischen Herkunft, ihres Geschlechts, ihrer Sexualität oder ihrer Fähigkeiten.	
homoit0000229	Schwurjungfrau	Burrnesha||Eingeschworene Jungfrau	Personen auf dem Balkan, die bei ihrer Geburt als weiblich zugewiesen wurden, ein Keuschheitsgelübde ablegen und als Männer leben.	
homoit0002153	Bury Your Gays	Begrabe deine Homosexuellen||Begrabe deine Schwulen||Begrabe deine Gays||Dead Lesbian Trope||Tote Lesben Trope	Der Trope in der Fiktion, der verlangt, dass LGBTQ+-Charaktere sterben oder ein anderes unglückliches Ende nehmen. Der Trope ist auch als „Dead Lesbian Trope“ bekannt, da lesbische und bisexuelle weibliche Charaktere häufig das Ziel sind. Auch Transgender-Charaktere sind häufig diesem Trope unterworfen worden. Sowohl "Bury Your Gays" als auch "Dead Lesbian Trope" wird meist auch im deutschen Sprachraum nicht übersetzt.	
homoit0000230	Butch-Femme-Beziehungen		Romantische, sexuelle oder spielerische Beziehungen zwischen einer sich als maskulin identifizierenden oder darstellenden Person und einer sich als feminin identifizierenden oder darstellenden Person. Obwohl die Begriffe „Butch“ und „Femme“ am häufigsten in lesbischen Gemeinschaften verwendet werden, werden sie auch von anderen LGBTQ+ Menschen verwendet. Nur zur Beschreibung von Beziehungen zwischen Personen verwenden, die sich selbst als Butch und Femme identifizieren.	
homoit0000231	Butches		Eine maskulin geprägte Person jeglichen Geschlechts, wobei dieser Begriff am häufigsten in lesbischen Gemeinschaften verwendet wird.	
homoit0000232	Hintern	Arsch||Po||Popo||Pobacken||Gesäß	Umgangssprachliche Bezeichnung für das Gesäß bzw. die fleischigen Erhebungen an der Rückseite der Hüfte, auf denen der Mensch sitzt.	
homoit0000233	Analplugs	Buttplugs||Butt-Plugs||Anal-Plugs	Ein Sexspielzeug, das zur sexuellen Stimulation oder zum Vergnügen in den Anus eingeführt werden kann. Analplugs sind in der Regel kürzer als Dildos und haben eine aufgeweitete Basis, die verhindert, dass sie im Rektum verloren gehen.	
homoit0000234	Calabai		In der Kultur der Bugis bezieht sich dieser Begriff auf Menschen, denen bei der Geburt ein männliches Geschlecht zugewiesen wurde und die eine weibliche Rolle übernehmen.	
homoit0000235	Calalai		In der Kultur der Bugis bezieht sich dieser Begriff auf Menschen, denen bei der Geburt eine weibliche Rolle zugewiesen wurde, die aber männliche Rollen übernehmen.	
homoit0000238	Camp		Ein Stil und ein ästhetisches Empfinden in der queeren Kultur, das Ironie und schlechten Geschmack hochhält.	
homoit0003119	Caning	Rohrstockerziehung	Schlagen des Körpers mit einem Rohrstock als eine Form des Sexualssiels aus dem BDSM-Bereich.	
homoit0000241	Kastration	Kastrierung	Entfernung der Hoden oder der Möglichkeit, die Hoden zu verwenden. In der Regel durch chirurgische oder chemische Mittel. Dazu gehört auch die freiwillige Kastration als geschlechtsangleichender chirurgischer Eingriff oder als Teil eines religiösen Rituals. Für unfreiwillige Kastrationen, die von gesetzlichen Behörden oder als Hassverbrechen angeordnet werden, ist der Begriff „Zwangskastration“ zu verwenden.	
homoit0000242	Gelegenheitssex	Zwangloser Sex||Ungezwungener Sex||Beiläufiger Sex	Gelegentliche oder einmalige sexuelle Begegnungen zwischen zwei oder mehreren Personen, die in der Regel außerhalb von romantischen Beziehungen oder anderen Formen der Beziehung, emotionalen Bindung oder Vertrautheit stattfinden.	
homoit0000244	Zölibat		Bewusste Enthaltsamkeit von sexuellen Aktivitäten, oft in Verbindung mit religiösen Überzeugungen. Das Zölibat unterscheidet sich von der Asexualität; der Begriff sollte nur verwendet werden, um asexuelle Menschen zu beschreiben, wenn sie sich ebenfalls für eine bewusste Enthaltsamkeit entscheiden.	
homoit0000245	Zensur		Unterdrückung von Sprache, öffentlicher Kommunikation, Bildern, Ideen oder anderen Informationen durch Institutionen, Behörden oder andere Kontrollorgane, in der Regel, weil das Material als anstößig, schädlich oder sensibel erachtet wird.	
homoit0003292	Aromantische indigene Personen Zentralamerikas	Zentralamerikanische indigene aromantische Personen||Zentralamerikanisch-indigene aromantische Personen||Aromantische zentralamerikanisch-idigene Personen||Zentralamerikanisch-indigene Aromantische||Zentralamerikanische indigene Aromantische	Personen, die zu den indigenen Völkern Mittelamerikas gehören und sich selbst als aromantisch identifizieren.	
homoit0003281	Asxexuelle indigene Personen Zentralamerikas	Zentralamerikanische indigene asexuelle Personen||Zentralamerikanisch-indigene asexuelle Personen||Asexuelle zentralamerikanisch-idigene Personen||Zentralamerikanisch-indigene Asexuelle||Zentralamerikanische indigene Asexuelle	Personen, die zu den indigenen Völkern Mittelamerikas gehören und sich selbst als asexuell identifizieren.	
homoit0003282	Bisexuelle indigene Personen Zentralamerikas	Zentralamerikanische indigene bisexuelle Personen||Zentralamerikanisch-indigene bisexuelle Personen||Bisexuelle zentralamerikanisch-idigene Personen||Zentralamerikanisch-indigene Bisexuelle||Zentralamerikanische indigene Bisexuelle	Personen, die zu den indigenen Völkern Mittelamerikas gehören und sich selbst als bisexuell identifizieren.	
homoit0003289	Demisexuelle indigene Personen Zentralamerikas	Zentralamerikanische indigene demsexuelle Personen||Zentralamerikanisch-indigene demisexuelle Personen||Demisexuelle zentralamerikanisch-idigene Personen||Zentralamerikanisch-indigene Demisexuelle||Zentralamerikanische indigene Demisexuelle	Personen, die zu den indigenen Völkern Mittelamerikas gehören und sich selbst als demisexuell identifizieren.	
homoit0003283	Schwule indigene Männer Zentralamerikas	Zentralamerikanische indigene schwule Männer||Zentralamerikanisch-indigene schwule Männer||Schwule zentralamerikanisch-idigene Männer||Zentralamerikanisch-indigene Schwule||Zentralamerikanische indigene Schwule	Männer, die zu den indigenen Völkern Mittelamerikas gehören und sich selbst als schwul identifizieren.	
homoit0003291	Grauromantische indigene Personen Zentralamerikas	Zentralamerikanische indigene grauromantische Personen||Zentralamerikanisch-indigene grauromantische Personen||Grauromantische zentralamerikanisch-idigene Personen||Zentralamerikanisch-indigene Grauromantische||Zentralamerikanische indigene Grauromantische	Personen, die zu den indigenen Völkern Mittelamerikas gehören und sich selbst als grauromantisch identifizieren.	
homoit0003284	Indigene inter* Personen Zentralamerikas	Zentralamerikanische indigene inter* Personen||Zentralamerikanisch-indigene inter* Personen	Personen, die zu den indigenen Völkern Mittelamerikas gehören und sich selbst als inter* identifizieren.	
homoit0003285	Indigene Lesben Zentralamerikas	Zentralamerikanische indigene Lesben||Zentralamerikanisch-indigene Lesben	Personen, die zu den indigenen Völkern Mittelamerikas gehören und sich selbst als lesbisch identifizieren.	
homoit0003280	Indigene LGBTQ+-Personen Zentralamerikas	Zentralamerikanische indigene LGBTQ+-Personen||Zentralamerikanisch-indigene LGBTQ+-Personen	Menschen, die zu den indigenen Völkern Mittelamerikas gehören und sich selbst als LGBTQ+ identifizieren. Wenn möglich spezifischere Begriffe verwenden	
homoit0003290	Megasexuelle indigene Personen Zentralamerikas	Zentralamerikanische indigene megasexuelle Personen||Zentralamerikanisch-indigene megasexuelle Personen||Megasexuelle zentralamerikanisch-idigene Personen||Zentralamerikanisch-indigene Megasexuelle||Zentralamerikanische indigene Megasexuelle	Personen, die zu den indigenen Völkern Mittelamerikas gehören und sich selbst als megasexuell identifizieren.	
homoit0003288	Nichtbinäre indigene Personen Zentralamerikas	Zentralamerikanische indigene nichtbinäre Personen||Zentralamerikanisch-indigene nichtbinäre Personen||Nichtbinäre zentralamerikanisch-idigene Personen||Zentralamerikanische indigene nicht-binäre Personen||Zentralamerikanisch-indigene nicht-binäre Personen||Nicht-binäre zentralamerikanisch-idigene Personen||Zentralamerikanische indigene non-binäre Personen||Zentralamerikanisch-indigene non-binäre Personen||Non-binäre zentralamerikanisch-idigene Personen	Personen, die zu den indigenen Völkern Mittelamerikas gehören und sich selbst als nonbinär identifizieren.	
homoit0003286	Queere indigene Personen Zentralamerikas	Zentralamerikanische indigene queere Personen||Zentralamerikanisch-indigene queere Personen||Queere zentralamerikanisch-idigene Personen||Zentralamerikanisch-indigene Queere||Zentralamerikanische indigene Queere||Zentralamerikanische indigene Queer-Personen||Zentralamerikanische indigene Queer-Personen	Personen, die zu den indigenen Völkern Mittelamerikas gehören und sich selbst als queer identifizieren.	
homoit0003287	Indigene trans Personen Zentralamerikas	Zentralamerikanische indigene trans Personen||Zentralamerikanisch-indigene trans Personen	Personen, die zu den indigenen Völkern Mittelamerikas gehören und sich selbst als trans identifizieren.	
homoit0000246	Chakka		Abwertende Bezeichnung für eine Person des dritten Geschlechts in der Kultur von Karnataka in Indien.	
homoit0002109	Asexuelle Chakma		Asexuelle Personen, die der Stammesgruppe der Chakma angehören oder von ihr abstammen.	
homoit0002105	Bisexuelle Chakma		Bisexuelle Personen, die der Stammesgruppe der Chakma angehören oder von ihr abstammen.	
homoit0002104	Schwule Chakma		Schwule Männer, die der Stammesgruppe der Chakma angehören oder von ihr abstammen.	
homoit0002107	Inter* Chakma		Inter* Personen, die der Stammesgruppe der Chakma angehören oder von ihr abstammen.	
homoit0002103	Lesbische Chakma		Lesben, die der Stammesgruppe der Chakma angehören oder von ihr abstammen	
homoit0002102	LGBTQ+-Chakma		LGBTQ+-Personen, die der Stammesgruppe der Chakma angehören oder von ihr abstammen	
homoit0003401	Nichtbinäre Chakma	Nonbinäre Chakma||Non-binäre Chakma||Nicht-binäre Chakma	Nichtbinäre Personen, die der Stammesgruppe der Chakma angehören oder von ihr abstammen	
homoit0002106	Queere Chakma		Queere Personen, die der Stammesgruppe der Chakma angehören oder von ihr abstammen	
homoit0002108	Trans Chakma		Trans Personen, die der Stammesgruppe der Chakma angehören oder von ihr abstammen	
homoit0000248	Umkleidekabinen	Umkleiden||Umkleideräume||Umkleidezimmer	Kabinen oder Bereiche in öffentlichen oder gewerblichen Räumen, in denen sich die Menschen mit unterschiedlichem Grad an Privatsphäre umziehen können.	
homoit0001814	Chaser		Personen, die ein Fetisch-Interesse an anderen Menschen bekunden und sexuelle Begegnungen mit ihnen anstreben, die ausschließlich auf deren Zugehörigkeit zu einer (in der Regel marginalisierten) Gruppe beruhen, der der Chaser nicht angehört. Wird oft mit anderen Begriffen kombiniert, um die Spezifizierung des Chasers zu definieren.	
homoit0003142	Keuschheitsvorrichtungen	Keuschheitsgürtel||Keschheitskäfig||Peniskäfig	Zubehör oder Vorrichtungen, die zur Einschränkung oder Begrenzung der Genitalien verwendet werden.	
homoit0003074	Keuschheitsspiel	Keuschheits-Spiel	Die Unterdrückung von sexueller Erregung, Orgasmus oder Sex als Akt der Unterwerfung, als Methode der erotischen Disziplin oder zur persönlichen Befriedigung.	
homoit0002289	Chemsex		Sexuelle Aktivitäten, die den Gebrauch von Drogen beinhalten, typischerweise um sexuelle Erregung auszulösen, sexuelles Vergnügen zu steigern und/oder sexuelle Begegnungen zu erleichtern, die mehrere Stunden oder Tage dauern.	
homoit0003118	Brust		Ein geschlechtsneutraler Begriff für den oberen Bereich des Oberkörpers, der unabhängig davon verwendet werden kann, ob die Person Brüste hat oder nicht.	
homoit0000252	Brust-Harness	Brustgurt||Brustgeschirre	Tragbare Accessoires, die in der Regel aus Lederriemen und Metallringen oder Befestigungselementen bestehen und wie eine Weste um Brust und Schultern gelegt werden. Sie können als modisches Statement getragen werden, um die Zugehörigkeit zur Leder- oder BDSM-Gemeinschaft zu signalisieren, oder um die Bewegungsfreiheit der tragenden Person beim Sex einzuschränken.	
homoit0003133	Bruststimulation		Ein geschlechtsneutraler Begriff für jede sexuelle Aktivität, die den oberen Bereich des Oberkörpers betrifft, einschließlich Streicheln/Tasten, Küssen, Lecken, Reiben, Kneifen oder Quetschen/Einschnüren.	
homoit0001841	Chirurgische Brustrekonstruktion	Chirurgische Rekonstruktion der Brust||Operation zur Brustrekonstruktion	Rekonstruktion der Brust, typischerweise nach einer Mastektomie, um der Brust ein männlicheres Erscheinungsbild zu verleihen.	
homoit0002018	Bisexuelle Chicanxs	Chicanx bisesexuelle Personen||Bisesexuelle Chicanx-Personen||Bisexuelle Chicanas||Bisexuelle Chicanos	Bisexuelle Personen mexikanischer Abstammung, die in den Vereinigten Staaten geboren sind; nur zur Beschreibung von Personen verwenden, die sich selbst als Chicano, Chicana oder Chicanx bezeichnen. Nicht mit Latino, Latina, Latinx oder Hispanoamerikaner:innen gleichsetzen.	
homoit0002017	Schwule Chicanos	Schwule Chicano-Männer||Schwule chicano Männer||Chicano schwule Männer	Schwule Männer mexikanischer Abstammung, die in den Vereinigten Staaten geboren sind; nur zur Beschreibung von Personen verwenden, die sich selbst als Chicano bezeichnen. Nicht mit Latino Hispanoamerikaner gleichsetzen.	
homoit0002021	Inter* Chicanxs	Chicanx inter* Personen||Inter* Chicanx-Personen||Inter* Chicanas||Inter* Chicanos	Inter* Personen mexikanischer Abstammung, die in den Vereinigten Staaten geboren sind; nur zur Beschreibung von Personen verwenden, die sich selbst als Chicano, Chicana oder Chicanx bezeichnen. Nicht mit Latino, Latina, Latinx oder Hispanoamerikaner:innen gleichsetzen.	
homoit0002008	Chicanx-Lesben	Chicanx lesbische Personen||Lesbische Chicanxs||Chicana-Lesben||Lesbische Chicanas	Lesben mexikanischer Abstammung, die in den Vereinigten Staaten geboren sind; nur zur Beschreibung von Personen verwenden, die sich selbst als Chicano, Chicana oder Chicanx bezeichnen. Nicht mit Latino, Latina, Latinx oder Hispanoamerikaner:innen gleichsetzen.	
homoit0002007	LGBTQ+-Chicanxs	Chicanx LGBTQ+-Personen||LGBTQ+-Chicanas||LGBTQ+-Chicanos	LGBTQ+-Personen mexikanischer Abstammung, die in den Vereinigten Staaten geboren sind; nur zur Beschreibung von Personen verwenden, die sich selbst als Chicano, Chicana oder Chicanx bezeichnen. Nicht mit Latino, Latina, Latinx oder Hispanoamerikaner:innen gleichsetzen.	
homoit0003402	Nichtbinäre Chicanxs	Nicht-binäre Chicanxs||Nonbinäre Chicanxs||Non-binäre Chicanxs	Nichtbinäre Personen mexikanischer Abstammung, die in den Vereinigten Staaten geboren sind; nur zur Beschreibung von Personen verwenden, die sich selbst als Chicanx bezeichnen. Nicht mit Latinx oder Hispanoamerikaner:innen gleichsetzen.	
homoit0002020	Queere Chicanxs	Queere Chicanxs-Personen||Chicanxs queere Personen||Chicanxs Queer-Personen	Queere Personen mexikanischer Abstammung, die in den Vereinigten Staaten geboren sind; nur zur Beschreibung von Personen verwenden, die sich selbst als Chicano, Chicana oder Chicanx bezeichnen. Nicht mit Latino, Latina, Latinx oder Hispanoamerikaner:innen gleichsetzen.	
homoit0002019	Trans Chicanxs	Trans Chicanxs-Personen||Trans Chicanas||Trans Chicanos	Trans Personen mexikanischer Abstammung, die in den Vereinigten Staaten geboren sind; nur zur Beschreibung von Personen verwenden, die sich selbst als Chicano, Chicana oder Chicanx bezeichnen. Nicht mit Latino, Latina, Latinx oder Hispanoamerikaner:innen gleichsetzen.	
homoit0000254	Sorgerecht für Kinder	Vormundschaft für Kinder	Rechtsbegriff für die Vormundschaft für ein Kind oder die rechtliche und praktische Beziehung zwischen einem Elternteil und einem Kind in dessen Obhut. Wird in der Regel verwendet, um das Sorgerecht für ein Kind zu beschreiben, also das Recht, Entscheidungen über das Kind zu treffen, sowie die Obhut, also das Recht und die Pflicht, das Kind zu unterzubringen, zu versorgen und zu betreuen.	
homoit0003433	Inhalte zu sexuellem Kindesmissbrauch	CSAM	Bilder und Videos, die Kinder und Minderjährige bei sexuellen Handlungen zeigen. Dieser Begriff fällt zwar nicht in den Rahmen des Homosaurus-Vokabulars, wird jedoch als Alternative zu häufig verwendeten Begriffen wie „Kinderpornografie” angeboten, um zu verdeutlichen, dass die Produktion solcher Materialien eine direkte Folge des sexuellen Missbrauchs von Kindern ist und zu diesem beiträgt.	
homoit0000255	Kinder		Menschen, die das Erwachsenenalter noch nicht erreicht haben.	
homoit0001765	Kinder von aromantischen Personen	Kinder von Aro-Personen	Kinder, die einen oder mehrere aromantische Elternteile haben.	
homoit0001766	Kinder von asexuellen Personen	Kinder von ace Personen	Kinder, die einen oder mehrere asexuelle Elternteile haben.	
homoit0000257	Kinder von bisexuellen Personen		Kinder, die einen oder mehrere bisexuelle Elternteile haben.	
homoit0000258	Kinder von schwulen Männern		Kinder, die einen oder mehrere schwule Väter haben.	
homoit0001767	Kinder von inter* Personen		Kinder, die einen oder mehrere inter* Elternteile haben.	
homoit0000259	Kinder von Lesben		Kinder, die eine oder mehrere lesbische Mütter haben.	
homoit0000260	Kinder von LGBTQ+-Personen		Kinder, die einen oder mehrere LGBTQ+-Elternteile haben.	
homoit0000262	Kinder von queeren Personen		Kinder, die einen oder mehrere queere Elternteile haben.	
homoit0000261	Kinder von trans Personen		Kinder, die einen oder mehrere trans Elternteile haben.	
homoit0001768	Kinder von Two-Spirit-Personen	Kinder von 2S-Personen||Kinder von Two-Spirits	Kinder, die einen oder mehrere Two-Sprit-Elternteile haben.	
homoit0000263	Kindliche Sexualität	Sexualität von Kindern	Das Sexualverhalten von Kindern, einschließlich des Bewusstseins der Kinder für ihre sexuelle Orientierung.	
homoit0002825	Chimäre	Menschliche Chimäre	Chimären oder Menschen mit Chimärismus haben zwei verschiedene DNA-Sätze. Dies geschieht, wenn eine Person mit zweieiigen Zwillingen schwanger ist, sich die Embryonen jedoch zu einem Fötus verbinden.	
homoit0002826	Chimärismus		Ein Begriff, der verwendet wird, um die Variante zu beschreiben, bei der eine Person mit zwei oder mehreren unterschiedlichen DNA-Sätzen geboren wird. Dies kann auftreten, wenn sich mehrere Zygoten (z. B. zweieiige Zwillinge) verbinden und zu einem Fötus entwickeln. Geschlechtschromosomen-diskordanter Chimärismus tritt auf, wenn mindestens ein Embryo mit XX-Chromosomen mit mindestens einem Embryo mit XY-Chromosomen zusammenwächst. Eine Person, die sich auf diese Weise entwickelt, kann sowohl XX- als auch XY-Chromosomensätze oder ein Chromosomenmuster von 46XX/46XY haben und eine Vielzahl unterschiedlicher Geschlechtsmerkmale aufweisen. Viele Menschen mit Chimärismus und XX/XY-Chromosomen haben sowohl Eierstock- als auch Hodengewebe, während andere nur Hoden oder nur Eierstöcke haben und wieder andere eine Gonadendysgenesie aufweisen. Einige haben auffällige genitale Unterschiede, andere nicht.	
homoit0000264	Wahlname	Gewählter Name	Ein Name, der von einer Person gewählt wurde und sich von ihrem Geburtsnamen oder offiziellen Namen unterscheidet; wird oft verwendet, um Namen zu beschreiben, die von LGBTQ+-Personen gewählt wurden, um ihrer Identität besser zu entsprechen.	
homoit0000266	Chromosomen		Strukturen, die im Nukleus der meisten lebenden Zellen vorkommen und genetische Informationen in Form von Genen tragen. Wird häufig in Bezug auf Geschlechtschromosomen verwendet, eine Art von Chromosomen, die an der Geschlechtsbestimmung beteiligt sind.	
homoit0000267	Chubs		Umgangssprachlicher Begriff, der in Schwulengemeinschaften (vor allem in den Vereinigten Staaten) verwendet wird, um größere oder kräftig gebaute schwule Männer zu beschreiben.	
homoit0003136	Zigarrenspiel	Cigar-Play||Zigarrenplay||Zigarren-Play	Eine Form des Spiels mit Hitze, bei der Zigarren verwendet werden, die in der Regel auf die Haut angwendet werden.	
homoit0000269	Beschneidung		Chirurgische Entfernung der Vorhaut des Penis.	
homoit0002283	Cis Jungen		Jungen (in der Regel Kinder oder Jugendliche unter 18 Jahren), die cis sind.	
homoit0002282	Cis Kinder		Kinder unter 18 Jahren, die sich als cis identifizieren.	
homoit0002284	Cis Mädchen		Mädchen (in der Regel Kinder oder Jugendliche unter 18 Jahren), die cis sind.	
homoit0001925	Cisidentität	Cisgenderidentität	Bezeichnung für Menschen, die sich mit dem Geschlecht identifizieren, das ihnen bei der Geburt zugewiesen wurde.	
homoit0000270	Cis Männer		Männer, deren Geschlechtsidentität mit dem Geschlecht übereinstimmt, das ihnen bei der Geburt zugewiesen wurde.	
homoit0000271	Cis Personen		Personen, deren Geschlechtsidentität mit dem Geschlecht übereinstimmt, das ihnen bei der Geburt zugewiesen wurde.	
homoit0000272	Cis Frauen		Frauen, deren Geschlechtsidentität mit dem Geschlecht übereinstimmt, das ihnen bei der Geburt zugewiesen wurde.	
homoit0002281	Cis Jugendliche	Cis Teenager	Cis Personen im Alter zwischen Kindheit und Erwachsenenalter.	
homoit0000273	Cissexuelle Personen		Personen, deren biologisches Geschlecht mit dem Geschlecht übereinstimmt, das ihnen bei der Geburt zugewiesen wurde. Im Deutschen ein synonymer Begriff zu cisgeschlechtlich. Cissexuell fokussiert sich stärker auf den körperlichen und medizinischen Aspekt (Sex).	
homoit0001924	Cissexualität	Zissexualität	Bezeichnung für Menschen, die sich mit dem Geschlecht identifizieren, das ihnen bei der Geburt zugewiesen wurde. Im Deutschen ein synonymer Begriff zu Cisgeschlechtlichkeit. Fokussiert sich stärker auf die körperliche und biologische Ebene sowie das Begehren.	
homoit0000277	Lebenspartnerschaftsurkunden		Offizielle Urkunden, die gemäß den Gesetzen bestimmter Gerichtsbarkeiten geschlossene Lebenspartnerschaften bescheinigen.	
homoit0000275	Lebenspartnerschaftsdokumente		Offizielle Dokumente, die gemäß den Gesetzen bestimmter Gerichtsbarkeiten geschlossene Lebenspartnerschaften bescheinigen.	
homoit0000274	Eingetragene Partnerschaft	Eingetragene Lebenspartnerschaft||Lebenspartnerschaft	Gesetzlich anerkannte Partnerschaften mit ähnlichen (aber oft nicht identischen oder gleichen) Rechten wie die Ehe, die ursprünglich für gleichgeschlechtliche Paare in Ländern geschaffen wurden, in denen ihnen die Eheschließung gesetzlich nicht gestattet war.	
homoit0003143	Klammern (erotisch)	Klemmen	Ein Instrument, das dazu bestimmt ist, etwas fest zusammenzuhalten oder anderweitig an etwas (beispielsweise den Brustwarzen) zu befestigen, um sexuelle Befriedigung zu erlangen.	
homoit0002827	Klassische kongenitale Nebennierenhyperplasie		Menschen mit klassischer kongenitaler Nebennierenhyperplasie, einer Unterform der kongenitalen Nebennierenhyperplasie (CAH), haben ausgeprägtere Probleme mit der Cortisol- und/oder Aldosteronproduktion. Diese Abweichung wird meist bei der Geburt oder kurz danach festgestellt.	
homoit0000279	Klitorispiercing	Klitorisring	Genitalpiercings, die direkt durch die Klitorisvorhaut gestochen werden und in der Regel aus ästhetischen Gründen oder zur Steigerung der sexuellen Erregung getragen werden.	
homoit0000280	Klitoraler Sex	Klitoris-Sex||Klitoraler Geschlechtsverkehr	Sexuelle Handlungen, die die Klitoris mit einbeziehen.	
homoit0000281	Klitoridektomie	Weibliche Genitalverstümmelung	Chirurgischer Eingriff zur Entfernung oder Verkleinerung der Klitoris.	
homoit0000282	Klitoris		Erogenes äußeres Organ, das unter sexueller Stimulation eine Erektion entwickeln kann.	
homoit0000283	Klitorishypertrophie	Klitoromegalie||Megaloklitoris	Menschen, die mit einer Klitorishypertrophie geboren werden, haben eine Klitoris, die größer ist als die gesellschaftlich als typisch angesehene Größe. Klitorishypertrophie ist ein Merkmal, das mit verschiedenen intergeschlechtlichen Variationen in Verbindung gebracht wird, darunter angeborene Nebennierenhyperplasie und durch Progestin induzierte Virilisierung.	
homoit0001844	Klitorisplastik		Chirurgische Konstruktion der Klitoris, häufig als Form der geschlechtsangleichenden Operation durchgeführt.	
homoit0002828	Kloakenekstrophie		Menschen, die mit einer Kloakenekstrophie geboren werden, haben eine offene Bauchdecke, durch die ihr Dickdarm, ihre Blase und manchmal auch andere Bauchorgane sichtbar sind. Ihre Organe können bei der Geburt auch außerhalb des Körpers liegen. Die Blase ist oft in zwei Hälften geteilt, und Dickdarm und Blase können miteinander verbunden sein. Die Afteröffnung kann blockiert sein oder nicht ausgebildet sein. Die Schambeine sind nicht miteinander verbunden, was zu einem offenen Becken mit auffälligen genitalen Unterschieden führt. Menschen mit XY-Chromosomen und Kloakenekstrophie haben möglicherweise einen kleiner als gewöhnlich ausgeprägten Penis, der flach oder in zwei Hälften geteilt ist, mit einer Epispadie (Öffnung an der Oberseite des Penis statt an der Spitze) und Hodenhochstand. Menschen mit XX-Chromosomen und Kloakenekstrophie haben in der Regel eine in zwei Hälften geteilte Klitoris und möglicherweise zwei Vaginalöffnungen.	
homoit0001781	Clocking		Slangbegriff für die Handlung, jemanden in der Öffentlichkeit als trans, Crossdresser oder Dragqueen zu identifizieren (oder zu entlarven), wenn diese Person beabsichtigt, von anderen als cisgender wahrgenommen zu werden, in der Regel aus Gründen der persönlichen Sicherheit. Clocking wird oft als Bedrohung (mit Gewalt oder öffentlicher Bloßstellung) gegenüber der identifizierten Person verstanden.	
homoit0000284	Clones (schwuler Kontext)	Castro clones	Historischer Begriff für schwule Männer, die sich auf eine bestimmte maskuline Art kleiden; wird häufig im Stadtteil Castro in San Francisco verwendet.	
homoit0002905	Ungeoutete asexuelle Personen	Nicht geoutete asexuelle Personen	Asexuelle Personen, die diese Identität vor anderen nicht preisgeben.	
homoit0000285	Ungeoutete bisexuelle Personen	Nicht geoutete bisexuelle Personen	Bisexuelle Personen, die diese Identität vor anderen nicht preisgeben.	
homoit0000286	Ungeoutete schwule Männer	Nicht geoutete schwule Männer	Schwule Männer, die diese Identität vor anderen nicht preisgeben.	
homoit0001786	Ungeoutete inter* Personen	Nicht geoutete inter* Personen	Inter* Personen, die diese Identität vor anderen nicht preisgeben.	
homoit0000287	Ungeoutete Lesben	Nicht geoutete Lesben	Lesben, die diese Identität vor anderen nicht preisgeben.	
homoit0001783	Ungeoutete LGBTQ+-Personen	Nicht geoutete LGBTQ+-Personen	LGBTQ+-Personen, die diese Identität vor anderen nicht preisgeben.	
homoit0003403	Ungeoutete nichtbinäre Personen	Nicht geoutete nicht-binäre Personen||Nicht geoutete non-binäre Personen	Nichtbinäre Personen, die diese Identität vor anderen nicht preisgeben.	
homoit0001785	Ungeoutete queere Personen	Nicht geoutete queere Personen	Queere Personen, die diese Identität vor anderen nicht preisgeben.	
homoit0001784	Ungeoutete trans Personen	Nicht geoutete trans Personen	Trans Personen, die diese Identität vor anderen nicht preisgeben.	
homoit0001787	Ungeoutete Two-Spirit-Personen	Nicht geoutete Two-Spirit-Personen||Ungeoutete 2S-Personen||Nicht geoutete 2S-Personen	Two-Spirit-Personen, die diese Identität vor anderen nicht preisgeben.	
homoit0003144	Wäscheklammern (erotisch)		Ein Befestigungselement, das normalerweise zum Aufhängen von Kleidung zum Trocknen verwendet wird, hier als Sexspielzeug eingesetzt.	
homoit0000289	Kleidung		Gegenstände, die zum Schutz, zur Isolierung und zur Selbstdarstellung am Körper getragen werden; in der Regel aus Stoff oder Textilien hergestellt.	
homoit0001674	Co (Pronomen)		Eine Reihe von Pronomen aus dem Englischen. Verwendung: Co hat die Homosaurus-Website besucht. Ich habe beobachtet, wie Co im Homosaurus recherchiert hat. Co nutzt den Homosaurus selbst.	
homoit0000292	Cockring	Penisring	Ringe oder ringförmige Sexspielzeuge, die am Penis getragen werden, um eine Erektion aufrechtzuerhalten und einen Orgasmus zu verhindern.	
homoit0000294	Halsband		Um den Hals getragene Riemen oder Bänder aus Stoff. Sie können als modisches Accessoire getragen werden, um im Rahmen einer BDSM-Beziehung die „Besitzansprüche” eines:einer dominanten Partner:in zu signalisieren, oder beim Sex, um die Bewegungsfreiheit und die Atemkontrolle des Tragenden einzuschränken.	
homoit0000295	Coming-out	Rauskommen	Prozess der Akzeptanz und Offenlegung der eigenen sexuellen Identität oder Geschlechtsidentität gegenüber sich selbst und/oder anderen.	
homoit0000296	Eheähnliche Gemeinschaft	Konkubinat	Rechtlicher Rahmen, in dem zwei Partner:innen als verheiratet gelten, ohne ihre Beziehung formell als standesamtliche oder kirchliche Ehe registriert zu haben. Die eheähnliche Gemeinschaft gewährt bestimmte wirtschaftliche Rechte und rechtliche Privilegien. In der Schweiz wird die eheähnliche Gemeinschaft Konkubinat genannt.	
homoit0001649	Mitfreude	Resonanzfreude||Compersion	Die positive Emotion, die eine Person in Bezug auf die Beziehung ihres:ihrer Partner:in zu einem:einer anderen Partner:in empfinden kann. Wird oft als das Gegenteil von Eifersucht definiert.	
homoit0002829	Komplettes Androgeninsensitivitätssyndrom	Komplette Androgenresistenz||Goldberg-Maxwell-Morris-Syndrom||CAIS	Menschen mit vollständigem Androgeninsensitivitätssyndrom (CAIS) reagieren nicht auf Androgene und werden mit einer Vulva und Klitoris sowie einer kürzeren als der typischen Vagina und nicht heruntergewanderten Hoden geboren. In der Pubertät entwickeln sie aufgrund der natürlichen Umwandlung von Testosteron in Östrogen durch den Körper Brüste und andere Merkmale, die mit einer typischen Östrogen-Pubertät verbunden sind. Menschen mit CAIS haben jedoch keine Menstruation, da sie keine Gebärmutter und keine Eierstöcke haben.	
homoit0002830	Gonadendysgenesie, 46, XY-Typ	Swyer-Syndrom	Menschen mit vollständiger Gonadendysgenesie werden mit XX- oder XY-Chromosomen und Gonadengewebe geboren, das sich nicht zu Hoden oder Eierstöcken entwickelt hat (auch als Streak-Gonaden bezeichnet). Sie werden in der Regel mit einer Vulva und einer Vagina geboren und entwickeln in der Pubertät normalerweise keine sekundären Geschlechtsmerkmale, da Streak-Gonaden keine Hormone produzieren.	
homoit0001650	Zwangsmonogamie		Die Annahme, dass alle Menschen den Wunsch nach monogamen Beziehungen teilen und dass dies ein bevorzugtes Lebensziel ist.	
homoit0001535	Zwangssexualität		Die Überzeugung, dass jeder entweder sexuell verfügbar sein oder in einer sexuellen Beziehung leben sollte.	
homoit0000843	Reproduktion bei LGBTQ+-Personen		Überbegriff für die Prozesse, durch die LGBTQ+-Personen Kinder bekommen, einschliesslich Situationen, in denen eine LGBTQ+-Person, ihre Partnerperson oder eine Drittperson mit einem Kind schwanger wird, das von einer LGBTQ+-Person aufgezogen wird, sowie Situationen, in denen LGBTQ+-Personen Kinder bekommen, die von anderen Eltern grossgezogen werden.	
homoit0000299	Kondome	Gummis||Pariser||Präservative||Präser||Verhüterli	Verhütungsmittel aus Latex, die während des Geschlechtsverkehrs zum Schutz vor sexuell übertragbaren Krankheiten und/oder einer Schwangerschaft über den Penis gezogen werden.	
homoit0000301	Kongenitale Nebennierenhyperplasie	Angeborene Nebennierenhyperplasie||Kongenitale adrenale Hyperplasie||CAH	Die kongenitale Nebennierenhyperplasie (CAH) ist eine Gruppe verschiedener, aber miteinander verbundener genetischer Variationen, die die Enzyme beeinflussen, mit denen die Nebennieren Hormone produzieren, die die Körperfunktionen regulieren. Menschen mit CAH produzieren nicht immer die benötigte Menge an Cortisol oder Aldosteron, aber sie können auf natürliche Weise überdurchschnittlich hohe Mengen an Androgenen wie Testosteron produzieren, um den Körper beim Ausgleich zu unterstützen. Menschen mit CAH können mit XX- oder XY-Chromosomen geboren werden. Bei Menschen mit CAH und XY-Chromosomen wird in der Regel keine Veränderung der Geschlechtsmerkmale angenommen, da eine erhöhte Androgenproduktion nicht zur Entwicklung von Merkmalen führt, die für Menschen, denen bei der Geburt das männliche Geschlecht zugewiesen wurde, nicht als typisch gelten. Bei Menschen mit XX-Chromosomen und CAH kann die erhöhte Androgenproduktion zu genitalen Unterschieden führen, wie z. B. einer überdurchschnittlich großen Klitoris, verwachsenen Schamlippen und einer Verwachsung von Harnröhre und Scheidenkanal zu einer einzigen Öffnung. Sie können auch einige Merkmale wie Körper- und Gesichtsbehaarung oder eine erhöhte Muskelmasse während der Kindheit oder Pubertät entwickeln.	
homoit0002831	Penisverkrümmung	Peniskurvatur||Penisdeviation	Menschen, die mit einer angeborenen Penisverkrümmung geboren werden, haben einen Penis, der nach oben oder unten gekrümmt ist oder sich zu einer Seite neigt, was in der Regel auf Bänder aus fibrösem Gewebe zurückzuführen ist, die den Penis in eine bestimmte Richtung ziehen. Menschen mit einer angeborenen Penisverkrümmung leiden häufig unter Hypospadie, was bedeutet, dass sich ihre Harnröhrenöffnung nicht an der Spitze des Penis befindet.	
homoit0001651	Einvernehmliche Nicht-Monogamie	Konsensuelle Nicht-Monogamie	Die Praxis romantischer oder sexueller Beziehungen mit mehr als einer Person gleichzeitig und mit dem Einverständnis aller beteiligten Partner:innen.	
homoit0000302	Konsens	Einvernehmlichkeit	Erlaubnis oder Zustimmung für eine Reihe von Handlungen, insbesondere im Rahmen einer sexuellen Begegnung und/oder innerhalb einer Beziehungsdynamik.	
homoit0003139	Consent play		Eine Art einvernehmliches Spiel, bei dem ein oder mehrere Partner:innen gespielte Zwangsmaßnahmen, Einschüchterungen, Gewalt oder Kämpfe ausüben.	
homoit0001807	Inhaltswarnung	Triggerwarnung	Hinweise, die Personen darauf aufmerksam machen, dass Inhalte verstörend oder anstößig sein können. Dazu gehören auch Warnhinweise zu Fanwerken (in der Regel von den Urheber:innen), die über möglicherweise verstörende, auslösende oder kontroverse Elemente innerhalb eines Werks informieren.	
homoit0000303	Konversionstherapie	Reparativtherapie||Umpolungstherapie	Bemühungen, die sexuelle oder geschlechtliche Identität einer Person, die LGBTQ+ ist oder vermutlich ist, zu ändern, um heterosexuellen oder cisgender Normen zu entsprechen, typischerweise in der Überzeugung, dass LGBTQ+ zu sein gefährlich und/oder das Ergebnis einer psychischen Erkrankung oder eines Traumas ist. Zu den Verfahren der Konversionstherapie gehören Visualisierungstraining, spirituelle Interventionen und andere Aversionsbehandlungen.	
homoit0002288	Bärtchen	Oberlippenbart	Slangbegriff für Schnurrbärte oder Gesichtsbehaarung an der Oberlippe, insbesondere bei Lesben.	
homoit0000306	Korrigierende Vergewaltigung	Korrekturvergewaltigung	Kriminelle Praxis, bei der Männer Lesben vergewaltigen, manchmal unter Aufsicht von Mitgliedern der Familien der Frauen oder lokaler Gemeinschaften, mit dem angeblichen Ziel, sie von ihrer Homosexualität zu „heilen“.	
homoit0000307	Korsett	Mieder||Schnürbrust||Korsage	Ein Kleidungsstück, um den Oberkörper in eine gewünschte Form zu bringen und zu halten, traditionell eine schmalere Taille oder ein größeres Gesäß, aus ästhetischen Gründen (entweder für die Dauer des Tragens oder mit einer länger anhaltenden Wirkung) oder um die Brüste zu stützen.	
homoit0001808	Kostüm		Kleidung oder Verkleidung, um eine bestimmte Person, einen bestimmten Ort, eine bestimmte Sache oder eine bestimmte Zeitperiode nachzuahmen.	
homoit0000308	Cottages (schwule Kontext)	Öffentliche Toiletten||Klappen	Britischer Slangbegriff für öffentliche Toiletten, die als Orte für sexuelle Begegnungen genutzt werden, insbesondere von schwulen Männern.	
homoit0000309	Cottaging (schwule Kontext)		Britischer Slangbegriff in der Schwulenszene, um die Praxis des anonymen Sex in öffentlichen Toiletten oder die Suche nach Sexualpartnern dort zu beschreiben.	
homoit0000311	Gerichtsbeschluss	Gerichtliche Anordnung	Richterliche Erklärungen, die bestimmte Maßnahmen vorschreiben oder genehmigen (z.B. Gerichtsbeschlüsse zur Genehmigung oder Ablehnung von Anträgen auf Änderung des Namens oder des Geschlechtsmerkmals).	
homoit0000313	Strafrecht	Strafgesetz	Gesamtheit der Rechtsvorschriften im Bereich der Kriminalität, die die Rechtmäßigkeit und die Folgen von Handlungen regeln, die als bedrohlich, schädlich oder gefährlich für das Eigentum, die Gesundheit, die Sicherheit und/oder das moralische Wohlergehen von sich selbst und anderen angesehen werden.	
homoit0000314	Kriminalisierung		Der Prozess, durch den Verhaltensweisen und Personen als kriminell eingestuft werden und als solche bekannt werden.	
homoit0002389	Kriminalisierung von Crossdressing		Kriminalisierung jeglicher Ausdrucksform von Geschlecht, die in einem bestimmten soziokulturellen Kontext als Crossdressing angesehen wird.	
homoit0002388	Kriminalisierung von Gender-Nonkonformität		Kriminalisierung jeglicher Ausdrucksform von Geschlecht, die in einem bestimmten soziokulturellen Kontext als nonkonform angesehen wird.	
homoit0002380	Kriminalisierung von Homosexualität		Kriminalisierung von Handlungen, die als sexuell oder romantisch zwischen Personen angesehen werden, die in einem bestimmten soziokulturellen Kontext als derselben Geschlechtskategorie angehörig wahrgenommen werden.	
homoit0001891	Crip		Eine verkürzte Form des Wortes „cripple“ (Krüppel), die von Menschen mit Behinderung zurückerobert wurde, um Stolz auszudrücken und ihre politischen und gemeinschaftlichen Verbindungen zu verdeutlichen. Nur in Bezug auf Personen oder Organisationen zu verwenden, die sich selbst als „crip“ bezeichnen. Aufgrund der vielen Überschneidungen zwischen der Crip-Theorie/-Kultur und der Queertheorie/-kultur werden beide oft, aber nicht immer, als miteinander verbunden angesehen.	
homoit0001902	Critical Race Theory	CRT||Kritische "Rassen"-Theorie	Ein multidisziplinäres Forschungsgebiet und intellektueller Rahmen, der von Wissenschaftler:innen und Aktivist:innen genutzt wird, um die Schnittstellen von "Rasse", Klasse und Recht in den Vereinigten Staaten zu untersuchen und die gängigen liberalen Ansätze der USA zur Rassengerechtigkeit infrage zu stellen. Zu den Schlüsselkonzepten der CRT gehört die These, dass Rasse ein soziales Konstrukt ohne biologische Grundlage ist und dass Rassismus und ungleiche Ergebnisse aufgrund von "Rasse" das Ergebnis komplexer, sich verändernder und oft subtiler sozialer und institutioneller Dynamiken sind und nicht das Ergebnis expliziter und absichtlicher Vorurteile einzelner Personen.	
homoit0000315	Interkulturelle Beziehungen		Beziehungen zwischen Menschen unterschiedlicher Ethnie oder Herkunft.	
homoit0000316	Crossdresser		Personen, die Kleidung tragen, die nach gesellschaftlichen Geschlechternormen nicht mit dem Geschlecht assoziiert wird, mit dem sie sich identifizieren. Nur für Personen zu verwenden, die sich selbst als Crossdresser identifizieren.	
homoit0000318	Crossdressing		Das Tragen von Kleidung, die nach gesellschaftlichen Geschlechternormen nicht mit dem Geschlecht assoziiert wird, mit dem sich eine Person identifiziert.	
homoit0000319	Cruising		Durch eine Gegend zu Fuß gehen oder mit dem Auto fahren, um einen Sexualpartner zu suchen, in der Regel für Gelegenheitssex.	
homoit0002832	Kryptorchismus	Hodenhochstand||Hodendystopie||Lageanomalie der Hoden	Eine Variante, bei der einer oder beide Hoden nicht aus dem Bauchraum in den Hodensack wandern. Sind beide Hoden nicht gewandert, spricht man von „beidseitigem Kryptorchismus“, während „einseitiger Kryptorchismus“ vorliegt, wenn nur ein Hoden nicht gewandert ist.	
homoit0000321	Cubs	Cubs	In der Schwulenszene gebräuchlicher Slangbegriff für jüngere, kräftig gebaute schwule Männer, die in der Regel einen behaarten Körper und Bartwuchs haben.	
homoit0003117	Fesseln	Manschetten||Manschettenfesseln	Verschiedene Fesselvorrichtungen, die dazu dienen, die Handgelenke oder Knöchel einer Person bei Fesselspielen zu fixieren.	
homoit0002588	Queer-kulturell geprägt	Culturally queer	Begriff, der das Gefühl beschreibt, das viele Menschen mit queeren Eltern oder Betreuungspersonen teilen, die in einer queeren Kultur aufgewachsen sind, einschließlich queerer Traditionen, Feste, Medien und Sprache.	
homoit0000323	Sperma	Cum||Ejakulat	Körperflüssigkeiten, die durch sexuelle Erregung und Orgasmus produziert werden, typischerweise von biologisch männlichen Personen.	
homoit0003127	Cum Shot		Die Darstellung einer Ejakulation, insbesondere auf eine andere Person, vor allem im Kontext von Pornografie.	
homoit0000239	Cunnilingus	Oralverkehr||Lecken	Eine sexuelle Handlung, bei der Mund und Zunge zur Stimulation der Klitoris, der Vulvalippen und der Vagina eingesetzt werden.	
homoit0000268	Beschnittene Männer	Beschnittene	Männer, deren Penis beschnitte ist, das heisst, deren Vorhaut chirurgisch entfernt wurde.	
homoit0001675	Cy/Cyb/Cyberself		Pronomen aus dem englischen Sprachgebrauch, die wie folgt verwendet werden: Cy besuchte die Homosaurus-Website. Ich beobachtete cyb beim Durchstöbern der Homosaurus-Seite. Cy verwendet Homosaurus cyberself.	
homoit0000324	Cybermobbing	Internetmobbing	Mobbing oder Belästigung, die online stattfindet.	
homoit0000325	Cybersex	Cyber-Sex	Erotische oder sexuelle Kommunikation und Aktivitäten zwischen zwei oder mehr Personen, die online oder mithilfe von Technologie (z. B. SMS, Video-Chats) stattfinden.	
homoit0001625	DADT-Beziehungen		DADT ist die Abkürzung für „Don’t ask, don’t tell” (dt.: Frag nicht, sag nichts), DADT-Beziehungn sind entsprechend Beziehungen, bei denen die Partner:innen vereinbaren, dass jede:r von ihnen mehrere romantische und/oder sexuelle Beziehungen haben darf, solange sie diese nicht mit ihrer Hauptpartnerperson besprechen oder das tägliche Leben ihrer Partnerperson beeinträchtigen.	
homoit0000326	Dandies		Männer, die besonderen Wert auf ihr Aussehen, eine gepflegte Sprache und kultivierte Hobbys legen.	
homoit0000327	Dandyismus		Der Stil oder das Auftreten eines Dandys.	
homoit0003500	Danmei		Ein Genre, das sich auf die romantischen oder sexuellen Beziehungen zwischen männlichen Figuren in chinesischen Romanen, Comics, Filmen, Animationen und Serien konzentriert.	
homoit0000087	Darkrooms		Räume in Nachtclubs, Sexclubs oder Badehäusern, in denen Gäste diskret sexuellen Aktivitäten nachgehen können. Darkrooms entstanden ab den 1960er-Jahren in Schwulenbars und -clubs und sind auch heute noch in schwulen und queeren Szenen verbreitet.	
homoit0000329	Dating-Websseite	Dating-Website||Partnervermittlungs-Website||Parntervermittlungs-Webseite	Online-Webseiten, die dazu dienen, Kontakte zwischen Menschen herzustellen, die an romantischen oder sexuellen Beziehungen interessiert sind.	
homoit0002351	Töchter		Weiblich gelesene Kinder von Eltern.	
homoit0002906	Töchter von asexuellen Personen	Töchter von ace Personen	Töchter, die mindestens einen asexuellen Elternteil haben.	
homoit0000331	Töchter von bisexuellen Personen		Töchter, die mindestens einen bisexuellen Elternteil haben.	
homoit0000332	Töchter von schwulen Männern.		Töchter, die mindestens einen schwulen Elternteil haben.	
homoit0002765	Töchter von inter* Personen		Töchter, die mindestens einen intergeschlechtlichen Elternteil haben.	
homoit0000333	Töchter von Lesben		Töchter, die mindestens einen lesbischen Elternteil haben.	
homoit0002352	Töchter von LGBTQ+-Personen		Töchter, die mindestens einen LGBTQ+-Elternteil haben. Für Töchter, die selbst LGBTQ+ sind, wird der Begriff LGBTQ+-Töchter verwendet.	
homoit0003404	Töchter von nichtbinären Personen		Töchter, die mindestens einen nichtbinären Elternteil haben.	
homoit0000335	Töchter von queeren Personen		Töchter, die mindestens einen queeren Elternteil haben.	
homoit0000334	Töchter von trans Personen		Töchter, die mindestens einen trans Elternteil haben.	
homoit0002833	De-la-Chapelle-Syndrom	XX-Mann-Syndrom	Das De‑la‑Chapelle‑Syndrom führt dazu, dass Menschen mit einem XX-Chromosomenpaar mit Penis und Hoden geboren werden. Ursache ist in der Regel, dass ein bestimmtes Gen, das normalerweise auf dem Y-Chromosom liegt (bekannt als SRY-Gen), auf eines der X-Chromosomen übertragen wird. Dies bewirkt, dass sich Genitalien und innere Fortpflanzungsorgane so entwickeln, wie es typischerweise bei Menschen mit XY-Chromosomen der Fall ist. Menschen mit De-la-Chapelle-Syndrom haben möglicherweise kleinere Hoden als normal oder Hodenhochstand und sind oft unfruchtbar. In der Pubertät kann es zu einem Brustwachstum kommen, und typische Merkmale einer Testosteron-Pubertät entwickeln sich möglicherweise nicht vollständig.	
homoit0000336	Deadnaming		Die Verwendung oder Bezugnahme auf den zugewiesenen Namen einer Person anstelle ihres selbst gewählten Namens, häufig in böswilliger Absicht.	
homoit0000338	Dekadenz		Eine Lebensweise, die durch Übertreibungen und Affektiertheit gekennzeichnet ist.	
homoit0000339	Entkriminalisierung	Dekriminalisierung	Der Prozess der Milderung oder Aufhebung strafrechtlicher Sanktionen für bestimmte Handlungen.	
homoit0000340	Dee		In Thailand sind dies cisgender Frauen, die weiblichen Geschlechtsnormen entsprechen und oft Beziehungen mit maskulin identifizierten Toms führen; ähnlich wie eine Femme in der lesbischen Kultur der USA.	
homoit0001653	Demiboys	Demi-Männer||Demimänner||Demi-Boys	Personen, die sich teilweise, aber nicht vollständig als Männer oder Jungen identifizieren, unabhängig von ihrem zugewiesenen Geschlecht. Wird von cisgeschlechtlichen, transgender, transmaskulinen oder nichtbinären Personen verwendet, die sich körperlich oder sozial eher mit Männern verbunden fühlen, jedoch nicht stark genug, um sich ausschließlich als solche zu identifizieren.	
homoit0001923	Demigender-Identität	Demigender	Überbegriff für Geschlechtsidentitäten, die eine teilweise Verbindung zu einem bestimmten Geschlecht oder zu einem Konzept von Geschlecht betonen.	
homoit0000342	Demigender	Demigender-Personen	Personen, die eine teilweise Verbindung zu einem bestimmten Geschlecht oder zu einem Geschlechtskonzept haben.	
homoit0001652	Demigirls	Demi-Frauen||Demifrauen||Demi-Girls	Personen, die sich teilweise, aber nicht vollständig mit Frauen oder Mädchen identifizieren, unabhängig von ihrem zugewiesenen Geschlecht. Wird von cisgeschlechtlichen, transgender, transfemininen oder nicht-binären Personen verwendet, die sich körperlich oder sozial stärker mit Frauen verbunden fühlen, jedoch nicht stark genug, um sich ausschließlich als solche zu identifizieren.	
homoit0001985	Demiromantische Personen		Personen, die erst nach dem Aufbau emotionaler Bindungen romantische Anziehung zu anderen Menschen empfinden.	
homoit0001986	Demiromantik	Demi-Romantik	Romantische Orientierung, bei der romantische Anziehung zu anderen Menschen erst nach dem Aufbau emotionaler Bindungen empfunden wird.	
homoit0003267	Demisexuelle Akademiker:innen	Demisexuelle Hochschullehrer:innen||Demisexuelle Professor:innen||Demisexuelle Forscher:innen	Demisexuelle Forscher:innen und/oder Pädagog:innen, die in der Hochschulbildung tätig sind.	
homoit0002605	Demisexuelle Kunst	Demisexuellen-Kunst	Bezeichnung für verschiedene Formen des kreativen Schaffens, einschließlich visueller, materieller und darstellender Kunst, von demisexuellen Künstler:innen oder über demisexuelle Themen und Gemeinschaften.	
homoit0002487	Demisexuelle Autor:innen		Demisexuelle Verfasser:innen von schriftlichen Werken.	
homoit0002997	Demisexuelle autistische Personen	Autistische demisexuelle Personen	Demisexuelle Personen, die autistisch sind.	
homoit0002491	Demisexuelle Autobiografien	Demisexuelle Memoiren	Berichte über das Leben demisexueller Personen, die von diesen Personen geschrieben wurden. Für schriftliche Berichte über das Leben demisexueller Personen, die nicht von der betreffenden Person verfasst wurden, wird „Demisexuelle Biographien“ verwendet	
homoit0002492	Demisexuelle Biografien		Schriftliche Berichte über das Leben von demisexuellen Personen. Für schriftliche Berichte über das Leben demisexueller Menschen, die von den Betreffenden selbst verfasst wurden, ist der Begriff „Demisexuelle Autobiografien“ zu verwenden.	
homoit0003007	Demisexuelle blinde Personen	Blinde demisexuelle Personen	Demisexuelle Personen mit erheblichem oder vollständigem Sehverlust.	
homoit0003036	Demisexuelle Studierende		Demisexuelle Personen, die eine Hochschule besuchen. Achtung: Das US-amerikanische College entspricht nicht exakt der Hochschule im deutschen Sprachraum, wird aber häufig als Hochschule übersetzt.	
homoit0002406	Demisexuelle Comics	Demisexuellen-Comics	Werke, die aus sequentiellen Bildern bestehen, die oft von Text begleitet werden; Verwendung in Bezug auf Comics, die sich auf demisexuelle Charaktere oder Themen konzentrieren.	
homoit0003017	Demisexuelle gehörlose Personen	Gehörlose demisexuelle Personen||Taube demisexuelle Personen||Demisexuelle Taube Personen	Demisexuelle Menschen mit signifikantem oder vollständigem Hörverlust, die sich als gehörlos/nicht gehörlos, taub/nicht taub oder Deaf/nicht Deaf betrachten können.	
homoit0002993	Demisexuelle Personen mit Behinderung	Behinderte demisexuelle Personen||Demisexuelle mit Behinderung||Behinderte Demisexuelle	Demisexuelle Personen mit Behinderung.	
homoit0002485	Demisexuelles Drama	Demisexuelles Theaterstück||Demisexuelles Bühnenstück	Belletristische Werke, die für die Aufführung geschrieben wurden; Verwednung in Bezug auf dramatische Werke, die sich auf demisexuelle Charaktere oder Themen konzentrieren.	
homoit0002615	Demisexuelle erotische Kunst		Erotische Kunst von demisexuellen Künstler:innen, die demisexuelle Personen darstellen oder als wichtig innerhalb der demisexuellen Kultur angesehen werden.	
homoit0002554	Demisexuelle erotische Filme		Erotische Filme von demisexuellen Künstler:innen, die demisexuelle Personen darstellen oder als wichtig innerhalb der demisexuellen Kultur angesehen werden.	
homoit0002416	Demisexuelle erotische Literatur		Literarische Werke, die erotische oder sexuelle Elemente beinhalten; Verwendung in Bezug auf erotische Literatur, die sich auf demisexuelle Charaktere oder Themen fokussiert.	
homoit0002420	Demisexuelle Fantasyliteratur		Genre, das Magie und andere übernatürliche Phänomene als primäres Element der Handlung, des Themas und/oder des Schauplatzes verwendet; Verwendung für Fantasyliteratur, die sich auf demisexuelle Figuren oder Themen konzentriert.	
homoit0002407	Demisexuelle Fiction		Werke, in denen imaginäre Ereignisse oder Personen beschrieben werden; Verwendung in Bezug auf fiktionale Werke, die sich auf demisexuelle Charaktere oder Themen konzentrieren.	
homoit0002564	Demisexuelle Filme		Filme, die von demisexuellen Regisseur:innen geschaffen wurden, in denen demisexuelle Menschen dargestellt werden oder die in der demisexuellen Kultur als wichtig angesehen werden.	
homoit0002422	Demisexuelle Graphic Novels	Demisexuelle Comics	Werke, die aus sequentiellen Bildern bestehen, die oft von Text begleitet werden und im Allgemeinen eigenständige Geschichten enthalten; wird in Bezug auf Graphic Novels verwendet, die sich auf demisexuelle Figuren oder Themen konzentrieren.	
homoit0002488	Demisexuelle Geschichte		Vergangene Ereignisse oder Berichte aus der Vergangenheit, die demisexuelle Menschen betreffen, oder Menschen, die als demisexuell wahrgenommen werden könnten, wenn sie heute leben würden.	
homoit0002426	Demisexuelle Horror-Fiction		Fiktionale Werke, die erschrecken, ängstigen oder abstoßen sollen; Verwendung in Bezug auf fiktionale Werke, die sich auf demisexuelle Charaktere oder Themen konzentrieren.	
homoit0002493	Demisexuelle Literaturkritik		Das Studium, die Bewertung und die Interpretation literarischer Werke, die sich mit demisexuellen Charakteren oder Themen befassen; kann auch die Interpretation von Literatur durch die Linse und den Rahmen der demisexuellen Studien beinhalten.	
homoit0002484	Demisexuelle Literatur		Schriftliche literarische Werke über Demisexualität, demisexuelle Figuren oder demisexuelle Themen.	
homoit0002430	Demisexuelle Krimis und Detektivgeschichten	Demisexuelle Krimis und Detektivromane	Geschriebene literarische Werke über die Aufklärung von Verbrechen oder die Arbeit von Detektiv:innen; Verwendung in Bezug auf Krimis und Detektivromane mit Schwerpunkt auf demisexuelle Charakteren und Themen.	
homoit0003001	Demisexuelle neurodivergente Personen	Neurodivergente demisexuelle Personen	Demisexuelle Menschen, deren Gehirn anders verarbeitet, lernt und/oder sich anders verhält als gesellschaftlich üblich. Einige dieser neurologischen Unterschiede können sich in Lernschwierigkeiten, medizinischen Störungen und anderen Erkrankungen äussern.	
homoit0003440	Demisexuelle Maler:innen		Demisexuelle Personen, die beruflich oder als Hobby malen.	
homoit0000344	Demisexuelle Personen		Menschen, die keine sexuelle Anziehung empfinden, bevor sie eine starke emotionale Bindung zu einer Person aufgebaut haben.	
homoit0003022	Demisexuelle Personen mit chronischen Krankheiten	Chronisch kranke demisexuelle Personen	Demisexuelle Menschen mit langfristigen gesundheitlichen Problemen, die eine kontinuierliche medizinische Betreuung erfordern und/oder das tägliche Leben erheblich beeinträchtigen oder einschränken; einige, aber nicht alle Menschen mit chronischen Krankheiten betrachten sich als behindert.	
homoit0003457	Demisexuelle Fotograf:innen	Demisexuelle Fotografierende	Demisexuelle Personen, die beruflich oder als Hobby fotografieren	
homoit0002408	Demisexuelle Dichtung	Demisexuelle Poesie	Literarisches Werk, in der Regel in Versen geschrieben, das sich mit demisexuellen Charakteren, Themen oder demisexueller Identität beschäftigt.	
homoit0002559	Demisexuelle Pornofilme	Demisexuelle Pornos	Sexuell explizite Filme mit demisexuellen Personen.	
homoit0002436	Demisexuelle Liebesromane		Werke der Belletristik, die sich um romantische und/oder sexuelle Beziehungen zwischen den Hauptfiguren drehen; Verwendung in Bezug auf Liebesromane, die sich auf demisexuelle Figuren konzentrieren.	
homoit0002438	Demisexuelle Science-Fiction		Werk über phantasievolle oder futuristische Konzepte, die Wissenschaft, Technologie, Raumfahrt, Zeitreisen und andere spekulative Elemente beinhalten; Verwendung in Bezug auf Science Fiction mit einem Schwerpunkt auf demisexuellen Charakteren oder Themen.	
homoit0002444	Demisexuelle Kurzgeschichten		Schriftliche literarische Werke, die kurz sind und eine in sich abgeschlossene Begebenheit oder ein Konzept beschreiben; Verwendung in Bezug auf Kurzgeschichten, die sich auf demisexuelle Charaktere oder Themen konzentrieren.	
homoit0003204	Demisexuelle Solidarität		Ein Gefühl der Gemeinschaft und der allgemeinen Einigkeit in Bezug auf Ziele, politische Interessen und/oder gemeinschaftliche Sympathien, die auf gemeinsamen Erfahrungen als demisexuelle Personen beruhen.	
homoit0003251	Demisexuelle Lehrer:innen	Demisexuelle Lehrerinnen||Demisexuelle Lehrer||Demisexuelle Lehrkräfte	Lehrer:innen, die sich als demisexuell identifizieren	
homoit0002486	Demisexuelles Theater		Werke der darstellenden Kunst, die sich mit demisexuellen Charakteren, Gemeinschaften oder Themen befassen.	
homoit0003353	Demisexuelle Unitarier:innen	Demisexuelle Unitarische Universalist:innen	Demisexuelle Personen, die Mitglied der Unitarian Universalist Church sind.	
homoit0003189	Demisexuelle Urban Fantasy	Demisexuelle Urban-Fantasy-Romane	Ein Subgenre der Fantasy, in dem Magie und übernatürliche Kreaturen in zeitgenössischen urbanen Umgebungen vorkommen; für Urban Fantasy verwenden, die sich auf demisexuelle Charaktere oder Themen konzentriert.	
homoit0003218	Demisexuelle Webseiten		Öffentliche Webseiten, die sich in erster Linie mit demisexuellen Gemeinschaften und Themen befassen, sowie Webseiten, die für die Nutzung durch demisexuelle Menschen bestimmt sind.	
homoit0003028	Demisexuelle Rollstuhlfahrer:innen		Demisexuelle Personen, die einen Rollstuhl nutzen.	
homoit0002489	Demisexuelle Jugendliche	Demisexuelle Teenager:innen	Demisexuelle Personen im Alter zwischen Kindheit und Erwachsensein.	
homoit0002490	Demisexuelle Jugendliteratur		Literarische Werke, die für eine Leserschaft im Alter von 12 bis 18 Jahren geschrieben werden, auch bekannt als YA (Young Adult); verwenden in Bezug auf Jugendliteratur, die sich auf demisexuelle Charakteren oder Themen konzentriert.	
homoit0000343	Demisexualität		Eine sexuelle Orientierung, die im Allgemeinen durch das Fehlen sexueller Anziehung zu anderen Menschen gekennzeichnet ist, bis eine emotionale Bindung entstanden ist.	
homoit0000345	Leugnung der sexuellen Orientierung		Verweigerung, die eigene sexuelle Identität oder die sexuelle Identität einer anderen Person anzuerkennen oder zu bestätigen.	
homoit0000346	Lecktuch	Kofferdam||Dental Dam	Ein quadratisches Tuch aus Latex oder Polyurethan, das verwendet wird, um beim Oralsex eine Barriere zwischen Mund und Vagina oder Anus zu schaffen.	
homoit0000347	Kinderwunsch		Der Wunsch oder das Verlangen einer Person, Kinder zu haben.	
homoit0001836	Desistenz (Gender)	Desistence	Sich nicht mehr als trans zu identifizieren oder sich im Allgemeinen nicht mehr einem bestimmten Geschlecht zuzuordnen.	
homoit0000348	Freiheitsentzug von LGBTQ+-Personen	Festnahme von LGBTQ+-Personen||Inhaftierung von LGBTQ+-Personen	Vorübergehende physische und rechtliche Freiheitsentziehung von LGBTQ+-Personen durch eine Institution oder Behörde, in der Regel bis zur strafrechtlichen Verfolgung oder Abschiebung. Kann auch verwendet werden, um Personen zu beschreiben, die aus politischen Gründen oder im Rahmen eines Krieges in Haft gehalten werden.	
homoit0000349	Freiheitsentzug von LGBTQ+-Personen aufgrund einer ärztlichen Anordnung	Freiheitsentziehung von LGBTQ+-Personen aufgrund einer Krankenhausanordnung	Physische und rechtliche Unterbringung von LGBTQ+-Personen in Krankenhäusern oder medizinischen Einrichtungen, in der Regel zur Durchführung einer von einem Gericht oder einer anderen Behörde angeordneten Untersuchung und Behandlung. Kann sowohl für kurzfristige als für langfristige Unterbringung in einer Einrichtung verwendet werden.	
homoit0001834	Detransition	Retransition	Die Unterbrechung oder Umkehrung des Geschlechtsangleichungsprozesses aus beliebigen Gründen, darunter persönliche Sicherheit, Stigmatisierung, mit der Angleichung verbundene Kosten, gesundheitliche Bedenken, die Wiederherstellung der Fruchtbarkeit, etc.	
homoit0000350	Dhurani		Bengalischer Begriff für Menschen des "dritten Geschlechts", der sich oft auf weibliche Personen bezieht, denen bei der Geburt das männliche Geschlecht zugewiesen wurde.	
homoit0003062	Windeln (Erotik)	Windelfetisch	Absorbierendes Material, das um den Hintern und zwischen den Beinen einer Person gewickelt wird, um Urin und Kot aufzunehmen; wird häufig beim Ageplay verwendet.	
homoit0002393	Digitale Identifizierung von LGBTQ+-Personen durch die Polizei	Digiale polizeiliche Identifizierung von LGBTQ+-Personen	Polizeiliche Identifizierung von LGBTQ+-Personen oder Personen, die verdächtigt werden, zur LGBTQ+-Gemeinschaft zu gehören, mithilfe digitaler Tools wie Telefonaufzeichnungen, mobilen Anwendungen, Gesichtserkennungsalgorithmen und Technologien der künstlichen Intelligenz. Diese Daten werden verwendet, um LGBTQ+-Personen zu überführen und strafrechtlich zu verfolgen, insbesondere in Gebieten, in denen die Zugehörigkeit zur LGBTQ+-Gemeinschaft noch immer unter Strafe steht.	
homoit0000353	Dilbaa		Navajo-Begriff für eine Person, die bei der Geburt weiblich zugeordnet wurde und in ihrer Kindheit die Rolle eines Jungen und im Erwachsenenalter die Rolle eines Mannes einnimmt.	
homoit0000354	Dildo-Harness	Strap-on-Dildos||Strap-ons	Hilfsmittel, die am Körper einer Person befestigt werden, um einen Dildo anzubringen, um damit in die Vagina oder den Anus des/der Partner:in einzudringen.	
homoit0000355	Dildos		Ein Sexspielzeug, oft explizit (aber nicht immer) phallisch in seiner Erscheinung, das für die sexuelle Penetration oder andere sexuelle Aktivitäten während der Masturbation oder mit Sexualpartner:innen bestimmt ist.	
homoit0003147	Disziplinierung		Eine Vielzahl von Praktiken, bei denen eine Person in einer dominanten Rolle Regeln für eine Person in einer unterwürfigen Rolle festlegt, die diese zu befolgen hat, und die dominante Person Strafen, Korrekturen oder Belohnungen verhängt.	
homoit0000358	Diversität		Diversität in Bezug auf Merkmale wie Alter, Geschlecht, Religion, ethnische Zugehörigkeit, sexuelle Orientierung, Lebensstil usw.	
homoit0000359	Geschiedene Personen	Geschiedene	Personen, deren Ehen rechtlich aufgelöst wurden.	
homoit0002133	Asexuelle Dogra	Dogra Asexuelle||Dogra ace Personen||Ace Dogra-Personen||Asexuelle Dogra-Personen	Bisexuelle Personen, die zum Volk der Dogra in Indien und Pakistan gehören und die Sprache Dogri sprechen.	
homoit0002129	Bisexuelle Dogra	Dogra Bisexuelle||Bisexuelle Dogra-Personen	Bisexuelle Personen, die zum Volk der Dogra in Indien und Pakistan gehören und die Sprache Dogri sprechen.	
homoit0002128	Schwule Dogra-Männer	Schwule Dogra||Dogra schwule Männer	Schwule Männer, die zum Volk der Dogra in Indien und Pakistan gehören und die Sprache Dogri sprechen.	
homoit0002132	Inter* Dogra	Inter* Dogra-Personen	Inter* Personen, die zum Volk der Dogra in Indien und Pakistan gehören und die Sprache Dogri sprechen.	
homoit0002127	Dogra-Lesben	Lesbische Dogra	Lesben, die zum Volk der Dogra in Indien und Pakistan gehören und die Sprache Dogri sprechen.	
homoit0002126	LGBTQ+-Dogra	LGBTQ+-Dogra-Personen||Dogra-LGBTQ+-Personen	LGBTQ+-Personen, die zum Volk der Dogra in Indien und Pakistan gehören und die Sprache Dogri sprechen.	
homoit0003405	Nichtbinäre Dogra	Dogra nichtbinäre Personen||Nichtbinäre Dogra-Personen||Dogra nicht-binäre Personen||Nicht-binäre Dogra-Persone||Dogra non-binäre Personen||Non-binäre Dogra-Personen	Nichtbinäre Personen, die zum Volk der Dogra in Indien und Pakistan gehören und die Sprache Dogri sprechen.	
homoit0002130	Queer Dogra	Dogra queere Personen||Queere Dogra-Personen	Queere Personen, die zum Volk der Dogra in Indien und Pakistan gehören und die Sprache Dogri sprechen.	
homoit0002131	Trans Dogra	Dogra trans Personen	Trans Personen, die zum Volk der Dogra in Indien und Pakistan gehören und die Sprache Dogri sprechen.	
homoit0003126	Dollifizierung	Gummi-Dollifizierung	Die Praxis, sich wie eine lebendige Puppe zu kleiden und zu verhalten (durch Schminke, Kleidung, usw.) zur ästhetischen oder sexuellen Befriedigung.	
homoit0000360	Lebenspartnerschaftsverträge	Lebenspartnerschafts-Verträge	Vereinbarungen, rechtlicher oder anderer Art, zwischen zwei unverheirateten Personen in einer Lebenspartnerschaft, die Eigentumsrechte und Unterhaltspflichten definieren, wenn die Beziehung endet oder ein Partner stirbt.	
homoit0000361	Altersvorsorge für Lebenspartnerschaften	Rentenleistung für Lebenspartnerschaften||Gleichgeschlechtliche Rentenleistungen||Gleischgeschlechtliche Altersvorsorge	Arbeitnehmer-Vorsorgepläne für Personen in Lebenspartnerschaften, auf die nach der Pensionierung zugegriffen werden kann.	
homoit0000362	Lebenspartnerschaften		Rechtliche oder persönliche Beziehungen zwischen Personen, die zusammenleben und ihr Leben teilen, aber nicht verheiratet oder in einer eingetragenen Lebenspartnerschaft verbunden sind.	
homoit0002620	Befruchtung mit gespendetem Sperma	Spendespermabefruchtung||Spender-Befruchtung	Der Vorgang, bei dem gespendetes Sperma in eine Gebärmutter eingebracht wird, um eine Schwangerschaft herbeizuführen.	
homoit0002621	Spendergeschwister	Spender-Geschwister	Personen, die durch einen gemeinsamen Spender biologisch verwandt sind.	
homoit0000364	Spender:innen	Spender||Spenderinnen	Personen, die ihr eigenes biologisches Material spenden, in der Regel Keimzellen (z. B. Sperma oder Eizellen), Organe oder Blut.	
homoit0003124	Intimdusche	Intimspülung	Die Verwendung eines Geräts namens Intimdusche oder Einlauf, um eine Flüssigkeit entweder in den Enddarm oder die Vagina einzuführen. Kann für sexuelle oder erotische Zwecke verwendet werden.	
homoit0000365	Down-Low		Afroamerikanischer Slangbegriff, der eine Subkultur beschreibt, in der sich schwarze Männer als heterosexuell identifizieren, aber Sex mit anderen Männern haben.	
homoit0000366	Drab (LGBTQ+ Kultur)	Drab	Slangbegriff, der verwendet wird, um Personen in männlicher Kleidung zu beschreiben, die in der Regel Dragqueens oder Crossdresser sind und manchmal auch weibliche Kleidung tragen. “Drab” ist eine Abkürzung des englischen Begriffs “dressed as a boy” oder “dress resembling a boy.”	
homoit0000367	Drag		Ein darstellendes Genre, in dem Künstler:innen sich verkleiden und schminken, um Merkmale verbunden mit einem bestimmten Geschlecht zu schaffen, zu betonen oder zu übertreiben, oft (aber nicht immer) mit der Wirkung eines Geschlechts, mit dem sich der Performer nicht in erster Linie identifiziert.	
homoit0000368	Dragballs	Dragbälle||Drag balls	Veranstaltungen, die Teil der Dragball-Subkultur sind, die ihren Ursprung im New York City des frühen 20. Jahrhunderts hatte und vor allem von afroamerikanischen und lateinamerikanischen LGBTQ+ Personen geprägt war. Während eines Drag Balls “laufen” (“walk” im Englischen) und treten Teilnehmer:innen für Preise auf.	
homoit0000369	Drag-Bars	Dragbars	Betriebe, die in der Regel Alkohol anbieten, die Drag-Shows oder andere Veranstaltungen veranstalten, in denen Drag-Künstler:innen auftreten.	
homoit0000370	Drag-Gemeinschaft	Drag-Community	Gruppen von Personen, die in der Regel Drag-Künstler:innen sind, die ein gemeinsames Interesse an Drag-Veranstaltungen und -Kultur haben.	
homoit0000371	Drag-Familien		Gruppen von Drag-Künstler:innen, die eine Gemeinschaft bilden und oft auf engem Raum zusammenleben. Drag-Familien werden von Drag-Müttern oder Drag-Vätern angeführt, während andere Mitglieder als Drag-Töchter und Drag-Söhne bezeichnet werden. Mitglieder einer Drag-Familie verwenden häufig denselben Nachnamen wie ihre Drag-Mutter oder ihren Drag-Vater (z. B. Xtravaganza) in sozialen Kontexten oder beim Auftreten.	
homoit0000372	Drag-Väter		Erfahrenere Dragkings, die weniger erfahrene Dragkings bei ihrem Einstieg in die Drag-Szene als Künstler:innen unterstützen.	
homoit0003160	Drag im Film		Filmen, in denen bedeutende Figuren in Drag auftreten. Nicht zu verwechseln mit Filmen, in denen Schauspieler:innen eine Figur spielen, die sich einem Geschlecht anders als dem Geschlecht der Schauspieler:innen zugehörig fühlt.	
homoit0000373	Dragkings	Drag-Kings	Künstler:innen, denen bei der Geburt häufig eine weibliche Rolle zugewiesen wurde und zu Unterhaltungszwecken stereotypisch männliche Kleidung tragen und männliche Rollen spielen.	
homoit0000374	Drag-Mütter		Erfahrenere Dragqueens, die weniger erfahrene Dragqueens bei ihrem Einsteig in die Drag-Szene als Künstler:innen unterstützen.	
homoit0003360	Drag-Wettbewerbe	Drag-Pageants||Pageants	Veranstaltungen im Stil traditioneller Schönheitswettbewerbe, bei denen die Teilnehmer:innen, in der Regel Dragqueens, weibliche Imitator:innen und trans Frauen, in verschiedenen Katagorien gegeneinander antreten, um einen Preis oder Titel zu gewinnen.	
homoit0001906	Drag-Künstler:innen	Drag-Künstler||Drag-Künstlerinnen||Drag-Darsteller:innen||Drag-Performer:innen	Künstler:innen, die sich verkleiden und/oder schminken, um Merkmale verbunden mit einem bestimmten Geschlecht zu schaffen, zu betonen oder zu übertreiben, mit dem sich die Künstler:in identifizieren können oder nicht.	
homoit0000375	Dragqueens	Drag-Queens	Künstler:innen, denen bei der Geburt häufig eine männliche Rolle zugewiesen wurden und zu Unterhaltungszwecken stereotypisch weibliche Kleidung tragen und weibliche Rollen spielen.	
homoit0003359	Drag Shows	Drag-Auftritte||Drag-Performances	Auftritte einer einzelnen Drag-Künstler:in oder einer Gruppe Drag-Künstler:innen, oft mit Gesang oder Lippensynchronisation, Tanznummern oder komödiantischen Sketchen.	
homoit0003245	Drag-Fernsehsendungen	Drag-Fernsehprogramme||Drag-Sendungen	Fernsehsendungen, in denen Dragqueens und/oder Dragkings und Drag-Aufritte zu sehen sind.	
homoit0000377	Führerscheine		Amtliche Dokumente, die Personen zum Führen eines Kraftfahrzeugs berechtigen und häufig als gesetzlicher Identitätsnachweis verwendet werden. Kann in Bezug auf LGBTQ+ Personen verwendet werden, die einen Führerschein beantragen oder eine Änderung an einem bestehenden Führerschein vornehmen möchten (z. B. Namen, Geschlechtsangabe, Foto).	
homoit0000351	DSM (Diagnostic and Statistical Manual of Mental Disorders)	DSM||Diagnostic and Statistical Manual of Mental Disorders||Diagnostischer und statistischer Leitfaden psychischer Störungen	Das Diagnostic and Statistical Manual of Mental Disorders (DSM; auf Deutsch: „diagnostischer und statistischer Leitfaden psychischer Störungen“), das von der American Psychiatric Association herausgegeben wird. Kann in Bezug auf historische oder aktuelle Beschreibungen von LGBTQ+-Identitäten und -Praktiken im DSM verwendet werden.	
homoit0000381	Dutch Boys	Dutch boys	Umgangssprachliche Bezeichnung für heterosexuelle Männer, die mit Lesben befreundet sind und sich in lesbischen Kreisen bewegen.	
homoit0000383	Dyke-Märsche	Dyke-Demonstrationen||Dyke Marches	Märsche, Kundgebungen, und andere öffentliche Versammlungen, die sich auf die Sichtbarkeit, Rechten, und Themen von Lesben konzentrieren. Dieser Begriff sollte nur verwendet werden, um Märsche zu beschreiben, die für selbstidentifizierte Dykes oder mit Schwerpunkt auf die Identität und Politik von selbstidentifizierten Dykes sind.	
homoit0003206	Dyke-Solidarität		Ein Gefühl der Gemeinschaft und allgemeinen Einigkeit in Bezug auf Ziele, politische Interesse, und/oder gemeinschaftliche Sympathien, die auf gemeinsamen Erfahrungen als selbstidentifizierten Dykes beruhen.	
homoit0000384	Dykes		In den meisten Fällen eine zurückeroberte Beleidigung, die in den USA häufig verwendet wird, um Lesben mit einem männlichen Stil von Selbstpräsentation oder lesbische politische Aktivist:innen insgesamt zu bezeichnen. Nur für Personen verwenden, die sich selbst als Dykes identifizieren.	
homoit0000385	Dykes on Bikes		Ein zugelassener Motorradclub mit vielen lose verbundenen Ortsgruppen, bestehend aus lesbischen Mitglieder:innen, die sich als Dykes identifizieren. Bekannt für ihre Teilnahme an Pride-Verstaltungen.	
homoit0001676	E/Em/Emself (Pronomen)	E (Pronomen)||E/Em/Emself	Eine Reihe von Pronomen aus dem Englischen. Wird auf diese Weise verwendet: E besuchte die Homosaurus-Website. Ich beobachtete Em beim Stöbern auf der Homosaurus-Website. E benutzt den Homosaurus emself.	
homoit0003171	Ökofeminist:innen	Ökofeministinnen||Öko-Feminist:innen	Eine Person, die sich der politischen und philosophischen Bewegung anschließt, die Feminismus und Umweltbelange als untrennbar miteinander verbunden betrachtet. Verwenden, wenn es um Ökofeminist:innen geht oder wenn sich eine Person als solche identifiziert.	
homoit0000387	Ökofeminismus	Öko-Feminismus	Eine politische und philosophische Bewegung, die Feminismus und Umweltbelange als untrennbar miteinander verbunden betrachtet.	
homoit0003125	Edge play	Grenzspiel||Edgeplay	BDSM-Aktivitäten und -Kinks, die als hochriskiant oder extrem tabu gelten, oder die für die Teilnehmer:innen aus subjektiven Gründen, z. B. aufgrund einer persönlichen Angst oder Grenze, eine Herausforderung darstellen. Stammt vom englischen Begriff „Edge" (Rand).	
homoit0002622	Eizellspende		Der Prozess, bei dem eine Person ihre Eizellen zur Fortpflanzung spendet.	
homoit0000390	Eizellspender:innen	Eizellspender||Eizellspenderinnen	Personen jeden Geschlechts, die ihre eigenen Eizellen zum Zweck einer Schwangerschaft spenden.	
homoit0000392	Ichdystonische sexuelle Orientierung	Ego-dystonische sexuelle Orientierung||Ich-dystonische Homosexualität	Innerer Konflikt, verurusacht durch eine sexuelle Identität oder sexuelle Anziehung einer Person, die im Widerspruch zum idealisierten Selbstbild steht.	
homoit0003057	Elektrospiel	Elektrosex||Electro Play||Elektrostimulation||E-Stim||Stromspiel	Jede der verschieden Formen sexueller Spiele, bei denen Elektrizität zum Einsatz kommt.	
homoit0000394	Elektroschocktherapie	Elektrokrampftherapie||EKT||Elektroschocktherapie||Elektrokonvulsionstherapie	Eine Form der psychiatrischen Behandlung von schweren Depressionen, bipolaren Depressionen, und anderen psychischen Erkrankungen, bestehend aus kurzen elektrischen Impulsen an das Gehirn, die durch Elektroden am Kopf ausgegeben werden, um kontrollierte Anfälle auszulösen. Elektrokonvulsionstherapie wurde in der Vergangenheit als ein „Heilmittel“ für Homosexualität und andere nicht-normative Sexualitäten und sexuelle Praktiken eingesetzt.	
homoit0001896	endogeschlechtlich	dyadisch||endo||endosexuell	Zustand von Personen, die mit der Geschlechtsanatomie, den Fortpflanzungsorganen und den Chromosomen geboren wurden, die ihrem bei der Geburt zugewiesenen Geschlecht entsprechen (d. h. nicht inter* sind).	
homoit0001897	Endogeschlechtliche Personen		Personen, deren körperliche Geschlechtsmerkmale den gesellschaftlichen und medizinischen Normvorstellungen von weiblichen oder männlichen Körpern entsprechen.	
homoit0000293	Einlauf	Darmspülung||Kolonirrigation	Ein Gerät zur Verabreichung von Flüssigkeiten, das als Spülung oder zur Reinigung des Darms oder der Vagina verwendet wird, oder die Verwendung eines solchen Geräts. Kann für sexuelle oder erotische Zwecke verwendet werden.	
homoit0000395	Eonismus		Historischer Begriff für die Beschreibung von Menschen, denen bei der Geburt das männliche Geschlecht zugewiesen wurde und die weibliche Verhaltensweisen annehmen.	
homoit0002836	Epispadie	Obere Harnröhrenspaltung	Menschen mit Epispadie werden mit einer Harnröhrenöffnung geboren, die sich an der Oberseite ihres Penis und nicht an der Spitze befindet (ähnlich wie bei der häufigeren Variante Hypospadie). Auch Menschen mit Vulva können mit Epispadie geboren werden. In diesem Fall ist die Harnröhrenöffnung breiter und liegt höher als normal. Die Klitoris kann ebenfalls in zwei Hälften geteilt sein. Epispadie tritt in der Regel immer dann auf, wenn sich eine Blasenekstrophie oder kloakale Ekstrophie entwickelt, kann aber auch isoliert auftreten.	
homoit0000398	Erektile Dysfunktion	Erektionsstörung||Impotenz	Anhaltende Schwierigkeiten beim Erreichen oder Aufrechterhalten einer Erektion, typischerweise für sexuelle Aktivitäten.	
homoit0000399	Potenzpillen	Potenzmittel||Erektionshilfen	Medikamente, die zur Entspannung der Muskeln im Penis eingesetzt werden und die Durchblutung erhöhen, um eine Erektion als Reaktion auf sexuelle Reize zu ermöglichen.	
homoit0000400	Erektion		Vergrößerung des erektilen Gewebes des Penis oder der Klitoris aufgrund einer erhöhten Durchblutung; typischerweise verbunden mit sexueller Erregung.	
homoit0000401	Erogene Körperteile		Körperbereiche, die empfindlich auf sexuelle Stimulation reagieren.	
homoit0003070	Erotische Hypnose		Die Anwendung von Hypnose in einem sexuellen oder erotischen Kontext.	
homoit0000402	Erotische Massagen		Massage zur Steigerung der sexuellen Erregung.	
homoit0000403	Erotika	Erotica	Die Darstellung von Sexualität mit hohen künstlerischen Ansprüchen, die sich in der Regel auch auf Gefühle und Emotionen konzentriert.	
homoit0000404	Erotismus	Erotizismus	Die Eigenschaft, erotisch zu sein oder sexuelle Anziehung, Erregung oder Begierde hervorzurufen.	
homoit0001538	Erotomanie	Liebeswahn||Hypersexualität||Sexsucht	Zustand, der durch die anhaltende und oft irrtümliche Überzeugung einer Person gekennzeichnet ist, dass eine andere Person in sie verliebt oder von ihr fasziniert ist. Kann auch verwendet werden, um ein Maß oder eine Häufigkeit sexuellen Verlangens zu beschreiben, das innerhalb einer bestimmten Kultur als übermäßig empfunden wird. Ärzt:innen und Psycholog:innen haben LGBTQ+-Personen in der Vergangenheit mit Erotomanie diagnostiziert, um ihre Identität und ihre Wünsche fälschlicherweise als medizinische Störungen zu behandeln. Sollte nur in einem historischen Kontext oder wenn sich eine Person selbst mit diesem Begriff identifiziert, verwendet werden.	
homoit0000405	Escortservice	Escortdienst||Escortagentur||Begleitagentur	Agenturen, die zahlende Kund:innen mit Escorts zusammenbringen, die ihre Dienste nach Vereinbarung anbieten. Escortservices sind möglicherweise weniger stigmatisiert als andere Formen der Sexarbeit, zum Teil weil sie für Escorts tendenziell sicherer sind und weil einige Escorts ein breiteres Spektrum an Dienstleistungen anbieten, darunter Begleitung oder Unterhaltung ohne das Versprechen sexueller Kontakte. Die Tendenz, Escortservices als von anderen Formen der Sexarbeit getrennt oder diesen überlegen darzustellen, verschleiert jedoch die von Escorts geleistete Arbeit und perpetuiert die Diskriminierung der am stärksten marginalisierten und schutzbedürftigen Sexarbeiter:innen.	
homoit0000406	Escorts	Callboy||Callgirl||Edelprostituierte||Escort-Boy	Sexarbeiter:innen, deren Kundschaft für ihre Dienste Termine vereinbaren muss. Im Gegensatz zu Sexarbeiter:innen, die auf der Straße oder in Einrichtungen wie Bordellen Kund:innen anwerben, bewerben Escorts ihre Dienste in der Regel online, entweder unabhängig oder über Agenturen. Escortservices sind möglicherweise weniger stigmatisiert als andere Formen der Sexarbeit, zum Teil weil sie für Escorts tendenziell sicherer sind und weil einige Escorts ein breiteres Spektrum an Dienstleistungen anbieten, darunter Begleitung oder Unterhaltung ohne das Versprechen sexueller Kontakte. Die Tendenz, Escortservices als von anderen Formen der Sexarbeit getrennt oder diesen überlegen darzustellen, verschleiert jedoch die von Escorts geleistete Arbeit und perpetuiert die Diskriminierung der am stärksten marginalisierten und schutzbedürftigen Sexarbeiter:innen.	
homoit0000115	Essentialismus	Biologischer Essentialismus	Die Praxis, bestimmte Kategorien anhand einer Reihe vermeintlich universeller oder fester Merkmale oder Eigenschaften zu definieren (z. B. die Definition von Frauen anhand ihrer „weiblichen” Genitalien).	
homoit0000407	Östrogen	Estrogene||Follikelhormone	Eine Kategorie von Steroidhormonen, zu denen Östron, Östradiol, Östriol und Östetrol gehören. Östrogene werden häufig in hormonellen Therapien zur Feminisierung eingesetzt. Östrogene werden hauptsächlich in den Eierstöcken, aber auch in den Nebennieren und Fettzellen produziert. Sie sind für bestimmte sekundäre Geschlechtsmerkmale verantwortlich, darunter das Wachstum der Brüste, die Verdickung der Gebärmutterschleimhaut, die Regulierung des Menstruationszyklus und die Reifung der Spermien.	
homoit0002837	Östrogen-Resistenz-Syndrom		Menschen mit Östrogen-Resistenz-Syndrom weisen eine genetische Variation auf, aufgrund derer ihr Körper nicht auf Östrogen reagiert. Menschen mit XX-Chromosomen und Östrogen-Resistenz-Syndrom werden in der Regel mit einer Vulva und einer Vagina geboren, haben möglicherweise eine kleine Gebärmutter und vergrößerte Eierstöcke, in denen sich später mehrere Zysten bilden, und produzieren unter Umständen sehr hohe Östrogenspiegel, die ihr Körper nicht erkennt. In der Pubertät werden sie höchstwahrscheinlich nicht die Veränderungen erleben, die mit einer typischen Östrogen-Pubertät verbunden sind, wie z. B. Brustentwicklung oder Menstruation. Stattdessen können sie aufgrund des Einflusses von Androgenen Schamhaare und Akne entwickeln. Menschen mit XY-Chromosomen können ebenfalls mit Östrogen-Resistenz-Syndrom geboren werden, und sie können infolgedessen Variationen in ihrer anderen Hormonproduktion, Hodenentwicklung und Entwicklung sekundärer Geschlechtsmerkmale aufweisen oder auch nicht.	
homoit0000408	Ätiologie	Aitiologie	Fragen und Spekulationen über die Ursachen sexuellen Verhaltens oder sexueller Krankheiten.	
homoit0000240	Eunuchen	Kastraten	Personen, die bei der Geburt als männlich zugewiesen wurden und kastriert wurden. Historisch gesehen dienten Eunuchen an Königshöfen als Sklaven oder Diener; in einigen Fällen wurden Personen vor der Pubertät kastriert, um ihre kindliche Stimmlage zu bewahren.	
homoit0000411	Ex-Gay-Bewegung		Personen und Organisationen, die Menschen dazu ermutigen, sich gegen gleichgeschlechtliche Beziehungen zu entscheiden oder diese nicht weiter zu verfolgen, homosexuelle Wünsche zu unterdrücken, heterosexuelle Wünsche zu entwickeln und/oder heterosexuelle Beziehungen einzugehen.	
homoit0000412	Exhibitionismus		Eine Vorliebe, die durch das sexuelle Verlangen gekennzeichnet ist, den eigenen Körper in der Öffentlichkeit zu zeigen oder sexuelle Handlungen in der Öffentlichkeit auszuüben.	
homoit0001677	Ey/Em/Eirself		Eine Reihe von Pronomen aus dem Englischen. Verwendung: Ey ging auf die Homosaurus-Website. Ich sah, wie em auf Homosaurus surfte. Ey nutzt den Homosaurus selbst.	
homoit0000413	Fa'afafine		In Neuseeland: Samoanische Personen, die bei der Geburt als männlich zugewiesen wurden, sich jedoch feminin verhalten und sich möglicherweise als Frauen betrachten.	
homoit0000414	Fa'afatama		In Neuseeland: Samoanische Personen, die bei der Geburt als weiblich zugewiesen wurden, sich jedoch maskulin verhalten und sich möglicherweise als Männer betrachten.	
homoit0001839	Gesichtsfeminisierende Operation		Eine von verschiedenen Operationen zur Feminisierung des Gesichts oder der Gesichtszüge.	
homoit0001837	Geschlechtsbejahende Operationd es Gesichts		Eine von verschiedenen Operationen zur Feminisierung des Gesichts oder der Gesichtszüge, um bei den Betroffenen geschechtsbejahende Effekte zu erzielen.	
homoit0001838	Gesichtsmaskulinisierende Operation		Eine von verschiedenen Operationen zur Maskulinisierung des Gesichts oder der Gesichtszüge.	
homoit0001679	Fae/Faer/Faerself		Eine Reihe von Pronomen. Verwendung: Fae besuchte die Homosaurus-Website. Ich sah, wie Fae auf Homosaurus surfte. Fae nutzt Homosaurus selbst.	
homoit0000415	Faeries	Radical Faeries	Queere Menschen, die sich in der Gegenkulturbewegung engagieren oder sich mit ihr identifizieren und die queere Identität durch säkulare Spiritualität neu definieren wollen. Oft, aber nicht immer, mit den Radical Faeries in Verbindung gebracht; einem losen weltweiten Netzwerk, das in den 1970er Jahren gegründet wurde.	
homoit0000416	Schwulenmutti	Fag Hags	Slang für heterosexuelle Frauen, die mit schwulen Männern befreundet sind und sich in schwulen Kreisen bewegen.	
homoit0000417	Fag stags		Englischer Slang für heterosexuelle Männer, die die Gesellschaft von schwulen Männern genießen.	
homoit0000418	Faggots	Fags	In Nordamerika vor allem verwendete Beleidigung für schwule Männer (oder in manchen Fällen für LGBTQ+-Personen im Allgemeinen). Einige schwule Männer haben diesen Begriff wieder für sich beansprucht und verwenden ihn, um sich selbst zu beschreiben.	
homoit0002230	Fairies (schwuler Kontext)		Abwertender Begriff, der vor allem in Nordamerika verwendet wird, um schwule Männer (oder Männer, die als schwul angesehen werden) zu beschreiben und ihre vermeintliche Weiblichkeit zu beleidigen. Einige schwule Männer haben diesen Begriff wieder für sich beansprucht und verwenden ihn, um sich selbst zu beschreiben. Nicht zu verwechseln mit Faeries, der queeren spirituellen Gruppe.	
homoit0000419	Fakaleitī		Tongaische Personen, die bei der Geburt als männlich zugewiesen wurden und sich feminin verhalten.	
homoit0000421	Familienmitglieder		Eine Gruppe von Personen, die durch Adoption, Biologie oder Wahl miteinander verwandt sind.	
homoit0002361	Familienmitglieder von LGBTQ+-Personen		Personen, die ein oder mehrere LGBTQ+-Familienmitglieder haben. Für Familienmitglieder, die selbst LGBTQ+ sind, den Begriff „LGBTQ+-Familienmitglieder” verwenden.	
homoit0002155	Fanart	Fan-Art	Von Fans geschaffene Kunst, die sich auf Medieninhalte oder andere Themen des Fandoms bezieht.	
homoit0002156	Fandom	Fangemeinde||Fan-Community	Gemeinschaften von Menschen, die Fans eines bestimmten Werks oder Medienprodukts sind. Die Teilnahme am Fandom kann das Schreiben und Lesen von Fanfiction, das Erstellen und Betrachten von Fanart, die Teilnahme an Conventions, Cosplay und/oder Rollenspiele umfassen.	
homoit0002157	Fandom-Conventions	Fandom-Kongresse	Conventions, die sich einem bestimmten Fandom oder Fandom als breiter Kategorie widmen.	
homoit0002158	Fandom-Terminologie	Fandom-Begriffe	In Fan-Communitys häufig verwendete Fachbegriffe oder Slangausdrücke wie „Slash“ und „Shipping“.	
homoit0002159	Fanfiction	Fan-Fiction	Von Fans verfasste fiktionale Werke, die die Figuren, Schauplätze und/oder Handlungen anderer Medien auf transformative Weise verwenden.	
homoit0002160	Fanfiction-Tropen und -Genres	Fanfiction-Motive und -Genres	In Fanfiction häufig verwendete Tropen und Genres. Beispiele hierfür sind Liebesgeschichten mit Handlungen wie „Es gab nur ein Bett“ und „Von Feinden zu Liebenden“.	
homoit0002161	Fan-Werke	Fanwerke	Werke wie Fanfiction oder Fanart, die von Fans unter Verwendung von Figuren, Schauplätzen und/oder Handlungen anderer Medien erstellt werden.	
homoit0000422	Fettverteilung		Lage und Verteilung von Fett im Körper, das in der Regel während der Pubertät als sekundäres Geschlechtsmerkmal zunimmt.	
homoit0001093	Vaterschaft		Die Erfahrung, als Vater zu handeln, einschließlich der mit der Vaterschaft und der Kindererziehung verbundenen Verantwortlichkeiten.	
homoit0000423	Väter		Personen, die Väter sind.	
homoit0002907	Väter von asexuellen Personen		Personen, die eine Vaterrolle für asexuelle Personen einnehmen. Zur Verwendung nur für Personen, die sich als Vater identifizieren.	
homoit0000424	Väter von bisexuellen Personen		Personen, die eine Vaterrolle für bisexuelle Personen einnehmen. Zur Verwendung nur für Personen, die sich als Vater identifizieren.	
homoit0000425	Väter von schwulen Männern		Personen, die eine Vaterrolle für schwule Männer einnehmen. Zur Verwendung nur für Personen, die sich als Vater identifizieren.	
homoit0002766	Väter von inter* Personen		Personen, die eine Vaterrolle für inter* Personen einnehmen. Zur Verwendung nur für Personen, die sich als Vater identifizieren.	
homoit0000426	Väter von Lesben		Personen, die eine Vaterrolle für Lesben einnehmen. Zur Verwendung nur für Personen, die sich als Vater identifizieren.	
homoit0002342	Väter von LBGTQ+-Personen		Personen, die eine Vaterrolle für LGBTQ+-Personen einnehmen. Zur Verwendung nur für Personen, die sich als Vater identifizieren.	
homoit0003406	Väter von nichtbinären Personen	Väter von nichtbinären Personen||Väter von non-binären Personen	Personen, die eine Vaterrolle für nichtbinäre Personen einnehmen. Zur Verwendung nur für Personen, die sich als Vater identifizieren.	
homoit0000427	Väter von queeren Personen		Personen, die eine Vaterrolle für queere Personen einnehmen. Zur Verwendung nur für Personen, die sich als Vater identifizieren.	
homoit0000428	Väter von trans Personen		Personen, die eine Vaterrolle für trans Personen einnehmen. Zur Verwendung nur für Personen, die sich als Vater identifizieren.	
homoit0001678	Fe/Fem/Femself		Eine Reihe von Pronomen aus dem Englischen. Verwendung: Fe besuchte die Homosaurus-Website. Ich sah fem im Homosaurus stöbern. Fe nutzt den Hmosaurus femself.	
homoit0000212	Fellatio	Blowjobs||Schwanzlutschen	Eine sexuelle Handlung, bei der Mund und Zunge die äußeren Genitalien anderen Person stimulieren (in der Regel Penis oder Klitoris).	
homoit0002040	Female Gaze	Weiblicher Blick	Ein Begriff, der die Darstellung von Frauen in Medien und Kunst als handlungsfähige Subjekte beschreibt, aus deren Perspektive ein Werk erzählt oder dargestellt werden kann. Wird oft im Gegensatz zum „Male Gaze“ verwendet.	
homoit0000430	Weibliche Genitalverstümmelung	Weibliche Genitalbeschneidung	Die Praxis des Beschneidens oder Entfernens der weiblichen Genitalien, mitunter zur Kontrolle des Sexualtriebs oder zur Bestrafung von Homosexualität.	
homoit0000431	Damenimitatoren		Historischer Begriff, der darstellende Künstler, häufig sich als männlich identifizierende Personen, beschreibt, die weibliche Rollen zum Zwecke der Unterhaltung spielen, oft für ein heterosexuelles Publikum. Wurde Ende des 20. Jahrhunderts von anderen Begriffen (wie z.B. Drag Queen) verdrängt.	
homoit0002043	Feminine of center		Begriff, der verwendet wird, um Personen zu beschreiben, deren Gender Expression eher feminin als androgyn ist. Wird im Allgemeinen als Selbstbezeichnung innerhalb der LGBTQ+-Community verwendet.	
homoit0000389	Weiblichkeit	Femininität	Kulturspezifische Merkmale, Verhaltensweisen und Rollen, die im Allgemeinen mit Frauen oder Mädchen assoziiert werden.	
homoit0000437	Feminismus		Gesamtheit der Bewegungen, die darauf abzielen, gleiche politische, wirtschaftliche und soziale Rechte sowie Chancengleichheit für Frauen zu definieren, zu etablieren und zu verteidigen.	
homoit0003121	Feminist Sex Wars	Porn wars||Sex wars	Eine Debattenphase, die in den 1970er-Jahren zwischen verschiedenen Schulen und Fraktionen des feministischen Denkens begann und sich mit sexueller Freiheit, Sexarbeit, Pornografie, Kink und Sadomasochismus, Sexspielzeug, Butch/Femme und Transidentitäten befasste.	
homoit0002039	Feministische Theorie	Feminist Theory	Die Ausweitung des Feminismus auf theoretische, fiktionale oder philosophische Diskurse, oft mit dem Ziel, die Natur der Ungleichheit der Geschlechter zu verstehen.	
homoit0000439	Feminist:innen		Personen, die sich für die Formulierung, Festlegung und Verteidigung gleicher politischer, wirtschaftlicher und sozialer Rechte und Chancen für Frauen einsetzen und diese unterstützen.	
homoit0001842	Operative Stimmfeminisierung	Glottoplastik||VFS	Jegliche chirurgischen Eingriffe, die zur Feminisierung der Stimme durchgeführt werden.	
homoit0000440	Femmes		Sich weiblich verhaltende Person jeden Geschlechts, wird häufig in lesbischen Gemeinschaften verwendet.	
homoit0000441	Femminiello		In Italien ein neapolitanischer Begriff für homosexuelle Männer mit weiblicher Gender-Ausdrucksweise. Oft als drittes Geschlecht angesehen; wird mit Glück assoziiert.	
homoit0002162	Femslash	Altfic||F/F slash||Femmeslash||Girlslash||Ladyslash	Ein Genre der Fanfiction, in denen zwei oder mehrere Frauen in einer sexuellen oder romantischen Situation miteinander dargestellt werden. Femslash-Werke sind in der Regel erotisch oder pornografisch.	
homoit0001680	Fey/Fem/Femself		Eine Reihe von Pronomen aus dem Englischen. Verwendung: Fey besuchte die Homosaurus-Website. Ich sah fem im Homosaurus stöbern. Fey nutzt den Hmosaurus femself.	
homoit0000446	Fingern		Sexueller Akt, bei dem die Finger zur Stimulation der Vagina und/oder des Anus verwendet und eingeführt werden.	
homoit0003055	Fire Play	Fireplay||Feuerspiel	Verwendung von Feuer oder Flammen in einem sexuellen oder erotischen Kontext.	
homoit0000444	Erste Welle des Feminismus	First-wave feminism||Erste Welle der Frauenbewegung	Phase des Frauenrechtsaktivismus im 19. und frühen 20. Jahrhundert, die sich in erster Linie auf gesetzliche Rechte wie das Wahlrecht für Frauen konzentrierte.	
homoit0003172	Feminist:innen der Ersten Welle	First wave feminists||First-Wave-Feminist:innen||Frauenrechtler:innen der ersten Welle	Eine Person, die Teil einer Frauenrechtsbewegung im 19. und frühen 20. Jahrhundert war, deren Schwerpunkt vor allem auf gesetzlichen Rechten wie dem Wahlrecht für Frauen lag. Verwenden, wenn es um Quellen über Feminist:innen der ersten Welle geht.	
homoit0000445	Fisten	Fausten||Faustverkehr	Das Einführen einer Hand (oder Faust) in die Vagina oder den Anus.	
homoit0000447	Flagellantismus	Auspeitschen||Flagellation	Das einvernehmliche Auspeitschen einer Person.	
homoit0000448	Peitschen	Geißeln	Leichte Peitschen oder Geißeln mit mehreren Riemen, die an sich selbst oder einem Partner verwendet werden, um die sexuelle Erregung zu steigern.	
homoit0003120	Flogging		Einvernehmliches Auspeitschen mit einem sogenannten Flogger, einer Peitsche mit mehreren Riemen, die in der Regel aus Leder gefertigt ist.	
homoit0002838	FSH-Rezeptor-Defizienz		Menschen mit einer Resistenz gegen das follikelstimulierende Hormon (FSH) weisen eine genetische Variation auf, aufgrund derer ihr Körper nicht auf FSH reagiert. Menschen mit XX-Chromosomen und einer FSH-Resistenz werden in der Regel mit einer Vulva, einer Vagina und Eierstöcken geboren. Ihre Eierstöcke produzieren möglicherweise weniger Östrogen als üblich und bilden möglicherweise keine fruchtbaren Follikel (Eizellen). In der Pubertät entwickeln sie eventuell keine sekundären Geschlechtsmerkmale, die mit einer typischen Östrogen-Pubertät verbunden sind, und haben möglicherweise keine Menstruation. Menschen mit XY-Chromosomen und FSH-Unempfindlichkeit entwickeln möglicherweise kleinere Hoden als normal, produzieren weniger Spermien als üblich und sind eventuell unfruchtbar.	
homoit0003122	Fußfetisch	Fußfetischismus||Podophilie	Erotisierung der Füße.	
homoit0000449	Zwangskastration	Zwangssterilisation	Zwangsentfernung der Hoden, in der Regel durch chirurgische oder chemische Mittel, durchgeführt durch Justizbehörden oder als Hassverbrechen.	
homoit0000450	Wiederherstellen der Penisvorhaut		Der Eingriff zur Wiederherstellung oder Rekonstruktion der Vorhaut bei einem beschnittenen Penis.	
homoit0000452	Pflegeeltern	Zieheltern	Eine Person oder Familie, die im Auftrag des Staates ein Kind oder mehrere Kinder aufnimmt und betreut.	
homoit0002839	Fraser-Syndrom	Fraser Syndrom	Menschen mit Fraser-Syndrom werden in der Regel mit Abweichungen in der Entwicklung ihrer Augenlider, Finger und Zehen geboren. Sie können auch Abweichungen in ihren Geschlechtsmerkmalen aufweisen, wie beispielsweise eine überdurchschnittlich große Klitoris oder Hodenhochstand. Sie können ohne eine oder beide Nieren entwickelt sein, auch andere Teile des Harnsystems können zusätzlich betroffen sein.	
homoit0000453	Freedom Rings	Freiheitsringe	Ein von David Spada entworfenes Symbol, das aus sechs Aluminiumringen in den Farben der Regenbogenfahne besteht und typischerweise als Schmuckstück getragen wird.	
homoit0000454	Fricatrices		Historische Bezeichnung für Lesben. Nur im historischen Kontext verwenden.	
homoit0000455	Freundschaften		Verbindungen, die auf Zuneigung und Vertrauen zwischen zwei oder mehr Personen beruhen.	
homoit0000456	Frottage		Nicht-penetrativer Sexualakt, bei dem Personen Körperteile (in der Regel die Genitalien) am Körper einer anderen Person reiben. Nicht zu verwechseln mit „Frotteurismus“ (Frottage ohne Einwilligung), obwohl beide Begriffe oft mit „Frot“ abgekürzt werden.	
homoit0000436	FzM		FzM (Frau-zu-Mann) ist ein größtenteils historischer Begriff, der weitgehend durch den Begriff „trans Mann“ ersetzt wurde. Dies ist teilweise auf die Rolle des Begriffs bei der Medikalisierung von trans Personen und auf die hinter "MzF" stehende Annahme zurückzuführen, dass Transmänner zuvor „weiblich“ gewesen und (typischerweise durch Hormone und/oder Operationen) „männlich“ geworden seien. Der Begriff spielt also dem gängigen transfeindlichen Narrativ zu, trans Männer seien erst nach der Einnahme von Hormonen und nach Operationen als Männer anzusehen.	
homoit0000458	Fuck Buddies	Fickfreunde	Zwei Freunde, die regelmäßig Sex miteinander haben, aber keine romantische Beziehung eingehen.	
homoit0000459	Ficken		Slangbegriff (in der Regel als vulgär angesehen) für den Geschlechtsakt, bei dem der Penis oder ein Dildo in den Mund, Anus oder die Vagina einer anderen Person eingeführt wird. Kann auch zur Beschreibung von Geschlechtsakten im Allgemeinen verwendet werden (z. B. „Sie haben gefickt.“).	
homoit0002164	Fujoshi		Japanisches Wort, das wörtlich übersetzt „verkommenes Mädchen“ bedeutet und verwendet wird, um junge Frauen zu beschreiben, die Medien oder Fanfiction mögen, die sich auf romantische oder sexuelle Beziehungen zwischen Männern konzentrieren. Einige Fans bezeichnen sich selbst als Fujoshis, in der Regel als eine Form der spielerischen Selbstironie, aber es kann auch als abwertend angesehen werden.	
homoit0002165	Furries		Personen, die sich für anthropomorphisierte Tiercharaktere sowie für Fiction und Kunst mit anthropomorphisierten Tiercharakteren interessieren. Viele Furries identifizieren sich mit anthropomorphisierten Tierversionen ihrer selbst, die als Fursonas bezeichnet werden.	
homoit0002166	Furry-Conventions	Furry-Cons	Conventions für Furries, die sich auf Furry-Fanwerke konzentrieren.	
homoit0003123	Furry-Kultur		Bezeichnet kulturelle Erfahrungen, die Mitglieder von Furry-Communities teilen, oder Produkte der Furry-Kultur (z. B. Kunst und Medien, die von und für Furries geschaffen wurden, Aktivismus mit Schwerpunkt auf Furry-Themen, in Furry-Communities gebräuchliche Slangausdrücke usw.).	
homoit0002167	Furry-Fandom	Furry-Community||Furry-Fangemeinde	Die Fangemeinde, die sich auf anthropomorphisierte Tiercharaktere konzentriert, diese einbezieht oder detailliert darstellt.	
homoit0002168	Fursonas		Anthropomorphisierte Tierversionen von Menschen. Fursonas, die von Mitgliedern der Furry-Fangemeinde geschaffen werden, sind nicht unbedingt Tiere mit Fell; sie können beispielsweise auch Reptilien, Vögel oder fiktive Tiere sein.	
homoit0002169	Fursuits		Von Furries getragene Kostüme, die ihre Fursonas darstellen (d. h. anthropomorphisierte tierische Versionen ihrer selbst).	
homoit0000460	G-Punkt		Üblicherweise beschrieben als eine erogene Zone der vorderen Vaginalwand, deren Stimulation zu sexueller Erregung, Orgasmen und/oder Ejakulation führen kann.	
homoit0003090	Gags	Ball gags||Knebel||Ballknebel	Ein Gegenstand oder Gerät, das verwendet wird, um das Sprechen zu verhindern, meist durch Blockieren oder Ausfüllen des Mundes. Wird häufig in einigen Formen von Bondage-Spiel verwendet.	
homoit0003112	Gasmasken (Erotik)		Eine Maske, die traditionell zum Schutz der tragenden Person vor dem Einatmen luftgetragener Schadstoffe und toxischer Gase verwendet wird und in Kink- oder erotischem Spiel Verwendung findet.	
homoit0003268	Schwule Akademiker	Schwule Hochschullehrer||Schwule Professoren||Schwule Forscher	Schwule Forscher und/oder Pädagogen, die in der Hochschulbildung tätig sind.	
homoit0000462	Schwuler Aktivismus	Schwulen-Aktivismus||Schwules Engagement||Schwulen-Engagement||Gay-Aktivismus	Direktes Handeln und Organisieren, um politische oder gesellschaftliche Veränderungen und die Akzeptanz von Schwulen zu erreichen.	
homoit0000469	Schwule Archive	Schwulen-Archive	Sammlungen von Aufzeichnungen und Materialien, die sich auf schwule Männer oder schwule Gemeinschaften beziehen; kann eine Vielzahl von Organisationen und Institutionen umfassen, von Community- bis zu Staatsarchiven.	
homoit0002598	Schwule Kunst	Schwulen-Kunst	Bezeichnung für verschiedene Formen des kreativen Schaffens, einschließlich visueller, materieller und darstellender Kunst, von schwulen Künstlern oder über schwule Themen und Gemeinschaften.	
homoit0000470	Schwule Künstler		Schwule Männer, die eine von vielen kreativen Künsten ausüben.	
homoit0000473	Schwule Atheisten		Schwule Männer, die atheistisch sind.	
homoit0001931	Schwule Sportler	Schwule Athleten	Profi- oder Amateur-/Freizeitsportler, die sich selbst als schwul identifizieren.	
homoit0001725	Schwule Autoren		Schwule Verfasser schriftlicher Werke.	
homoit0002669	Schwule autistische Männer	Autistische schwule Männer||Schwule Autisten	Schwule Männer, die autistisch sind.	
homoit0001731	Schwule Autobiografien	Schwule Memoiren	Berichte über das Leben schwuler Männer, die von diesen Personen geschrieben wurden. Für schriftliche Berichte über das Leben schwuler Männer, die nicht von der betreffenden Person verfasst wurden, wird „Schwule Biografien“ verwendet.	
homoit0000474	Schwule Bars	Gay-Bars	Lokale bzw. Trinklokale oder Gaststätten, die sich in erster Linie an schwule Männer wenden.	
homoit0000476	Schwule Strände	Gay-Strände||Schwulenstrände	Strände, die für schwule Männer reserviert sind, oder Strände, die bekanntermaßen von schwulen Männern besucht werden.	
homoit0001616	Schwule Biografien		Schriftliche Berichte über das Leben von schwulen Männern. Für schriftliche Berichte über das Leben schwuler Männer, die von den Betreffenden selbst verfasst wurden, ist der Begriff „Schwule Autobiografien“ zu verwenden.	
homoit0001873	Schwule blinde Männer	Blinde schwule Männer	Schwule Männer mit erheblichem oder vollständigem Sehverlust.	
homoit0000478	Schwule Buchhandlungen		Buchhandlungen, die Materialien verkaufen, die für schwule Männer bestimmt sind oder sich mit Themen befassen, die mit schwulen Erfahrungen zusammenhängen.	
homoit0000479	Schwule Jungen	Schwule Jungs	Jungen (in der Regel unter 18 Jahre), die schwul sind.	
homoit0000480	Schwule Buddhisten		Schwule Männer, die buddhistisch sind.	
homoit0000481	Schwule Charaktere		Charaktere in künstlerischen Werken, die schwul sind.	
homoit0001773	Schwule Chefköche		Schwule Männer, die ausgebildete, professionelle Köche sind und in der Regel eine Führungsrolle in ihrer Küche innehaben.	
homoit0002363	Schwule Kinder		Schwule Personen, die die Volljährigkeit noch nicht erreicht haben.	
homoit0003489	Schwule Kinderliteratur		Literarische Werke, die für ein Publikum von Leser:innen bis zu 12 Jahren geschrieben wurden, auch bekannt als Kinderliteratur oder Jugendliteratur. Verwendung in Bezug auf Kinder-/Jugendliteratur, die sich auf schwule Figuren oder Themen konzentriert.	
homoit0000482	Schwule Chöre		Organisierte Gruppen von schwulen Männern, die zusammen singen.	
homoit0000483	Schwule Christen		Schwule Männer, die christlich sind.	
homoit0002330	Schwules Kino		Ein Begriff, der schwules Filmschaffen, die schwule Filmindustrie und Film als Kunstform innerhalb der schwulen Kultur umfasst. Für spezifische Filme, die von oder über schwule Männer geschaffen wurden, ist der Begriff „Schwule Filme" zu verwenden.	
homoit0000484	Schwule Geistliche	Schwuler Klerus||Schwule Kleriker||Schwule Pfarrer	Schwule Männer, die für religiöse Aufgaben ordiniert sind, insbesondere in der christlichen Kirche.	
homoit0003037	Schwule Hochschulstudierende	Homosexuelle Hochschulstudierende	Schwule Männer, die eine Hochschule besuchen. Achtung: Das US-amerikanische College entspricht nicht exakt der Hochschule im deutschen Sprachraum, wird aber häufig als Hochschule übersetzt.	
homoit0002702	Schwule Komiker	Schwule Comedians	Schwule Männer, die ihr Publikum durch Witze, Slapstick, Requisiten oder andere unterhaltsame Mittel zum Lachen bringen wollen.	
homoit0001588	Schwule Comics		Werke, die aus sequentiellen Bildern bestehen, die oft von Text begleitet werden; Verwendung in Bezug auf Comics, die sich auf schwule Charaktere oder Themen konzentrieren.	
homoit0000485	Schwule Gemeinschaft	Gay-Community	Gruppen von Personen, die die Erfahrung teilen, schwul zu sein.	
homoit0000486	Schwule Gemeinschaftszentren		Räume, in denen sich Personen aus schwulen Gemeinschaften zu sozialen, edukativen, freizeitlichen oder organisierten Aktivitäten treffen.	
homoit0000503	Schwule Paare		Partnerschaften, in denen beide Personen schwul sind.	
homoit0000487	Schwule Kultur	Schwulenkultur	Bezieht sich auf kulturelle Erfahrungen, die Mitglieder der Schwulengemeinschaft teilen, oder auf Produkte der Schwulenkultur (z. B. Kunst und Medien, die von und für schwule Männer geschaffen wurden, Aktivismus mit Schwerpunkt auf schwulen Themen, in Schwulengemeinschaften gebräuchliche Slangausdrücke usw.).	
homoit0001868	Schwule gehörlose Männer	Gehörlose schwule Männer||Schwule Taube Männer||Taube schwule Männer	Schwule Männer mit signifikantem oder vollständigem Hörverlust, die sich als gehörlos/nicht gehörlos, taub/nicht taub oder Deaf/nicht Deaf betrachten können.	
homoit0001856	Schwule Männer mit Behinderung	Behinderte schwule Männer	Schwule Männer, die behindert sind.	
homoit0000488	Schwulendisco	Homosexuellendisco	Nachtlokale oder Clubs, in denen zu Musik aus der Konserve getanzt wird; Verwendung in Bezug auf Diskotheken, die sich in erster Linie an schwule Männer richten.	
homoit0000505	Schwuler Dom	Homosexueller Dom	Schwule Männer, die Teil der BDSM-Szene sind und die dominante Rolle in sexuellen Beziehungen mit einer Master/Sklaven-Dynamik übernehmen.	
homoit0000489	Schwules Drama		Fiktionale Werke, die für die Aufführung geschrieben wurden; Verwendung in Bezug auf dramatische Werke, die sich auf schwule Charaktere oder Themen konzentrieren.	
homoit0001719	Schwule Beschäftigte	Schwule Arbeitnehmer	Beschäftigung von schwulen Männern.	
homoit0000491	Schwule Familien	Schwulenfamilien	Leibliche, Adoptiv- oder selbst gewählte Familien, in denen sich eine oder mehrere Personen als schwul identifizieren.	
homoit0001566	Schwule Fantasyliteratur		Genre, das Magie und andere übernatürliche Phänomene als primäres Element der Handlung, des Themas und/oder des Schauplatzes verwendet; Verwendung für Fantasyliteratur, die sich auf schwule Figuren oder Themen konzentriert.	
homoit0002339	Schwule Väter	Schwule Papas	Schwule Männer, die Väter sind.	
homoit0000493	Schwule Fiction		Werke, in denen imaginäre Ereignisse oder Personen beschrieben werden; Verwendung in Bezug auf fiktionale Werke, die sich auf schwule Charaktere oder Themen konzentrieren.	
homoit0002331	Schwule Filme	Schwulenfilme	Filme, die von schwulen Regisseuren gedreht wurden, schwule Männer zeigen oder innerhalb der schwulen Kultur als wichtig angesehen werden.	
homoit0000494	Gay-for-Pay		Sexarbeiter:innen, die sich als heterosexuell identifizieren, aber dafür bezahlt werden, sich so zu verhalten, als wären sie lesbisch oder schwul.	
homoit0003427	Schwule Graphic Novels	Schwule Comics||Schwulencomics	Werke, die aus aufeinanderfolgenden Bildern bestehen, oft begleitet von Text, der in der Regel eigenständige Geschichten enthält; wird in Bezug auf Graphic Novels verwendet, die sich auf schwule männliche Charaktere oder Themen konzentrieren.	
homoit0002262	Schwule Geschichte	Schwulengeschichte	Vergangene Ereignisse oder Berichte aus der Vergangenheit über schwule Männer oder Männer, die heute als schwul wahrgenommen würden, wenn sie noch am Leben wären.	
homoit0001582	Schwule Horror-Fiction		Fiktionale Werke, die erschrecken, ängstigen oder abstoßen sollen; Verwendung in Bezug auf fiktionale Werke, die sich auf schwule Charaktere oder Themen konzentrieren.	
homoit0000496	Schwule Identität		Begriff für die Beschreibung der sexuellen Identität von Männern und maskulinen Personen, die sich sexuell und/oder romantisch zu anderen Männern und maskulinen Personen hingezogen fühlen. Nicht als Oberbegriff für LGBTQ+-Personen zu verwenden.	
homoit0000490	Schwule Informationszentren	Schwule Infozentren	Einrichtungen, die schwulen Männern Bildung, Unterstützung und Informationen über schwule Männer und schwule Gemeinschaften bieten.	
homoit0000500	Schwulen- und Lesbenbewegung	Schwulenbefreiung||Homosexuellenbewegung	Bewegung der späten 1960er- und frühen bis mittleren 1970er-Jahre, die Lesben und Schwule dazu aufforderte, sich zu „outen“ und ihre Sexualität gegenüber Familie, Freunden und Kollegen öffentlich zu bekennen, als eine Form des Aktivismus und als Mittel, Scham mit Stolz zu bekämpfen.	
homoit0000501	Schwule Bibliotheken	Bibliotheken für Schwule||Bibliotheken für schwule Männer||Schwulenbibliotheken	Bibliotheken, die in erster Linie Materialien zu schwulen Männern und Themen oder für die Nutzung durch schwule Männer bereithalten.	
homoit0001604	Schwule Literaturkritik		Das Studium, die Bewertung und Interpretation literarischer Werke mit Schwerpunkt auf schwulen Charakteren oder Themen; kann auch die Interpretation von Literatur aus der Perspektive und den Rahmenbedingungen der Gay Studies umfassen.	
homoit0000502	Schwule Literatur	Schwulenliteratur	Literarische Werke über schwule Männer, schwule Charaktere oder schwule Themen.	
homoit0000506	Schwule Männer	Homosexuelle Männer||Gays	Männer, die sich selbst als schwul identifizieren und zu schwulen Gemeinschaften gehören. Wird vorwiegend verwendet, um Männer zu beschreiben, die ausschließlich oder hauptsächlich romantisch und/oder sexuell zu anderen Männern hingezogen sind. Während „gay” oft als Identifikationsbegriff von Menschen aller Geschlechter verwendet wird, bezieht sich dieser Begriff speziell auf schwule Männer.	
homoit0002170	Schwule Männer im Fandom	Schwule im Fantum||Schwule im Fandom||Schwule Männer im Fantum	Die Teilnahme und Einbeziehung schwuler Männer in Fan-Communitys.	
homoit0000507	Schwule Armeeangehörige	Schwule Militärangehörige	Homosexuelle Männer, die in den Streitkräften dienen.	
homoit0002031	Schwule Männer am Arbeitsplatz		Die Präsenz von schwulen Männern am Arbeitsplatz, einschließlich der Akzeptanz und der Probleme, mit denen schwule Arbeitnehmer konfrontiert sind.	
homoit0000508	Schwule Männer of Color		Dieser Begriff wird vor allem in den USA verwendet und bezieht sich auf schwule Männer, die nicht weiß sind und sich als People of Color identifizieren.	
homoit0001881	Schwule Männer mit chronischen Krankheiten	Chronisch kranke schwule Männer||Schwule chronisch kranke Männer	Homosexuelle Männer, die unter langfristigen Gesundheitsproblemen leiden, die eine kontinuierliche medizinische Versorgung erfordern und/oder ihr tägliches Leben erheblich beeinträchtigen oder einschränken; einige, aber nicht alle Menschen mit chronischen Erkrankungen betrachten sich selbst als behindert.	
homoit0002345	Schwule Mütter	Schwule Mamas	Homosexuelle Männer, die Mütter sind. Dazu gehören auch Transmänner, die vor ihrer Transition Kinder hatten und sich gegenüber diesen Kindern weiterhin als Mütter identifizieren. Nicht zur Beschreibung homosexueller Eltern zu verwenden, es sei denn, diese identifizieren sich selbst als Mütter.	
homoit0000510	Schwulenbewegung	Homosexuellenbewegung	Oberbegriff für Aktivismus, der sich auf die Rechte von Schwulen und die Probleme von schwulen Communities konzentriert.	
homoit0000511	Schwule Museen	Schwulenmuseen	Institutionen, die sich der Aufbewahrung, Ausstellung, Konservierung und Erhaltung von Materialien widmen, die sich auf schwule Männer oder die schwule Geschichte beziehen.	
homoit0003161	Schwule Musicals		Musicals, die von schwulen Regisseuren geschaffen wurden, schwule Männer darstellen oder innerhalb der schwulen Kultur als wichtig angesehen werden.	
homoit0000512	Schwule Muslime	Muslimische Schwule	Schwule Männer, die muslimischen Glaubens sind.	
homoit0001576	Schwule Krimis und Detektivgeschichten	Schwule Krimis und Detektivromane	Literarische Werke über die Aufklärung von Verbrechen oder die Arbeit von Detektiven; Verwendung in Bezug auf Krimis und Detektivromane, die sich auf schwule Charaktere oder Themen konzentrieren.	
homoit0002659	Schwule neurodivergente Männer	Neurodivergente schwule Männer	Schwule Männer, deren Gehirne anders verarbeiten, lernen und/oder sich anders verhalten als es von der Gesellschaft als typisch angesehen wird. Einige dieser neurologischen Unterschiede können sich in Form von Lernstörungen, medizinischen Störungen und anderen Erkrankungen äußern.	
homoit0000514	Schwule Newsletter		Serienweise erscheinende Print- oder Digitalzeitschriften, die von oder für schwule Männer erstellt werden, mit dem Ziel, Nachrichten und Informationen über schwule Gemeinschaften und Themen auszutauschen.	
homoit0000515	Schwule Zeitungen	Schwulenzeitung	Fortlaufende gedruckte oder digitale Zeitungen über schwule Männer oder schwule Themen (die in der Regel von schwulen Männern oder schwulen Organisationen herausgegeben werden), die Nachrichten, Artikel, Kolumnen, Korrespondenz und Anzeigen enthalten.	
homoit0002887	Schwule Opern	Schwulenopern	Opern, die von schwulen Regisseuren geschaffen wurden, schwule Männer darstellen oder innerhalb der schwulen Kultur als wichtig angesehen werden.	
homoit0000516	Schwule Heiden	Schwule heidnische Personen	Schwule Männer, die Mitglieder polytheistischer Religionen oder anderer Religionen außerhalb der vorherrschenden Kultur sind, die typischerweise Naturverehrung und/oder das "Heilige Weibliche" beinhalten, wie Wicca, Druidentum, Heidentum usw. Wird verwendet, um homosexuelle Männer zu beschreiben, die sich selbst als Heiden identifizieren.	
homoit0003513	Schwule Maler		Schwule Männer, die entweder professionell oder als Hobby malen.	
homoit0000492	Schwule Eltern	Schwule Väter||Schwule Papas	Schwule Männer, die Väter sind.	
homoit0002368	Schwule Partner		Schwule Männer, die romantische, sexuelle oder Spielpartner einer anderen Person oder anderer Personen sind.	
homoit0003448	Schwule Fotografen		Männer, die entweder beruflich oder als Hobby fotografieren.	
homoit0000517	Schwule Dichtung	Schwule Lyrik||Schwule Poesie	Literarisches Werk, typischerweise in Versform verfasst, das sich auf schwule Charaktere, Themen oder Identität konzentriert.	
homoit0000518	Schwule Aktivisten	Aktivistische Schwule	Schwule Männer, die sich durch öffentliche Organisation für politische oder soziale Veränderungen einsetzen.	
homoit0000519	Schwule politische Gruppen	Politische Schwulengruppen	Organisierte Gruppen, die sich auf politischen Wandel und Maßnahmen für die Rechte von Schwulen konzentrieren und die mit den großen politischen Parteien übereinstimmen können oder auch nicht.	
homoit0002810	Schwule Politiker	Schwule Männer in öffentlichen Ämtern	Schwule Männer, die für ein öffentliches Amt kandidieren, derzeit ein öffentliches Amt innehaben oder politische Positionen innehatten. Politiker:innen können durch öffentliche Wahlen gewählt oder anderweitig ernannt werden.	
homoit0000520	Schwule Pornofilme	Schwule Pornos	Sexuell explizite Filme mit schwulen Männern.	
homoit0000521	Schwule Presse	Schwule Medien	Zeitungen, Zeitschriften oder andere Publikationsorgane, die sich an ein schwules Publikum richten und/oder von schwulen Medien betrieben werden.	
homoit0000522	Gay Pride	Schwulenparade||CSD||Christopher Street Day||Gay-Pride	Die Anerkennung und Würdigung von schwulen Männern und der schwulen Kultur, wodurch die Sichtbarkeit, Würde und Vielfalt schwuler Gemeinschaften bekräftigt wird. Dieser Begriff kann sich speziell auf schwule Männer beziehen, wird jedoch häufig als Oberbegriff für die LGBTQ+-Pride insgesamt verwendet, insbesondere in historischen Zusammenhängen.	
homoit0000523	Pride-Woche	Pride Woche||CSD-Woche||Gay-Pride-Woche	Ein Zeitraum, in dem Personen und Kultur der LGBTQ+-Gemeinschaft öffentlich gewürdigt und gefeiert werden. In der Regel werden im Rahmen einer Woche lokale Veranstaltungen, Paraden, Umzüge und Kundgebungen organisiert. Die Pride-Woche findet an verschiedenen Orten zu unterschiedlichen Zeiten im Jahr statt, häufig im Juni, um an den Stonewall-Aufstand zu erinnern.	
homoit0000524	Schwule Priester	Schwule Pfarrer||Schwule Pastoren	Schwule Männer, die in verschiedenen Konfessionen der christlichen Kirche zu Priestern geweiht sind.	
homoit0000525	Schwule Sexarbeiter	Schwule Prostituierte||Stricher||Schwule Prostitution||Schwule Sexarbeit	Schwule Männer, die Geld oder Waren als Gegenleistung für sexuelle Dienstleistungen, Darbietungen oder Gesellschaft erhalten. Wird verwendet, um Männer zu beschreiben, die im breiten Spektrum der Sexarbeit tätig sind.	
homoit0000526	Schwule Protestanten	Schwule evangelische Männer||Evangelische schwule Männer||Protestantische schwule Männer	Schwule Männer, die Mitglieder der protestantischen bzw. evangelischen Kirche sind.	
homoit0000527	Schwule Verleger		Unternehmen und Organisationen, die Materialien für schwule Gemeinschaften veröffentlichen oder sich mit schwulen Themen befassen.	
homoit0000528	Schwules Radio		Im Radio ausgestrahlte hörbare Inhalte (analog oder digital) über schwule Männer und schwule Themen.	
homoit0000529	Schwule Beziehungen		Dauerhafte Beziehungen (romantischer, sexueller oder platonischer Natur) zwischen zwei oder mehr schwulen Männern.	
homoit0000531	Schwulenrechte	Homosexuellenrechte||Gay Rights	Rechtliche, soziale oder ethische Grundsätze der Freiheit oder Rechte von homosexuellen Männern.	
homoit0000532	Schwule Katholiken	Katholische schwule Männer||Römisch-katholische schwule Männer||Schwule römisch-katholische Männer	Schwule Männer, die Mitglieder der römisch-katholischen Kirche sind.	
homoit0001593	Schwule Liebesromane		Werke der Belletristik, die sich um romantische und/oder sexuelle Beziehungen zwischen den Hauptfiguren drehen; Verwendung in Bezug auf Liebesromane, die sich auf schwule Figuren konzentrieren.	
homoit0000475	Schwulensaunen	Schwule Saunen||Badehäuser||Schwule Badehäuser	Kommerzielle Saunen oder Badehäuser, die für schwule Männer zum Kennenlernen und für sexuelle Aktivitäten gedacht sind.	
homoit0001571	Schwule Science-Fiction		Werk über phantasievolle oder futuristische Konzepte, die Wissenschaft, Technologie, Raumfahrt, Zeitreisen und andere spekulative Elemente beinhalten; Verwendung in Bezug auf Science Fiction mit einem Schwerpunkt auf schwulen Charakteren oder Themen.	
homoit0000533	Schwule Sensibilität	Gay Sensibility	Eine Methode, kulturelle Texte (Bücher, Filme, Fernsehen, Zeitschriften usw.) aus einer schwulen Perspektive zu lesen und zu betrachten, wobei oft auch Texte einbezogen werden, die ansonsten als heterosexuell gelten.	
homoit0000534	Gay-Shame-Bewegung		Eine Bewegung innerhalb queerer Gemeinschaften, die als radikale Alternative zur Mainstreamisierung der Schwulenkultur beschrieben wird; vertritt eine alternative Sichtweise auf Gay-Pride-Veranstaltungen und -Aktivitäten, die eine zunehmende Kommerzialisierung, Firmensponsoring und „sicherere“ Zielsetzungen ablehnt, um heterosexuelle Unterstützer und Sponsoren nicht zu verärgern.	
homoit0001610	Schwule Kurzgeschichten		Schriftliche literarische Werke, die kurz sind und eine in sich abgeschlossene Begebenheit oder ein Konzept beschreiben; Verwendung in Bezug auf Kurzgeschichten, die sich auf schwule Charaktere oder Themen konzentrieren.	
homoit0000535	Schwuler Slang		Umgangssprachliche oder informelle Sprache, die sich auf schwule Männer bezieht oder von schwulen Männern verwendet wird.	
homoit0003197	Schwule Solidarität		Ein Gefühl der Gemeinschaft und der allgemeinen Einigkeit in Bezug auf Ziele, politische Interessen und/oder gemeinschaftliche Sympathien, die auf gemeinsamen Erfahrungen als schwule Personen beruhen.	
homoit0000536	Schwule Söhne		Söhne, die sich als schwule Männer identifizieren.	
homoit0000537	Schwule Sportvereine		Gruppen von schwulen Männern, die sich zum Ausüben von Sport gegründet haben; umfasst professionelle und Amateursportvereine.	
homoit0000539	Gay Studies	Gay-Studien||Homosexualitätsstudien||Gay-Forschung||Homosexualitätsforschung	Akademischer Forschungs- und Studienbereich über schwule Männer, schwule Identität und schwule Gemeinschaften.	
homoit0002000	Schwule Überlebende von Mobbing		Schwule Männer, die aufgrund ihrer sexuellen Identität Mobbing erlebt und überlebt haben; wenn möglich die Präferenz der Person für „Opfer“ oder „Überlebende“ beachten.	
homoit0000540	Schwule Überlebende von Hasskriminalität	Schwule Überlebende von Hassdelikten||Schwule Überlebende von Hassverbrechen	Schwule Männer, die Hasskriminalität erlebt und überlebt haben; wenn möglich die Präferenz der Person für „Opfer“ oder „Überlebende“ beachten.	
homoit0000541	Schwule Überlebende von Vergewaltigungen		Schwule Männer, die eine Vergewaltigung erlebt und überlebt haben; beachten Sie, wenn möglich, die Präferenz der Person für „Opfer“ oder „Überlebende“ beachten.	
homoit0000542	Schwule Überlebende von sexuellem Missbrauch		Schwule Männer, die sexuellen Missbrauch erlebt und überlebt haben; wenn möglich die Präferenz der Person für „Opfer“ oder „Überlebende“ beachten.	
homoit0000543	Schwule Kriegsüberlebende	Schwule Überlebende eines Krieges	Schwule Männer, die Krieg erlebt und überlebt haben; wenn möglich die Präferenz der Person für „Opfer“ oder „Überlebende“ beachten.	
homoit0003252	Schwule Lehrer		Lehrer, die sich selbst als schwule Männer identifizieren.	
homoit0000545	Schwules Fernsehen		Fernsehsendungen, in denen schwule Charaktere oder Themen vorkommen.	
homoit0000546	Schwules Theater		Werke der darstellenden Kunst, die sich mit schwulen Charakteren, Gemeinschaften oder Themen befassen.	
homoit0000547	Schwule Theatergruppen		Theatergruppen, bestehend aus schwulen Männern; kann sich auf die Aufführung von Werken konzentrieren, die von schwulen Männern geschrieben wurden oder sich mit schwulen Themen befassen.	
homoit0000549	Schwule Gewerkschaftsgruppen	Schwule Berufsverbände||Schwule Gewerkschaften	Organisierte Gruppen schwuler Arbeitnehmer, die sich zusammengeschlossen haben, um Entscheidungen zu treffen, die ihre Arbeitsbedingungen betreffen.	
homoit0003349	Schwule Unitarier	Schwule Unitarische Universalisten	Schwule Männer, die Mitglied der Unitarian Universalist Church sind.	
homoit0003180	Schwule Urban Fantasy		Ein Subgenre der Fantasy, in dem Magie und übernatürliche Kreaturen in zeitgenössischen urbanen Umgebungen vorkommen; für Urban Fantasy verwenden, die sich auf schwule Charaktere oder Themen konzentriert.	
homoit0001991	Schwule Mobbingopfer		Schwule Männer, die aufgrund ihrer sexuellen Identität Mobbing erfahren und überlebt haben oder nicht; wenn möglich die Präferenz der Person für „Opfer“ oder „Überlebende“ beachten.	
homoit0000551	Schwule Opfer von Hasskriminalität	Schwule Opfer von Hassverbrechen||Schwule Opfer von Hassdelikten	Schwule Männer, die Opfer von Hassverbrechen geworden sind und überlebt haben oder nicht; wenn möglich die Präferenz der Person für „Opfer“ oder „Überlebende“ beachten.	
homoit0000552	Schwule Vergewaltigungsopfer		Schwule Männer, die Vergewaltigungen erlebt und überlebt haben oder nicht; wenn möglich die Präferenz der Person für „Opfer“ oder „Überlebende“ beachten.	
homoit0000550	Schwule Opfer von sexuellem Missbrauch		Schwule Männer, die sexuell missbraucht wurden und überlebt haben oder nicht; wenn möglich die Präferenz der Person für „Opfer“ oder „Überlebende“ beachten.	
homoit0000553	Schwule Kriegsopfer		Schwule Männer, die einen Krieg erlebt und überlebt haben oder nicht; wenn möglich, die Präferenz der Person für „Opfer“ oder „Überlebende“ beachten.	
homoit0000554	Schwule Opferrechte		Das Recht schwuler Männer auf Information, Anwesenheit und Anhörung im Rahmen des Strafrechtssystems, wenn sie infolge eines Verbrechens, eines Unfalls oder eines anderen Ereignisses geschädigt oder verletzt worden sind.	
homoit0003211	Schwule Webseiten		Öffentliche Webseiten, die sich in erster Linie mit schwulen Gemeinschaften und Themen befassen, sowie Webseiten, die für die Nutzung durch schwule Männer bestimmt sind.	
homoit0001887	Schwule Rollstuhlfahrer		Schwule Männer, die einen Rollstuhl nutzen.	
homoit0001909	Schwule Hexer	Schwule Wicca||Schwule Wicca-Anhänger	Schwule Anhänger von Wicca oder anderen heidnischen Religionen, die sich selbst als Hexer bezeichnen.	
homoit0000544	Schwule Jugendliche		Schwule Personen im Alter zwischen Kindheit und Erwachsensein.	
homoit0000557	Schwule Jugendliteratur		Literarische Werke, die für eine Leserschaft im Alter von 12 bis 18 Jahren geschrieben werden, auch bekannt als YA (Young Adult); verwenden in Bezug auf Jugendliteratur, die sich auf schwule Charaktere oder Themen konzentriert.	
homoit0003475	Schwule jugendliche Mobbingopfer		Schwule Jugendliche im Alter von 12 bis 18 Jahren, die Mobbing aufgrund ihres Geschlechts oder ihrer sexuellen Identität erlebt und überlebt haben oder nicht; wenn möglich, die Präferenz der Person für „Opfer“ oder „Überlebende“ beachten.	
homoit0003156	Schwule Zines		Unabhängige Publikationen mit geringer Auflage, die in der Regel mit einem Fotokopierer vervielfältigt werden; wird für Zines (von englisch magazine) verwendet, die von schwulen Männern erstellt werden und/oder sich auf schwule Identität, Themen oder Kultur konzentrieren.	
homoit0001743	Unternehmen ausgerichtet auf Schwule		Unternehmen, die sich auf schwule Klientel und Produkte für schwule Gemeinschaften konzentrieren.	
homoit0001737	Unternehmen von schwulen Männer	Unternehmen im Besitz von schwulen Männern	Unternehmen, die schwulen Männern gehören.	
homoit0000559	Schwulenradar	Gaydar	Begriff, der die intuitive Fähigkeit einer Person beschreibt, die sexuellen Orientierungen anderer zu erkennen.	
homoit0000561	Geschlechtsbestätigende Operation	Geschlechtsangleichende Operation||Geschlechtsbejahende Operation	Jede Art von Operation, die durchgeführt wird, um das Geschlecht einer Person zu bestätigen. Wird meist bei trans Personen angewendet, kann sich aber auch auf bestimmte Eingriffe beziehen, denen sich cis und inter* Menschen unterziehen.	
homoit0000562	Gender-bending	Gender-Bending	Die Praxis, erwartete Geschlechterrollen zu überschreiten oder zu „verbiegen“, was oft mit der Übernahme oder Übertreibung stereotypisch weiblicher oder männlicher Eigenschaften einhergeht, um diese als künstlich zu entlarven. Gender-bending ähnelt Drag, wobei Drag oft mit künstlerischen Auftritten oder Bühnenaufführungen in Verbindung gebracht wird, während Gender-bending typischerweise im Alltag praktiziert wird.	
homoit0000563	Geschlechterbinarität	binäres Geschlechtersystem||Zweigeschlechter-Ordnung||Binäre Geschlechterordnung	Kulturelle Konzepte von Geschlecht als zwei unterschiedliche und gegensätzliche Kategorien, typischerweise Mann und Frau oder männlich und weiblich.	
homoit0003512	Gender-Konversionstherapie	Geschlechtskonversionstherapie	Bemühungen, die Geschlechtsidentität einer trans oder nichtbinären Person zu ändern, um sie den cis Normen anzupassen, typischerweise in der Überzeugung, dass ihre Identität gefährlich und/oder das Ergebnis einer psychischen Erkrankung oder eines Traumas ist. Zu den Verfahren der Konversionstherapie gehören Visualisierungstraining, spirituelle Interventionen und andere Aversionsbehandlungen.	
homoit0000566	Geschlechtervielfalt		Ein Oberbegriff, der eine Reihe von Geschlechtsidentitäten umfasst.	
homoit0000567	Geschlechtsdysphorie	Gender-Dysphorie||Geschlechts-Dysphorie	Eine psychologische Diagnose (die den veralteten und beleidigenden Begriff „Geschlechtsidentitätsstörung” ersetzt), die verwendet wird, um das Gefühl des Unbehagens oder der Unzufriedenheit zu beschreiben, das eine Person aufgrund der Diskrepanz zwischen ihrer Geschlechtsidentität und ihrem zugewiesenen Geschlecht, ihrem Geschlechtsausdruck und/oder der Art und Weise, wie ihr Geschlecht von anderen wahrgenommen wird, empfindet. Dieser Begriff wird auch umgangssprachlich von Personen verwendet, um das Unbehagen und die Belastung zu beschreiben, die sie aufgrund dieser Diskrepanz empfinden. Obwohl Geschlechtsdysphorie oft mit trans Personen in Verbindung gebracht wird, können Menschen jeder Identität Geschlechtsdysphorie empfinden, wenn sie sich in ihrem Körper oder in der Art und Weise, wie ihr Geschlecht ausgedrückt wird, nicht „richtig“ fühlen.	
homoit0002699	Geschlechtsdysphorie bei Kindern	Gender-Dysphorie bei Kindern||Geschlechts-Dysphorie bei Kindern	Eine psychologische Diagnose (die den veralteten und beleidigenden Begriff „Geschlechtsidentitätsstörung” ersetzt), die verwendet wird, um das Gefühl des Unbehagens oder der Unzufriedenheit zu beschreiben, das eine Person aufgrund der Diskrepanz zwischen ihrer Geschlechtsidentität und ihrem zugewiesenen Geschlecht, ihrem Geschlechtsausdruck und/oder der Art und Weise, wie ihr Geschlecht von anderen wahrgenommen wird, empfindet. Dieser Begriff wird auch umgangssprachlich von Personen verwendet, um das Unbehagen und die Belastung zu beschreiben, die sie aufgrund dieser Diskrepanz empfinden. Obwohl Geschlechtsdysphorie oft mit trans Personen in Verbindung gebracht wird, können Menschen jeder Identität Geschlechtsdysphorie empfinden, wenn sie sich in ihrem Körper oder in der Art und Weise, wie ihr Geschlecht ausgedrückt wird, nicht „richtig“ fühlen. Dieser spezifische Begriff wird für Werke über Kinder verwendet, die Geschlechtsdysphorie erleben oder erlebt haben.	
homoit0002700	Geschlechtsdysphorie bei Jugendlichen	Gender-Dysphorie bei Jugendlichen||Geschlechts-Dysphorie bei Jugendlichen	Eine psychologische Diagnose (die den veralteten und beleidigenden Begriff „Geschlechtsidentitätsstörung” ersetzt), die verwendet wird, um das Gefühl des Unbehagens oder der Unzufriedenheit zu beschreiben, das eine Person aufgrund der Diskrepanz zwischen ihrer Geschlechtsidentität und ihrem zugewiesenen Geschlecht, ihrem Geschlechtsausdruck und/oder der Art und Weise, wie ihr Geschlecht von anderen wahrgenommen wird, empfindet. Dieser Begriff wird auch umgangssprachlich von Personen verwendet, um das Unbehagen und die Belastung zu beschreiben, die sie aufgrund dieser Diskrepanz empfinden. Obwohl Geschlechtsdysphorie oft mit trans Personen in Verbindung gebracht wird, können Menschen jeder Identität Geschlechtsdysphorie empfinden, wenn sie sich in ihrem Körper oder in der Art und Weise, wie ihr Geschlecht ausgedrückt wird, nicht „richtig“ fühlen. Dieser spezifische Begriff wird für Werke über Jugendliche verwendet, die Geschlechtsdysphorie erleben oder erlebt haben.	
homoit0002290	Geschlechtergleichstellung	Gleichstellung der Geschlechter	Der Zustand des gleichberechtigten Zugangs zu Ressourcen und Chancen unabhängig vom Geschlecht, einschließlich der wirtschaftlichen Teilhabe und Entscheidungsfindung, sowie der Zustand der gleichberechtigten Wertschätzung unterschiedlicher Verhaltensweisen, Bestrebungen und Bedürfnisse unabhängig vom Geschlecht.	
homoit0002256	Geschlechtseuphorie	Gender-Euphorie||Geschlechts-Euphorie	Das starke Gefühl der Freude und des Wohlbefindens, das eine Person empfindet, wenn ihr zugewiesenes Geschlecht, ihr Geschlechtsausdruck und/oder die Art und Weise, wie ihr Geschlecht von ihr selbst und anderen wahrgenommen wird, mit ihrer Geschlechtsidentität übereinstimmen. Obwohl Geschlechtseuphorie oft mit trans Personen in Verbindung gebracht wird, können Personen jeder Identität Geschlechtseuphorie empfinden, wenn sie das Gefühl haben, dass ihr Geschlecht gesehen und bestätigt wird, oder wenn sie sich in ihrem Körper und in der Art und Weise, wie ihr Geschlecht zum Ausdruck kommt, „richtig“ fühlen.	
homoit0000568	Geschlechtsausdruck	Genderausdruck	Begriff zur Beschreibung der Art und Weise, wie Personen ihre Geschlechtsidentität durch ihr Erscheinungsbild und ihr Verhalten ausdrücken, einschliesslich Gesten, Bewegungen, Kleidung und Körperpflege.	
homoit0000572	Geschlechtsidentitätsstörung		Eine veraltete psychologische Diagnose, die trans Identitäten und Praktiken medizinisiert; nur in historischen Zusammenhängen verwenden.	
homoit0002171	Geschlecht im Fandom	Gender im Fandom	Themen und Diskussionen über Geschlecht in Fanszenen und Fanwerken.	
homoit0003503	Änderungsverbote des Geschlechtseintrags	Verbote zur Änderung des Geschlechtseintrags	Gesetze oder Regelungen, die eingeführt wurden, um trans und nichtbinäre Personen daran zu hindern, den Geschlechtseintrag auf ihrer Geburtsurkunde, ihrem Führerschein, ihrem Pass oder anderen rechtlichen Dokumenten zu ändern.	
homoit0000573	Geschlechtseinträge	Geschlechtsmarker||Geschlechtsangaben	Kennzeichnungen, die verwendet werden, um das Geschlecht einer Person auf offiziellen Dokumenten zu bezeichnen, einschliesslich Pässen, Geburtsurkunden, Führerscheinen usw. Verschiedene Rechtsordnungen unterscheiden sich erheblich in der Anzahl und den Arten von Geschlechtseinträgen, die sie auf offiziellen Dokumenten zulassen.	
homoit0000575	Geschlechterverhältnisse	Geschlechterbeziehungen	Die kulturspezifischen Rechte, Pflichten und Beziehungen, die Einzelpersonen oder Gemeinschaften eines Geschlechts von Einzelpersonen oder Gemeinschaften des anderen Geschlechts zugeschrieben werden.	
homoit0000579	Gender Studies	Gender-Studien||Genderstudien||Gender-Forschung||Genderforschung||Geschlechterstudien||Geschlechterforschung	Interdisziplinäres akademisches Fachgebiet, das sich mit der Erforschung und Untersuchung von Gender in einer bestimmten Kultur sowie mit Darstellungen von Gender in den Medien und der Populärkultur befasst.	
homoit0000576	Geschlechtertausch	Geschlechterwechsel||Gender-Roleplay||Geschlechterrollenspiel	Ein Erzählmodus (häufig in Fanfiction und Fanart verwendet), bei dem eine oder mehrere Figuren das binäre Geschlecht wechseln (z. B. verwandelt sich ein cis Mann in eine cis Frau), oft vorübergehend.	
homoit0002259	genderneutrale Sprache	geschlechtsneutrale Sprache||geschlechtsinklusive Sprache||genderinklusive Sprache	Sprache, die die Verwendung geschlechtsspezifischer Wörter vermeidet, entweder um nichtbinäre, agender und andere geschlechterdiverse Personen einzubeziehen oder um geschlechtliche Voreingenommenheit zu vermeiden.	
homoit0000580	Genderzid	Gendercide	Die systematische Tötung von Angehörigen eines bestimmten Geschlechts aufgrund ihres Geschlechts.	
homoit0000569	Genderfluide Identität	Genderfluid-Identität||Genderfluidität	Eine Geschlechtsidentität, bei der das Geschlecht einer Person im Laufe der Zeit und je nach Umständen variiert; einige genderfluide Personen können sich gleichzeitig als eine Mischung aus mehr als einem Geschlecht identifizieren.	
homoit0000570	Genderfluide Personen	Genderfluid-Personen	Personen, die sich zu unterschiedlichen Zeiten als verschiedene Geschlechter identifizieren, einschliesslich mehrerer Geschlechter gleichzeitig oder keines Geschlechts. Nur verwenden, um Personen zu beschreiben, die sich selbst als genderfluid identifizieren.	
homoit0000581	Genderfuck		Eine Form des Geschlechtsausdrucks, die darauf abzielt, die Geschlechterbinarität oder Geschlechterrollen zu unterlaufen, indem traditionell männliche und weibliche Elemente miteinander vermischt und bewusst durcheinandergebracht werden (oder mit ihnen „gespielt“ wird). Wird typischerweise verwendet, um geschlechtliche Praktiken und Präsentationsformen zu beschreiben, wobei sich einige Personen auch selbst als „Genderfuck“ oder als „Genderfucker“ identifizieren. Nur verwenden, um Personen und Praktiken von Personen zu beschreiben, die sich selbst mit Genderfuck identifizieren.	
homoit0001921	Genderqueere Identität	Genderqueerness||Gender-Queerness	Eine Geschlechtsidentität, die nicht dem binären Geschlechtermodell entspricht und die Identifikation mit der queeren Politik betont.	
homoit0000582	Genderqueere Personen		Personen, die sich selbst als genderqueer identifizieren, ein Sammelbegriff für queere oder nichtnormative Geschlechtsidentitäten und Geschlechtsausdrücke.	
homoit0000583	Genetische Elternschaft	Biologische Elternschaft	Die Erfahrung des Elternseins, wie sie von Eltern empfunden wird, die ihr genetisches Material an ihr Kind oder ihre Kinder weitergegeben haben.	
homoit0003110	Genitalfolter	CBT||Penis- und Hodenfolter||Vaginalfolter	Eine sexuelle Praxis, die das Zufügen von Schmerzen, intensiver Empfindungen oder das Einschnüren der Genitalien beinhaltet.	
homoit0000585	Genitalien		Sammelbegriff für erogene und/oder reproduktive Organe (z. B. Vagina, Klitoris, Penis).	
homoit0000587	Gestationelle Elternschaft	Schwangerschafts-Elternschaft	Die Erfahrung der Elternschaft, wie sie von einer Person empfunden wird, deren Gebärmutter dazu diente, einen Embryo zu einem Baby heranzuwachsen.	
homoit0002627	Gestationale Leihmutterschaft	Schwangerschaft-Leihmutterschaft	Ein Vorgang, bei dem eine Person ein Kind für andere austrägt, ohne genetisch mit dem Kind verwandt zu sein.	
homoit0000588	flachlegen	Sex haben||mit jemandem schlafen	Umgangssprachlicher Ausdruck für den Geschlechtsverkehr, in der Regel mit einer anderen Person.	
homoit0000589	zum Orgasmus kommen	kommen	Umgangssprachlicher Ausdruck für das Erleben erotischer oder sexueller Lust, meist mit Bezug auf einen Orgasmus.	
homoit0000590	Mädchen		Kinder oder Jugendliche, in der Regel unter 18 Jahren, die sich als Mädchen identifizieren.	
homoit0000591	Mädchenfreundschaften		Verbindungen, die auf Zuneigung und Vertrauen zwischen zwei oder mehr Mädchen basieren.	
homoit0003507	Girl's Love	GL||Yuri	Ein Genre, das sich auf die romantischen oder sexuellen Beziehungen zwischen weiblichen Figuren in Anime, Dramen, Comics, Romanen und Filmen konzentriert. Der Begriff wird in der Regel verwendet, um Medien aus Asien zu beschreiben.	
homoit0000592	Vorname	Rufname	Personennamen, die Personen bei der Geburt, in der Regel von ihren Eltern, gegeben werden. Manchmal auch als „Geburtsnamen“ oder, in Kulturen, in denen der Vorname vor dem Familiennamen steht, als „Vornamen“ bezeichnet.	
homoit0000595	Glory Holes	Gloryhole	Löcher in Wänden oder Trennwänden, beispielsweise in öffentlichen Toilettenkabinen, durch die Personen anonym sexuelle Handlungen vornehmen oder beobachten können. Aufgrund der historischen und bis heute andauernden Nutzung von Glory Holes durch ungeoutete Homosexuelle, um Oral- oder Analsex ohne das Risiko einer Identifizierung oder Verhaftung zu ermöglichen, werden sie häufig mit der schwulen Kultur in Verbindung gebracht.	
homoit0003111	Handschuhe		Ein Kleidungsstück, das die Hand bedeckt und bei Kink- oder Erotikspielen verwendet wird.	
homoit0000599	Gonadendysgenesie		Begriff für eine Gruppe verschiedener Variationen, die die Entwicklung der Keimdrüsen vor der Geburt beeinflussen.	
homoit0002840	Gonadektomie	Kastration||Orchiektomie||Ovarektomie	Chirurgischer Eingriff zur Entfernung der Keimdrüsen, einschließlich Hoden und Eierstöcke.	
homoit0000600	Gonaden	Keimdrüsen||Geschlechtsdrüsen	Ein allgemeiner Begriff, verwendet zur Beschreibung von Hoden, Eierstöcken oder Ovotestes verwendet.	
homoit0000601	Enkel	Enkelkinder	Die Kinder der Kinder einer Person.	
homoit0002357	Enkel von LGBTQ+-Personen	Enkelkinder von LGBTQ+-Personen	Personen, die einen oder mehrere LGBTQ+-Großelternteile haben. Für Enkelkinder, die selbst LGBTQ+ sind, den Begriff „LGBTQ+-Enkelkinder” verwenden .	
homoit0000602	Großeltern		Die Eltern der Eltern einer Person.	
homoit0002359	Großeltern von LGBTQ+-Personen		Personen, die ein oder mehrere LGBTQ+-Enkelkinder haben. Für Großeltern, die selbst LGBTQ+ sind, den Begriff „LGBTQ+-Großeltern“ verwenden.	
homoit0003038	Greyromantische Hochschulstudierende	Grauromantische Hochschulstudierende	Grauromantische Personen, die eine Hochschule besuchen. Achtung: Das US-amerikanische College entspricht nicht exakt der Hochschule im deutschen Sprachraum, wird aber häufig als Hochschule übersetzt.	
homoit0002517	Greyromantische Horror-Fiction	Grauromantische Horror-Fiction	Fiktionale Werke, die erschrecken, ängstigen oder abstoßen sollen; Verwendung in Bezug auf fiktionale Werke, die sich auf grauromantische Charaktere oder Themen konzentrieren.	
homoit0002519	Greyromantische Liebesromane	Grauromantische Liebesromane	Werke der Belletristik, die sich um romantische und/oder sexuelle Beziehungen zwischen den Hauptfiguren drehen; Verwendung in Bezug auf Liebesromane, die sich auf grauromantische Figuren und Themen konzentrieren.	
homoit0002520	Greyromantische Science-Fiction	Grauromantische Science-Fiction	Werk über phantasievolle oder futuristische Konzepte, die Wissenschaft, Technologie, Raumfahrt, Zeitreisen und andere spekulative Elemente beinhalten; Verwendung in Bezug auf Science Fiction mit einem Schwerpunkt auf grauromantischen Charakteren oder Themen.	
homoit0000603	Gruppensex	Orgien	Sexuelle Aktivitäten, an denen mehrere Personen beteiligt sind, in der Regel mehr als drei Personen.	
homoit0000604	Güevedoce	Guevedoche	In der Dominikanischen Republik bezieht sich dieser Begriff auf Menschen mit uneindeutigen Genitalien, die in der Regel bis zur Pubertät als weiblich erzogen werden; sie können als drittes Geschlecht betrachtet werden.	
homoit0001654	Fitnesssubkultur	Gym-Subkultur	Eine schwule Subkultur, die in den 1970er-Jahren durch homoerotische Bodybuilder-Magazine populär wurde. Oftmals umfasst sie eine Ästhetik, die sich an antiken griechischen Sportstätten orientiert.	
homoit0001981	Antiretrovirale Terapie (ART)	ART||cArt||HAART||hochaktive antiretrovirale Therapie	Eine Therapie, bei der drei oder mehr Medikamente kombiniert eingesetzt werden, um eine HIV-Infektion zu behandeln, indem verhindert wird, dass sich das Virus im Körper vermehrt; sie kann die durch HIV verursachten Schäden am Immunsystem verringern, das Fortschreiten von AIDS verlangsamen und die Übertragung von HIV auf andere verhindern.	
homoit0000605	Haar		Fadenförmige Keratinstränge, die aus der Haut des Körpers herauswachsen. Verwendung in Bezug auf Haare als sekundäres Geschlechtsmerkmal oder als Form des Selbstausdrucks.	
homoit0000606	Haarentfernung	Rasieren||Waxing	Der Prozess der Entfernung von Körperbehaarung durch Rasieren, Wachsen, Enthaarungsmittel, Laser-Haarentfernung usw. Kann eine soziale Komponente in Bezug auf die Genderidentität und/oder eine erotische Komponente haben.	
homoit0002623	Halbgeschwister		Geschwister, die durch einen, aber nicht beide Elternteile biologisch miteinander verwandt sind.	
homoit0000607	Halloween (LGBTQ+-Kultur)	Gay Christmas||Schwules Weihnachten||Schwules Halloween	Das Feiern von Halloween, das von LGBTQ+-Personen in den USA manchmal als „Gay Christmas“ bezeichnet wird. Typischerweise kleidet man sich dabei in Drag oder aufwendigen Kostümen als eine Form des Spielens mit Geschlechterrollen und besucht große Partys in queeren Vierteln oder Einrichtungen.	
homoit0000608	Handschellen		Ein Haltesystem, das dazu dient, die Handgelenke einer Person zu fesseln.	
homoit0000609	Hanky Code	Handkerchief code||Taschentuch-Code	Tücher in diversen Farben, die von queeren Personen, in den meisten Fällen von schwulen Männern, getragen werden können, um bevorzugte sexuelle Vorlieben zu äußern und festzustellen, ob eine Person zum Beispiel top/dominant oder bottom/passiv ist.	
homoit0000610	Happy Endings		Begriff, der im Zusammenhang mit Sexarbeit verwendet wird, um eine Massage zu beschreiben, die damit endet, dass Masseur:innen dem Kunden einen Orgasmus verschaffen.	
homoit0000611	Belästigung	Diskriminierung	Umfasst eine Vielzahl von Verhaltensweisen, die darauf abzielen, zu stören oder zu verärgern. Belästigung tritt häufig wiederholt oder über einen längeren Zeitraum auf.	
homoit0001628	Hard Swap		Ein Begriff, der in der Swinger-Szene verwendet wird, um eine Form des Partnertauschs zu beschreiben, bei der sexuelle Handlungen in verschiedenen Räumen stattfinden, in denen sich die Partner nicht gegenseitig sehen können.	
homoit0000612	Harness		Tragbare Accessoires, die in der Regel aus Lederriemen und Metallringen oder Halterungen bestehen. Sie können als modisches Statement getragen werden, um die Zugehörigkeit zur Leder- oder BDSM-Community zu signalisieren, oder beim Sex, um die Bewegungsfreiheit einzuschränken, das Lustempfinden zu steigern und/oder die Befestigung eines Sex-Accessoires, wie beispielsweise eines Dildos, zu ermöglichen.	
homoit0000109	Hassverbrechen	Hasskriminalität	Straftaten, deren Motiv die (vermeintliche) ethnische Zugehörigkeit, Nationalität, Religion, sexuelle Identität, Geschlechtsidentität oder Behinderung des Opfers ist.	
homoit0000341	Hassrede	Diffamierung von Gruppen||Verleumdung von Gruppen||Gruppenbeleidigung	Jede Form des Ausdrucks (schriftlich oder mündlich), die darauf abzielt, eine Person oder eine Gruppe von Menschen aufgrund ihrer (vermeintlichen) ethnischen Zugehörigkeit, Religion, Nationalität, sexuellen Identität, Geschlechtsidentität oder Behinderung zu diffamieren, zu demütigen oder Hass gegen sie zu schüren.	
homoit0001681	Er/ihn/ihm (Pronomen)		Eine Reihe von Pronomen. Verwendung: Er besuchte die Homosaurus-Website. Ich sah ihn im Homosaurus stöbern. Ich nutzte den Homosaurus zusammen mit ihm.	
homoit0000614	Gesundheitsversorgung für LGBTQ+-Personen		Organisierte Maßnahmen zur Erhaltung oder Verbesserung der Gesundheit durch Prävention, Diagnose, Behandlung und/oder Heilung von Krankheiten, Beschwerden, Verletzungen oder anderen Gesundheitszuständen; zu verwenden im Zusammenhang mit der Gesundheitsversorgung, die auf die Bedürfnisse von LGBTQ+-Personen oder -Gemeinschaften ausgerichtet ist.	
homoit0003514	Gesundheitsversorgung für trans Kinder und Jugendliche		Organisierte Maßnahmen zur Erhaltung oder Verbesserung der Gesundheit durch Prävention, Diagnose und/oder Behandlung körperlicher und psychischer Gesundheitsprobleme, mit denen trans Kinder und Jugendliche konfrontiert sind. Dazu gehören unter anderem der Zugang zu sicherer, legaler Therapie und Beratung, Hormonbehandlungen sowie geschlechtsangleichende Operationen.	
homoit0000616	Hemaneh	He'emaneh	Ein Begriff aus der Sprache der Cheyenne, einer indigenen Gruppe in Nordamerika, für eine Person, die halb Mann, halb Frau ist.	
homoit0002172	Hentai		Ein Anime- und Manga-Genre, das sich durch explizite sexuelle Inhalte auszeichnet; kann auch Hentai-Videospiele umfassen.	
homoit0000617	Pflanzliche Behandlungen	Pflanzliche Heilmittel	Die Verwendung von Pflanzen zur Förderung der Gesundheit, zur Vorbeugung von Krankheiten und/oder zur Behandlung von Erkrankungen.	
homoit0001822	Hermaphroditen		Ein Begriff aus der griechischen Mythologie, der sich auf Wesen bezieht, die zugleich vollständig weiblich und vollständig männlich sind. Der Begriff wurde früher im medizinischen Bereich übernommen, um Menschen mit inter* Variationen allgemein zu beschreiben (und später, um spezifisch eine Person mit sowohl Eierstock- als auch Hodengewebe zu bezeichnen), wird heute jedoch als stigmatisierend, ungenau und irreführend anerkannt. Viele Menschen in der inter* Gemeinschaft betrachten die Verwendung dieses Begriffs als pathologisierend und zutiefst beleidigend, während andere inter* Personen sich entschieden haben, den Begriff wieder zu verwenden, um sich selbst und ihre Körper zu beschreiben. Den Begriff nicht verwenden, um eine Einzelperson zu beschreiben, es sei denn, diese identifiziert sich ausdrücklich damit und hat sich entschieden, ihn selbst zu verwenden.	
homoit0000620	Heteronormativität		Die Vorstellung oder der Glaube, dass Heterosexualität die normale oder bevorzugte sexuelle Orientierung ist.	
homoit0001826	Heteroromantische Personen		Personen, die häufig und beständig romantische Anziehung oder romantisches Verlangen gegenüber Angehörigen des anderen Geschlechts empfinden.	
homoit0001794	Heteroromantik		Eine romantische Orientierung, die sich durch das häufige und beständige Auftreten romantischer Anziehung oder romantischen Verlangens gegenüber Angehörigen des anderen Geschlechts charakterisiert.	
homoit0000619	Heterosexismus	Heterozentrismus	Diskriminierung, Vorurteile oder Voreingenommenheit gegenüber nicht-heterosexuellen Menschen, die auf der Annahme oder Überzeugung beruhen, dass Heterosexualität die einzig normale oder natürliche Ausdrucksform der sexuellen Identität sei.	
homoit0000621	Heterosexuelle Jungen	Hetero-Jungs||Heterosexuelle Jungs||Hetero-Jungen	Jungen (in der Regel unter 18 Jahre), die heterosexuell sind.	
homoit0002285	Heterosexuelle Kinder	Hetero-Kinder||Hetero-Kids||Heterosexuelle Kids	Personen, die die Volljährigkeit noch nicht erreicht haben und sich als heterosexuell identifizieren.	
homoit0000622	Heterosexueller Feminismus		Eine Form des Feminismus, die die Erfahrungen heterosexueller Frauen priorisiert und sich auf die Sicherung gleichberechtigter wirtschaftlicher, politischer und sozialer Rechte für heterosexuelle Frauen konzentriert. Wird oft im Gegensatz zum politischen Lesbismus diskutiert.	
homoit0000623	Heterosexuelle Mädchen	Hetero-Mädchen	Mädchen (in der Regel unter 18 Jahre), die heterosexuell sind.	
homoit0000624	Heterosexuelle Identität	Hetero-Identität	Bezeichnung für die sexuelle Identität von Personen, die sich romantisch und/oder sexuell zu Menschen hingezogen fühlen, denen bei der Geburt das „andere“ Geschlecht zugewiesen wurde.	
homoit0000625	Heterosexuelle Ehe	Hetero-Ehe	Die rechtlich und formal anerkannte Verbindung zwischen einem heterosexuellen Mann und einer heterosexuellen Frau als Partner in einer persönlichen Beziehung.	
homoit0000630	Heteroseuxelle Jugendliche		Heterosexuelle Personen im Alter zwischen Kindheit und Erwachsensein.	
homoit0000631	Heterosexualität		Romantische und sexuelle Anziehung gegenüber Personen des anderen biologischen oder sozialen Geschlechts, typischerweise in einer Kultur, die biologisches und soziales Geschlecht als binären Gegensatz von männlich/weiblich bzw. Mann/Frau versteht.	
homoit0000627	Heterosexuelle	Heterosexuelle Personen	Personen, die sich romantisch und sexuell zu Angehörigen des anderen biologischen oder sozialen Geschlechts hingezogen fühlen.	
homoit0000628	Heterosozialität	Heterosexuelle soziale Beziehungen||Heterosoziale Beziehungen||Heterosozial Bindungen	In der Soziologie wird dieser Begriff verwendet, um soziale Beziehungen und Bindungen zwischen Angehörigen des anderen biologischen oder sozialen Geschlechts in einer bestimmten Kultur zu beschreiben. Romantische und sexuelle Beziehungen sind dabei in der Regel ausgeschlossen.	
homoit0001629	Hierarchische Nicht-Monogamie	Hierarchische Polyamorie||Hierarchische Non-Monogamie	Eine Form der einvernehmlichen Nicht-Monogamie, bei der eine Person mehrere Partner hat, die in Bezug auf Zeitaufwand, emotionale Intensität, finanzielle Aspekte oder Terminplanung nicht „gleichberechtigt“ sind.	
homoit0003103	High-Heel-Fetisch	Fetisch für hohe Absätze	Die Erotisierung von Schuhen mit hohen Absätzen.	
homoit0000632	Hijras	Jagappa	Ein in Südasien gebräuchlicher Hindi-Begriff für Menschen, denen bei der Geburt das männliche Geschlecht zugewiesen wurde, die sich jedoch als Frauen oder „Nicht-Männer“ identifizieren.	
homoit0002025	Hispanische bisexuelle Personen	Bisexuelle hispanische Personen||Hispanische Bisexuelle	Bisexuelle Personen, die aus Spanien oder ehemals von Spanien kolonisierten, überwiegend spanischsprachigen Regionen kommen oder von dort abstammen. Nur für Personen verwenden, die sich selbst als „hispanisch» bezeichnen; nicht mit „Latino/a/x“ oder „Chicano/a/x“ gleichsetzen.	
homoit0002024	Hispanische schwule Männer	Schwule hispanische Männer||Hispanische Schwul	Schwule Männer, die aus Spanien oder ehemals von Spanien kolonisierten, überwiegend spanischsprachigen Regionen kommen oder von dort abstammen. Nur für Personen verwenden, die sich selbst als „hispanisch» bezeichnen; nicht mit „Latino/a/x“ oder „Chicano/a/x“ gleichsetzen.	
homoit0002028	Hispanische inter* Personen	Inter* hispanische Personen	Inter* Personen, die aus Spanien oder ehemals von Spanien kolonisierten, überwiegend spanischsprachigen Regionen kommen oder von dort abstammen. Nur für Personen verwenden, die sich selbst als „hispanisch» bezeichnen; nicht mit „Latino/a/x“ oder „Chicano/a/x“ gleichsetzen.	
homoit0002023	Hispanische Lesben	Lesbische hispanische Frauen	Lesben, die aus Spanien oder ehemals von Spanien kolonisierten, überwiegend spanischsprachigen Regionen kommen oder von dort abstammen. Nur für Personen verwenden, die sich selbst als „hispanisch» bezeichnen; nicht mit „Latino/a/x“ oder „Chicano/a/x“ gleichsetzen.	
homoit0002022	Hispanische LGBTQ+-Personen		LGBTQ+-Personen, die aus Spanien oder ehemals von Spanien kolonisierten, überwiegend spanischsprachigen Regionen kommen oder von dort abstammen. Nur für Personen verwenden, die sich selbst als „hispanisch» bezeichnen; nicht mit „Latino/a/x“ oder „Chicano/a/x“ gleichsetzen.	
homoit0002027	Hispanische queere Personen	Hispanische Queers||Queere hispanische Personen	Queere Personen, die aus Spanien oder ehemals von Spanien kolonisierten, überwiegend spanischsprachigen Regionen kommen oder von dort abstammen. Nur für Personen verwenden, die sich selbst als „hispanisch» bezeichnen; nicht mit „Latino/a/x“ oder „Chicano/a/x“ gleichsetzen.	
homoit0002026	Hispanische trans Personen		Trans Personen, die aus Spanien oder ehemals von Spanien kolonisierten, überwiegend spanischsprachigen Regionen kommen oder von dort abstammen. Nur für Personen verwenden, die sich selbst als „hispanisch» bezeichnen; nicht mit „Latino/a/x“ oder „Chicano/a/x“ gleichsetzen.	
homoit0000634	HIV-Tests		Medizinische Tests, mit denen das Vorhandensein von HIV-Antikörpern oder -Antigenen im Blut, Speichel oder Urin einer Person nachgewiesen wird.	
homoit0000635	HIV-negative Personen	HIV-seronegative Personen	Personen, die sich nicht mit HIV infiziert haben.	
homoit0000636	HIV-positive Personen	HIV-seropositive Personen	Personen, die sich mit HIV infiziert haben.	
homoit0000005	HIV/Aids	HIV/AIDS	Abkürzung für Humanes Immundefizienz-Virus (HIV) und erworbenes Immundefizienzsyndrom (Aids).	
homoit0003145	Hogtie	Hogtie-Fesselung	Die Position oder Handlung, bei der die Handgelenke und Knöchel einer Person hinter dem Rücken zusammengebunden werden.	
homoit0001806	Homoerotik		Sexuelle Anziehung oder erotisches Verlangen zwischen Personen desselben biologischen oder sozialen Geschlechts; wird in der Regel verwendet, um vorübergehendes, latentes oder unerfülltes Verlangen zu beschreiben, und nicht im Sinne einer dauerhaften sexuellen Identität oder Orientierung.	
homoit0000643	Homonationalismus		Eine positive Assoziation zwischen einer nationalistischen Ideologie und LGBTQ+-Personen oder deren Rechten.	
homoit0000644	Homonormativität		Die Übertragung heteronormativer Ideale und Konstrukte auf LGBTQ+-Kulturen und -Identitäten, die auf der Annahme beruht, dass LGBTQ+-Personen (insbesondere cis schwule Männer und Lesben) sich den Normen und Werten der Heterosexualität (z. B. der binären Geschlechterordnung, Ehe, Fortpflanzung und Monogamie) anpassen müssen, um als „normal“ angesehen zu werden und gesellschaftliche Akzeptanz zu erlangen.	
homoit0000645	Homophile		Veraltete Bezeichnung für Lesben und schwule Männer. Mit dem Aufkommen der Homosexuellenbewegung Ende der 1960er- und Anfang der 1970er-Jahre verschwand dieser Begriff zunehmend aus dem Sprachgebrauch.	
homoit0000646	Homophobie		Ablehnung oder Ekel gegenüber Homosexualität als Identität oder gegenüber Männern, die als schwul wahrgenommen werden oder es tatsächlich sind. Homophobie kann die Leugnung der Existenz von Homosexualität, Stereotypisierung, verbale Belästigung und körperliche Gewalt umfassen. Dieser Begriff wird umgangssprachlich oft verwendet, um alle Formen von LGBTQ+-Phobie zu bezeichnen.	
homoit0002174	Homophobie im Fandom		Themen und Diskussionen über das Vorkommen von Homophobie in Fan-Kreisen und -Werken.	
homoit0001825	Homoromantische Personen		Personen, die häufig und beständig romantische Anziehung oder Begehren gegenüber Personen desselben biologischen oder sozialen Geschlechts empfinden.	
homoit0001793	Homoromantik		Eine romantische Orientierung, die sich durch das häufige und beständige Auftreten romantischer Anziehung oder Begierde gegenüber Personen desselben biologischen oder sozialen Geschlechts auszeichnet.	
homoit0000647	Homosexualität		Sexuelle Orientierung, bei der man sich sexuell und/oder romantisch zu Personen des gleichen Geschlechts hingezogen fühlt.	
homoit0000649	Homosozialität	Homosoziale Beziehungen||Homosoziale Interaktion||Homosoziale Bindung	Ein Konzept zur Beschreibung sozialer Bindungen zwischen Personen desselben biologischen oder sozialen Geschlechts in einer bestimmten Kultur.	
homoit0001655	Verliebtheitsphase	Honeymoon-Phase	Eine Phase in einer Beziehung, die durch leidenschaftliche Liebe sowie intensive Gefühle von Anziehung und Ekstase gekennzeichnet ist und manchmal mit der Idealisierung der Partnerperson oder der Beziehung einhergeht.	
homoit0003146	Hoods	Bondage-Hoods	Eine Haube oder Maske, die zur Bedeckung des Kopfes oder zur Fixierung dient und für Kink, erotisches Spiel oder modische Zwecke eingesetzt wird.	
homoit0002841	Hopkins-Modell	Geheimhaltungsorientiertes Modell||Verschleierungszentriertes Modell	Ein Behandlungsmodell, das in den 1950er-Jahren breite Anwendung fand. In diesem Modell wurden Eltern dazu angehalten, rasch ein soziales Geschlecht für ihr inter* Kind zu bestimmen, in der Annahme, dass sich das Kind mit dem sozialen Geschlecht identifizieren würde, in dem es erzogen wird. Wenn ein Kind später vom zugewiesenen sozialen Geschlecht abwich, wurden Eltern ermutigt, das Kind verbal und körperlich zu „korrigieren“ und Geschlechternormen durchzusetzen. In der Praxis führte dies zu lebensverändernden, unnötigen Genitaloperationen, irreversiblen Hormonbehandlungen und mangelnder Offenheit seitens der Eltern. Heute wird ein patient:innenzentriertes Modell bevorzugt, bei dem inter Kinder aufwachsen und selbst Entscheidungen über ihre Geschlechtsidentität und mögliche medizinische Eingriffe treffen können.	
homoit0000650	Hormonblocker	Hormonhemmer	Medikamente, die die Bildung bestimmter Hormone im Körper unterdrücken, um sie durch andere Hormone zu ersetzen oder zu ergänzen.	
homoit0000317	Hormontherapie (geschlechtsangleichend)	geschlechtsbestätigende Hormontherapie||gschlechtsangleichende Hormontherapie||Hormonersatztherapie	Der Prozess, bei dem die eigenen Geschlechtshormone mittels Hormonblockern und/oder durch die Verabreichung von Testosteron, Östrogen oder Progesteron angepasst werden.	
homoit0000651	Hormone		Regulierungsstoffe, die in Organismen gebildet und durch den Körper transportiert werden, um bestimmte Zellen oder Gewebe zur Aktivität anzuregen. Obwohl Hormone die Verdauung, die Atmung, den Schlaf und viele andere Körperfunktionen regulieren, wird der Begriff in der Öffentlichkeit meist zur Beschreibung der „Geschlechtshormone“ verwendet, also der Hormone, die an der Pubertät und der sexuellen Entwicklung, der Fortpflanzung sowie dem sexuellen Verlangen beteiligt sind.	
homoit0003039	Inter* Hochschulstudierende		Inter* Personen, die eine Hochschule besuchen. Achtung: Das US-amerikanische College entspricht nicht exakt der Hochschule im deutschen Sprachraum, wird aber häufig als Hochschule übersetzt.	
homoit0002612	Inter* erotische Filme	Erotische inter* Kunst	Erotische Filme von inter* Künstler:innen, die inter* Personen darstellen oder als wichtig innerhalb der inter* Kultur angesehen werden.	
homoit0002428	Inter* Horror-Fiction		Fiktionale Werke, die erschrecken, ängstigen oder abstoßen sollen; Verwendung in Bezug auf fiktionale Werke, die sich auf inter* Charaktere oder Themen konzentrieren.	
homoit0002748	Inter* Bibliotheken	Bibliotheken für inter* Personen	Bibliotheken, die in erster Linie Materialien zu inter* Menschen und Themen oder für die Nutzung durch inter* Menschen bereithalten.	
homoit0002917	Inter* Museen		Einrichtungen, die sich der Aufbewahrung, Ausstellung, Konservierung und Erhaltung von Materialien über inter* Menschen und inter* Geschichte widmen.	
homoit0003165	Inter* Musicals		Musicals, die von inter* Regisseur:innen geschaffen wurden, in denen inter* Figuren dargestellt werden oder die in der inter* Kultur als wichtig angesehen werden.	
homoit0002976	Inter* Muslim:innen	inter* muslimische Personen	Inter* Personen, die muslimischen Glaubens sind.	
homoit0002432	Inter* Krimis und Detektivgeschichten	Inter* Krimis und Detektivromane	Geschriebene literarische Werke über die Aufklärung von Verbrechen oder die Arbeit von Detektiv:innen; Verwendung in Bezug auf Krimis und Detektivromane mit Schwerpunkt auf inter* Charakteren und Themen.	
homoit0002665	Inter* neurodivergente Personen	Neurodivergente inter* Personen	Inter* Personen, deren Gehirn anders verarbeitet, lernt und/oder sich anders verhält als gesellschaftlich üblich. Einige dieser neurologischen Unterschiede können sich in Lernschwierigkeiten, medizinischen Störungen und anderen Erkrankungen äussern.	
homoit0002919	Inter* Zeitungen		Serienweise gedruckte oder digitale Zeitungen über inter* Menschen oder inter* Themen (die in der Regel von inter* Menschen oder inter* Organisationen herausgegeben werden), die Nachrichten, Artikel, Kolumnen, Korrespondenz und Anzeigen enthalten.	
homoit0002891	Inter* Opern		Opern, die von inter* Regisseur:innen geschaffen wurden, inter* Personen darstellen oder die in der inter* Kultur als wichtig angesehen werden.	
homoit0002977	Inter* Heid:innen	Inter* heidnische Personen	Inter* Personen, die polytheistischen Religionen oder anderen Religionen ausserhalb der vorherrschenden Kultur angehören, die typischerweise die Naturverehrung und/oder das heilige Weibliche beinhalten, wie Wicca, Druidentum, Heidentum usw. Wird verwendet, um inter* Personen zu beschreiben, die sich selbst als heidnisch bezeichnen.	
homoit0003435	Inter* Maler:innen		Inter* Personen, die entweder beruflich oder als Hobby malen.	
homoit0001763	Inter* Eltern		Eltern, die inter* sind.	
homoit0002920	Inter* Partner:innen		Inter* Personen, die romantische, sexuelle, oder Spielpartner einer anderen Person oder anderer Personen sind.	
homoit0000618	Inter* Personen	inter* Menschen	Personen, die mit Abweichungen an ihren Genitalien, Hormonen oder ihrer inneren Antomie geboren wurden, die nicht vollständig oder ausschließlich den medizinischen Erwartungen für Männer oder Frauen entsprechen. Nur zu verwenden, um Personen zu beschreiben, die sich als inter* identifizieren.	
homoit0002175	Inter* Personen im Fandom	inter* Menschen im Fandom	Die Teilnahme und Einbeziehung inter* Personen in Fan-Communitys.	
homoit0002921	Inter* Armeeangehörige	Inter* Militärangehörige	Inter* Personen, die in den Streitkräften dienen.	
homoit0002036	Inter* Personen am Arbeitsplatz	Inter* Menschen am Arbeitsplatz	Die Präsenz von inter* Menschen am Arbeitsplatz, einschließlich der Akzeptanz von und der Probleme mit inter* Arbeitnehmenden.	
homoit0002755	Inter* Personen of Color	inter* Menschen of Color||inter* People of Color||inter* Menschen von Farbe||inter* Personen von Farbe||inter* PoC	Inter* Personen, die nicht weiß sind und sich als People of Color identifizieren.	
homoit0002928	Inter* Personen mit chronischen Krankheiten	inter* Menschen mit chronischen Krankheiten	Inter* Personen mit langfristigen gesundheitlichen Problemen, die eine kontinuierliche medizinische Betreuung erfordern und/oder das tägliche Leben erheblich beeinträchtigen oder einschränken; einige, aber nicht alle Personen mit chronischen Krankheiten betrachten sich als behindert.	
homoit0003452	Inter* Fotograf:innen		Inter* Personen, die beruflich oder als Hobby fotografieren.	
homoit0002403	Inter* Dichtung	inter* Lyrik||inter* Poesie	Literarische Werke, meist in Versform verfasst, die sich mit inter* Figuren, Themen oder Identitäten befassen.	
homoit0002933	Inter* Aktivist:innen		Inter* Personen, die sich durch öffentliche Organisation für politische oder soziale Veränderungen einsetzen.	
homoit0002815	Inter* Politiker:innen	Inter* Personen in öffentlichen Ämtern	Inter* Personen, die für ein öffentliches Amt kandidieren, derzeit ein öffentliches Amt innehaben oder politische Positionen innehatten. Politiker:innen können durch öffentliche Wahlen gewählt oder anderweitig ernannt werden.	
homoit0002556	Inter* Pornofilme	Inter* Pornos	Sexuell explizite Filme mit inter* Personen.	
homoit0002936	Inter* Presse	Inter* Medien	Zeitungen, Zeitschriften oder andere Publikationsorgane, die sich an ein inter* Publikum richten und/oder von inter* Personen betrieben werden.	
homoit0002978	Inter* Protestant:innen	Inter* Protestanten||inter* Protestantinnen	Inter* Personen, die Mitglieder der protestantischen bzw. evangelischen Kirche sind.	
homoit0002937	Inter* Verlage	Inter* Verleger:innen	Unternehmen und Organisationen, die Materialien für inter* Gemeinschaften veröffentlichen oder sich mit inter* Themen befassen.	
homoit0002938	Inter* Radio		Im Radio ausgestrahlte hörbare Inhalte (analog oder digital) über inter* Personen und inter* Themen.	
homoit0002939	Inter* Beziehungen		Dauerhafte Beziehungen (romantischer, sexueller oder platonischer Natur) zwischen zwei oder mehr inter* Personen.	
homoit0000673	Inter* Rechte		Rechtliche, soziale oder ethische Grundsätze der Freiheit von inter* Personen; wird oft verwendet, um das Recht auf körperliche Selbstbestimmung von inter* Personen zu bezeichnen, insbesondere ihr Recht, unnötige medizinische Eingriffe aufzuschieben oder abzulehnen.	
homoit0002987	Inter* Katholik:innen	inter* Katholiken||inter* Katholikinnen||inter* römisch-katholische Personen||Katholische inter* Personen	Inter* Personen, die Mitglieder der römisch-katholischen Kirche sind.	
homoit0002435	Inter* Liebesromane		Werke der Belletristik, die sich um romantische und/oder sexuelle Beziehungen zwischen den Hauptfiguren drehen; Verwendung in Bezug auf Liebesromane, die sich auf inter* Figuren konzentrieren.	
homoit0002440	Inter* Science-Fiction		Werk über phantasievolle oder futuristische Konzepte, die Wissenschaft, Technologie, Raumfahrt, Zeitreisen und andere spekulative Elemente beinhalten; Verwendung in Bezug auf Science Fiction mit einem Schwerpunkt auf inter* Charakteren oder Themen.	
homoit0002443	Inter* Kurzgeschichten		Schriftliche literarische Werke, die kurz sind und eine in sich geschlossene Begebenheit oder ein Konzept beschreiben; Verwendung in Bezug auf Kurzgeschichten, die sich auf inter* Charaktere oder Themen konzentrieren.	
homoit0002940	Inter* Slang		Umgangsprachliche oder informelle Sprache, die sich auf inter* Identität bezieht oder von inter* Personen verwendet wird.	
homoit0003201	Inter* Solidarität		Ein Gefühl der Gemeinschaft und der allgemeinen Einheit in Bezug auf Ziele, politische Interessen und/oder gemeinschaftliche Sympathien, das auf gemeinsamen Erfahrungen als inter* Menschen basiert.	
homoit0002941	Inter* Söhne		Inter* Personen, die Söhne sind. Wird nur verwendet, um Personen zu beschreiben, die sich selbst als inter* identifizieren.	
homoit0002934	Intersex Studies	Intersex Studien||Intersex Studien||Intersex Forschung||Intersex Forschung||Inter* Studien||Inter* Forschung	Akademischer Forschungs- und Studienbereich über inter* Personen, inter* Identität und inter* Gemeinschaften.	
homoit0002847	Inter* Operationen	Normangleichende Operationen	Nicht lebensrettende kosmetische Operationen, die darauf abzielen, natürliche Abweichungen im Aussehen der Genitalien und in der reproduktiven Anatomie zu verändern und zu „normalisieren“. Normangleichende Operationen entstanden erstmals zu Beginn des 20. Jahrhunderts, wobei Ärzte unbelegte Behauptungen über den „dringende Bedarf“ an diesen aufstellten.	
homoit0002005	Inter* Überlebende von Mobbing		Inter* Personen, die Mobbing aufgrund ihrer inter* Identitat erlebt und überlebt haben. Möglichst der individuellen Präferenz für „Opfer“ oder „Überlebende“ folgen.	
homoit0002942	Inter* Überlebende von Hasskriminalität	Inter* Überlebende von Hassdelikten||Inter* Überlebende von Hassverbrechen	Inter* Personen, die Hasskriminalität ihrer inter* Identitat erlebt und überlebt haben. Möglichst der individuellen Präferenz für „Opfer“ oder „Überlebende“ folgen.	
homoit0002943	Inter* Überlebende von Vergewaltigungen		Inter* Personen, die eine Vergewaltigung erlebt und überlebt haben. Möglichst der individuellen Präferenz für „Opfer“ oder „Überlebende“ folgen.	
homoit0002944	Inter* Überlebende von sexuellem Misbrauch		Inter* Personen, die sexuellen Misbrauch erlebt und überlebt haben. Möglichst der individuellen Präferenz für „Opfer“ oder „Überlebende“ folgen.	
homoit0002945	Inter* Kriegsüberlebende	inter* Überlebende eines Krieges	Inter* Personen, die Krieg erlebt und überlebt haben. Möglichst der individuellen Präferenz für „Opfer“ oder „Überlebende“ folgen.	
homoit0003254	Inter* Lehrer:innen		Lehrer:innen, die inter* sind.	
homoit0002946	Inter* Fernsehen		Fernsehsendungen, in denen inter* Charaktere oder Themen vorkommen.	
homoit0002947	Inter* Theater		Werke der darstellenden Künste, die sich auf inter* Charaktere, Gemeinschaften oder Themen konzentrieren.	
homoit0003355	Inter* Unitarier:innen	inter* Unitarische Universalist:innen	Inter* Personen, die Mitglieder der Unitarian Universalist Church sind.	
homoit0003190	Inter* Urban Fantasy	inter* Urban-Fantasy-Romane	Ein Subgenre der Fantasy, in dem Magie und übernatürliche Kreaturen in zeitgenössischen urbanen Umgebungen vorkommen; für Urban Fantasy verwenden, die sich auf inter* Charaktere oder Themen konzentriert.	
homoit0000669	Inter* Variationen	Intergeschlechtliche Variationen	Ein Begriff, den verwendet wird, um ein breites Spektrum von Variationen der Geschlechtsmerkmale zu beschreiben.	
homoit0001996	Inter* Mobbingopfer	inter* Opfer von Mobbing	Inter* Personen, die aufgrund ihrer inter* Identität Mobbing erfahren und uberlebt haben oder nicht; wenn möglich die Präferenz der Person für „Opfer“ oder „Überlebende“ beachten.	
homoit0002954	Unternehmen ausgerichtet auf inter* Personen		Unternehmen, die sich auf inter* Klientel und Produkte für inter* Gemeinschaften konzentrieren.	
homoit0002955	Unternehmen von inter* Personen	Unternehmen im Besitz von inter* Personen	Unternehmen, die inter* Personen gehören.	
homoit0002177	Kirk/Spock	K/S||Spirk	Der homoerotische Fan-Pairing zwischen Kirk und Spock aus der Fernsehserie Raumschiff Enterprise (im Englischen: Star Trek: The Original Series). Der Großteil der Begriffe und Gepflogenheiten der modernen Fandom-Kultur hat seinen Ursprung mit dem Kirk/Spock-Fandom; zum Beispiel, das englische Wort „slash" (bzw. das Fanfiction-Genre) stammt aus dem Schrägstrich in Kirk/Spock.	
homoit0000691	Küssen		Die Lippen an eine anderen Person oder einen Gegenstand zu pressen oder zu berühren, um Begrüßung, Zuneigung, Ehrfurcht, Liebe oder sexuelle Verlangen auszudrücken.	
homoit0001685	Kit/Kit/Kitself (Pronomen)		Eine Reihe von Pronomen aus dem Englischen. Verwendung: Kit hat die Homosaurus-Website besucht. Ich habe beobachtet, wie Kit im Homosaurus recherchiert hat. Kit nutzt den Homosaurus selbst.	
homoit0001845	Labioplastik	Schamlippenplastik	Chirurgische Korrektur der Schamlippen.	
homoit0000696	Doppelaxt	Labrys	Symbol, das für Lesbentum und Feminismus steht.	
homoit0000697	Lakin-on		Ein Begriff aus dem Cebuano (austronesische Sprache auf den Philippinen) für Frauen, die sich zu Frauen hingezogen fühlen und männliche Rollen sowie kulturelle Aufgaben übernehmen.	
homoit0000698	Lambda		Symbol für lesbische und schwule Rechte.	
homoit0001630	Große Brüste	Makromastie||Megalomastie||Mammahypertrophie||Hypermastie||Gigantomastie	Brüste, die in einem bestimmten kulturellen Kontext als groß gelten. Es ist zu beachten, dass große Brüste mit verschiedenen gesundheitlichen Problemen verbunden sind und mit stigmatisierenden medizinischen Assoziationen behaftet sein können (beispielsweise Makromastie). Diese Begriffe haben spezifische medizinische Bedeutungen, sollten jedoch nicht außerhalb dieser spezifischen Kontexte verwendet werden.	
homoit0000699	Latente Homosexualität		Ein von Sigmund Freud geprägter Begriff, der die erotische Anziehung zu Personen desselben Geschlechts beschreibt, die nicht bewusst wahrgenommen oder offen zum Ausdruck gebracht wird (und dies möglicherweise auch nie sein wird).	
homoit0003093	Laterale Homophobie		Häufig verwendet, um laterale Homophobie zu beschreiben, die von LGBTQ+-Personen im Allgemeinen ausgeübt wird. Laterale Homophobie bezeichnet das Phänomen, bei dem schwule Männer Gewalt oder Unterdrückung auf andere schwule Männer übertragen, oft indem sie verinnerlichte homophobe Überzeugungen (d. h. negative Vorstellungen von und Intoleranz gegenüber schwulen Männern und Homosexualität) ausleben, die sie aufgrund ihrer Erziehung oder Sozialisation in einem homophoben Umfeld oder einer homophoben Kultur übernommen haben.	
homoit0003097	Laterale Interphobie		Das Phänomen, bei dem inter* Menschen Gewalt oder Unterdrückung auf andere inter*Menschen übertragen, oft indem sie nach verinnerlichten inter*feindlichen Überzeugungen handeln (d. h. negative Vorstellungen von und Intoleranz gegenüber inter* Menschen und inter*ariationen), die sie aufgrund ihrer Erziehung oder Sozialisation in einem inter*eindlichen Umfeld oder einer inter*feindlichen Kultur übernommen haben.	
homoit0003092	Laterale Lesbophobie		Das Phänomen, bei dem Lesben Gewalt oder Unterdrückung auf andere Lesben übertragen, oft indem sie verinnerlichte lesbophobe Überzeugungen (d. h. negative Vorstellungen von und Intoleranz gegenüber Lesben und Lesbentum) ausleben, die sie aufgrund ihrer Erziehung oder Sozialisation in einem lesbophoben Umfeld oder einer lesbophoben Kultur übernommen haben.	
homoit0003091	Laterale Unterdrückung		Das Phänomen, bei dem eine Person aus einer marginalisierten Gruppe Gewalt oder Unterdrückung auf andere Mitglieder ihrer eigenen Gruppe überträgt, oft indem sie nach verinnerlichten unterdrückerischen Überzeugungen handelt (d. h. negative Wahrnehmungen und Intoleranz gegenüber den eigenen marginalisierten Identitäten), die sie aufgrund ihrer Erziehung oder Sozialisation in einem unterdrückerischen Umfeld oder einer unterdrückerischen Kultur übernommen hat.	
homoit0003096	Laterale Queerphobie		Das Phänomen, bei dem queere Menschen Gewalt oder Unterdrückung auf andere queere Menschen übertragen, oft indem sie nach verinnerlichten queerenfeindlichen Überzeugungen handeln (d. h. negative Vorstellungen von und Intoleranz gegenüber queeren Menschen und queerer Identität), die sie aufgrund ihrer Erziehung oder Sozialisation in einem queerenfeindlichen Umfeld oder einer queerenfeindlichen Kultur übernommen haben.	
homoit0003095	Laterale Transphobie		Das Phänomen, bei dem trans Personen Gewalt oder Unterdrückung auf andere trans Personen übertragen, oft indem sie verinnerlichte transphobe Überzeugungen (d. h. negative Vorstellungen von und Intoleranz gegenüber trans Personen und trans Identitäten) ausleben, die sie aufgrund ihrer Erziehung oder Sozialisation in einem transphoben Umfeld oder einer transphoben Kultur übernommen haben.	
homoit0000700	Latexhandschuhe		Handschutz aus Latex, einem dünnen, kunststoffähnlichen Material; wird häufig als Barriere zum Schutz vor sexuell übertragbaren Infektionen bei Safer-Sex-Praktiken verwendet.	
homoit0002897	Asexuelle Latino/-a/-x-Personen	Asexuelle Latinos||Asexuelle Latinas||Asexuelle Latinx	Asexuelle Personen lateinamerikanischer Herkunft; dieser Begriff bezieht sich ausschließlich auf Personen, die sich selbst als Latino, Latina oder Latinx bezeichnen. Nicht mit Chicano/a/x oder Hispanic zu verwechseln.	
homoit0000155	Bisexuelle Latino/-a/-x-Personen	Bisexuelle Latinos||Bisexuelle Latinas||Bisexuelle Latinx	Bisexuelle Personen lateinamerikanischer Herkunft; dieser Begriff bezieht sich ausschließlich auf Personen, die sich selbst als Latino, Latina oder Latinx bezeichnen. Nicht mit Chicano/a/x oder Hispanic zu verwechseln.	
homoit0000498	Schwule Latino/-a/-x-Personen	Schwule Latinos||Schwule Latinas||Schwule Latinx	Schwule Männer lateinamerikanischer Herkunft; dieser Begriff bezieht sich ausschließlich auf Personen, die sich selbst als Latino, Latina oder Latinx bezeichnen. Nicht mit Chicano/a/x oder Hispanic zu verwechseln.	
homoit0002769	Inter* Latino/-a/-x-Personen	Inter* Latinos||Inter* Latinas||Inter* Latinx	Inter* Personen lateinamerikanischer Herkunft; dieser Begriff bezieht sich ausschließlich auf Personen, die sich selbst als Latino, Latina oder Latinx bezeichnen. Nicht mit Chicano/a/x oder Hispanic zu verwechseln.	
homoit0000747	Lesbische Latino/-a/-x-Personen	Latinolesben||Latinalesben||Latinxlesben	Lesben lateinamerikanischer Herkunft; dieser Begriff bezieht sich ausschließlich auf Personen, die sich selbst als Latino, Latina oder Latinx bezeichnen. Nicht mit Chicano/a/x oder Hispanic zu verwechseln.	
homoit0000253	LQBTQ+-Latino/-a/-x-Personen	LQBTQ+-Latinos||LQBTQ+-Latinas||LQBTQ+-Latinx	LGBTQ+-Personen lateinamerikanischer Herkunft; dieser Begriff bezieht sich ausschließlich auf Personen, die sich selbst als Latino, Latina oder Latinx bezeichnen. Nicht mit Chicano/a/x oder Hispanic zu verwechseln.	
homoit0003419	Nichtbinäre Latino/-a/-x-Personen	Nichtbinäre Latinos||Nichtbinäre Latinas||Nichtbinäre Latinx||Nonbinäre Latinos||Nonbinäre Latinas||Nonbinäre Latinx||Nonbinäre Latinos||Nonbinäre Latinas||Nonbinäre Latinx	Nichbinäre Personen lateinamerikanischer Herkunft; dieser Begriff bezieht sich ausschließlich auf Personen, die sich selbst als Latino, Latina oder Latinx bezeichnen. Nicht mit Chicano/a/x oder Hispanic zu verwechseln.	
homoit0001181	Queere Latino/-a/-x-Personen	Queere Latinos||Queere Latinas||Queere Latinx	Queere Personen lateinamerikanischer Herkunft; dieser Begriff bezieht sich ausschließlich auf Personen, die sich selbst als Latino, Latina oder Latinx bezeichnen. Nicht mit Chicano/a/x oder Hispanic zu verwechseln.	
homoit0001417	Trans Latino/-a/-x-Personen	Trans Latinos||Trans Latinas||Trans Latinx	Trans Personen lateinamerikanischer Herkunft; dieser Begriff bezieht sich ausschließlich auf Personen, die sich selbst als Latino, Latina oder Latinx bezeichnen. Nicht mit Chicano/a/x oder Hispanic zu verwechseln.	
homoit0003515	Lavender Linguistics	LGBTQ+-Linguistik||Queere Linguistik	Die Untersuchung der Sprache, wie sie von Angehörigen der LGBTQ+-Gemeinschaften verwendet wird.	
homoit0000701	Lavender Scare		Bezeichnung für die Säuberungsaktion gegen Lesben und Schwule in der US-Regierung Mitte des 20. Jahrhunderts, die auf eine von Joseph McCarthy und anderen geschürte moralische Panik zurückzuführen war	
homoit0000702	Recht	Rechtswesen||Gesetz||Gesetzgebung||Rechtsordnung||Rechtswesen	Ein System von Regeln oder Verhaltensweisen, das innerhalb eines Landes oder einer Gemeinschaft anerkannt ist und rechtlich durchgesetzt wird.	
homoit0000703	LBT		Abkürzung zur Bezeichnung von Lesben, Bisexuellen und trans Personen.	
homoit0000704	Leine	Leash	Ein Stück Seil oder ähnliches Material, das dazu dient, eine Person zu fesseln, oft um die sexuelle Erregung zu steigern.	
homoit0001319	Leder- und Kink-Aktivismus		Organisationsarbeit und Aktivismus, die darauf abzielen, das Bewusstsein und die Akzeptanz für Kinks, Fetische, Sadomasochismus, Leder und verwandte Subkulturen zu stärken, in enger Verbindung mit dem LGBTQ+-Aktivismus und der sexpositiven feministischen Bewegung.	
homoit0003104	Leder- und Kink-Clubs	Kink-Clubs||SM-Clubs	Vereine und andere Arten von Mitgliederorganisationen in der Leder-, Kink- und verwandten Communities.	
homoit0003080	Leder-und Kink-Conventions	Leder- und Kink-Treffen	Leder- und Kink-Conventions finden in der Regel einmal jährlich in einem Hotel, einem Resort oder an einem anderen Veranstaltungsort statt. Sie umfassen meist Partys, Vorführungen, Titelwettbewerbe, Verkaufsstände, Spielbereiche sowie Kurse und Workshops zu Kink, Sex, Beziehungen, Aktivismus und verwandten Themen.	
homoit0001553	Lederbars	Lederkneipen	Bars oder Clubs, die sich an die Ledercommunity richten oder dafür bekannt sind, dieser besonders offen gegenüberzustehen.	
homoit0000705	Lederszene	Ledercommunity	Eine LGBTQ+-Subkultur, die sexuelle Freiheit, sexuelle Vorlieben und Fetische mit eigener Mode (insbesondere Lederbekleidung), Clubs und Veranstaltungen zelebriert.	
homoit0000706	Lederdaddys	Leatherdaddies	Personen, die in Leder-Communities aktiv sind und sich als Lederdaddys bezeichnen.	
homoit0000707	Lederfamilien		Mehrere Personen, die in Leder-Communities aktiv sind und sich als Lederfamilien bezeichnen.	
homoit0003065	Lederfetisch		Die Erotisierung von Leder, insbesondere von Lederbekleidung und -accessoires, die mit der Leder- und Kinkszene in Verbindung gebracht werden.	
homoit0000708	Ledermamis	Leathermommies	Personen, die in Leder-Communities aktiv sind und sich als Leather Mommies bezeichnen.	
homoit0003086	Lederpersonen	Lederleute	Personen, die Teil von Leder-Communities sind oder sich mit diesen identifizieren.	
homoit0003087	Lederjungs	Leatherboys	Personen, die in Leder-Communities aktiv sind und sich als „Leatherboys“ bezeichnen.	
homoit0000709	Ledermänner	Lederkerle||Leathermen	Personen, die in Leder-Communities aktiv sind und sich als „Leatherman“ bezeichnen.	
homoit0000710	Lederfrauen	Lederdykes||Leatherdykes||Leatherwomen	Personen, die in Leder-Communities aktiv sind und sich als „Leatherwomen“ bezeichnen.	
homoit0000711	Offizieller Name		Bezieht sich auf Gesetze und Vorschriften bezüglich des Namens, der einer Person bei der Geburt zugewiesen wird.	
homoit0000247	Offizielle Namensänderung		Das Verfahren, durch das eine Person in amtlichen oder von Behörden ausgestellten Dokumenten einen neuen Namen annimmt.	
homoit0000712	Rechtstatus	Legaler Status	Der Status oder die Stellung einer Person oder Sache innerhalb eines bestimmten Rechtsraums, einschließlich der gesetzlichen Rechte und Privilegien dieser Person oder Sache; wird typischerweise im Zusammenhang mit der Staatsbürgerschaft oder der Ehe verwendet.	
homoit0003271	Lesbische Akademikerinnen		Lesbische Forscherinnen und/oder Pädagoginnen, die in der Hochschulbildung tätig sind,	
homoit0000713	Lesbischer Aktivismus	Lesbenaktivismus	Direktes Handeln und Organisieren, um politische oder gesellschaftliche Veränderungen und die Akzeptanz von Lesben zu erreichen.	
homoit0000719	Lesbische Archive	Lesbenarchive	Sammlungen von Aufzeichnungen und Materialien, die sich auf Lesben oder lesbische Gemeinschaften beziehen; kann eine Vielzahl von Organisationen und Institutionen umfassen, von Community- bis zu Staatsarchiven.	
homoit0002599	Lesbische Kunst	Lesbenkunst	Bezeichnung für verschiedene Formen des kreativen Schaffens, einschließlich visueller, materieller und darstellender Kunst, von lesbischen Künstlerinnen oder über lesbische Themen und Gemeinschaften.	
homoit0000720	Lesbische Künstlerinnen		Lesben, die eine von vielen kreativen Künsten ausüben.	
homoit0000723	Lesbische Atheistinnen	Atheistische Lesben	Lesben, die Atheistinnen sind.	
homoit0001930	Lesbische Sportlerinnen	Lesbische Athletinnen	Profi- oder Amateur-/Freizeitsportlerinnen, die sich selbst als Lesben identifizieren.	
homoit0001724	Lesbische Autorinnen	Lesbische Schriftstellerinnen	Lesbische Verfasserinnen schriftlicher Werke.	
homoit0002668	Lesbische Autistinnen	Autistische Lesben	Lesben, die autistisch sind.	
homoit0001730	Lesbische Autobiografien	Lesbische Memoiren	Berichte über das Leben von Lesben, die von diesen Personen geschrieben wurden. Für schriftliche Berichte über das Leben von Lesben, die nicht von der betreffenden Person verfasst wurden, wird „Lesbenbiografie“ verwendet.	
homoit0000724	Lesbenbars	Lesbische Bars	Lokale bzw. Trinklokale oder Gaststätten, die sich in erster Linie an Lesben wenden.	
homoit0000725	Lesbenstrände	Lesbische Strände	Strände, die für Lesben reserviert sind, oder Strände, die bekanntermaßen von Lesben besucht werden.	
homoit0001615	Lesbische Biografien	Lesbenbiografien	Schriftliche Berichte über das Leben von Lesben. Für schriftliche Berichte über das Leben von Lesben Männer, die von den Betreffenden selbst verfasst wurden, ist der Begriff „Lesbische Autobiografie“ zu verwenden.	
homoit0001872	Lesbische Blinde	Blinde Lesben	Lesben mit erheblichem oder vollständigem Sehverlust.	
homoit0000727	Lesbische Buchhandlungen		Buchhandlungen, die Materialien verkaufen, die für Lesben bestimmt sind oder sich mit Themen befassen, die mit lesbischen Erfahrungen zusammenhängen.	
homoit0000732	Lesbische Geistliche		Lesben, die für religiöse Aufgaben ordiniert sind, insbesondere in der christlichen Kirche.	
homoit0003040	Lesbische Hochschulstudierende		Lesbische Personen, die eine Hochschule besuchen. Achtung: Das US-amerikanische College entspricht nicht exakt der Hochschule im deutschen Sprachraum, wird aber häufig als Hochschule übersetzt.	
homoit0000382	Lesbische Kultur	Lesbenkultur||Dyke-Kultur	Bezieht sich auf kulturelle Erfahrungen, die Mitglieder der lesbischen Gemeinschaft teilen, oder auf Produkte der lesbischen Kultur (z. B. Kunst und Medien, die von und für Lesben geschaffen wurden, Aktivismus mit Schwerpunkt auf lesbische Themen, in lesbischen Gemeinschaften gebräuchliche Slangausdrücke usw.).	
homoit0002546	Lesbische erotische Filme	Erotische Lesbenfilme	Erotische Filme von lesbischen Künstlerinnen, die Lesben darstellen oder als wichtig innerhalb der lesbischen Kultur angesehen werden.	
homoit0001581	Lesbische Horror-Fiction		Fiktionale Werke, die erschrecken, ängstigen oder abstoßen sollen; Verwendung in Bezug auf fiktionale Werke, die sich auf lesbische Charaktere oder Themen konzentrieren.	
homoit0000749	Lesbische Bibliotheken	Bibliotheken für Lesben||Lesben-Bibliotheken	Bibliotheken, die in erster Linie Materialien zu Lesben und lesbischen Themen oder für die Nutzung durch Lesben bereithalten.	
homoit0001592	Lesbische Liebesromane		Werke der Belletristik, die sich um romantische und/oder sexuelle Beziehungen zwischen den Hauptfiguren drehen; Verwendung in Bezug auf Liebesromane, die sich auf lesbische Figuren und Themen konzentrieren.	
homoit0001570	Lesbische Science-Fiction		Werk über phantasievolle oder futuristische Konzepte, die Wissenschaft, Technologie, Raumfahrt, Zeitreisen und andere spekulative Elemente beinhalten; Verwendung in Bezug auf Science Fiction mit einem Schwerpunkt auf lesbischen Charakteren oder Themen.	
homoit0001742	Unternehmen ausgerichtet auf Lesben		Unternehmen, die sich auf lesbische Klientel und Produkte für lesbische Gemeinschaften konzentrieren.	
homoit0001736	Unternehmen von Lesben	Unternehmen im Besitz von Lesben	Unternehmen, die Lesben gehören.	
homoit0000800	Lesbische Armeeangehörige	Lesbische Militärangehörige	Lesbische Personen, die in Streitkräften dienen.	
homoit0001624	LGBTQ+-Geistliche		LGBTQ+-Personen, die für religiöse Aufgaben ordiniert sind, insbesondere in der christlichen Kirche.	
homoit0003041	LGBTQ+-Hochschulstudierende		LGBTQ+-Personen, die eine Hochschule besuchen. Achtung: Das US-amerikanische College entspricht nicht exakt der Hochschule im deutschen Sprachraum, wird aber häufig als Hochschule übersetzt.	
homoit0001831	LGBTQ+-Kultur		Bezieht sich auf kulturelle Erfahrungen, die Mitglieder der LGBTQ+-Gemeinschaft teilen, oder auf Produkte der LGBTQ+-Kultur (z. B. Kunst und Medien, die von und für LGBTQ+-Personen geschaffen wurden, Aktivismus mit Schwerpunkt auf LGBTQ+-Themen, in LGBTQ+-Gemeinschaften gebräuchliche Slangausdrücke usw.).	
homoit0002544	LGBTQ+-erotische Filme	Erotische LGBTQ+-Filme	Erotische Filme von LGBTQ+-Künstler:innen, die LGBTQ+-Personen darstellen oder als wichtig innerhalb der LGBTQ+-Kultur angesehen werden.	
homoit0001580	LGBTQ+-Horror-Fiction		Fiktionale Werke, die erschrecken, ängstigen oder abstoßen sollen; Verwendung in Bezug auf fiktionale Werke, die sich auf LGBTQ+-Charaktere oder Themen konzentrieren.	
homoit0000968	LGBTQ+-Bibliotheken	Bibliotheken für LGBTQ+-Personen	Bibliotheken, die in erster Linie Materialien zu LGBTQ+-Personen und -Themen oder für die Nutzung durch LGBTQ+-Personen bereithalten.	
homoit0001032	:GBTQ+-Muslim:innen		LGBTQ+-Personen, die muslimischen Glaubens sind.	
homoit0001100	LGBTQ+-Armeeangehörige	LGBTQ+-Militärangeörige	LGBTQ+-Personen, die in Streitkräften dienen.	
homoit0001586	LGBTQ+-Liebesromane		Werke der Belletristik, die sich um romantische und/oder sexuelle Beziehungen zwischen den Hauptfiguren drehen; Verwendung in Bezug auf Liebesromane, die sich auf LGBTQ+-Figuren und Themen konzentrieren.	
homoit0000934	LGBTQ+-Science-Fiction		Werk über phantasievolle oder futuristische Konzepte, die Wissenschaft, Technologie, Raumfahrt, Zeitreisen und andere spekulative Elemente beinhalten; Verwendung in Bezug auf Science Fiction mit einem Schwerpunkt auf LGBTQ+-Charakteren oder Themen.	
homoit0001741	Unternehmen ausgerichtet auf LGBTQ+-Personen		Unternehmen, die sich auf LGBTQ+-Klientel und Produkte für LGBTQ+-Gemeinschaften konzentrieren.	
homoit0001735	Unternehmen von LGBTQ+-Personen	Unternehmen im Besitz von LGBTQ+-Personen	Unternehmen, die LGBTQ+-Personen gehören.	
homoit0003042	Megasexuelle Hochschulstudierende		Megasexuelle Personen, die eine Hochschule besuchen. Achtung: Das US-amerikanische College entspricht nicht exakt der Hochschule im deutschen Sprachraum, wird aber häufig als Hochschule übersetzt.	
homoit0003018	Gehörlose megasexuelle Personen	Megasexuelle Taube Personen||Taube megasexuelle Personen||Megasexuelle Taube Personen	Megasexuelle Personen mit signifikantem oder vollständigem Hörverlust, die sich als gehörlos/nicht gehörlos, taub/nicht taub oder Deaf/nicht Deaf betrachten können.	
homoit0002496	Megasexuelle Horror-Fiction		Fiktionale Werke, die erschrecken, ängstigen oder abstoßen sollen; Verwendung in Bezug auf fiktionale Werke, die sich auf megasexuelle Charaktere oder Themen konzentrieren.	
homoit0002498	Measexuelle Liebesromane		Werke der Belletristik, die sich um romantische und/oder sexuelle Beziehungen zwischen den Hauptfiguren drehen; Verwendung in Bezug auf Liebesromane, die sich auf megasecuelle Figuren und Themen konzentrieren.	
homoit0002499	Megasexuelle Science-Fiction		Werk über phantasievolle oder futuristische Konzepte, die Wissenschaft, Technologie, Raumfahrt, Zeitreisen und andere spekulative Elemente beinhalten; Verwendung in Bezug auf Science Fiction mit einem Schwerpunkt auf megasexuellen Charakteren oder Themen.	
homoit0003043	Nichtbinäre Hochschulstudierende	Nicht-binäre Hochschulstudierende||Nonbinäre Hochschulstudierende	Nichtbinäre Personen, die eine Hochschule besuchen. Achtung: Das US-amerikanische College entspricht nicht exakt der Hochschule im deutschen Sprachraum, wird aber häufig als Hochschule übersetzt.	
homoit0002568	Nichtbinäre Horror-Fiction	Nicht-binäre Horror Fiction||Non-binäre Horror-Fiction	Fiktionale Werke, die erschrecken, ängstigen oder abstoßen sollen; Verwendung in Bezug auf fiktionale Werke, die sich auf nichtbinäre Charaktere oder Themen konzentrieren.	
homoit0002566	Nichtbinäre Liebesromane	Nicht-binäre Liebesromane||Non-binäre Liebesromane	Werke der Belletristik, die sich um romantische und/oder sexuelle Beziehungen zwischen den Hauptfiguren drehen; Verwendung in Bezug auf Liebesromane, die sich auf nichtbinäre Figuren und Themen konzentrieren.	
homoit0002570	Nichtbinäre Science-Fiction	Nicht-binäre Science-Fiction||Non-binäre Science-Fiction	Werk über phantasievolle oder futuristische Konzepte, die Wissenschaft, Technologie, Raumfahrt, Zeitreisen und andere spekulative Elemente beinhalten; Verwendung in Bezug auf Science Fiction mit einem Schwerpunkt auf nichtbinären Charakteren oder Themen.	
homoit0001169	Queere Geistliche		Queere Personen, die für religiöse Aufgaben ordiniert sind, insbesondere in der christlichen Kirche.	
homoit0003044	Queere Hochschulstudierende		Queere Personen, die eine Hochschule besuchen. Achtung: Das US-amerikanische College entspricht nicht exakt der Hochschule im deutschen Sprachraum, wird aber häufig als Hochschule übersetzt.	
homoit0001832	Queere Kultur		Bezieht sich auf kulturelle Erfahrungen, die Mitglieder der queeren Gemeinschaft teilen, oder auf Produkte der queeren Kultur (z. B. Kunst und Medien, die von und für queere Personen geschaffen wurden, Aktivismus mit Schwerpunkt auf queeren Themen, in queeren Gemeinschaften gebräuchliche Slangausdrücke usw.).	
homoit0001871	Queere gehörlose Personen	Gehörlose queere Personen||Taube queere Personen||Gehörlose Taube Personen	Queere Personen mit signifikantem oder vollständigem Hörverlust, die sich als gehörlos/nicht gehörlos, taub/nicht taub oder Deaf/nicht Deaf betrachten können.	
homoit0002550	Queere erotische Filme	Erotische queere Filme	Erotische Filme von queeren Künstler:innen, die queere Personen darstellen oder als wichtig innerhalb der queeren Kultur angesehen werden.	
homoit0001585	Queere Horror-Fiction		Fiktionale Werke, die erschrecken, ängstigen oder abstoßen sollen; Verwendung in Bezug auf fiktionale Werke, die sich auf queere Charaktere oder Themen konzentrieren.	
homoit0001182	Queere Bibliotheken	Bibliotheken für Queere||Queer-Bibliotheken	Bibliotheken, die in erster Linie Materialien zu queeren Menschen und Themen oder für die Nutzung durch queere Menschen bereithalten.	
homoit0001189	Queere Muslim:innen		Queere Personen, die muslimischen Glaubens sind.	
homoit0001196	Queere Armeeangehörige	Queere Militärangehörige	Queere Personen, die in Streitkräften dienen.	
homoit0001596	Queere Liebesromane		Werke der Belletristik, die sich um romantische und/oder sexuelle Beziehungen zwischen den Hauptfiguren drehen; Verwendung in Bezug auf Liebesromane, die sich auf queere Figuren und Themen konzentrieren.	
homoit0001574	Queere Science-Fiction		Werk über phantasievolle oder futuristische Konzepte, die Wissenschaft, Technologie, Raumfahrt, Zeitreisen und andere spekulative Elemente beinhalten; Verwendung in Bezug auf Science Fiction mit einem Schwerpunkt auf queeren Charakteren oder Themen.	
homoit0001746	Unternehmen ausgerichtet auf queere Personen		Unternehmen, die sich auf queere Klientel und Produkte für queere Gemeinschaften konzentrieren.	
homoit0001740	Unternehmen von queeren Personen	Unternehmen im Besitz von queeren Personen	Unternehmen, die queeren Personen gehören.	
homoit0001402	trans Geistliche		trans Personen, die für religiöse Aufgaben ordiniert sind, insbesondere in der christlichen Kirche.	
homoit0001406	trans Kultur		Bezieht sich auf kulturelle Erfahrungen, die Mitglieder der trans Gemeinschaft teilen, oder auf Produkte der trans Kultur (z. B. Kunst und Medien, die von und für trans Personen geschaffen wurden, Aktivismus mit Schwerpunkt auf trans Themen, in trans Gemeinschaften gebräuchliche Slangausdrücke usw.).	
homoit0001584	trans Horror-Fiction		Fiktionale Werke, die erschrecken, ängstigen oder abstoßen sollen; Verwendung in Bezug auf fiktionale Werke, die sich auf trans Charaktere oder Themen konzentrieren.	
homoit0001418	Trans Bibliotheken	Bibliotheken für trans Personen	Bibliotheken, die in erster Linie Materialien zu trans Personen und Themen oder für die Nutzung durch trans Personen bereithalten.	
homoit0001425	Trans Muslim:innen	Muslimische Transperson||Muslimische Transmenschen	Trans Personen, die muslimischen Glaubens sind.	
homoit0001431	Trans Armeeangehörige	Trans Militärangehörige	Trans Personen, die in Sreitkräften dienen.	
homoit0001595	trans Liebesromane		Werke der Belletristik, die sich um romantische und/oder sexuelle Beziehungen zwischen den Hauptfiguren drehen; Verwendung in Bezug auf Liebesromane, die sich auf trans Figuren und Themen konzentrieren.	
homoit0001573	trans Science-Fiction		Werk über phantasievolle oder futuristische Konzepte, die Wissenschaft, Technologie, Raumfahrt, Zeitreisen und andere spekulative Elemente beinhalten; Verwendung in Bezug auf Science Fiction mit einem Schwerpunkt auf trans Charakteren oder Themen.	
homoit0001447	Transgender Studies	Transgender Studien||Transgenderstudien||Transgender Forschung||Transgenderforschung||Trans Studien||Trans Forschung||Trans Studies	Akademischer Forschungs- und Studienbereich über trans Personen, trans Identität und trans Gemeinschaften.	
homoit0001745	Unternehmen ausgerichtet auf trans Personen		Unternehmen, die sich auf trans Klientel und Produkte für trans Gemeinschaften konzentrieren.	
homoit0001739	Unternehmen von trans Personen	Unternehmen im Besitz von trans Personen	Unternehmen, die trans Personen gehören.	
homoit0003046	Two-Spirit-Hochschulstudierende		Two-Spirit-Personen, die eine Hochschule besuchen. Achtung: Das US-amerikanische College entspricht nicht exakt der Hochschule im deutschen Sprachraum, wird aber häufig als Hochschule übersetzt.	
homoit0002697	Two-Spirit-Bibliotheken	Bibliotheken für Two-Spirit-Personen	Bibliotheken, die in erster Linie Materialien zu Two-Spirit-Personen und -Themen oder für die Nutzung durch Two-Spirit-Personen bereithalten.	
homoit0002718	Two-Spirit-Armeeangehörige	Two-Spirit-Militärangehörige	Two-Spirit-Personen, die in Streitkräften dienen.	
homoit0002737	Unternehmen ausgerichtet auf Two-Spirit-Personen		Unternehmen, die sich auf Two-Spirit-Klientel und Produkte für Two-Spirit-Gemeinschaften konzentrieren.	
homoit0002738	Unternehmen von Two-Spirit-Personen	Unternehmen im Besitz von Two-Spirit-Personen	Unternehmen, die Two-Spirit-Personen gehören.	
homoit0001509	Frauen		Erwachsene, die sich selbst als Frauen identifizieren und ihr Geschlecht im Sinne westlicher Vorstellungen von Weiblichkeit, weiblichen Eigenschaften und/oder Feminität verstehen. Der Begriff wird in der Regel als erwachsene weibliche Menschen definiert, obwohl sich nicht alle Frauen mit dem Begriff „weiblich” identifizieren, je nachdem, in welchem Kontext er verwendet wird.	
homoit0001511	Frauenbuchhandlungen		Buchhandlungen, die Materialien verkaufen, die für Frauen bestimmt sind oder Themen im Zusammenhang mit Frauen behandeln.	
homoit0001512	Frauenzentrum	Frauenkommunikationszentrum||Frauentreffpunkt	Räume, in denen sich Frauen zu sozialen, bildungsbezogenen, freizeitbezogenen und organisatorischen Aktivitäten treffen.	
homoit0000429	Frauenfreundschaften		Beziehungen, die auf Zuneigung und Vertrauen zwischen zwei oder mehr Frauen basieren.	
homoit0001513	Frauenbibliotheken	Frauen-Bibliotheken||Bibliotheken für Frauen	Bibliotheken, die in erster Linie Materialien zu Frauen oder für die Nutzung durch Frauen bereithalten.	
homoit0001514	Gynaegamie		Tradition der gleichgeschlechtlichen Ehe zwischen zwei Frauen in Afrika, die gemäß der afrikanischen Kultur und Traditionen durchgeführt wird.	
homoit0000438	Frauenbewegung	Feministische Bewegung	Soziale und politische Bewegung, die im 19. Jahrhundert entstand und sich für Reformen in Frauenfragen einsetzte, die aus der sozialen, kulturellen, politischen und wirtschaftlichen Ungleichheit zwischen Männern und Frauen resultierten. Zu den feministischen Themen gehören reproduktive Rechte, Frauenbefreiung und gleiche Bezahlung. Dieser Begriff umfasst die gesamte Frauenbewegung, einschließlich verschiedener Wellen feministischer Gedanken und Aktivismus.	
homoit0001515	Frauenmusikfestivals		Organisierte Veranstaltungen, die in der Regel länger als einen Tag dauern und bei denen Musikgruppen und Künstlerinnen auftreten. Obwohl Musik im Mittelpunkt steht, können Frauenmusikfestivals auch Aspekte der lesbischen und feministischen Kultur einbeziehen, indem sie Workshops, Kunsthandwerk und Gemeinschaftsressourcen anbieten.	
homoit0001516	Womyn		Eine Schreibweise von „woman“ oder „women“, die erstmals 1976 in gedruckter Form erschien und in bestimmten feministischen Kreisen verwendet wird, um die Endung „men“ zu vermeiden. Einige zeitgenössische Transgender-Aktivisten haben die Verwendung des Wortes „womyn“ kritisiert, da es in Kreisen der trans-ausschließenden radikalen Feministinnen (TERF) nach dem Ausschluss von Transfrauen vom Michigan Womyn’s Music Festival weit verbreitet ist.	
homoit0003047	Wrestling		Eine Wettkampf-, Sozial- oder Erotikaktivität, bei der zwei oder mehr Personen miteinander ringen und versuchen, die andere Person zu Boden zu werfen oder zu drücken.	
