identifier	prefLabel	altLabel	description	historyNote
homoit0001979	Personas intersexuales aborígenes australianas	Intersex aborígenes australianos||Personas intersex aborígenes australianas||Australianos intersex aborígenes||Intersex aborígenes australianas||Australianas intersex aborígenes||Personas intersex aborígenes australianas	Personas intersexuales que pertenecen a uno o más de los diversos pueblos indígenas de Australia; no para referirse a los pueblos indígenas de las Islas del Estrecho de Torres, que se consideran étnica y culturalmente distintos. Utilícese únicamente para describir a las personas que se autoidentifiquen como aborígenes australianos.	Para reconocer su marginación múltiple, los términos para las personas de color que son LGBTQ+ utilizan el siguiente formato: identidad racial o étnica seguida de identidad sexual o de género (por ejemplo, lesbianas negras).
homoit0000003	Acault		Un término birmano, comúnmente mal traducido, para personas asignadas al sexo masculino al nacer que exhiben comportamientos femeninos mientras sirven como médiums espirituales; existen dudas sobre la legitimidad del término.	Aunque a los términos que no son del español se les suelen asignar etiquetas lingüísticas que indican la lengua de la que proceden, al término "Acault" se le ha asignado la etiqueta de español porque es una versión mal traducida de un término birmano.
homoit0000015	Personas LGBTQ+ afroamericanas	Afroamericanos (LGBTQ)||Afroamericanas (LGBTQ)||Personas afroamericanas LGBTQ+||Afroamericanos LGBTQ+||Afroamericanas LGBTQ+||Personas LGBTQ+ afroamericanas	Personas LGBTQ+ de ascendencia africana nacidas en los Estados Unidos o personas LGBTQ+ nacidas en países africanos que viven o tienen una conexión fuerte con los Estados Unidos. Utilícese para personas que se autoidentifiquen como afroamericanas.	Para reconocer su marginación múltiple, los términos para las personas de color que son LGBTQ+ utilizan el siguiente formato: identidad racial o étnica seguida de identidad sexual o de género (por ejemplo, lesbianas negras).
homoit0002893	Personas asexuales afrocanadienses	Afrocanadienses asexuales||Afrocanadienses ace||Personas ace afrocanadienses||Personas afrocanadienses asexuales	Personas asexuales de ascendencia africana nacidas en Canadá o personas asexuales nacidas en países africanos que viven en Canadá o tienen una conexión fuerte con Canadá. Utilícese para personas que se autoidentifiquen como afrocanadienses.	Para reconocer su marginación múltiple, los términos para las personas de color que son LGBTQ+ utilizan el siguiente formato: identidad racial o étnica seguida de identidad sexual o de género (por ejemplo, lesbianas negras).
homoit0000016	Personas LGBTQ+ afrocanadienses	Afrocanadienses LGBTQ+||Personas afrocanadienses LGBTQ+||Afrocanadienses (LGBTQ)||Afrocanadienses LGBTQ+||Personas LGBTQ+ afrocanadiensxs	Personas LGBTQ+ de ascendencia africana nacidas en Canadá o personas LGBTQ+ nacidas en países africanos que viven o tienen una conexión fuerte con Canadá. Utilícese para personas que se identifiquen como afrocanadienses.	Para reconocer su marginación múltiple, los términos para las personas de color que son LGBTQ+ utilizan el siguiente formato: identidad racial o étnica seguida de identidad sexual o de género (por ejemplo, lesbianas negras).
homoit0000017	Personas LGBTQ+ afrocaribeñas	Afrocaribeños LGBTQ+||Personas afrocaribeñas LGBTQ+||Afrocaribeños (LGBTQ)||Afrocaribeñas LGBTQ+||Afrocaribeñas (LGBTQ)||Personas LGBTQ+ afrocaribeñxs	Personas LGBTQ+ afrodescendientes nacidas en el Caribe o personas LGBTQ+ nacidas en países africanos que viven o tienen una conexión fuerte con el Caribe. Utilícese únicamente para personas que se identifiquen como afrocaribeñas.	Para reconocer su marginación múltiple, los términos para las personas de color que son LGBTQ+ utilizan el siguiente formato: identidad racial o étnica seguida de identidad sexual o de género (por ejemplo, lesbianas negras).
homoit0000018	Personas LGBTQ+ afroeuropeas	Afroeuropeos LGBTQ+||Personas afroeuropeas LGBTQ+||Afroeuropeos (LGBTQ)||Afroeuropeas LGBTQ+||Afroeuropeas (LGBTQ)||Personas LGBTQ+ afroeuropexs	Personas LGBTQ+ de ascendencia africana nacidas en países europeos o personas LGBTQ+ nacidas en países africanos que viven en Europa o tienen una fuerte conexión con Europa. Utilícese únicamente para personas que se identifiquen como afroeuropeas.	Para reconocer su marginación múltiple, los términos para las personas de color que son LGBTQ+ utilizan el siguiente formato: identidad racial o étnica seguida de identidad sexual o de género (por ejemplo, lesbianas negras).
homoit0000019	Personas LGBTQ+ afrolatinoamericanas	Afrolatinoamericanos LGBTQ+||Personas afrolatinoamericanas LGBTQ+||Afrolatinoamericanos (LGBTQ)||Afrolatinoamericanas LGBTQ+||Afrolatinoamericanas (LGBTQ)||Personas LGBTQ+ afrolatinoamericanxs	Personas LGBTQ+ afrodescendientes nacidas en países latinoamericanos o personas LGBTQ+ nacidas en países africanos que viven o tienen una conexión fuerte con América Latina. Utilícese únicamente para personas que se identifiquen como afrolatinoamericanas.	Para reconocer su marginación múltiple, los términos para las personas de color que son LGBTQ+ utilizan el siguiente formato: identidad racial o étnica seguida de identidad sexual o de género (por ejemplo, lesbianas negras).
homoit0000028	Colchas conmemorativas del SIDA	AIDS quilts	Colchas creadas para celebrar las vidas de las personas que han muerto por causas relacionadas con el SIDA, generar conciencia sobre la epidemia del SIDA y brindar apoyo y sanación a las personas afectadas. El término se utiliza a menudo para referirse a la colcha conmemorativa del SIDA del proyecto NAMES iniciada por Cleve Jones en 1985.	
homoit0000029	Memoriales sobre el SIDA	Conmemoraciones del SIDA	Proyectos y eventos que celebran las vidas de personas que han muerto por causas relacionadas al SIDA.	
homoit0002257	Anti-negritud	Antinegritud||Anti-blackness	Término utilizado para reconocer las particularidades del racismo dirigido hacia las personas negras. La antinegritud incluye la creencia de que las personas negras poseen diferentes características conductuales inherentes que corresponden a atributos heredados, y que son inferiores a otras razas, particularmente a las personas blancas. La antinegritud también abarca el prejuicio, la discriminación y el antagonismo (ya sea personal o sistemático) dirigido hacia las personas negras debido a su raza y su percibida inferioridad.	
homoit0001893	Discriminación anti-intersexual	Discriminación anti-intersex	El trato injusto o perjudicial hacia las personas intersexuales por el hecho de ser intersex; puede incluir la negación de derechos legales, empleo y vivienda.	
homoit0001770	Violencia anti-intersexual	Violencia anti-intersex	Comportamiento que involucra fuerza física destinada a hacer daño o a matar a personas intersexuales por su identidad.	
homoit0000063	Violencia anti-transgénero	Violencia anti-trans	Comportamiento que involucra fuerza física destinada a hacer daño o a matar a personas transgénero por su identidad.	
homoit0001885	Discriminación anti-dos espíritus	Discriminación dos espíritus||Anti dos espiritus||Discriminación anti-2S||Anti 2S||Discriminación hacia dos espíritus||Discriminación hacia personas dos espíritus	El trato injusto o perjudicial hacia las personas Dos Espíritus por su identidad; puede incluir la negación de derechos legales, empleo y vivienda.	
homoit0001769	Violencia anti-dos espíritus	Violencia hacia personas dos espíritus||Violencia anti dos espíritus||Violencia hacia dos espíritus||Violencia hacia personas dos espíritus	Comportamiento que involucra fuerza física destinada a hacer daño o a matar a personas Dos Espíritus por su identidad.	
homoit0000065	Aravani	Aruvani	Término indio para personas que se autoidentificancomo mujeres atrapadas en cuerpos masculinos; muches prefieren otros términos, como hijra o thirunangai.	
homoit0003033	Estudiantes universitarios arrománticos	Universitarios arrománticos	Personas arrománticas que asisten a la universidad.	
homoit0001753	Ficción arromántica	Ficción arro	Obras escritas que describen eventos o personas imaginadas; utilícese en referencia a obras de ficción que se centran en personajes o temas arrománticos.	
homoit0002557	Películas porno arrománticas	Películas pornográficas arrománticas	Películas eróticas o sexualmente explícitas protagonizadas por personas arrománticas.	
homoit0002460	Juventud arromántica	Adolescentes arrománticos||Adolescentes aro||Jóvenes arrománticos||Jóvenes aro	Personas arrománticas que se encuentran entre la infancia y la edad adulta.	
homoit0002617	Inseminación artificial	Fertilización artificial	La introducción de semen en la apertura cervical, el útero o las trompas de Falopio con la ayuda de tecnología reproductiva. Algunos optan por no utilizar este término por las implicaciones de la palabra "artificial".	
homoit0002760	Artistas asexuales		Artistas que son asexuales.	
homoit0002763	Librerías asexuales	Tiendas de libros asexuales	Librerías que venden materiales dirigidos a personas asexuales o que abordan temas relacionados con experiencias asexuales.	
homoit0002771	Cocinerxs asexuales	Chefs asexuales||Cocineros asexuales	Personas asexuales que son cocineros profesionales con entrenamiento, que suelen desempeñar un papel de liderazgo en la cocina en la que trabajan.	
homoit0002772	Niños y niñas asexuales	Niñxs asexuales||Niños ace||Niñas ace||Niñxs ace	Niños menores de 18 años que se autoidentifican como asexuales.	
homoit0002981	Clero asexual	Pastores asexuales	Personas asexuales que son ordenadas para deberes religiosos, particularmente en la iglesia cristiana.	
homoit0003034	Estudiantes universitarios asexuales	Universitarios asexuales||Universitarias asexuales	Personas asexuales que asisten a la universidad.	
homoit0002991	Dominantes asexuales	Amos asexuales	Personas asexuales (típicamente hombres) que forman parte de la escena BDSM y asumen el rol dominante en relaciones sexuales con una dinámica amo/esclavo.	
homoit0002791	Empleo asexual		El acto de emplear a personas asexuales.	
homoit0002664	Personas asexuales neurodivergentes	Personas neurodivergentes asexuales	Personas asexuales cuyos cerebros procesan, aprenden y/o se comportan de forma diferente a lo que la sociedad considera típico. Algunas de estas diferencias neurológicas pueden presentarse como dificultades de aprendizaje, trastornos médicos y otras condiciones.	
homoit0002800	Parejas asexuales de otras personas		Personas asexuales que son la pareja romántica, sexual o de juegos de otra persona o personas.	
homoit0002802	Personas asexuales de color	Personas de color asexuales	Personas asexuales que no son blancas y que se autoidentifican como personas de color.	
homoit0002558	Películas porno asexuales	Películas pornográficas asexuales	Películas eróticas o sexualmente explícitas protagonizadas por personas asexuales.	
homoit0002804	Prensa asexual	Diarios asexuales	Periódicos, revistas u otros medios editoriales dirigidos a audiencias asexuales y/o operados por personas asexuales.	
homoit0002790	Hijos asexuales		Personas asexuales que son hijos.	
homoit0000077	Asignadx sexo femenino al nacer	Asignado mujer al nacer||Asignada mujer al nacer||Asignado sexo femenino al nacer||Asignada sexo femenino al nacer AMAN	Asignación de un marcador de sexo femenino o una designación de sexo femenino poco después del nacimiento.	
homoit0000079	Asignadx sexo masculino al nacer	Asignado hombre al nacer||Asignada hombre al nacer||Asignada sexo masculino al nacer||Asignado sexo masculino al nacer||AHAN	Asignación de un marcador de género masculino o una designación de sexo masculino poco después del nacimiento.	
homoit0000093	Mordazas de bola	Mordazas de boca	Pelotas de silicona, goma u otros materiales atadas a la boca de una persona para impedirle hablar, usualmente durante el sexo.	
homoit0003098	Fetish de globos	Kink de globos||Looner||Insuflación	El uso de globos para vestir, para la excitación sexual o para el juego erótico.	
homoit0002147	Bandslash	Band slash	Fanficcion que se centra, incorpora o detalla las relaciones románticas o sexuales entre músicos del mismo género o del mismo sexo que existen en el mundo real, normalmente hombres.	
homoit0000099	Sexo a pelo	Barebacking||Sexo sin preservativo	La práctica de tener sexo anal sin preservativo.	
homoit0000105	Bears (Cultura gay)	Hombres osos||Osos||Bears	Jerga utilizada en Estados Unidos y otros países angloparlantes para describir a hombres gay peludos y grandes o musculosos.	
homoit0000108	Personas bi+	Bi+	Personas que no sienten una atracción sexual y/o romántica exclusiva por personas de un único sexo biológico (incluye las identidades bisexuales, queer, pansexuales y fluidas).	
homoit0000129	Artistas bisexuales		Artistas que son bisexuales.	
homoit0000136	Librerías bisexuales	Tiendas de libros bisexuales	Librerías que venden materiales destinados a personas bisexuales o que abordan temas relacionados con la bisexualidad.	
homoit0000137	Niños bisexuales		Niños menores de 18 años que se autoidentifican como bisexuales.	
homoit0001774	Cocinerxs bisexuales	Chefs bisexuales||Cocineras bisexuales||Cocineros bisexuales	Personas bisexuales que son cocineras profesionales y capacitadas, quienes normalmente desempeñan un papel de liderazgo en las cocinas en las que trabajan.	
homoit0000140	Niños y niñas bisexuales	Niñxs bisexuales	Niños y niñas menores de 18 años que se autoidentifican como bisexuales.	
homoit0000142	Clero bisexual	Pastores bisexuales	Personas bisexuales que son ordenadas para deberes religiosos, particularmente en la Iglesia cristiana.	
homoit0003035	Estudiantes universitarios bisexuales	Universitarios bisexuales||Universitarias bisexuales	Personas bisexuales que asisten a la universidad.	
homoit0000159	Dominantes bisexuales	Amos bisexuales	Personas bisexuales que forman parte de la escena BDSM y asumen el rol dominante en las relaciones sexuales con una dinámica dominante/sumisa.	
homoit0000148	Dominatrices bisexuales		Mujeres que desempeñan un papel dominante en las actividades del BDSM; utilícese para dominatrices que se autoidentifiquen como bisexuales.	
homoit0000149	Drama bisexual		Obras de ficción escritas para ser puestas en escena; utilícese en referencia a obras dramáticas que se centran en personajes o temas bisexuales.	
homoit0001720	Empleo bisexual		El acto de emplear a personas bisexuales.	
homoit0002609	Arte erótico bisexual		Arte erótico, creado por artistas bisexuales, que representa a personas bisexuales o a personas consideradas importantes dentro de la cultura bisexual.	
homoit0002548	Películas eróticas bisexuales		Filmes o películas eróticas, creadas por directores bisexuales, que representan a personas bisexuales o a personas consideradas importantes dentro de la cultura bisexual.	
homoit0001599	Literatura erótica bisexual		Obras literarias que tengan elementos eróticos o sexuales; utilícese en referencia a la literatura erótica que se centra en personajes o temas bisexuales.	
homoit0000150	Familias bisexuales		Familias, ya sean biológicas, adoptivas o elegidas, en las que una o más personas se autoidentican como bisexuales.	
homoit0001567	Ficción fantástica bisexual		Obras escritas que incluyan elementos mágicos o fantásticos; utilícese en referencia a ficción fantástica centrada en personajes o temas bisexuales.	
homoit0002338	Padres bisexuales	Papás bisexuales	Personas bisexuales que son padres.	
homoit0000151	Ficción bisexual		Obras escritas que describen eventos o personas imaginadas; utilícese en referencia a obras de ficción que se centran en personajes o temas bisexuales.	
homoit0002447	Películas bisexuales		Películas creadas por directores bisexuales, que representan a personas bisexuales o a personas consideradas importantes dentro de la cultura bisexual.	
homoit0000152	Niñas bisexuales		Niñas (normalmente niñas menores de 18 años) que son bisexuales.	
homoit0001863	Personas bisexuales con problemas de audición	Personas bisexuales con dificultades de audición||Personas bisexuales con dificultades auditivas	Personas bisexuales con pérdida auditiva significativa o total que pueden o no considerarse S/sordas.	
homoit0002263	Historia bisexual		Eventos o relatos del pasado relacionados con personas bisexuales, o personas que podrían ser percibidas como bisexuales si estuvieran vivas hoy.	
homoit0001583	Ficción de horror bisexual		Obras de ficción escritas con la intención de asustar, atemorizar o provocar disgusto; utilícese en referencia a la ficción de horror centrada en personajes o temas bisexuales.	
homoit0000153	Identidad bisexual		Término utilizado para describir la identidad sexual de personas que se sienten atraídas romántica y/o sexualmente por personas de más de un género y que prefieren el término bisexual a alternativas como pansexual, polisexual, etc.	
homoit0000147	Centros de información bisexual		Instituciones que brindan educación, apoyo e información sobre la bisexualidad y comunidades bisexuales a personas bisexuales.	
homoit0000156	Bibliotecas bisexuales		Bibliotecas que contienen materiales principalmente relacionados con personas bisexuales o destinados a personas bisexuales.	
homoit0001605	Crítica literaria bisexual		El estudio, la evaluación y la interpretación de obras literarias centradas en personajes o temas bisexuales; también puede incluir la interpretación de la literatura a través del lente y los marcos teóricos de la bisexualidad.	
homoit0000157	Literatura bisexual		Obras literarias escritas sobre la bisexualidad, personajes bisexuales o temas bisexuales.	
homoit0000160	Hombres bisexuales		Hombres que se autoidentifican como bisexuales.	
homoit0000161	Amas bisexuales		Mujeres bisexuales que forman parte de la escena BDSM y asumen el rol de ama en las relaciones sexuales con una dinámica ama/esclava.	
homoit0002344	Madres bisexuales	Mamás bisexuales	Personas bisexuales que son madres.	
homoit0000162	Movimiento bisexual		Término general para el activismo centrado en los derechos de las personas bisexuales y los problemas que enfrentan las comunidades bisexuales.	
homoit0000163	Museos bisexuales		Instituciones dedicadas al almacenamiento, la exposición, la conservación y la preservación de materiales relacionados con las personas bisexuales y la historia bisexual.	
homoit0003162	Musicales bisexuales		Musicales creados por directores bisexuales, que representan a personas bisexuales o que se consideran importantes dentro de la cultura bisexual.	
homoit0000164	Musulmanes bisexuales		Personas bisexuales que son musulmanas.	
homoit0001577	Ficción bisexual de misterio y detectives		Obras literarias escritas sobre la investigación de crímenes o el trabajo de detectives; utilícese en referencia a la ficción de misterio y de detectives centrada en personajes y temas bisexuales.	
homoit0002661	Personas bisexuales neurodivergentes		Personas bisexuales cuyos cerebros procesan, aprenden y/o se comportan de manera diferente a lo que la sociedad considera típico. Algunas de estas diferencias neurológicas pueden presentarse como problemas de aprendizaje, trastornos médicos y otras condiciones.	
homoit0000166	Boletines bisexuales		Publicaciones impresas o digitales serializadas creadas por o para personas bisexuales, a menudo con el propósito de compartir noticias e información relacionada con comunidades bisexuales y temas bisexuales.	
homoit0000167	Periódicos bisexuales	Diarios bisexuales	Publicaciones impresas o digitales serializadas sobre la bisexualidad o temas bisexuales (y generalmente producidas por personas u organizaciones bisexuales) que contienen noticias, artículos, columnas, correspondencia y anuncios.	
homoit0002888	Óperas bisexuales		Óperas creadas por directores bisexuales, que representan a personas bisexuales o a personas consideradas importantes dentro de la cultura bisexual.	
homoit0000168	Paganos bisexuales		Personas bisexuales que son miembros de religiones politeístas u otras religiones fuera de la cultura dominante que típicamente incorporan el culto a la naturaleza y/o lo sagrado femenino, como la Wicca, el druidismo, el paganismo, etc. Utilícese para describir a las personas bisexuales que se autoidentifican como paganas.	
homoit0000169	Madres y padres bisexuales	Madres bisexuales||Padres bisexuales	Padres y/o madres que son bisexuales.	
homoit0002369	Parejas bisexuales		Personas bisexuales que son las parejas románticas, sexuales o de juego de otra persona o personas.	
homoit0000170	Personas bisexuales	Bisexuales	Personas que se sienten atraídas romántica y/o sexualmente por más de un género y que se autoidentifican como bisexuales; no se debe utilizar para describir a personas pansexuales o polisexuales a menos que también utilicen el término bisexual.	
homoit0002150	Personas bisexuales en fandom	Bisexuales en fandom	La participación e inclusión de personas bisexuales en las comunidades de fans.	
homoit0000171	Personas bisexuales en el ejército	Personas bisexuales en las fuerzas armadas	Personas bisexuales que sirven en las fuerzas armadas estatales y nacionales.	
homoit0002032	Personas bisexuales en el lugar de trabajo		La presencia de personas bisexuales en el lugar de trabajo, incluida la aceptación de los trabajadores bisexuales y los problemas a los que se enfrentan.	
homoit0000172	Personas bisexuales de color		Personas bisexuales que no son blancas y que se autoidentifican como personas de color.	
homoit0001882	Personas bisexuales con enfermedades crónicas	Personas con enfermedades crónicas bisexuales||Enfermos crónicos bisexuales||Enfermas crónicas bisexuales	Personas bisexuales que tienen condiciones de salud a largo plazo que requieren atención médica continua y/o que impactan o limitan significativamente la vida diaria; algunas, pero no todas, las personas con enfermedades crónicas se consideran discapacitadas.	
homoit0000174	Poesía bisexual		Obras literarias, normalmente escritas en verso, que se centran en personajes, temas o identidades bisexuales.	
homoit0000175	Activistas políticos bisexuales		Personas bisexuales que trabajan para lograr cambios políticos o sociales a través de la organización pública.	
homoit0002812	Políticos bisexuales	Oficiales públicos bisexuales||Oficiales públicas bisexuales||Políticas bisexuales	Personas bisexuales que son candidatas a cargos públicos, que ejercen cargos públicos o que han desempeñado cargos políticos. Los políticos pueden ser elegidos mediante elección pública o designados de otro modo.	
homoit0000176	Películas pornográficas bisexuales		Películas eróticas o sexualmente explícitas protagonizadas por personas bisexuales.	
homoit0000177	Prensa bisexual	Diarios bisexuales	Periódicos, revistas u otros medios editoriales dirigidos a audiencias bisexuales y/o operados por personas bisexuales.	
homoit0000179	Protestantes bisexuales		Personas bisexuales que son miembros de la Iglesia protestante.	
homoit0000180	Editoriales bisexuales		Empresas y organizaciones que publican materiales para comunidades bisexuales o que abordan asuntos bisexuales.	
homoit0000181	Radio bisexual		Contenido auditivo emitido por radio (analógica o digital) sobre la bisexualidad y asuntos bisexuales.	
homoit0000182	Relaciones bisexuales		Conexiones continuas (románticas, sexuales o platónicas) entre dos o más personas bisexuales.	
homoit0000183	Derechos bisexuales		Principios legales, sociales o éticos de libertad o derecho que tienen las personas bisexuales.	
homoit0000184	Personas católico romanas bisexuales	Católico romanos bisexuales||Católico romanas bisexuales	Personas bisexuales que son miembros de la Iglesia católica romana.	
homoit0001594	Ficción romántica bisexual		Obras literarias escritas centradas en las relaciones románticas y el amor entre personas; utilícese en referencia a la ficción romántica centrada en personajes o temas bisexuales.	
homoit0001572	Ciencia ficción bisexual		Obras literarias escritas sobre conceptos imaginativos o futuristas que incorporen la ciencia, la tecnología, el espacio, los viajes en el tiempo y otros elementos especulativos; utilícese en referencia a la ciencia ficción centrada en personajes o temas bisexuales.	
homoit0000178	Trabajadores sexuales bisexuales	Prostitutos bisexuales||Trabajadores sexuales bi||Prostitutos bi||Prostitución bisexual||Trabajo sexual bisexual||Prostitutas bisexuales||Trabajadoras sexuales bi||Prostitutas bi||Trabajadoras sexuales bisexuales	Personas bisexuales que reciben dinero o bienes a cambio de servicios o actuaciones sexuales. Se utiliza para describir a las personas bisexuales que trabajan en el amplio espectro del trabajo sexual.	
homoit0001611	Cuentos cortos bisexuales	Relatos bisexuales	Obras literarias escritas que son breves y detallan un incidente o concepto autónomo; utilícese en referencia a historias cortas que se centren en personajes o temas bisexuales.	
homoit0000185	Jerga bisexual	Argot bisexual||Habla bisexual||Modismos bisexuales	Lenguaje coloquial o informal relacionado con la bisexualidad o utilizado por personas bisexuales.	
homoit0000186	Hijos bisexuales		Hijos que se autoidentifican como bisexuales.	
homoit0000187	Estudios bisexuales		Campo académico de investigación y estudio sobre la bisexualidad, personas bisexuales y comunidades bisexuales.	
homoit0002001	Sobrevivientes bisexuales de acoso		Personas bisexuales que han sufrido y sobrevivido al acoso por su identidad sexual; siga la preferencia del individuo sobre el uso de "víctimas" o "sobrevivientes" siempre que sea posible.	
homoit0000188	Sobrevivientes bisexuales de crímenes de odio		Personas bisexuales que han sufrido y sobrevivido crímenes de odio; siga la preferencia del individuo sobre el uso de "víctimas" o "sobrevivientes" siempre que sea posible.	
homoit0000189	Sobrevivientes bisexuales de violación		Personas bisexuales que han sufrido y sobrevivido una violación; siga la preferencia del individuo sobre el uso de "víctimas" o "sobrevivientes" siempre que sea posible.	
homoit0000190	Sobrevivientes bisexuales de abuso sexual		Personas bisexuales que han sufrido y sobrevivido abuso sexual; siga la preferencia del individuo sobre el uso de "víctimas" o "sobrevivientes" siempre que sea posible.	
homoit0000191	Sobrevientes bisexuales de guerra		Personas bisexuales que han sufrido y sobrevivido la guerra; siga la preferencia del individuo sobre el uso de "víctimas" o "sobrevivientes" siempre que sea posible.	
homoit0000193	Televisión bisexual		Programas de televisión con personajes o temas bisexuales.	
homoit0000194	Teatro bisexual		Trabajos en las artes escénicas que se centran en personajes, comunidades o problemas bisexuales.	
homoit0001910	Brujxs bisexuales	Wiccanos bisexuales||Wiccanas bisexuales||Brujas bisexuales||Brujos bisexuales	Practicantes bisexuales de Wicca u otras religiones paganas que se autoidentifican como brujas.	
homoit0001738	Negocios propiedad de bisexuales	Negocios de dueños bisexuales||Compañías de dueños bisexuales||Empresas de propietarios bisexuales||Negocios de dueñas bisexuales||Compañías de dueñas bisexuales||Empresas de propietarias bisexuales	Empresas pertenecientes a personas bisexuales.	
homoit0002764	Personas intersexuales negras	Personas negras intersex||Personas intersex negras	Personas negras que son intersexuales. Utilícese únicamente para personas que se autoidentificancomo negras. Siga la preferencia de la persona para el uso de afroamericanos o negros siempre que sea posible.	Para reconocer su marginación múltiple, los términos para las personas de color que son LGBTQ+ utilizan el siguiente formato: identidad sexual o de género seguida de identidad racial o étnica (por ejemplo, lesbianas negras).
homoit0000209	Vendas para los ojos	Vendas	Trozos de tela o material similar utilizados para cubrir los ojos de una persona y perjudicar su visión, a menudo para estimulación sexual.	
homoit0003078	Juegos de sangre	Juegos con sangre	Uso de sangre para placer erótico o sensual.	
homoit0000217	Bootblacking	Lustrar botas	En las comunidades del cuero y las kinky, el acto de limpiar y acondicionar las botas, zapatos o prendas de cuero de alguien.	
homoit0003105	Lustrabotas	Limpiabotas||Bootblacker	En las comunidades del cuero y kink, un individuo que limpia y acondiciona las botas, los zapatos o las prendas de cuero de alguien.	
homoit0000219	Pasivos (sexo)	Pasivos||Asumisar||Bottoms	Término de la jerga para personas que se asumen como pareja receptora en encuentros sexuales.	
homoit0000220	Niños		Niños menores de 18 años que se autoidentifican como niños.	
homoit0000228	Bullying		Una forma de comportamiento agresivo que puede incluir el acoso verbal, la agresión física o la coerción. Por lo general, el acoso se dirige repetidamente hacia víctimas particulares, a menudo por motivos de raza, género, sexualidad o capacidad.	
homoit0000231	Butches	Butch||Bucha	Termino en ingles para una persona masculina de cualquier género, aunque este término se usa más comúnmente en comunidades de lesbianas.	
homoit0000230	Relaciones butch-femme	Relaciones bucha-femme||Relaciones butches-femmes	Relaciones románticas, sexuales o de juego entre una persona que se autoidentifica o presenta como masculina y una persona que se autoidentifica o presenta como femenina. Aunque los términos "butch" y "femme" se utilizan con mayor frecuencia en las comunidades de lesbianas, también los utilizan otras personas LGBTQ+. Utilícese únicamente para describir relaciones entre personas que se autoidentifiquen como marimacho y mujer.	
homoit0000248	Salas de probadores	Salas de cambio||Salas de vestuarios||Camerinos||Salas de camerinos	Cuartos o áreas en espacios públicos o comerciales donde las personas pueden cambiarse de ropa con distintos grados de privacidad.	
homoit0000255	Niños y niñas	Infancias	Personas entre las edades del nacimiento y la pubertad.	
homoit0001765	Hijxs de personas aromáticas	Hijos de personas arro||Hijas de personas aromáticas||Hijas de personas arro||Hijos e hijas de personas aromáticas	Hijos o hijas que tienen uno o más padres arománticos.	
homoit0001766	Hijxs de personas asexuales	Hijos de personas ace||Hijas de personas ace||Hijas de personas asexuales||Hijos e hijas de personas asexuales	Hijos o hijas que tienen uno o más madres o padres asexuales.	
homoit0000257	Hijxs de personas bisexuales	Hijas de personas bisexuales||Hijos e hijas de personas bisexuales||Hijos de personas bisexuales	Hijos o hijas que tienen uno o más madres o padres bisexuales.	
homoit0000258	Hijxs de hombres gay	Hijos e hijas de padres gay	Hijos o hijas que tienen uno o más padres gay.	
homoit0001767	Hijxs de personas intersexuales	Hijas de personas intersex||Hijos de personas intersexuales||Hijos e hijas de personas intersexuales	Hijos o hijas que tienen uno o más madres o padres intersexuales.	
homoit0000259	Hijxs de lesbianas	Hijos e hijas de lesbianas	Hijos o hijas que tienen una o más madres lesbianas.	
homoit0000260	Hijxs de personas LGBTQ+	Hijas de personas LGBTQ+||Hijos de personas LGBTQ+||Hijos e hijas de personas LGBTQ+	Hijos o hijas que tienen uno o más madres o padres LGBTQ+.	
homoit0000262	Hijxs de personas queer	Hijas de personas queer||Hijos de personas queer||Hijos e hijas de personas queer	Hijos o hijas que tienen uno o más madres o padres queer.	
homoit0000261	Hijxs de personas transgénero	Hijas de personas transgénero||Hijos de personas transgénero||Hijos e hijas de personas transgénero	Hijos o hijas que tienen uno o más madres o padres transgénero.	
homoit0001768	Hijxs de personas dos espíritus	Hijas de personas dos espíritus||Hijos de personas 2S||Hijas de personas 2S||Hijos de personas dos espíritus||Hijos e hijas de personas dos espíritus	Hijos o hijas que tienen uno o más madres o padres de dos espíritus.	
homoit0003136	Juego de cigarros	Juego con cigarros||Juego de cigarrillos	Una forma de juego de temperatura que implica el uso de cigarros generalmente aplicados sobre la piel.	
homoit0002283	Niños cisgénero	Niños cis	Niños menores de 18 años que se autoidentifican como cisgénero.	
homoit0002282	Niños y niñas cisgénero	Niñxs cis	Niños y niñas menores de 18 años que se autoidentifican como cisgénero.	
homoit0002284	Niñas cisgénero	Niñas cis	Niñas menores de 18 años que se autoidentifican como cisgénero.	
homoit0000271	Personas cisgénero	Personas cis||Cis	Personas cuya identidad de género coincide con el género o sexo que les fue asignado al nacer.	
homoit0000279	Anillos de clítoris	Anillos clitorideo||Anillos clitoriano	Perforaciones genitales colocadas directamente a través del capuchón del clítoris, generalmente usadas para fines estéticos o para aumentar la excitación sexual.	
homoit0001844	Clitoroplastia	Reducción de clítoris||Reducción del clítoris	Construcción quirúrgica del clítoris, a menudo realizada como una forma de cirugía de afirmación de género.	
homoit0002905	Personas asexuales en el clóset	Personas en el clóset asexuales	Personas asexuales que no se autoidentifican como tales ante los demás.	
homoit0000285	Personas bisexuales en el clóset	Personas en el clóset bisexuales	Personas bisexuales que no se autoidentifican como tales ante los demás.	
homoit0000286	Hombres gay en el clóset	Gays en el clóset	Hombres gay que no se autoidentifican como tales ante los demás.	
homoit0001785	Personas queer en el clóset	Personas en el clóset queer	Personas queer que no se autoidentifican como tales ante los demás.	
homoit0000299	Condones	Preservativos||Gomas||Profilácticos||Forros	Anticonceptivos de látex utilizados para cubrir penes durante actividad sexual con el fin de prevenir ITS y/o embarazo.	
homoit0000313	Derecho penal	Ley penal||Leyes penales	Conjunto de leyes relativas al delito que prescribe la legalidad y las consecuencias de conductas percibidas como amenazantes, dañinas o que ponen en peligro la propiedad, la salud, la seguridad y/o el bienestar moral de uno mismo y de los demás.	
homoit0003117	Grilletes		Cualquiera de los diversos dispositivos de sujeción diseñados para asegurar las muñecas o los tobillos de una persona en un juego de bondage.	
homoit0003127	Corrida (pornografía)	Money shot||Cum shot	La representación de la eyaculación, especialmente sobre otra persona, especialmente en el contexto de la pornografía.	
homoit0000087	Cuartos oscuros	Dark rooms	Habitaciones en clubes nocturnos, clubes sexuales o baños públicos donde los clientes pueden participar discretamente en actividades sexuales. Los cuartos oscuros figuraban con frecuencia en los bares y clubes gay entre las décadas de 1960 y 1980, y siguen siendo comunes entre los swingers en la actualidad.	
homoit0000846	Aplicaciones de citas	Aplicaciones de citas	Aplicaciones de software diseñadas para generar conexiones entre personas LGBTQ+ interesadas en relaciones románticas o sexuales.	
homoit0003036	Estudiantes universitarios demisexuales	Universitarios demisexuales	Personas demisexuales que asisten a la universidad.	
homoit0003062	Pañales (erótico)		Material absorbente envuelto alrededor del trasero de una persona y entre sus piernas para absorber la orina y las heces; usualmente utilizado en juegos de edad.	
homoit0000354	Arneses para consoladores	Arneses para dildos	Dispositivos que se utilizan para sujetar un consolador al cuerpo de una persona, generalmente para que pueda penetrar la vagina o el ano de una pareja.	
homoit0000355	Consoladores	Dildos	Instrumentos con forma fálica utilizados para la estimulación sexual, generalmente mediante la penetración del ano o la vagina.	
homoit0002133	Personas asexuales dogra	Personas dogra asexuales	Personas asexuales que pertenecen al pueblo dogra de India y Pakistán, y hablan el idioma dogrí.	
homoit0002129	Personas bisexuales dogra	Personas dogra bisexuales	Personas bisexuales que pertenecen al pueblo dogra de India y Pakistán, y hablan el idioma dogrí.	
homoit0002126	Personas LGBTQ+ dogra	Personas dogra LGBTQ+	Personas LGBTQ+ que son de las personas dogra de India y Pakistán, y hablan el idioma dogrí.	
homoit0002130	Personas queer dogra	Personas dogra queer	Personas queer que son de las personas dogra de India y Pakistán, y hablan el idioma dogrí.	
homoit0002620	Inseminación de donante	Fertilización de donante	El proceso mediante el cual se coloca esperma donado dentro de una persona con útero para inducir el embarazo.	
homoit0003124	Douching	Ducha vaginal||Lavado anal||Lavado vaginal	El uso de un dispositivo (llamado ducha vaginal o enema) para introducir un chorro de líquido en el recto o la vagina. Puede utilizarse con fines sexuales o eróticos.	
homoit0000365	Down-low (Cultura gay)	Down-low||DL||Down low	Término de la jerga afroamericana que describe una subcultura de hombres negros que se autoidentifican como heterosexuales pero tienen relaciones sexuales con hombres.	
homoit0000372	Padres drag	Papás drag	Drag kings con más experiencia que apoyan a drag kings con menos experiencia cuando ingresan a la escena drag como artistas.	
homoit0001906	Intérpretes de drag	Artistas drag	Artistas que se visten y/o utilizan maquillaje para producir, enfatizar y/o exagerar rasgos asociados con un determinado género, que puede o no ser el género con el que el artista se identifica principalmente.	
homoit0000383	Manifestaciones bolleras	Marchas dyke||Marchas de lesbianas||Marcha de las bolleras	Marchas, protestas y otros encuentros centrados en la visibilidad, los asuntos y los derechos de las lesbianas. Utilícese únicamente para describir marchas explícitamente a favor de las bolleras o centradas en la identidad y la política de las bolleras. De lo contrario, utilícese el término más general "marchas de lesbianas".	
homoit0000384	Dykes		Un insulto ampliamente reclamado y común en los EE. UU. que puede utilizarse para referirse a lesbianas que adoptan un estilo de presentación masculino o a activistas políticas lesbianas en general. Utilícese únicamente para personas que se autoidentifiquen como dykes.	
homoit0000415	Faeries (Cultura LGBTQ+)	Hadas||Hadas radicales||Faes||Radical Faeries	Personas queer que están involucradas o se autoidentifican con el movimiento contracultural que busca redefinir la conciencia queer a través de la espiritualidad secular. A menudo, pero no siempre, se asocia con Radical Faeries, una red mundial libremente afiliada que se formó en la década de 1970.	
homoit0000417	Fag stag	Mosca de la fruta	Jerga para hombres heterosexuales que disfrutan de la compañía de hombres gay.	
homoit0000418	Faggots	Fags	Insulto utilizado principalmente en Norteamérica para referirse a hombres gay (o, en algunos casos, a personas LGBTQ+ en general). Algunos hombres gay han recuperado este término y lo utilizan para describirse a sí mismos.	
homoit0002230	Fairies (cultura gay)	Hadas	Término peyorativo utilizado principalmente en Norteamérica para describir a los hombres gay (o a los hombres que se asume que son gay) e insultar su feminidad percibida. Algunos hombres gay han recuperado este término y lo utilizan para describirse a sí mismos. No debe confundirse con "Faeries", el grupo espiritual queer.	
homoit0002040	Mirada femenina	Female gaze||Perspectiva femenina	Término utilizado para describir la representación de las mujeres en los medios y las artes como sujetos con agencia y desde cuya perspectiva se puede presentar un texto. A menudo, se utiliza en contraste a la mirada masculina.	
homoit0001509	Hembras		Personas adultas que se autoidentifican como mujeres y entienden su género en términos de las concepciones occidentales del ser mujer, lo femenino y/o la feminidad. El término normalmente se ha definido como humanas adultas femeninas, aunque no todas las mujeres se autoidentifican con el término "femenino" según el contexto en el que se utiliza.	
homoit0000446	Dedear	Dar dedo||Dedeo||Penetración digital||Hacer un dedo||Hacerse un dedo||Hacer dedos||Hacerse dedos||Fingering||Penetración con los dedos	Acto sexual que consiste en utilizar e introducir los dedos para estimular la vagina y/o el ano.	
homoit0000447	Flagelación	Azotamiento	Impacto o latigazos consensuados a una persona.	
homoit0003120	Juego de flagelación		Juego de impacto consensuado utilizando un azotador or flagelo, es decir, un látigo de varias colas, generalmente hecho de cuero.	
homoit0003123	Cultura furra	Cultura furry	Utilícese para describir experiencias culturales compartidas por miembros de comunidades furras o productos de la cultura furra (p. ej., arte y medios creados por y para furros, activismo centrado en temas furros, jerga comúnmente utilizada en comunidades furras, etc.).	
homoit0002169	Trajes de furro	Traje de furry||Fursuit	Disfraces utilizados por furros que representan sus fursonas (es decir, versiones animales antropomorfizadas de ellos mismos)	
homoit0002141	Personas asexuales garhwali	Personas garhwali asexuales	Personas asexuales que pertenecen o son descendientes de las personas nativas de Garhwal en Uttarakhand y hablan garhwali.	
homoit0002137	Personas bisexuales garhwali	Personas garhwali bisexuales	Personas bisexuales que pertenecen a o son descendientes de las personas nativas de Garhwal en Uttarakhand y que hablan garhwali.	
homoit0002136	Hombres gay garhwali		Hombres gay que pertenecen a o son descendientes de las personas nativas de Garhwal en Uttarakhand y que hablan garhwali.	
homoit0002140	Personas intersexuales garhwali	Personas intersex garhwali	Personas intersexuales que pertenecen a o son descendientes de las personas nativas de Garhwal en Uttarakhand y que hablan garhwali.	
homoit0002135	Lesbianas garhwali		Lesbianas que pertenecen a o son descendientes de las personas nativas de Garhwal en Uttarakhand y que hablan garhwali.	
homoit0002134	Personas LGBTQ+ garhwali	Personas garhwali LGBTQ+	Personas LGBTQ+ que pertenecen a o son descendientes de las personas nativas de Garhwal en Uttarakhand y que hablan garhwali.	
homoit0002138	Personas queer garhwali	Personas garhwali queer	Personas queer que pertenecen a o son descendientes de las personas nativas de Garhwal en Uttarakhand y que hablan garhwali.	
homoit0002139	Personas transgénero garhwali	Personas garhwali transgénero	Personas transgénero que pertenecen a o son descendientes de las personas nativas de Garhwal en Uttarakhand y que hablan garhwali.	
homoit0000470	Artistas gay		Artistas que son hombres gay.	
homoit0001773	Cocineros gay	Chefs gay	Hombres gay que son cocineros profesionales entrenados y que generalmente desempeñan un papel de liderazgo en la cocina en la que trabajan.	
homoit0002363	Niños y niñas gay	Niñxs gay	Niños y niñas menores de 18 años que se autoidentifican como gay.	
homoit0000484	Clero gay	Pastores gay	Hombres gay ordenados para deberes religiosos, particularmente en la Iglesia cristiana.	
homoit0003037	Estudiantes universitarios gay	Universitarios gay	Hombres gay que asisten a la universidad.	
homoit0000505	Dominantes gay	Amos gay	Hombres gay que forman parte de la escena BDSM y asumen el rol dominante en las relaciones sexuales con una dinámica dominante/sumisa.	
homoit0001719	Empleo gay		El acto de emplear a hombres gay.	
homoit0000506	Hombres gay	Gays	Hombres que se autoidentifican como gay y pertenecen a comunidades gay. Se utiliza predominantemente para describir a hombres que se sienten exclusiva o principalmente atraídos romántica y/o sexualmente a otros hombres. Si bien "gay" se utiliza a menudo como identificador para personas de todos los géneros, este término se refiere específicamente a los hombres gay.	
homoit0002170	Hombres en fandom		La participación e inclusión de los hombres en las comunidades de fans.	
homoit0000507	Hombres gay en el ejército	Hombres gay en las fuerzas armadas	Hombres gay que sirven en las fuerzas armadas estatales y nacionales.	
homoit0002031	Hombres gay en el lugar de trabajo		La presencia de hombres gay en el lugar de trabajo, incluida la aceptación de los trabajadores gay y los problemas a los que se enfrentan.	
homoit0000508	Hombres gay de color		Hombres gay que no son blancos y que se autoidentifican como personas de color.	
homoit0001881	Hombres gay con enfermedades crónicas	Enfermos crónicos gay||Hombres enfermos crónicos gay	Hombres gay que tienen condiciones de salud a largo plazo que requieren atención médica continua y/o impactan o limitan significativamente la vida diaria; algunas, pero no todas, las personas con enfermedades crónicas se consideran discapacitadas.	
homoit0002345	Madres gay	Mamás gay	Hombres gay que son madres. Esto incluye a hombres trans que tuvieron hijos antes de su transición y aún se identifican como madres de esos niños. No se debe utilizar para describir a padres gay a menos que se autoidentifiquen como madres.	
homoit0000510	Movimiento gay	Organizaciones gay	Término general para el activismo centrado en los derechos de los hombres gay y los problemas que enfrentan las comunidades gay.	
homoit0000511	Museos gay		Instituciones dedicadas al almacenamiento, la exhibición, la conservación y la preservación de materiales relacionados con hombres gay o la historia gay.	
homoit0003161	Musicales gay		Musicales creados por directores gay, que representan a hombres gay o a personas consideradas importantes dentro de la cultura gay.	
homoit0000512	Musulmanes gay		Hombres gay que son musulmanes.	
homoit0001576	Ficción gay de misterio y de detectives		Obras literarias escritas sobre la investigación de crímenes o el trabajo de detectives; utilícese en referencia a la ficción de misterio y de detectives centrada en personajes y temas gay.	
homoit0002659	Hombres gay neurodivergentes	Personas neurodivergentes gay	Hombres gay cuyos cerebros procesan, aprenden y/o se comportan de manera diferente a lo que la sociedad considera típico. Algunas de estas diferencias neurológicas pueden presentarse como problemas de aprendizaje, trastornos médicos y otras condiciones.	
homoit0000514	Boletines gay		Publicaciones periódicas impresas o digitales serializadas creadas por o para hombres gay, a menudo con el propósito de compartir noticias e información relacionadas con comunidades y temas gay.	
homoit0000515	Periódicos gay	Diarios gay	Publicaciones impresas o digitales serializadas sobre hombres gay o temas gay (y generalmente producidas por hombres gay u organizaciones gay) que contienen noticias, artículos, columnas, correspondencia y anuncios.	
homoit0002887	Óperas gay		Óperas creadas por directores gay, que representan a hombres gay o a personas consideradas importantes dentro de la cultura gay.	
homoit0000516	Paganos gay		Hombres gay que son miembros de religiones politeístas u otras religiones fuera de la cultura dominante que típicamente incorporan el culto a la naturaleza y/o lo sagrado femenino, como la Wicca, el druidismo, el paganismo, etc. Utilícese para describir a los hombres gay que se autoidentifiquen como paganos.	
homoit0000492	Padres gay	Papás gay	Hombres gay que son padres.	
homoit0002368	Parejas gay de otras personas		Hombres gay que son pareja pareja romántica, sexual o de juegos de otra persona o personas.	
homoit0000521	Prensa gay	Diarios gay	Periódicos, revistas u otros medios editoriales dirigidos a audiencias gay y/o operados por hombres gay.	
homoit0000523	Semana del orgullo gay	Sábado rosado||Sábado rosa||Semana rosa||Semana rosada||Semana del orgullo	Eventos que celebran la autoaceptación y la aceptación social, los logros y los derechos LGBTQ+, generalmente organizados en el transcurso de una semana con eventos locales, desfiles, marchas y concentraciones. Ocurre en diferentes momentos del año en diferentes lugares, pero normalmente se lleva a cabo en junio para conmemorar las revueltas de Stonewall.	
homoit0000524	Sacerdotes gay	Clero gay	Hombres gay que son ordenados sacerdotes en diferentes denominaciones de la Iglesia cristiana.	
homoit0000525	Trabajadores sexuales gay	Prostitutos gay||Trabajadores sexuales gay	Hombres gay que reciben dinero o bienes a cambio de servicios o actuaciones sexuales. Se debe utilizar para describir a los hombres gay que trabajan en el amplio espectro del trabajo sexual.	
homoit0000537	Clubs de deporte gay	Clubes atléticos gay	Grupos de hombres gay formados con el fin de practicar deportes; incluye clubes deportivos profesionales y amateurs.	
homoit0001743	Negocios orientados a hombres gay	Empresas orientadas a hombres gay||Compañías orientadas a hombres gay	Empresas enfocadas en clientela gay y productos relacionados con las comunidades gay.	
homoit0001737	Negocios propiedad de hombres gay	Negocios de dueños gay||Compañías de dueños gay||Empresas de propietarios gay	Empresas pertenecientes a hombres gay.	
homoit0000564	Mezcla de género	Gender blending	Expresión de género que implica mezclar vestimenta y comportamientos asociados a diferentes géneros. No debe utilizarse para describir las identidades de personas queer o no binarias.	
homoit0000571	Identidad de género		La experiencia de una persona de tener un género particular, que puede o no corresponder al género o sexo asignado al nacer.	
homoit0000576	Juego de roles de género	Intercambio de género||Genderswap	Un tropo mediático (comúnmente utilizado en fanfiction y fanart) en el que uno o más personajes cambian de sexo binario (por ejemplo, un hombre cisgénero se transforma en una mujer cisgénero), a menudo de forma temporal.	
homoit0000569	Identidad de género fluido	Identidad genderfluid||Identidad de género variable	Una identidad de género en la que el género de una persona varía con el tiempo y según las circunstancias; algunas personas de género fluido pueden identificarse como una mezcla de más de un género simultáneamente.	
homoit0000588	Acostarse (con alguien)	Echar un polvo||Follar||Chingar||Chichar||Coger||Singar||Cachar	Término de la jerga para referirse al acto de tener relaciones sexuales, normalmente con otra persona.	
homoit0000590	Niñas		Niñas menores de 18 años que se autoidentifican como niñas.	
homoit0000591	Amistades entre niñas	Amistades de niñas	Conexiones basadas en el afecto y la confianza entre dos o más niñas.	
homoit0000602	Abuelos y abuelas		Los padres de los padres de una persona.	
homoit0002359	Abuelas y abuelos de personas LGBTQ+		Personas que tienen uno o más nietos LGBTQ+. Para los abuelos que son LGBTQ+, utilice el término "Abuelas y abuelos LGBTQ+".	
homoit0003038	Estudiantes universitarios grisrománticos	Universitarios grisrománticos	Personas grisrománticas que asisten a la universidad.	
homoit0002538	Juventud grisromántica	Adolescentes grisrománticos||Jóvenes grisrománticos	Personas grisrománticas entre las edades de la infancia y la edad adulta.	
homoit0001980	GRID (Inmunodeficiencia Asociada a la Homosexualidad)	Gay-Related Immune Deficiency	Nombre original del SIDA, propuesto después de que científicos de salud pública observaran grupos de sarcoma de Kaposi y neumonía por Pneumocystis entre hombres gay de California y Nueva York. Utilícese únicamente en contextos históricos.	
homoit0002236	Personas asexuales guyaratí	Personas guyaratí asexuales	Personas asexuales que residen en o son descendientes de las personas indígenas del estado indio de Gujarat.	Para reconocer su marginación múltiple, los términos para las personas de color que son LGBTQ+ utilizan el siguiente formato: identidad sexual o de género seguida de identidad racial o étnica (por ejemplo, lesbianas negras).
homoit0002234	Personas bisexuales guyaratí	Personas guyaratí bisexuales	Personas bisexuales que residen en o son descendientes de las personas indígenas del estado indio de Gujarat.	Para reconocer su marginación múltiple, los términos para las personas de color que son LGBTQ+ utilizan el siguiente formato: identidad sexual o de género seguida de identidad racial o étnica (por ejemplo, lesbianas negras).
homoit0002231	Personas LGBTQ+ guyaratí	Personas guyaratí LGBTQ+	Personas LGBTQ+ que residen en o son descendientes de las personas indígenas del estado indio de Gujarat.	Para reconocer su marginación múltiple, los términos para las personas de color que son LGBTQ+ utilizan el siguiente formato: identidad sexual o de género seguida de identidad racial o étnica (por ejemplo, lesbianas negras).
homoit0002237	Personas queer guyaratí	Personas guyaratí queer	Personas queer que residen en o son descendientes de las personas indígenas del estado indio de Gujarat.	Para reconocer su marginación múltiple, los términos para las personas de color que son LGBTQ+ utilizan el siguiente formato: identidad sexual o de género seguida de identidad racial o étnica (por ejemplo, lesbianas negras).
homoit0002235	Personas transgénero guyaratí	Personas guyaratí transgénero	Personas transgénero que residen en o son descendientes de las personas indígenas del estado indio de Gujarat.	Para reconocer su marginación múltiple, los términos para las personas de color que son LGBTQ+ utilizan el siguiente formato: identidad sexual o de género seguida de identidad racial o étnica (por ejemplo, lesbianas negras).
homoit0002623	Medios hermanos y hermanas	Medio hermanos||Medio hermanas	Hermanos que están relacionados biológicamente a través de uno, pero no todos, sus padres y/o madres.	
homoit0000608	Esposas (objeto)	Marrocas||Chachas	Dispositivo de inmovilización diseñado para sujetar las muñecas de una persona.	
homoit0000609	Códigos de pañuelos	Hanky code||Código del pañuelo	Un sistema codificado por colores para indicar fetiches sexuales preferidos e identificar si una persona es activa/dominante o pasiva/sumisa.	
homoit0000611	Acoso	Hostigamiento	Cubre una amplia gama de comportamientos que tienen como objetivo perturbar o alterar. El acoso suele ser repetitivo u ocurrir durante un período prolongado.	
homoit0002246	Personas asexuales haryanvi	Personas haryanvi asexuales	Personas asexuales que son indígenas o son descendientes de personas indígenas de lo que hoy es el estado de Haryana. Este término también es aplicable a quienes actualmente residen en Haryana.	Para reconocer su marginación múltiple, los términos para las personas de color que son LGBTQ+ utilizan el siguiente formato: identidad sexual o de género seguida de identidad racial o étnica (por ejemplo, lesbianas negras).
homoit0002242	Personas bisexuales haryanvi	Personas haryanvi bisexuales	Personas bisexuales que son indígenas o son descendientes de personas indígenas de lo que hoy es el estado de Haryana. Este término también es aplicable a quienes actualmente residen en Haryana.	Para reconocer su marginación múltiple, los términos para las personas de color que son LGBTQ+ utilizan el siguiente formato: identidad sexual o de género seguida de identidad racial o étnica (por ejemplo, lesbianas negras).
homoit0002239	Personas LGBTQ+ haryanvi	Personas haryanvi LGBTQ+	Personas LGBTQ+ que son indígenas o son descendientes de personas indígenas de lo que hoy es el estado de Haryana. Este término también es aplicable a quienes actualmente residen en Haryana.	Para reconocer su marginación múltiple, los términos para las personas de color que son LGBTQ+ utilizan el siguiente formato: identidad sexual o de género seguida de identidad racial o étnica (por ejemplo, lesbianas negras).
homoit0002244	Personas queer haryanvi	Personas haryanvi queer	Personas queer que son indígenas o son descendientes de personas indígenas de lo que hoy es el estado de Haryana. Este término también es aplicable a quienes actualmente residen en Haryana.	Para reconocer su marginación múltiple, los términos para las personas de color que son LGBTQ+ utilizan el siguiente formato: identidad sexual o de género seguida de identidad racial o étnica (por ejemplo, lesbianas negras).
homoit0002243	Personas transgénero haryanvi	Personas haryanvi transgénero	Personas transgénero que son indígenas o son descendientes de personas indígenas de lo que hoy es el estado de Haryana. Este término también es aplicable a quienes actualmente residen en Haryana.	Para reconocer su marginación múltiple, los términos para las personas de color que son LGBTQ+ utilizan el siguiente formato: identidad sexual o de género seguida de identidad racial o étnica (por ejemplo, lesbianas negras).
homoit0001681	Él/Lo (pronombres)	Él (pronombre)||Él/Lo	Un conjunto de pronombres. Utilizado de esta manera: Él fue al sitio web de Homosaurus. Lo vi explorar el Homosaurus. Él mismo usa el Homosaurus.	
homoit0002285	Niños y niñas heterosexuales	Niñxs heterosexuales||Niños y niñas hetero||Niñxs hetero	Niños y niñas menores de 18 años que se autoidentifican como heterosexuales.	
homoit0000623	Niñas heterosexuales	Niñas hetero	Niñas menores de 18 años que se autoidentifican como heterosexuales.	
homoit0000625	Matrimonio heterosexual	Casamiento heterosexual	La unión legal y formalmente reconocida de un hombre y una mujer heterosexuales como pareja en una relación personal.	
homoit0003145	Atar de manos y pies	Cerdito invertido||Hogtie	La posición o actividad de atar las muñecas y los tobillos de una persona detrás de su espalda.	
homoit0000648	Homosexuales	Homos	Término obsoleto para lesbianas y hombres gay.	
homoit0000317	Terapia hormonal (género)	Terapia de reemplazo hormonal||Terapia de hormonas	El proceso de alterar las hormonas sexuales utilizando bloqueadores hormonales y/o dosis de testosterona, estrógeno o progesterona.	
homoit0000659	Fertilización in vitro	FIV	Práctica médica para lograr la fertilización mediante la combinación de espermatozoides y óvulos en entornos de laboratorio para inducir el embarazo.	
homoit0001973	Personas intersexuales indígenas	Personas indígenas intersex||Personas intersex indígenas||Personas intersex indígenas	Personas intersexuales que forman parte de un pueblo indígena o grupo étnico culturalmente distinto cuyos miembros descienden directamente de los primeros habitantes conocidos de una región en particular y, hasta cierto punto, mantienen el idioma y la cultura de ese pueblo. Utilícese únicamente para describir a personas que se autoidentifiquen como indígenas; utilícese términos más específicos siempre que sea posible.	Para reconocer su marginación múltiple, los términos para las personas de color que son LGBTQ+ utilizan el siguiente formato: identidad sexual o de género seguida de identidad racial o étnica (por ejemplo, lesbianas negras).
homoit0001809	Personas indigequeer	Indigiqueer	Personas indígenas queer que reconocen su identidad queer como parte importante de su identidad indígena y viceversa; algunas, pero no todas, las personas indigequeer también se identifican como dos espíritus; utilícese únicamente para describir a personas que se autoidentifiquen como indigequeer.	Para reconocer su marginación múltiple, los términos para las personas de color que son LGBTQ+ utilizan el siguiente formato: identidad sexual o de género seguida de identidad racial o étnica (por ejemplo, lesbianas negras).
homoit0000352	Intersexual	Intersex	Un término general utilizado para referirse a personas que nacen con variaciones en sus características sexuales físicas (incluidos genitales, gónadas, cromosomas y factores hormonales) que no se ajustan a las definiciones típicas de cuerpos masculinos o femeninos.	Término actualizado en colaboración con interACT: Advocates for Intersex Youth, 2022-2023.
homoit0002674	Personas intersexuales autistas	Personas autistas intersex||Personas intersex con autismo||Personas intersex autistas	Personas intersex que son autistas.	
homoit0002966	Librerías intersexuales	Tiendas de libros intersexuales||Librerías intersex	Librerías que venden materiales destinados al uso de personas intersex o que abordan temas relacionados con experiencias intersex.	
homoit0002967	Personajes intersexuales	Personajes intersex	Personajes de obras creativas que son intersex.	
homoit0001777	Cocinerxs intersexuales	Chefs intersexuales||Chefs intersex||Cocineros intersex||Cocineros intersexuales	Personas intersex que son cocineras profesionales y capacitadas, que normalmente desempeñan un papel de liderazgo en la cocina en la que trabajan.	
homoit0000668	Niños y niñas intersexuales	Niños y niñas intersex||Niñxs interesexuales||Niñxs interesex	Niños y niñas menores de 18 años que se autoidentifican como intersexuales.	
homoit0002974	Cristianos intersexuales	Cristianos intersex||Cristianas intersex||Cristianxs intersex	Personas intersex que son cristianas.	
homoit0002975	Clero intersexual	Clero intersex||Pastores interesexuales	Personas intersexuales que son ordenadas para deberes religiosos, particularmente en la Iglesia cristiana.	
homoit0003039	Estudiantes universitarios intersexuales	Universitarios intersexuales||Universitarios intersex||Estudiantes universitarios intersexuales	Personas intersex que asisten a la universidad.	
homoit0002931	Comunidad intersexual	Comunidad intersex	Grupos de personas que comparten la experiencia de ser intersex.	
homoit0002969	Parejas intersexuales	Parejas intersex	Relaciones en las que ambas personas son intersex.	
homoit0002970	Cultura intersexual	Cultura intersex	Experiencias culturales compartidas por miembros de comunidades intersex o productos de la cultura intersex (por ejemplo, arte y medios creados por y para personas intersex, activismo centrado en cuestiones intersex, jerga comúnmente utilizada en comunidades intersex, etc.).	
homoit0002971	Hijas intersexuales	Hijas intersex	Hijas que se identifican como intersexuales. Utilícese únicamente para personas que se autoidentifiquen como hijas.	
homoit0002930	Personas intersexuales sordas	Personas sordas intersex||Personas intersex sordas	Personas intersex con pérdida auditiva significativa o total. Algunas personas sordas, pero no todas, prefieren escribir “Sorda/o” con mayúscula en reconocimiento de la identidad cultural y lingüística que comparten con otras personas sordas.	
homoit0002929	Personas intersexuales discapacitadas	Personas discapacitadas intersex||Personas intersex con discapacidades||Personas intersex discapacitadas	Personas intersex con discapacidad.	
homoit0002739	Drama intersexual	Drama intersex	Obras de ficción escritas para ser puestas en escena; utilícese en referencia a obras dramáticas que se centran en personajes o temas intersex.	
homoit0002740	Empleo intersexual		El acto de emplear a personas intersex.	
homoit0002612	Arte erótico intersexual	Arte erótico intersex	Arte erótico, creado por artistas intersex, que representa a personas intersex, o personas consideradas importantes dentro de la cultura intersex.	
homoit0002551	Películas eróticas intersexuales	Películas eróticas intersex	Filmes o películas eróticas, creadas por directores intersex, que representan a personas intersex o a personas consideradas importantes dentro de la cultura intersex.	
homoit0002415	Literatura erótica intersexual	Literatura erótica intersex	Obras literarias que tengan elementos eróticos o sexuales; utilícese en referencia a la literatura erótica que se centra en personajes o temas intersex.	
homoit0002419	Ficción fantástica intersexual	Ficción fantástica intersex	Género que utiliza la magia y otros fenómenos sobrenaturales como elemento principal de la trama, el tema y/o el escenario; utilícese para la ficción fantástica que se centre en personajes o temas intersex.	
homoit0002741	Padres intersexuales	Papás intersex||Padres intersex	Personas intersex que son padres. Utilícese únicamente para personas que se autoidentifiquen como padres.	
homoit0001752	Ficción intersexual	Ficción intersex	Obras escritas de ficción que presentan personajes intersex o abordan temas intersex.	
homoit0002561	Películas intersexuales	Películas intersex	Películas creadas por directores intersex, que representen a personas intersex, o personas consideradas importantes dentro de la cultura intersex.	
homoit0002424	Novelas gráficas intersexuales	Novelas gráficas intersex	Obras que consisten en imágenes secuenciales, a menudo acompañadas de texto que generalmente contienen historias independientes; utilizado en referencia a novelas gráficas que se centran en personajes o temas intersex.	
homoit0002266	Historia intersexual	Historia intersex	Eventos pasados ​​o relatos del pasado relacionados con personas intersex, o personas que podrían ser percibidas como intersex si estuvieran vivas hoy.	
homoit0002428	Ficción de horror intersexual	Ficción de horror intersex	Obras de ficción escritas con la intención de asustar, atemorizar o provocar disgusto; utilícese en referencia a la ficción de horror centrada en personajes o temas intersex.	
homoit0002747	Centros de información intersexuales	Centros de información intersex	Instituciones que brindan educación, apoyo e información sobre cuestiones intersex y comunidades intersex a personas intersex.	
homoit0002748	Bibliotecas intersexuales	Bibliotecas intersex	Bibliotecas que contienen materiales principalmente relacionados con personas intersex o destinados a ser utilizados por personas intersex.	
homoit0002749	Crítica literaria intersexuales	Crítica literaria intersex	El estudio, la evaluación y la interpretación de obras literarias centradas en personajes o temas intersex; también puede incluir la interpretación de la literatura a través del lente y los marcos teóricos de los estudios intersex.	
homoit0002750	Literatura intersexual	Literatura intersex	Obras literarias escritas sobre personajes o temas intersex.	
homoit0002916	Madres intersexuales	Madres intersex||Mamás intersexuales	Personas intersex que son madres. Utilícese únicamente para describir a personas que se autoidentifiquen como madres.	
homoit0000672	Movimiento intersexual	Movimiento intersex	Término general para el activismo centrado en los derechos de las personas intersex y los problemas que enfrentan las comunidades intersex.	
homoit0002917	Museos intersexuales	Museos intersex	Instituciones dedicadas al almacenamiento, la exhibición, la conservación y la preservación de materiales relacionados con las personas intersex y la historia intersex.	
homoit0003165	Musicales intersexuales	Musicales intersex	Musicales por directores intersex, presentando a personas intersex, o personas consideradas importantes dentro de la cultura intersex	
homoit0002976	Musulmanes intersexuales	Musulmanes intersex	Personas intersex que son musulmanas.	
homoit0002432	Ficción intersexual de misterio y de detectives	Ficción intersex de misterio y de detectives	Obras literarias escritas sobre la investigación de crímenes o el trabajo de detectives; utilícese en referencia a la ficción de misterio y de detectives centrada en personajes y temas intersex.	
homoit0002665	Personas intersexuales neurodivergentes	Personas intersex neurodivergentes	Personas intersex cuyos cerebros procesan, aprenden y/o se comportan de manera diferente a lo que la sociedad considera típico. Algunas de estas diferencias neurológicas pueden presentarse como problemas de aprendizaje, trastornos médicos y otras condiciones.	
homoit0002918	Boletines intersexuales	Boletines intersex	Publicaciones periódicas impresas o digitales serializadas creadas por o para personas intersex, a menudo con el propósito de compartir noticias e información relacionada con comunidades intersex y cuestiones intersex.	
homoit0002919	Periódicos intersexuales	Diarios intersex||Periódicos intersex	Publicaciones impresas o digitales serializadas sobre personas intersex o cuestiones intersex (y generalmente producidas por personas intersex u organizaciones intersex) que contienen noticias, artículos, columnas, correspondencia y anuncios.	
homoit0002891	Óperas intersexuales	Óperas intersex	Óperas creadas por directores intersex, que representan a personas intersex o que se consideran importantes dentro de la cultura intersex.	
homoit0002977	Paganos intersexuales	Paganos intersex	Personas intersex que son miembros de religiones politeístas u otras religiones fuera de la cultura dominante que típicamente incorporan el culto a la naturaleza y/o lo sagrado femenino, como la Wicca, el druidismo, el paganismo, etc. Utilícese para describir a las personas intersex que se autoidentifican como paganas.	
homoit0002920	Parejas intersex de otras personas		Personas intersex que son parejas románticas, sexuales o de juego de otra persona o personas.	
homoit0000618	Personas intersexuales	Hermafroditas||Personas hermafroditas||Intersexuales||Personas intersex	Personas que nacen con variaciones en sus genitales, hormonas, anatomía interna y/o cromosomas que no se conforman total o exclusivamente a las expectativas médicas o sociales para hombres o mujeres. Utilícese únicamente para describir a personas que se describen como intersex.	Término actualizado en colaboración con interACT: Advocates for Intersex Youth, 2022-2023.
homoit0002921	Personas intersexuales en el ejército	Personas intersex en las fuerzas armadas||Personas intersexuales en el ejército	Personas intersex que sirven en las fuerzas armadas estatales y nacionales.	
homoit0002036	Personas intersexuales en el lugar trabajo	Personas intersex en el lugar trabajo	La presencia de personas intersex en el lugar de trabajo, incluida la aceptación de los trabajadores intersex y los problemas a los que se enfrentan.	
homoit0002755	Personas intersexuales de color	Personas intersex de color	Personas intersex que no son blancas y que se autoidentifican como personas de color.	
homoit0002928	Personas intersexuales con enfermedades crónicas	Personas con enfermedades crónicas intersex||Enfermos crónicos intersex||Personas intersex con enfermedades crónicas	Personas intersex que tienen condiciones de salud a largo plazo que requieren atención médica continua y/o impactan o limitan significativamente la vida diaria; algunas, pero no todas, las personas con enfermedades crónicas se consideran discapacitadas.	
homoit0002403	Poesía intersexual	Poesía intersex	Obras literarias, típicamente escritas en verso, que se centran en personajes, temas o identidades intersex.	
homoit0002933	Activistas políticos intersexuales	Activistas políticos intersex	Personas intersex que trabajan para lograr cambios políticos o sociales a través de la organización pública.	
homoit0002815	Políticos intersexuales	Oficiales públicos intersex||Políticos intersex	Personas intersexuales que son candidatas a cargos públicos, que actualmente ocupan cargos públicos o han ocupado cargos políticos. Los políticos pueden ser elegidos mediante elección pública o designados de otro modo.	
homoit0002556	Películas porno intersexuales	Películas pornográficas intersex||Películas pornográficas intersexuales	Películas eróticas o sexualmente explícitas protagonizadas por personas intersex.	
homoit0002936	Prensa intersexual	Prensa intersex	Periódicos, revistas u otros medios editoriales dirigidos a audiencias intersexuales y/o operados por personas intersex.	
homoit0002978	Protestantes intersexuales	Protestantes intersex	Personas intersex que son miembros de la Iglesia protestante.	
homoit0002937	Editoriales intersexual	Editoriales intersex	Empresas y organizaciones que publican materiales para comunidades intersex o que abordan asuntos intersex.	
homoit0002938	Radio intersexual	Radio intersex	Contenido auditivo difundido por radio (analógica o digital) sobre personas intersex y asuntos intersex.	
homoit0002939	Relaciones intersexuales	Relaciones intersex	Conexiones continuas (románticas, sexuales o platónicas) entre dos o más personas intersex.	
homoit0000673	Derechos intersexuales	Derechos intersex	Principios legales, sociales o éticos de libertad o derechos que tienen las personas intersex. A menudo, se utiliza para referirse al derecho de las personas intersex a la autonomía corporal y, específicamente, a su derecho a retrasar o rechazar intervenciones médicas innecesarias.	
homoit0002987	Personas católicas romanas intersexuales	Católico romanos intersex	Personas intersex que son miembros de la Iglesia católica romana.	
homoit0002435	Ficción romántica intersexual	Ficción romántica intersex	Obras de ficción que giran en torno a relaciones románticas y/o sexuales entre los personajes principales; utilícese en referencia a la ficción romántica centrada en personajes intersex.	
homoit0002440	Ciencia ficción intersexual	Ciencia ficción intersex	Obras literarias escritas sobre conceptos imaginativos o futuristas que incorporen la ciencia, la tecnología, el espacio, los viajes en el tiempo y otros elementos especulativos; utilícese en referencia a la ciencia ficción centrada en personajes o temas intersex.	
homoit0002940	Jerga intersexual	Argot intersex	Lenguaje coloquial o informal relacionado con la identidad intersex o utilizado por personas intersex.	
homoit0002941	Hijos intersexuales	Hijos intersex	Personas intersex que son hijos. Utilícese únicamente para describir a personas que se autoidentifiquen como hijos.	
homoit0002934	Estudios intersexuales	Estudios intersex	Campo académico de investigación y estudio sobre personas intersex, la identidad intersex y comunidades intersex.	
homoit0002005	Sobrevivientes intersexuales de acoso	Sobrevivientes intersex de acoso	Personas intersex que han sufrido y sobrevivido acoso dirigido hacia ellas por ser intersex; siga la preferencia de la persona sobre el uso de "víctimas" o "sobrevivientes" siempre que sea posible.	
homoit0002942	Sobrevivientes intersexuales de crímenes de odio	Sobrevivientes intersex de crímenes de odio	Personas intersex que han sufrido y sobrevivido crímenes de odio; siga la preferencia de la persona sobre el uso de "víctimas" o "sobrevivientes" siempre que sea posible.	
homoit0002943	Sobrevivientes intersexuales de violación	Sobrevivientes intersex de violación	Personas intersex que han sufrido y sobrevivido una violación; siga la preferencia de la persona sobre el uso de "víctimas" o "sobrevivientes" siempre que sea posible.	
homoit0002944	Sobrevivientes intersexuales de abuso sexual	Sobrevivientes intersex de abuso sexual	Personas intersex que han sufrido y sobrevivido abusos sexuales; siga la preferencia de la persona sobre el uso de "víctimas" o "sobrevivientes" siempre que sea posible.	
homoit0002945	Sobrevivientes intersexuales de guerra	Sobrevivientes intersex de guerra	Personas intersex que han sufrido y sobrevivido la guerra; siga la preferencia de la persona sobre el uso de "víctimas" o "sobrevivientes" siempre que sea posible.	
homoit0002946	Televisión intersexual	Televisión intersex	Programas de televisión que presentan personajes o temas intersex.	
homoit0002947	Teatro intersexual	Teatro intersex	Trabajos en las artes escénicas que se centran en personajes o temas intersex.	
homoit0003190	Ficción fantástica urbana intersexual	Ficción fantástica urbana intersex	Un subgénero de la ficción fantástica que presenta criaturas mágicas y sobrenaturales en entornos urbanos contemporáneos; utilícese para la fantasía urbana centrada en personajes o temas intersex.	
homoit0000669	Variaciones intersexuales	Condiciones intersexuales||Condiciones intersex||Variaciones intersex	Término utilizado para referirse a una amplia gama de variaciones en las características sexuales. El término "condiciones intersexuales" es un término patologizante que se utiliza para referirse a personas que nacen con variaciones en sus características sexuales físicas, también conocidas como rasgos intersex.	
homoit0001996	Víctimas intersexuales de acoso	Víctimas intersex de acoso	Personas intersex que han sufrido acoso dirigido hacia ellas porque son intersex y pueden haber sobrevivido o no; siga la preferencia de la persona sobre el uso de "víctimas" o "sobrevivientes" siempre que sea posible.	
homoit0002948	Víctimas intersexuales de crímenes de odio	Víctimas intersex de crímenes de odio	Personas intersex que han sufrido crímenes de odio y que pueden haber sobrevivido o no; siga la preferencia de la persona sobre el uso de "víctimas" o "sobrevivientes" siempre que sea posible.	
homoit0002949	Víctimas intersexuales de abuso sexual	Víctimas intersex de abuso sexual	Personas intersex que han sufrido abuso sexual y que pueden haber sobrevivido o no; siga la preferencia de la persona sobre el uso de "víctimas" o "sobrevivientes" siempre que sea posible.	
homoit0002950	Víctimas intersexuales de guerra	Víctimas intersex de guerra	Personas intersex que han sufrido la guerra y que pueden haber sobrevivido o no; siga la preferencia de la persona sobre el uso de "víctimas" o "sobrevivientes" siempre que sea posible.	
homoit0002951	Derechos de víctimas intersexuales	Derechos de víctimas intersex	Los derechos legales de las personas intersex a estar informadas, estar presentes y ser escuchadas dentro del sistema de justicia penal después de haber sido perjudicadas o lesionadas como resultado de un delito, un accidente u otro evento.	
homoit0002952	Usuarios intersexuales de sillas de ruedas	Usuarios intersex de sillas de ruedas	Personas intersexuales que utilizan sillas de ruedas.	
homoit0001913	Brujxs intersexuales	Brujxs intersex||Brujas intersex||Brujos intersex||Brujas intersexuales||Brujos intersexuales	Practicantes intersex de Wicca u otras religiones paganas que se autoidentifican como brujas.	
homoit0000674	Juventud intersexual	Adolescentes intersex||Jóvenes intersex||Juventud intersex||Adolescentes intersexuales||Jóvenes intersexuales	Personas intersex entre la edad de la niñez y la edad adulta.	
homoit0002953	Literatura juvenil intersexual	Literatura juvenil intersex	Obras literarias escritas para una audiencia de lectores de 12 a 18 años de edad, también conocidas como literatura para adultos jóvenes o YA (por sus siglas en inglés); utilícese en referencia a la literatura juvenil que se centra en personajes o temas intersex.	
homoit0003148	Zines intersexuales	Zines intersex	Publicaciones independientes de pequeña tirada generalmente reproducidas mediante fotocopiadora; utilícese para zines creadas por personas intersex y/o centradas en la identidad intersex.	
homoit0002954	Negocios orientados a personas intersexuales	Negocios orientados a personas intersex||Empresas orientadas a personas intersexuales||Compañías orientadas a personas intersexuales	Empresas enfocadas en clientela intersex y productos relacionados con comunidades intersex.	
homoit0002955	Negocios propiedad de personas intersexuales	Negocios propiedad de personas intersex||Negocios de dueños intersexuales||Compañías de dueños intersexuales||Empresas de propietarios intersexuales||Negocios de dueñas intersexuales||Compañías de dueñas intersexuales||Empresas de propietarias intersexuales	Empresas pertenecientes a personas intersex.	
homoit0002923	Personas asexuales inuit	Personas inuit asexuales	Personas asexuales que son inuit o que son parte de varios pueblos indígenas que habitan los territorios ancestrales inuit en las regiones árticas o subárticas de Groenlandia, Canadá y Alaska. Utilícese únicamente para personas que se identifiquen como inuit.	
homoit0002908	Personas asexuales judías	Judíos asexuales||Personas judías asexuales	Personas asexuales que son judías.	Para reconocer su marginación múltiple, los términos para las personas de color que son LGBTQ+ utilizan el siguiente formato: identidad sexual o de género seguida de identidad racial o étnica (por ejemplo, lesbianas negras). Los términos para las personas blancas LGBTQ+ también siguen este formato para evitar tratar la blancura como el estándar o norma y, en cambio, enfatizan su especificidad y significado.
homoit0003100	Suspensorio	Suspensores||Jockstraps	Artículo de vestir con una bolsa para sostener los genitales, que suele utilizarse por atletas, o para la gratificación estética o sexual.	
homoit0002254	Personas asexuales kalash	Personas kalash asexuales	Personas asexuales que pertenecen a el pueblo indígena Kalasha y residen en el distrito Chitral de la provincia Khyber-Pakhtunkhwa en Pakistan.	Para reconocer su marginación múltiple, los términos para las personas de color que son LGBTQ+ utilizan el siguiente formato: identidad sexual o de género seguida de identidad racial o étnica (por ejemplo, lesbianas negras).
homoit0002250	Personas bisexuales kalash	Personas kalash bisexuales	Personas bisexuales que pertenecen a el pueblo indígena Kalasha y residen en el distrito Chitral de la provincia Khyber-Pakhtunkhwa en Pakistan.	Para reconocer su marginación múltiple, los términos para las personas de color que son LGBTQ+ utilizan el siguiente formato: identidad sexual o de género seguida de identidad racial o étnica (por ejemplo, lesbianas negras).
homoit0002249	Hombres gay kalash		Hombres gay que pertenecen a el pueblo indígena Kalasha y residen en el distrito Chitral de la provincia Khyber-Pakhtunkhwa en Pakistan.	Para reconocer su marginación múltiple, los términos para las personas de color que son LGBTQ+ utilizan el siguiente formato: identidad sexual o de género seguida de identidad racial o étnica (por ejemplo, lesbianas negras).
homoit0002253	Personas intersexuales kalash	Personas intersex kalash	Personas intersexuales que pertenecen a el pueblo indígena Kalasha y residen en el distrito Chitral de la provincia Khyber-Pakhtunkhwa en Pakistan.	Para reconocer su marginación múltiple, los términos para las personas de color que son LGBTQ+ utilizan el siguiente formato: identidad sexual o de género seguida de identidad racial o étnica (por ejemplo, lesbianas negras).
homoit0002248	Lesbianas kalash		Lesbianas que pertenecen al pueblo indígena kalasha y residen en el distrito Chitral de la provincia Khyber-Pakhtunkhwa en Pakistán.	Para reconocer su marginación múltiple, los términos para las personas de color que son LGBTQ+ utilizan el siguiente formato: identidad sexual o de género seguida de identidad racial o étnica (por ejemplo, lesbianas negras).
homoit0002247	Personas LGBTQ+ kalash	Personas kalash LGBTQ+	Personas LGBTQ+ que pertenecen al pueblo indígena kalasha y residen en el distrito Chitral de la provincia Khyber-Pakhtunkhwa en Pakistán.	Para reconocer su marginación múltiple, los términos para las personas de color que son LGBTQ+ utilizan el siguiente formato: identidad sexual o de género seguida de identidad racial o étnica (por ejemplo, lesbianas negras).
homoit0002252	Personas queer kalash	Personas kalash queer	Personas queer que pertenecen al pueblo indígena kalasha y residen en el distrito Chitral de la provincia Khyber-Pakhtunkhwa en Pakistán.	Para reconocer su marginación múltiple, los términos para las personas de color que son LGBTQ+ utilizan el siguiente formato: identidad sexual o de género seguida de identidad racial o étnica (por ejemplo, lesbianas negras).
homoit0002251	Personas transgénero kalash	Personas kalash transgénero	Personas transgénero que pertenecen al pueblo indígena kalasha y residen en el distrito Chitral de la provincia Khyber-Pakhtunkhwa en Pakistán.	Para reconocer su marginación múltiple, los términos para las personas de color que son LGBTQ+ utilizan el siguiente formato: identidad sexual o de género seguida de identidad racial o étnica (por ejemplo, lesbianas negras).
homoit0002924	Personas asexuales kānaka maoli	Personas kānaka maoli asexuales	Personas asexuales que pertenecen al pueblo indígena mokupuni o hawai‘i, o a las islas hawaianas. Utilícese únicamente para describir a las personas que se identifiquen como kānaka maoli.	Para reconocer su marginación múltiple, los términos para las personas de color que son LGBTQ+ utilizan el siguiente formato: identidad sexual o de género seguida de identidad racial o étnica (por ejemplo, lesbianas negras).
homoit0001958	Personas bisexuales kānaka maoli	Personas kānaka maoli bisexuales	Personas bisexuales que pertenecen al pueblo indígena mokupuni o hawai‘i, o a las islas hawaianas. Utilícese únicamente para describir a las personas que se identifiquen como kānaka maoli.	Para reconocer su marginación múltiple, los términos para las personas de color que son LGBTQ+ utilizan el siguiente formato: identidad sexual o de género seguida de identidad racial o étnica (por ejemplo, lesbianas negras).
homoit0001955	Personas LGBTQ+ kānaka maoli	Personas kānaka maoli LGBTQ+	Personas LGBTQ+ que pertenecen al pueblo indígena mokupuni o hawai‘i, o a las islas hawaianas. Utilícese únicamente para describir a las personas que se identifiquen como kānaka maoli.	Para reconocer su marginación múltiple, los términos para las personas de color que son LGBTQ+ utilizan el siguiente formato: identidad sexual o de género seguida de identidad racial o étnica (por ejemplo, lesbianas negras).
homoit0001960	Personas queer kānaka maoli	Personas kānaka maoli queer	Personas queer que pertenecen al pueblo indígena mokupuni o hawai‘i, o a las islas hawaianas. Utilícese únicamente para describir a las personas que se identifiquen como kānaka maoli.	Para reconocer su marginación múltiple, los términos para las personas de color que son LGBTQ+ utilizan el siguiente formato: identidad sexual o de género seguida de identidad racial o étnica (por ejemplo, lesbianas negras).
homoit0001959	Personas transgénero kānaka maoli	Personas kānaka maoli transgénero	Personas transgénero que pertenecen al pueblo indígena mokupuni o hawai‘i, o a las islas hawaianas. Utilícese únicamente para describir a las personas que se identifiquen como kānaka maoli.	Para reconocer su marginación múltiple, los términos para las personas de color que son LGBTQ+ utilizan el siguiente formato: identidad sexual o de género seguida de identidad racial o étnica (por ejemplo, lesbianas negras).
homoit0002302	Personas asexuales cachemires	Cachemires asexuales	Personas asexuales que viven en o son descendientes de las personas nativas del valle de Cachemira en el subcontinente indio.	Para reconocer su marginación múltiple, los términos para las personas de color que son LGBTQ+ utilizan el siguiente formato: identidad sexual o de género seguida de identidad racial o étnica (por ejemplo, lesbianas negras).
homoit0002298	Personas bisexuales cachemires	Cachemires bisexuales	Personas bisexuales que viven en o son descendientes de las personas nativas del valle de Cachemira en el subcontinente indio.	Para reconocer su marginación múltiple, los términos para las personas de color que son LGBTQ+ utilizan el siguiente formato: identidad sexual o de género seguida de identidad racial o étnica (por ejemplo, lesbianas negras).
homoit0002297	Hombres gay cachemires	Cachemires gay	Hombres gay que viven en o son descendientes de las personas nativas del valle de Cachemira en el subcontinente indio.	
homoit0002301	Personas intesexuales cachemires	Personas intesex cachemires	Personas intersexuales que viven en o son descendientes de las personas nativas del valle de Cachemira en el subcontinente indio.	Para reconocer su marginación múltiple, los términos para las personas de color que son LGBTQ+ utilizan el siguiente formato: identidad sexual o de género seguida de identidad racial o étnica (por ejemplo, lesbianas negras).
homoit0002299	Personas queer cachemires	Cachemires queer	Personas queer que viven en o son descendientes de las personas nativas del valle de Cachemira en el subcontinente indio.	Para reconocer su marginación múltiple, los términos para las personas de color que son LGBTQ+ utilizan el siguiente formato: identidad sexual o de género seguida de identidad racial o étnica (por ejemplo, lesbianas negras).
homoit0002300	Personas transgénero cachemires	Cachemires transgénero	Personas transgénero que viven en o son descendientes de las personas nativas del valle de Cachemira en el subcontinente indio.	Para reconocer su marginación múltiple, los términos para las personas de color que son LGBTQ+ utilizan el siguiente formato: identidad sexual o de género seguida de identidad racial o étnica (por ejemplo, lesbianas negras).
homoit0002117	Personas asexuales kho	Personas kho asexuales	Personas asexuales que pertenecen a o son descendientes de las personas nativas de los distritos de Chitral y Ghizer del actual Pakistán.	Para reconocer su marginación múltiple, los términos para las personas de color que son LGBTQ+ utilizan el siguiente formato: identidad sexual o de género seguida de identidad racial o étnica (por ejemplo, lesbianas negras).
homoit0002113	Personas bisexuales kho	Personas kho bisexuales	Personas bisexuales que pertenecen a o son descendientes de las personas nativas de los distritos de Chitral y Ghizer del actual Pakistán.	Para reconocer su marginación múltiple, los términos para las personas de color que son LGBTQ+ utilizan el siguiente formato: identidad sexual o de género seguida de identidad racial o étnica (por ejemplo, lesbianas negras).
homoit0002112	Hombres gay kho	Hombres kho gay	Hombres gay que pertenecen a o son descendientes de las personas nativas de los distritos de Chitral y Ghizer del actual Pakistán.	Para reconocer su marginación múltiple, los términos para las personas de color que son LGBTQ+ utilizan el siguiente formato: identidad sexual o de género seguida de identidad racial o étnica (por ejemplo, lesbianas negras).
homoit0002116	Personas intersexuales kho	Personas intersex kho	Personas intersexuales que pertenecen a o son descendientes de las personas nativas de los distritos de Chitral y Ghizer del actual Pakistán.	Para reconocer su marginación múltiple, los términos para las personas de color que son LGBTQ+ utilizan el siguiente formato: identidad sexual o de género seguida de identidad racial o étnica (por ejemplo, lesbianas negras).
homoit0002110	Personas LGBTQ+ kho	Personas kho LGBTQ+	Personas LGBTQ+ que pertenecen a o son descendientes de las personas nativas de los distritos de Chitral y Ghizer del actual Pakistán.	Para reconocer su marginación múltiple, los términos para las personas de color que son LGBTQ+ utilizan el siguiente formato: identidad sexual o de género seguida de identidad racial o étnica (por ejemplo, lesbianas negras).
homoit0000103	Comunidad kink		Grupos de personas que comparten una preferencia por las actividades eróticas y sexuales que involucran la restricción, la dominación, la sumisión, el sadismo y/o el masoquismo.	
homoit0003084	Personas kinky	Personas kinki	Personas que participan en relaciones kinky o de intercambio de poder.	
homoit0002310	Personas asexuales konkani	Personas konkani asexuales	Personas asexuales que pertenecen a o son descendientes de las personas nativas de la región Konkan del subcontinente indio, y que hablan cualquiera de los dialectos de la lengua konkani.	Para reconocer su marginación múltiple, los términos para las personas de color que son LGBTQ+ utilizan el siguiente formato: identidad sexual o de género seguida de identidad racial o étnica (por ejemplo, lesbianas negras).
homoit0002306	Personas bisexuales konkani	Personas konkani bisexuales	Personas bisexuales que pertenecen a o son descendientes de las personas nativas de la región Konkan del subcontinente indio, y que hablan cualquiera de los dialectos de la lengua konkani.	Para reconocer su marginación múltiple, los términos para las personas de color que son LGBTQ+ utilizan el siguiente formato: identidad sexual o de género seguida de identidad racial o étnica (por ejemplo, lesbianas negras).
homoit0002303	Personas LGBTQ+ konkani	Personas konkani LGBTQ+	Personas LGBTQ+ que pertenecen a o son descendientes de las personas nativas de la región Konkan del subcontinente indio, y que hablan cualquiera de los dialectos de la lengua konkani.	Para reconocer su marginación múltiple, los términos para las personas de color que son LGBTQ+ utilizan el siguiente formato: identidad sexual o de género seguida de identidad racial o étnica (por ejemplo, lesbianas negras).
homoit0002307	Personas queer konkani	Personas konkani queer	Personas queer que pertenecen a o son descendientes de las personas nativas de la región Konkan del subcontinente indio, y que hablan cualquiera de los dialectos de la lengua konkani.	Para reconocer su marginación múltiple, los términos para las personas de color que son LGBTQ+ utilizan el siguiente formato: identidad sexual o de género seguida de identidad racial o étnica (por ejemplo, lesbianas negras).
homoit0002308	Personas transgénero konkani	Personas konkani transgénero	Personas transgénero que pertenecen a o son descendientes de las personas nativas de la región Konkan del subcontinente indio, y que hablan cualquiera de los dialectos de la lengua konkani.	Para reconocer su marginación múltiple, los términos para las personas de color que son LGBTQ+ utilizan el siguiente formato: identidad sexual o de género seguida de identidad racial o étnica (por ejemplo, lesbianas negras).
homoit0002318	Personas asexuales kumaoni	Personas kumaoni asexuales	Personas asexuales que viven principalmente en la región de Kumaon, en el Himalaya indio. También pueden hablar la lengua kumaoni como su primera lengua.	Para reconocer su marginación múltiple, los términos para las personas de color que son LGBTQ+ utilizan el siguiente formato: identidad sexual o de género seguida de identidad racial o étnica (por ejemplo, lesbianas negras).
homoit0002314	Personas bisexuales kumaoni	Personas kumaoni bisexuales	Personas bisexuales que viven principalmente en la región de Kumaon, en el Himalaya indio. También pueden hablar la lengua kumaoni como su primera lengua.	Para reconocer su marginación múltiple, los términos para las personas de color que son LGBTQ+ utilizan el siguiente formato: identidad sexual o de género seguida de identidad racial o étnica (por ejemplo, lesbianas negras).
homoit0002311	Personas LGBTQ+ kumaoni	Personas kumaoni LGBTQ+	Personas LGBTQ+ que viven principalmente en la región de Kumaon, en el Himalaya indio. También pueden hablar la lengua kumaoni como su primera lengua.	Para reconocer su marginación múltiple, los términos para las personas de color que son LGBTQ+ utilizan el siguiente formato: identidad sexual o de género seguida de identidad racial o étnica (por ejemplo, lesbianas negras).
homoit0002321	Hombres gay kutchi		Hombres gay que pertenecen a o son descendientes de las personas nativas del distrito Konkan del estado indio de Guyarat y la región Sind de Pakistán.	Para reconocer su marginación múltiple, los términos para las personas de color que son LGBTQ+ utilizan el siguiente formato: identidad sexual o de género seguida de identidad racial o étnica (por ejemplo, lesbianas negras).
homoit0002319	Personas LGBTQ+ kutchi	Personas kutchi LGBTQ+	Personas LGBTQ+ que pertenecen a o son descendientes de las personas nativas del distrito Konkan del estado indio de Guyarat y la región Sind de Pakistán.	Para reconocer su marginación múltiple, los términos para las personas de color que son LGBTQ+ utilizan el siguiente formato: identidad sexual o de género seguida de identidad racial o étnica (por ejemplo, lesbianas negras).
homoit0002323	Personas queer kutchi	Personas kutchi queer	Personas queer que pertenecen a o son descendientes de las personas nativas del distrito Konkan del estado indio de Guyarat y la región Sind de Pakistán.	Para reconocer su marginación múltiple, los términos para las personas de color que son LGBTQ+ utilizan el siguiente formato: identidad sexual o de género seguida de identidad racial o étnica (por ejemplo, lesbianas negras).
homoit0002325	Personas transgénero kutchi	Personas kutchi transgénero	Personas transgénero que pertenecen a o son descendientes de las personas nativas del distrito Konkan del estado indio de Guyarat y la región Sind de Pakistán.	Para reconocer su marginación múltiple, los términos para las personas de color que son LGBTQ+ utilizan el siguiente formato: identidad sexual o de género seguida de identidad racial o étnica (por ejemplo, lesbianas negras).
homoit0002897	Personas asexuales Latinx	Personas latinx asexuales||Personas latinas asexuales||Latinos asexuales||Latines asexuales||Latinxs asexuales||Latinas asexuales	Personas latinoamericanas que son asexuales; utilícese únicamente para describir a personas que se autoidentifican como latinos, latinas o latinxs. No debe confundirse con chicano/a/x o hispano/a/x.	El término cambió de “Latinx” a “Latino/a/x” para reconocer la variación en el uso entre la comunidad afectada. Para reconocer su marginación múltiple, los términos para las personas de color que son LGBTQ+ utilizan el siguiente formato: identidad sexual o de género seguida de identidad racial o étnica (por ejemplo, lesbianas negras). Los términos para las personas blancas LGBTQ+ también siguen este formato para evitar tratar la blancura como el estándar o norma y, en cambio, enfatizan su especificidad y significado.
homoit0000155	Personas bisexuales Latinx	Personas Latinx bisexuales||Latinos bisexuales||Latinas bisexuales||Latinx bisexuales||Latines bisexuales	Personas latinoamericanas que son bisexuales; utilícese únicamente para describir a personas que se autoidentifican como latinos, latinas o latinxs. No debe confundirse con chicano/a/x o hispano/a/x.	El término cambió de “Latinx” a “Latino/a/x” para reconocer la variación en el uso entre la comunidad afectada. Para reconocer su marginación múltiple, los términos para las personas de color que son LGBTQ+ utilizan el siguiente formato: identidad sexual o de género seguida de identidad racial o étnica (por ejemplo, lesbianas negras). Los términos para las personas blancas LGBTQ+ también siguen este formato para evitar tratar la blancura como el estándar o norma y, en cambio, enfatizan su especificidad y significado.
homoit0000498	Hombres gay Latinxs	Latinos gay||Hombres gay Latinos||Gays Latinos||Gays Latinx	Hombres latinoamericanos que son gay; utilícese únicamente para describir a personas que se autoidentifican como latinos, latinas o latinxs. No debe confundirse con chicano/a/x o hispano/a/x.	
homoit0002769	Personas intersexuales Latinx	Personas intersex Latinx||Personas intersex latinas||Personas intersex latines||Latinos intersexuales||Latines intersexuales||Latinas intersexuales||Latinxs intersexuales||Latinxs intersex	Personas latinoamericanas que son intersexuales; utilícese únicamente para describir a personas que se autoidentifican como latinos, latinas o latinxs. No debe confundirse con chicano/a/x o hispano/a/x.	El término cambió de “Latinx” a “Latino/a/x” para reconocer la variación en el uso entre la comunidad afectada. Para reconocer su marginación múltiple, los términos para las personas de color que son LGBTQ+ utilizan el siguiente formato: identidad sexual o de género seguida de identidad racial o étnica (por ejemplo, lesbianas negras). Los términos para las personas blancas LGBTQ+ también siguen este formato para evitar tratar la blancura como el estándar o norma y, en cambio, enfatizan su especificidad y significado.
homoit0000747	Lesbianas Latinx	Latinas lesbianas||Lesbianas latinas	Personas latinoamericanas que son lesbianas; utilícese únicamente para describir a personas que se autoidentifican como latinos, latinas o latinxs. No debe confundirse con chicano/a/x o hispano/a/x.	El término cambió de “Latinx” a “Latino/a/x” para reconocer la variación en el uso entre la comunidad afectada. Para reconocer su marginación múltiple, los términos para las personas de color que son LGBTQ+ utilizan el siguiente formato: identidad sexual o de género seguida de identidad racial o étnica (por ejemplo, lesbianas negras). Los términos para las personas blancas LGBTQ+ también siguen este formato para evitar tratar la blancura como el estándar o norma y, en cambio, enfatizan su especificidad y significado.
homoit0000253	Personas LGBTQ+ Latinx	Personas latinx LGBTQ+||Personas latinas LGBTQ+||Latinas LGBTQ+||Latines LGBTQ+||Latinos LGBTQ+||Latinxs LGBTQ+	Personas latinoamericanas que son LGBTQ+; utilícese únicamente para describir a personas que se autoidentifican como latinos, latinas o latinxs. No debe confundirse con chicano/a/x o hispano/a/x.	El término cambió de “Latinx” a “Latino/a/x” para reconocer la variación en el uso entre la comunidad afectada. Para reconocer su marginación múltiple, los términos para las personas de color que son LGBTQ+ utilizan el siguiente formato: identidad sexual o de género seguida de identidad racial o étnica (por ejemplo, lesbianas negras). Los términos para las personas blancas LGBTQ+ también siguen este formato para evitar tratar la blancura como el estándar o norma y, en cambio, enfatizan su especificidad y significado.
homoit0001181	Personas queer Latinx	Personas Latinx queer||Latinxs queer||Latines queer	Personas latinoamericanas que son queer; utilícese únicamente para describir a personas que se autoidentifican como latinos, latinas o latinxs. No debe confundirse con chicano/a/x o hispano/a/x.	El término cambió de “Latinx” a “Latino/a/x” para reconocer la variación en el uso entre la comunidad afectada. Para reconocer su marginación múltiple, los términos para las personas de color que son LGBTQ+ utilizan el siguiente formato: identidad sexual o de género seguida de identidad racial o étnica (por ejemplo, lesbianas negras). Los términos para las personas blancas LGBTQ+ también siguen este formato para evitar tratar la blancura como el estándar o norma y, en cambio, enfatizan su especificidad y significado.
homoit0001417	Personas transgénero Latinx	Personas transgénero Latinxs||Personas trans latinx||Personas latines transgénero||Latinxs trans||Personas latinas trans	Personas latinoamericanas que son transgénero; utilícese únicamente para describir a personas que se autoidentifican como latinos, latinas o latinxs. No debe confundirse con chicano/a/x o hispano/a/x.	El término cambió de “Latinx” a “Latino/a/x” para reconocer la variación en el uso entre la comunidad afectada. Para reconocer su marginación múltiple, los términos para las personas de color que son LGBTQ+ utilizan el siguiente formato: identidad sexual o de género seguida de identidad racial o étnica (por ejemplo, lesbianas negras). Los términos para las personas blancas LGBTQ+ también siguen este formato para evitar tratar la blancura como el estándar o norma y, en cambio, enfatizan su especificidad y significado.
homoit0000704	Correas	Correa de perro	Un trozo de cuerda o material similar utilizado para controlar a una persona, a menudo para aumentar la excitación sexual.	
homoit0003080	Convenciones leather y kink	Leather y kink cons	Las convenciones de cuero y kink suelen celebrarse anualmente en un hotel, centro turístico u otro lugar. Suelen incluir fiestas, actuaciones, concursos de títulos, vendedores, espacios de juego y clases y talleres sobre kink, sexo, relaciones, activismo y temas relacionados.	
homoit0001553	Bares leather	Bars leather||Bares cuero||Barras leather||Barras cuero	Bares o clubes que atienden a miembros de la comunidad de cuero.	
homoit0000705	Comunidad leather	Comunidad cuero	Subcultura LGBTQ+ que celebra la libertad sexual, los kinks y los fetiches con su propia moda (especialmente prendas de cuero), clubes y eventos.	
homoit0000706	Papis leather	Leather daddies||Daddies leather	Personas que participan en comunidades leather y se autoidentifican como papis leather.	
homoit0000707	Familias leather	Familias cuero||Leather families	Múltiples personas que participan en comunidades de cuero y se autoidentifican como una familia leather.	
homoit0003065	Fetiche leather	Leather fetish	La erotización del cuero, especialmente de prendas y accesorios de cuero asociados a las comunidades leather y kink.	
homoit0000708	Mamis leather	Leather mommies||Mamis cuero||Mommies leather	Mujeres mayores, a menudo lesbianas, que forman parte de la comunidad de cuero; típicamente utilizado para describir a las dominatrices.	
homoit0000712	Estatus legal		El estatus o la posición de una persona o cosa dentro de una determinada jurisdicción legal, incluidos los derechos y privilegios legales de la persona o cosa; normalmente se utiliza en referencia a la ciudadanía o al matrimonio.	
homoit0000720	Artistas lesbianas		Artistas que son lesbianas.	
homoit0000727	Librerías lésbicas	Tiendas de libros lésbicas	Librerías que venden materiales destinados a ser usado por lesbianas o que abordan temas relacionados con las comunidades lésbicas.	
homoit0001772	Cocinerxs lesbianas	Chefs lesbianas||Cocineras lesbianas	Lesbianas que son cocineras profesionales capacitadas y que normalmente desempeñan un papel de liderazgo en la cocina en la que trabajan.	
homoit0002362	Niños y niñas lesbianas	Niñxs lesbianas	Niños y niñas menores de 18 años que se autoidentifican como lesbianas.	
homoit0000732	Clero lésbico	Pastoras lesbianas	Lesbianas que son ordenadas para deberes religiosos, particularmente en la Iglesia cristiana.	
homoit0003040	Estudiantes universitarias lesbianas	Universitarias lesbianas||Lesbianas universitarias	Lesbianas que asisten a la universidad.	
homoit0003194	Dominantes lesbianas		Lesbianas que forman parte de la escena BDSM y asumen el rol dominante en las relaciones sexuales con una dinámica dominante/sumisa.	
homoit0000738	Dominatrices lesbianas	Amas lesbianas	Mujeres que desempeñan un papel dominante en las actividades de BDSM; utilícese para dominatrices que se autoidentifiquen como lesbianas.	
homoit0001718	Empleo lésbico		El acto de emplear a personas lesbianas.	
homoit0002340	Padres lesbianas	Papás lesbianos||Padres lesbiana||Padres lesbianxs||Papás lesbianxs	Lesbianas que son padres. Esto incluye a las personas no binarias que tienen hijos y se autoidentifican como padres, así como a las mujeres trans que tuvieron hijos antes de transicionar y aún se autoidentifican como padres de esos niños. No debe utilizarse para describir a padres lesbianos a menos que se autoidentifiquen como padres.	
homoit0000743	Niñas lesbianas		Niñas menores de 18 años que se autoidentifican como lesbianas.	
homoit0000746	Tierra lesbiana	Lesbianland	Comunidades rurales habitadas únicamente por lesbianas.	
homoit0000757	Nación lésbica	Nación lesbiana||Lesbian land	Una comunidad imaginada lésbica, internacional y autónoma, separada de los hombres.	
homoit0000760	Periódicos lésbicos	Diarios lésbicos	Publicaciones periódicas impresas o digitales serializadas creadas por o para lesbianas, a menudo con el propósito de compartir noticias e información relacionadas con cuestiones y comunidades lésbicas.	
homoit0003166	Óperas lesbiana	Óperas lésbicas	Óperas creadas por directoras lesbianas, que representan a personas lesbianas, o a personas consideradas importantes dentro de la cultura lésbica.	
homoit0000752	Padres y madres lesbianas		Lesbianas que son padres.	
homoit0002367	Parejas lésbicas de otras personas		Lesbianas que son compañeras románticas, sexuales o de juego de otra persona o personas.	
homoit0000766	Prensa lésbica	Diarios lésbica	Periódicos, revistas u otros medios editoriales dirigidos a audiencias lésbicas y/o operados por lesbianas.	
homoit0000779	Jerga lésbica	Argot lésbico||Modismos lésbicos||Habla lésbica	Lenguaje coloquial o informal relacionado con lesbianas o utilizado por lesbianas.	
homoit0000780	Clubs deportivos lésbicos	Clubs de deportes lésbicos||Clubes atléticos lésbicos	Grupos de lesbianas formados con el fin de practicar deportes; incluye clubes deportivos profesionales y amateurs.	
homoit0001886	Usuarios lesbianas de sillas de ruedas	Usuarias lesbianas de sillas de ruedas	Lesbianas que utilizan sillas de ruedas.	
homoit0001742	Negocios orientados a lesbianas	Empresas orientadas a lesbianas||Compañías orientadas a lesbianas	Empresas enfocadas en clientela lésbica y productos relacionados con comunidades lésbicas.	
homoit0001736	Negocios propiedad de lesbianas	Negocios de dueños lesbiana||Compañías de dueños lesbiana||Empresas de propietarios lesbiana||Negocios de dueñas lesbiana||Compañías de dueñas lesbiana||Empresas de propietarias lesbiana	Negocios pertenecientes a lesbianas.	
homoit0000008	Actores LGBTQ+	Actores LGBTQ||Actores (LGBTQ)||Actorxs LGBTQ+	Personas LGBTQ+ que actúan en obras de teatro, películas, programas de televisión, transmisiones u otras producciones.	
homoit0000070	Artistas LGBTQ+	Artistas (LGBTQ)	Artistas que son LGBTQ+.	
homoit0001771	Cocinerxs LGBTQ+	Cocineros (LGBTQ)||Chefs LGBTQ+||Chefs (LGBTQ)||Cocineros LGBTQ+	Personas LGBTQ+ que son cocineros profesionales capacitados y que generalmente desempeñan un papel de liderazgo en la cocina en la que trabajan.	
homoit0000256	Niños y niñas LGBTQ+	Niños (LGBTQ)||Niñxs LGBTQ+||Niños y niñas (LGBTQ)||Niñxs LGBTQ	Niños y niñas menores de 18 años que se autoidentifican como LGBTQ+.	Como parte de la actualización v3.3, el siguiente término se redirigió a este término para reflejar mejor las comunidades descritas: "LGBTQ+ hijos de alcohólicos". Recomendamos que los usuarios reemplacen ese término con el término "niños LGBTQ+" en sus registros.
homoit0000276	Derechos civiles LGBTQ+	Derechos civiles (LGBTQ)||Derechos LGBTQ||Derechos LGBTQ+	Derechos legales de las personas LGBTQ+ a la libertad y la igualdad política y social.	
homoit0001624	Clero LGBTQ+	Clero (LGBTQ)||Pastores LGBTQ+	Personas LGBTQ+ que son ordenadas para deberes religiosos, particularmente en la Iglesia cristiana.	
homoit0000836	Clubes y organizaciones LGBTQ+	Clubes LGBTQ||Clubs LGBTQ	Grupos u organizaciones de personas LGBTQ+ dedicadas a un interés o una actividad particular.	
homoit0003041	Estudiantes universitarios LGBTQ+	Estudiantes universitarios LGBTQ||Universitarios LGBTQ+	Personas LGBTQ+ que asisten a la universidad.	
homoit0000310	Relaciones de pareja LGBTQ+	Parejas (LGBTQ)	Relaciones en las que ambas personas son LGBTQ+.	
homoit0001831	Cultura LGBTQ+	Cultura LGBTQ||Cultura (LGBTQ)	Experiencias culturales compartidas por miembros de comunidades LGBTQ+ o productos de la cultura LGBTQ+ (por ejemplo, arte y medios creados por y para la cultura LGBTQ+, activismo centrado en cuestiones LGBTQ+, jerga comúnmente utilizada en comunidades LGBTQ+, etc.). Utilícese un término más específico de ser posible.	
homoit0001878	Cultura sorda LGBTQ+	Cultura sorda (LGBTQ)||Cultura sorda LGBTQ	La comunidad de personas sordas LGBTQ+ que comparten una identidad cultural y/o lingüística.	
homoit0000849	Avisos de defunción LGBTQ+	Avisos de muerte LGBTQ+||Avisos de defunción LGBTQ	Anuncios públicos en publicaciones periódicas, centros de información en línea o redes sociales sobre la muerte de una persona LGBTQ+, que generalmente incluyen detalles sobre funerales y servicios conmemorativos.	
homoit0000853	Acción directa LGBTQ+	Direct action LGBTQ+	Utilícese para describir a un grupo de personas LGBTQ+ que toman medidas destinadas a revelar un problema existente, resaltar una alternativa o demostrar una posible solución a un problema social.	
homoit0000855	Violencia doméstica LGBTQ+	Violencia de pareja LGBTQ	Actos de violencia y abuso dirigidos a personas en entornos domésticos y privados; se puede utilizar para describir incidentes singulares o repetidos.	
homoit0000999	Dominantes LGBTQ+	Amos LGBTQ+||Amos (LGBTQ+)	La persona que asume la posición de autoridad o poder en una relación de intercambio de poder o actividad kink.	
homoit0000363	Dominatrices LGBTQ+	Amas LGBTQ+||Dominatrices (LGBTQ)	Mujeres que desempeñan un papel dominante en las actividades de BDSM; utilícese para dominatrices que se autoidentifiquen como LGBTQ+.	
homoit0001717	Empleo LGBTQ+		El acto de emplear a personas LGBTQ+.	
homoit0003066	Moda LGBTQ+	Estilo LGBTQ+	Moda, ropa y accesorios asociados con las subculturas y expresiones LGBTQ+.	
homoit0000874	Novelas gráficas LGBTQ+	Novelas gráficas (LGBTQ)	Obras que consisten en imágenes secuenciales, a menudo acompañadas de texto, que generalmente contienen historias independientes; utilizado en referencia a novelas gráficas que se centran en personajes o temas LGBTQ+.	
homoit0000894	Amor LGBTQ+	Amor LGBTQ||Amor (LGBTQ)	Fuertes sentimientos de afecto que surgen del parentesco, los vínculos personales o las relaciones íntimas entre dos o más personas LGBTQ+. Puede utilizarse para describir las particularidades del amor experimentado por las personas LGBTQ+ en una cultura determinada, así como las formas en que se discute y expresa el amor dentro de las comunidades LGBTQ+.	
homoit0002658	Personas LGBTQ+ neurodivergentes	Personas neurodivergentes LGBTQ+	Personas LGBTQ+ cuyos cerebros procesan, aprenden y/o se comportan de manera diferente a lo que la sociedad considera típico. Algunas de estas diferencias neurológicas pueden presentarse como problemas de aprendizaje, trastornos médicos y otras condiciones.	
homoit0001540	Personas LGBTQ+ con trastornos por consumo de alcohol	Alcohólicos (LGBTQ)||Alcohólicos LGBTQ+||LGBTQ+ alcohólicos	Personas LGBTQ+ que han sido diagnosticadas o que reconocen que tienen un trastorno por consumo de alcohol, una condición médica que implica un patrón de consumo de alcohol difícil de controlar, que afecta negativamente la vida de la persona y que provoca síntomas de abstinencia al dejar de consumirlo. Utilícese únicamente para referirse a personas que se describen a sí mismas como padeciendo de un trastorno por consumo de alcohol. Siga la preferencia de la persona sobre el uso de "trastorno por consumo" o "adicción" siempre que sea posible.	
homoit0001539	Personas LGBTQ+ con adicciones al sexo por Internet	Personas LGBTQ+ adictos al sexo por Internet	Personas LGBTQ+ que experimentan una adicción o dependencia de actividades sexuales que involucran el internet, incluyendo ver pornografía, participar de conversaciones sexuales en línea, etc. Utilícese únicamente para referirse a personas que se describen a sí mismas como adictas al sexo por internet, no a personas cuyas prácticas sexuales se perciban como promiscuas o excesivo por otras personas.	
homoit0000007	Activistas políticos LGBTQ+	Activistas políticos (LGBTQ)||Activistas políticos (LGBTQ)	Personas LGBTQ+ que se organizan o hacen campaña por objetivos y cambios sociales, culturales, políticos o económicos.	
homoit0002809	Políticos LGBTQ+	Políticos (LGBTQ)||Oficiales publicos LGBTQ+	Personas LGBTQ+ que son candidatas a cargos públicos, que actualmente ocupan cargos públicos o que han ocupado cargos políticos. Los políticos pueden ser elegidos mediante elección pública o designados de otro modo.	
homoit0001132	Prensa LGBTQ+	Prensa (LGBTQ)	Periódicos, revistas u otros medios editoriales dirigidos a audiencias LGBTQ+ y/o operados por personas LGBTQ+.	
homoit0001329	Hijos LGBTQ+	Hijos LGBTQ	Hijos que se identifican como LGBTQ+.	
homoit0000950	Clubs deportivos LGBTQ+	Clubs de deporte LGBTQ||Clubs deportivos LGBTQ||Clubes atléticos LGBTQ+	Grupos organizados de personas LGBTQ+ formados para el propósito de jugar deportes; incluye clubs deportivos profesionales y aficionados.	
homoit0000879	Personas LGBTQ+ sin hogar	Personas sin hogar LGBTQ+	Personas LGBTQ+ que no tienen acceso a una vivienda estable, segura y adecuada; incluye a personas que viven en refugios de emergencia, viviendas de transición y en la calle.	
homoit0000312	Víctimas LGBTQ+ de crímenes		Personas LGBTQ+ que han sufrido crímenes y pueden o no haber sobrevivido; siga la preferencia de la persona sobre el uso de "víctimas" o "sobrevivientes" siempre que sea posible.	
homoit0000324	Víctimas LGBTQ+ de ciberacoso		Personas LGBTQ+ que han sufrido ciberacoso y pueden o no haber sobrevivido; siga la preferencia de la persona sobre el uso de "víctimas" o "sobrevivientes" siempre que sea posible.	
homoit0001492	Derechos de víctimas LGBTQ+	Derechos de víctimas LGBTQ	Los derechos legales de las personas LGBTQ+ a estar informadas, estar presentes y ser escuchadas dentro del sistema de justicia penal después de haber sido perjudicadas o lesionadas como resultado de un delito, accidente u otro evento.	
homoit0001983	Vlogs LGBTQ+	Video blogs LGBTQ+	Una forma de blogueo en línea a través de videos cortos sobre la vida de una persona; utilícese en referencia a vlogs creados por personas LGBTQ+ o que se centren en asuntos LGBTQ+.	
homoit0001551	Grupos de recuperación que afirman las identidades LGBTQ+	Programas de 12 pasos (LGBTQ)||Grupos de recuperación (LGBTQ)||Programas que afirman las identidades LGBTQ+ de 12 pasos	Grupos de recuperación, o asociaciones voluntarias de personas en recuperación de trastornos por consumo, condiciones o adicciones, que aceptan y apoyan a las personas LGBTQ+ y sus identidades.	
homoit0001741	Negocios orientados a personas LGBTQ+	Empresas orientadas a personas LGBTQ+||Compañías orientadas a personas LGBTQ+	Empresas enfocadas en clientela LGBTQ+ y productos relacionados con comunidades LGBTQ+.	
homoit0001735	Negocios propiedad de personas LGBTQ+	Negocios de dueños LGBTQ+||Compañías de dueños LGBTQ+||Empresas de propietarios LGBTQ+||Negocios de dueñas LGBTQ+||Compañías de dueñas LGBTQ+||Empresas de propietarias LGBTQ+||Negocios propiedad de personas LGBTQ	Empresas pertenecientes a personas LGBTQ+.	
homoit0000967	Líbido	Deseo sexual	El impulso sexual general de una persona o el deseo de actividad sexual.	
homoit0000969	Langüetear	Lamer||Lengüetear	Tocar o pasar con la lengua para humedecer o saborear; utilícese para describir el acto de lamer en relación al contexto de prácticas sexuales o de excitación sexual.	
homoit0000975	Salas de vestuario	Salas de lockers||Salas de casilleros||Salas de taquillas	Habitaciones o áreas en espacios públicos o comerciales donde las personas se cambian de ropa, se bañan y guardan artículos o efectos personales. A las personas LGBTQ+, en particular a las personas trans, a menudo se les restringe el uso de los vestuarios con el pretexto de seguridad pública.	
homoit0002633	Cuentos cortos māhū	Relatos māhū	Obras literarias escritas de corta extensión que detallan un incidente o concepto autocontenido; utilícese en referencia a relatos cortos centrados en personajes o temas māhū.	
homoit0000981	Vinculación masculina	Vínculos masculinos	Amistad y conexión entre dos o más personas que se autoidentifican como masculinas.	
homoit0002041	Mirada masculina	Male gaze||Perspectiva masculina	Término utilizado para describir la representación sexualizada y cosificada de las mujeres en los medios y las artes desde la perspectiva y para el placer hombre heterosexual/espectador masculino. Originalmente se utilizaba únicamente para describir la mirada heterosexual y cisgénero, pero desde entonces se ha ampliado.	
homoit0000990	Matrimonio	Casamiento	Unión jurídica entre dos o más personas en una relación personal que puede o no otorgar ciertos derechos económicos, legales y sociales.	
homoit0000982	Amistades entre hombres	Amistades masculinas||Amistades de hombres	Conexiones basadas en el afecto y la confianza entre dos o más hombres.	
homoit0001016	Tratar por el género equivocado	Referirse por el género equivocado||Referirse por el género incorrecto||Tratar por el género incorrecto	El acto de referirse incorrectamente al género de una persona, a menudo mediante el uso de pronombres con los que no se identifica.	
homoit0001904	Misogynoir	Misoginia negra||Sexismo hacia las mujeres negras	El término original en inglés "misogynoir" fue acuñado por la académica Moya Bailey para describir la intersección de la misoginia y el racismo anti-negro dirigido hacia las mujeres negras.	
homoit0002222	Niñxs no binarios	Niños y niñas no binarios||Niños y niñas no binarixs	Niñxs menores de 18 años que se autoidentifican como no binarixs.	
homoit0003043	Estudiantes universitarios no binarixs	Universitarixs no binarixs	Personas no binarias que asisten a la universidad.	
homoit0002568	Ficción de horror no binario		Obras de ficción escritas con la intención de asustar, atemorizar o provocar disgusto; utilícese en referencia a la ficción de horror centrada en personajes o temas no binarios.	
homoit0001661	Energía de la Nueva Relación	New relationship energy||NRE||Energía de relación nueva	Un sentimiento fuerte, casi vertiginoso, de emoción y enamoramiento, común al comienzo de una nueva relación romántica. A menudo, se utiliza en contextos de poliamor.	
homoit0002188	Ficción slash original	Fan ficción slash original||Fan fic slash original||Slash fic original||Fanfiction slash original||Fanfic slash original	Obras originales de ficción creativa que se centran en relaciones entre personas del mismo sexo o del mismo género e incorporan tropos de fanfiction; incluye la ficción femslash.	
homoit0002189	Parejas en fandom	Emparejamiento en fandom	Las relaciones (principalmente románticas o sexuales) entre personajes de obras de fans, incluidas las relaciones que no están presentes en el texto canónico.	
homoit0002372	Madres y padres	Mamás y papás	Personas que actúan como padres y/o madres de una o más personas.	
homoit0001086	Parejas de hombres gay		Personas cuya pareja sexual, romántica o de juego es un hombre gay.	
homoit0001090	Pasar (género)	Pasando||Pasar desapercibido	La capacidad de una persona para "pasar", ser aceptada o considerada como miembro del género con el que se identifica. "Pasar" se ha utilizado históricamente para describir la capacidad de una persona de "pasar" como una determinada raza o etnia, aunque eventualmente la comunidad LGBTQ+ se apropió del término.	
homoit0001901	Pasar (sexualidad)	Pasando||Pasar desapercibido	La capacidad de una persona que no es heterosexual de "pasar", ser aceptada o considerada heterosexual por otras personas. "Pasar" se ha utilizado históricamente para describir la capacidad de una persona de "pasar" como una determinada raza o etnia, aunque eventualmente la comunidad LGBTQ+ se apropió del término.	
homoit0001121	Acoso policial	Hostigamiento policial	Cualquiera de las diversas formas de conducta inapropiada, acciones ilegales o abusos de poder cometidos por agentes de las fuerzas de seguridad o agentes del Estado contra miembros del público. Esto incluye, entre otros, la elaboración de perfiles raciales, étnicos y de otro tipo; la vigilancia, el registro y la incautación injustificados; la aplicación selectiva de la ley; el uso excesivo de la fuerza; la conducta sexual indebida; la intimidación y la manipulación de testigos; la falsificación de pruebas; las confesiones forzadas; las detenciones y encarcelamientos falsos; y el soborno o el cabildeo.	
homoit0002376	Acoso policial a personas LGBTQ+ negras	Maltrato hacia personas LGBTQ+ negras por la policía||Acoso de personas LGBTQ+ negras por la policía||Brutalidad policial hacia personas LGBTQ+ negras||Mala conducta policial hacia personas LGBTQ+ negras||Maltrato policial contra personas LGBTQ+ negras||Hostigamiento policial a personas LGBTQ+ negras	Cualquiera de las diversas formas de conducta inapropiada, acciones ilegales o abusos de poder que violentan directa o indirectamente a las personas LGBTQ+ negras, incluidas, entre otras, confesiones forzadas, intimidación, arrestos y encarcelamientos falsos, falsificación de pruebas, perjurio policial, manipulación de testigos, brutalidad y corrupción policial, elaboración de caracterizaciones raciales, étnicos y de otro tipo, vigilancia injustificada, registros o incautación de propiedad, soborno o cabildeo para obtener poder o estatus excesivo o para evitar consecuencias, aplicación selectiva de la ley y conducta sexual inapropiada.	
homoit0002377	Acoso policial a personas LGBTQ+ indígenas	Maltrato hacia personas LGBTQ+ indígenas por la policía||Acoso de personas LGBTQ+ indígenas por la policía||Brutalidad policial hacia personas LGBTQ+ indígenas||Mala conducta policial hacia personas LGBTQ+ indígenas||Maltrato policial contra personas LGBTQ+ indígenas||Hostigamiento policial a personas LGBTQ+ indígenas	Cualquiera de las diversas formas de conducta inapropiada, acciones ilegales o abusos de poder que violentan directa o indirectamente a las personas LGBTQ+ indígenas, incluidas, entre otras, confesiones forzadas, intimidación, arrestos y encarcelamientos falsos, falsificación de pruebas, perjurio policial, manipulación de testigos, brutalidad y corrupción policial, elaboración de caracterizaciones raciales, étnicos y de otro tipo, vigilancia injustificada, registros o incautación de propiedad, soborno o cabildeo para obtener poder o estatus excesivo o para evitar consecuencias, aplicación selectiva de la ley y conducta sexual inapropiada.	
homoit0002375	Acoso policial a personas LGBTQ+	Maltrato hacia personas LGBTQ+ por la policía||Acoso de personas LGBTQ+ por la policía||Brutalidad policial hacia personas LGBTQ+||Mala conducta policial hacia personas LGBTQ+||Maltrato policial contra personas LGBTQ+||Hostigamiento policial a personas LGBTQ+	Cualquiera de las diversas formas de conducta inapropiada, acciones ilegales o abusos de poder que violentan directa o indirectamente a las personas LGBTQ+, incluidas, entre otras, confesiones forzadas, intimidación, arrestos y encarcelamientos falsos, falsificación de pruebas, perjurio policial, manipulación de testigos, brutalidad y corrupción policial, elaboración de caracterizaciones raciales, étnicos y de otro tipo, vigilancia injustificada, registros o incautación de propiedad, soborno o cabildeo para obtener poder o estatus excesivo o para evitar consecuencias, aplicación selectiva de la ley y conducta sexual inapropiada.	
homoit0002384	Redadas policiales en bares LGBTQ+	Redadas policiales en bars LGBTQ+	Redadas policiales en bares afiliados o relacionados con comunidades e identidades LGBTQ+.	
homoit0002382	Redadas policiales en casas de baño LGBTQ+	Redadas policiales en saunas LGBTQ+||Redadas policiales en baños LGBTQ+	Redadas policiales en baños, saunas, spas, etc. afiliados o relacionados con comunidades o identidades LGBTQ+.	
homoit0002385	Redadas policiales en clubes nocturnos LGBTQ+	Redadas policiales en clubs LGBTQ+	Redadas policiales en clubes nocturnos afiliados o relacionados con comunidades o identidades LGBTQ+	
homoit0002381	Redadas policiales en establecimientos relacionados con comunidades LGBTQ+	Redadas policiales anti-LGBTQ+||Redadas policiales en establecimientos LGBTQ+||Redadas policiales en lugares LGBTQ+||||Redadas policiales en establecimientos relacionados con identidades LGBTQ+	Un registro no anunciado y sin orden judicial de una residencia o un establecimiento principalmente afiliado o relacionado con comunidades o identidades LGBTQ+ por parte de la policía. Estos ataques suelen ser traumáticos y caóticos y pueden eludir los procedimientos penales típicos y las libertades civiles.	
homoit0001125	Poppers	Popers	Un término de jerga comúnmente utilizado en subculturas LGBTQ+ para describir los nitritos de alquilo, una clase de droga que produce un efecto estimulador cuando se inhala. Los poppers a menudo se asocian con la vida nocturna gay porque pueden utilizarse para facilitar el sexo anal al relajar los músculos anales.	
homoit0001127	Estrellas porno	Actores pornográficos||Actores porno||Actrices porno||Actrices pornográficas||Estrellas del porno||Actorxs porno	Actores y actrices en películas eróticas o sexualmente explícitas.	
homoit0001145	Cachorros (juego de roles)	Pups (Roleplay)||Cachorros||Perritos||Perrito faldero	Personas que asumen el rol de cachorro o perrito en el juego de cachorros, una forma de juego de roles de animales que a menudo, aunque no siempre, se asocia con el BDSM y las comunidades kink.	
homoit0001148	Queens (Cultura gay)	Reinas||Queens||Reinas (cultura gay)	Término de la jerga para hombres gay afeminados; utilizado predominantemente en los Estados Unidos.	
homoit0001164	Librerías queer	Tiendas de libros queer	Librerías que venden materiales destinados a personas queer o que abordan temas relacionados con lo queer.	
homoit0001776	Cocinerxs queer	Chefs queer||Cocineros queer||Cocineras queer	Personas queer que son cocineras profesionales y capacitadas, que normalmente desempeñan un papel de liderazgo en la cocina en la que trabajan.	
homoit0001169	Clero queer	Pastores queer	Personas queer que son ordenadas para deberes religiosos, particularmente en la Iglesia cristiana.	
homoit0003044	Estudiantes universitarios queer	Universitarios queer	Personas queer que asisten a la universidad.	
homoit0001184	Dominantes queer	Amos queer	Personas queer que forman parte de la escena BDSM y asumen el rol dominante en las relaciones sexuales con una dinámica dominante/sumisa.	
homoit0001175	Dominatrices queer	Amas queer	Mujeres que desempeñan un papel dominante en las actividades de BDSM; utilícese para dominatrices que se autoidentifican como queer.	
homoit0001722	Empleo queer		El acto de emplear a personas queer.	
homoit0003193	Alegría queer	Queer joy	Un sentimiento positivo conectado con la comunidad, el activismo y/o la cultura queer que contrarresta el impacto de vivir en una sociedad discriminatoria. Tenga en cuenta que queer se utiliza como término general para la comunidad LGBTQ+ dentro de esta frase.	
homoit0002371	Parejas queer de otras personas		Personas queer que son parejas románticas, sexuales o de juego de otra persona o personas.	
homoit0001746	Negocios orientados a personas queer	Empresas orientadas a personas queer||Compañías orientadas a personas queer	Empresas enfocadas en clientela queer y productos relacionados con comunidades queer.	
homoit0001740	Negocios propriedad de personas queer	Negocios de dueños queer||Compañías de dueños queer||Empresas de propietarios queer||Negocios de dueñas queer||Compañías de dueñas queer||Empresas de propietarias queer	Empresas pertenecientes a personas queer.	
homoit0001229	Queerfobia	Cuirfobia	Antagonismo o disgusto dirigido hacia lo queer como identidad o hacia las personas queer debido a su identidad, percibida o real. La queerfobia puede incluir la negación de la existencia de lo queer, estereotipos, acoso verbal y violencia física.	
homoit0002196	Ficción de personas reales	Real person fiction||RPF	Fanfiction sobre personas reales, como actores o músicos; a menudo, pero no siempre, se utiliza para describir fanfiction que se centra en relaciones (reales o imaginarias) entre celebridades del mismo sexo o del mismo género.	
homoit0000504	Matrimonio entre personas del mismo sexo	Matrimonio gay||Matrimonio lesbiana||Casamiento entre personas del mismo sexo	Unión jurídica entre dos personas del mismo sexo que forman una pareja. En los Estados Unidos, el matrimonio entre personas del mismo sexo se diferencia de las uniones civiles en que el primero se reconoce a nivel federal, mientras que el segundo sólo se reconoce a nivel estatal y puede no ser reconocido por otros estados.	
homoit0000304	Adopción por segundo padrx	Adopción co-parental||Adopción por segundo padre	Un proceso de adopción mediante el cual se establece una relación legal entre padres y/o madres e hijos otorgando al “segundo” padre los mismos derechos que al “primer” padre y/o madre sin que el “primer” padre y/o madre o padre y/o madre legal renuncie a ningún derecho de paternidad. Una segunda adopción o una adopción conjunta puede ser importante para que los padres LGBTQ+ protejan sus derechos de paternidad, ya que la relación del padre y/o madre no biológico puede no ser reconocida en algunas jurisdicciones sin dicha adopción.	
homoit0000662	Relaciones sexuales (actividad)	Coito||Actividad sexual||El acto sexual	Término utilizado para describir la actividad sexual entre dos o más personas, que normalmente implica penetración.	
homoit0001307	Niños y niñas LGBTQ+ abusados sexualmente	Niños LGBTQ abusados sexualmente||Niños y niñas abusados sexualmente (LGBTQ)||Niñxs LGBTQ+ abusados sexualmente	Niños y niñas LGBTQ+ menores de 18 años que actualmente sufren o han sufrido abuso sexual.	
homoit0001692	Ella/La (pronombres)	Ella (pronombre)||Ella/La	Un conjunto de pronombres. Utilizados de la siguiente manera: Ella visitó el website del Homosaurus. Yo la vi navegar el Homosaurus. Ella utiliza el Homosaurus por sí misma.	
homoit0001313	Sissies	Sissy||Cissy	Término peyorativo en Inglés, derivado de la palabra "sister" (hermana), que se aplica a niños u hombres que son percibidos como afeminados o que no se ajustan a los roles masculinos tradicionales.	
homoit0002206	Manips slash	Manipulaciones fotográficas slash||Slash manips||Manipulaciones slash	Manipulaciones fotográficas creadas por fans o deepfakes que representan relaciones sexuales o románticas entre personajes de diversos medios de comunicación. Suele ser de naturaleza erótica o pornográfica. Históricamente se utilizaba solo para parejas hombre-hombre, pero ahora se utiliza de forma más amplia; incluye manips femslash.	
homoit0002208	Terminología slash	Términos slash||Términos de slash	Jerga relacionada con obras de fans sobre relaciones sexuales o románticas entre personajes del mismo sexo o género. Históricamente se utilizaba únicamente para parejas de hombres, pero ahora se utiliza de forma más amplia; incluye terminología femslash.	
homoit0001323	Normas sociales	Reglas sociales	Creencias grupales sobre cómo deberían comportarse los miembros de tal grupo en un contexto determinado.	
homoit0001330	Hijos de personas bisexuales		Hijos que tienen uno o más padres bisexuales. Para los hijos que son bisexuales, utilice el término "hijos bisexuales".	
homoit0001331	Hijos de hombres gay		Hijos que tienen uno o más padres gay. Para los hijos que son gay, utilice el término "hijos gay".	
homoit0001335	Nalgada	Spanking||Azotainas||Zurras eróticas||Disciplina inglesa||Palmada||Zurras	Golpear las nalgas, normalmente con la mano o con una paleta, como forma de juego de impacto.	
homoit0003115	Camisa de fuerza	Straitjacket||Straightjacket	Un tipo de chaqueta utilizada para sujetar la parte superior del cuerpo.	
homoit0001343	Strippers	Estriptís||Estriptis||Estripers	Personas trabajadoras sexuales que se desnudan al ritmo de la música mientras utilizan una barra para realizar movimientos de baile, ya sea en un local como un club de striptease o por encargo en fiestas privadas. Para el striptease realizado por gente aficionada en entornos privados, utilice «Stripping».	
homoit0001344	Estriptís	Striptease||Desnudarse||Estriptis	Una forma de danza erótica durante la cual la persona que lo interpreta se desnuda gradualmente de una manera seductora y sexualmente sugerente.	
homoit0001346	Sufragistas	Suffragettes	Mujeres que buscan el derecho al voto, a menudo mediante protestas organizadas; normalmente se utiliza para describir a miembros de movimientos políticos de finales del siglo XIX y principios del XX que se centraban en el derecho de las mujeres al voto en Estados Unidos y Gran Bretaña.	
homoit0001365	Teorías	Teoría	Sistemas de ideas destinados a explicar un fenómeno particular.	
homoit0001366	Terapias	Tipos de terapia	Tratamientos que abordan discapacidades, enfermedades, dolencias o trastornos a través del asesoramiento y la rehabilitación.	
homoit0001696	Elle/Le (pronombres)	Elle (pronombre)||Elle/Le	Un conjunto de pronombres. Utilizados de la siguiente manera: Elle visitó el website del Homosaurus. Yo le vi navegar el Homosaurus. Elle utiliza el Homosaurus por sí misme.	
homoit0001695	Elle (pronombres)		Un conjunto de pronombres. Utilizados de la siguiente manera: Elle visitó el website del Homosaurus. Yo le vi navegar el Homosaurus. Elle utiliza el Homosaurus por sí misme.	
homoit0001374	Tomboys	Tomboy	Termino en ingles que se refiere a niñas que exhiben algunas características asociadas con las expectativas de género para los niños.	
homoit0001642	Mujeres transgénero	Mujeres trans	Mujeres a las que se les asignó al sexo masculino al nacer.	
homoit0001382	Personas transfemeninas	Personas transfem	Personas que se identifican parcial o totalmente con una identidad de género femenina y a quienes normalmente (pero no siempre) se les asignó al sexo masculino al nacer.	
homoit0001390	Artistas transgénero		Artistas que son transgénero.	
homoit0001395	Playas transgénero	Playas trans	Playas reservadas para uso por personas transgénero o playas conocidas por ser frecuentadas por personas transgénero.	
homoit0001397	Librerías transgénero	Tiendas de libros transgénero	Librerías que venden materiales destinados a personas transgénero o que abordan temas relacionados con experiencias transgénero.	
homoit0001775	Cocinerxs transgénero	Chefs transgénero||Cocineros transgénero||Cocineras transgénero||Chefs trans||Concinerxs trans||Cocineros trans||Cocineras trans	Personas transgénero que son cocineras profesionales capacitadas y que normalmente desempeñan un papel de liderazgo en la cocina en la que trabajan.	
homoit0001400	Niños y niñas transgénero	Niñxs transgénero||Niños y niñas trans||Niñxs trans	Niñxs menores de 18 años que se autoidentifican como transgénero.	
homoit0001402	Clero transgénero	Pastores transgénero	Personas transgénero que están ordenadas para deberes religiosos, particularmente en la Iglesia cristiana.	
homoit0003045	Estudiantes universitarios transgénero	Universitarios transgénero	Personas transgénero que asisten a la universidad.	
homoit0001403	Comunidad transgénero	Comunidad trans	Grupos de personas que comparten la experiencia de ser transgénero.	
homoit0001420	Dominantes transgénero	Amos transgénero	Personas transgénero que forman parte de la escena BDSM y asumen el rol dominante en las relaciones sexuales con una dinámica dominante/sumisa.	
homoit0001410	Dominatrices transgénero	Amas transgénero	Mujeres que desempeñan un papel dominante en las actividades de BDSM; utilícese para dominatrices que se autoidentifican como transgénero.	
homoit0001721	Empleo transgénero		El acto de emplear a personas transgénero.	
homoit0001429	Paganos transgénero	Paganos trans	Personas transgénero que son miembros de religiones politeístas u otras religiones fuera de la cultura dominante que típicamente incorporan el culto a la naturaleza y/o lo sagrado femenino, como la Wicca, el druidismo, el paganismo, etc. Utilícese para describir a las personas transgénero que se autoidentifican como paganas.	
homoit0002370	Parejas transgénero de otras personas		Personas transgénero que son parejas románticas, sexuales o de juego de otra persona o personas.	
homoit0001431	Personas transgénero en el ejército	Personas transgénero en las fuerzas armadas||Personas trans en el ejército	Personas transgénero que sirven en las fuerzas armadas estatales y nacionales.	
homoit0002033	Personas transgénero en el lugar de trabajo	Personas trans en el lugar de trabajo	La presencia de personas transgénero en el lugar de trabajo, incluida la aceptación de los trabajadores transgénero y los problemas a los que se enfrentan.	
homoit0001433	Poesía transgénero	Poesía trans	Obras literarias, normalmente escritas en verso, que se centran en personajes transgénero, temas transgénero o la identidad transgénero.	
homoit0001435	Películas porno transgénero	Películas pornográficas transgénero||Películas porno trans	Películas eróticas o sexualmente explícitas protagonizadas por personas transgénero.	
homoit0001436	Prensa transgénero	Diarios transgénero||Prensa trans	Periódicos, revistas u otros medios editoriales dirigidos a audiencias transgénero y/o operados por personas transgénero.	
homoit0001439	Protestantes transgénero	Protestantes trans	Personas transgénero que son miembros de la Iglesia protestante.	
homoit0001440	Editoriales transgénero	Editoriales trans	Empresas y organizaciones que publican materiales para comunidades transgénero o que abordan asuntos transgénero.	
homoit0001441	Radio transgénero	Radio trans	Contenidos auditivos transmitidos por radio (analógica o digital) sobre personas transgénero y asuntos transgénero.	
homoit0001442	Relaciones transgénero	Relaciones trans	Conexiones continuas (románticas, sexuales o platónicas) entre dos o más personas transgénero.	
homoit0001437	Trabajadores sexuales transgénero	Prostitutxs transgénero||Prostitutos transgénero||Prostitutas transgénero||Trabajo sexual transgénero	Personas transgénero que reciben dinero o bienes a cambio de servicios o actuaciones sexuales. Se utiliza para describir a las personas transgénero que trabajan en el amplio espectro del trabajo sexual.	
homoit0002002	Sobrevivientes transgénero de acoso	Sobrevivientes trans de acoso	Personas transgénero que han sufrido y sobrevivido acoso debido a su identidad de género; siga la preferencia de la persona sobre el uso de "víctimas" o "sobrevivientes" siempre que sea posible.	
homoit0001448	Sobrevivientes transgénero de crímenes de odio	Sobrevivientes trans de crímenes de odio	Personas transgénero que han sufrido y sobrevivido crímenes de odio; siga la preferencia de la persona sobre el uso de "víctimas" o "sobrevivientes" siempre que sea posible.	
homoit0001449	Sobrevivientes transgénero de violación	Sobrevivientes trans de violación	Personas transgénero que han sufrido y sobrevivido una violación; siga la preferencia de la persona sobre el uso de "víctimas" o "sobrevivientes" siempre que sea posible.	
homoit0001450	Sobrevivientes transgénero de abuso sexual	Sobrevivientes trans de abuso sexual	Personas transgénero que han sufrido y sobrevivido abusos sexuales; siga la preferencia de la persona sobre el uso de "víctimas" o "sobrevivientes" siempre que sea posible.	
homoit0001451	Sobrevivientes transgénero de guerra	Sobrevivientes trans de guerra	Personas transgénero que han sufrido y sobrevivido la guerra; siga la preferencia de la persona sobre el uso de "víctimas" o "sobrevivientes" siempre que sea posible.	
homoit0001993	Víctimas transgénero de acoso	Víctimas trans de acoso	Personas transgénero que han sufrido acoso debido a su identidad de género y pueden o no haber sobrevivido; siga la preferencia de la persona sobre el uso de "víctimas" o "sobrevivientes" siempre que sea posible.	
homoit0001456	Víctimas transgénero de crímenes de odio	Víctimas trans de crímenes de odio	Personas transgénero que han sufrido crímenes de odio y pueden o no haber sobrevivido; siga la preferencia de la persona sobre el uso de "víctimas" o "sobrevivientes" siempre que sea posible.	
homoit0001457	Víctimas transgénero de violación	Víctimas trans de violación	Personas transgénero que han sufrido una violación y pueden o no haber sobrevivido; siga la preferencia de la persona sobre el uso de "víctimas" o "sobrevivientes" siempre que sea posible.	
homoit0001458	Víctimas transgénero de abuso sexual	Víctimas trans de abuso sexual	Personas transgénero que han sufrido abuso sexual y pueden o no haber sobrevivido; siga la preferencia de la persona sobre el uso de "víctimas" o "sobrevivientes" siempre que sea posible.	
homoit0001459	Víctimas transgénero de guerra	Víctimas trans de guerra	Personas transgénero que han sufrido la guerra y que pueden haber sobrevivido o no; siga la preferencia de la persona sobre el uso de "víctimas" o "sobrevivientes" siempre que sea posible.	
homoit0001745	Negocios orientados a personas transgénero	Empresas orientadas a personas transgénero||Compañías orientadas a personas transgénero	Empresas enfocadas en clientela transgénero y productos relacionados con comunidades transgénero.	
homoit0001466	Personas transmasculinas	Personas transmasc	Personas trans asignadas al sexo femenino al nacer que se autoidentifican parcial o totalmente con un género masculino.	
homoit0001380	Transexualidad	Transsexualidad	Término utilizado para describir la identidad de las personas que hacen la transición de mujer a hombre o de hombre a mujer. Generalmente se refiere a personas que hacen la transición de sus cuerpos físicos para alinearse con sus identidades de género. Aunque este término fue popular en el siglo XX y todavía se utiliza hoy en día, ha sido reemplazado en gran medida por "identidad transgénero" e "identidad trans". Algunas personas, pero no todas, consideran este término obsoleto y ofensivo. Utilícese únicamente para describir a personas que se identifiquen como transexuales.	
homoit0001472	Tribadas	Tribades	Término histórico para personas que ejercen la práctica sexual del tribadismo; utilícese únicamente en contextos históricos.	
homoit0002681	Librerias dos espíritus	Tiendas de libros dos espíritus	Librerías que venden materiales destinados al uso de personas dos espíritus o que abordan temas relacionados con las comunidades dos espíritus.	
homoit0001778	Cocineros dos espíritus	Chefs dos espíritus	Personas dos espíritus que son cocineras profesionales capacitadas y que normalmente desempeñan un papel de liderazgo en la cocina en la que trabajan.	
homoit0003046	Estudiantes universitarios dos espíritus	Universitarios dos espíritus	Personas dos espíritus que asisten a la universidad.	
homoit0002692	Empleo dos espíritus		El acto de emplear a personas dos espíritus.	
homoit0002666	Personas dos espíritus neurodivergentes	Personas neurodivergentes dos espíritus	Personas dos espíritus cuyos cerebros procesan, aprenden y/o se comportan de forma diferente a lo que la sociedad considera típico. Algunas de estas diferencias neurológicas pueden presentarse como dificultades de aprendizaje, trastornos médicos y otras condiciones.	
homoit0002719	Prensa dos espíritus	Diarios dos espíritus	Periódicos, revistas u otros medios editoriales dirigidos a audiencias dos espíritus y/o operados por personas dos espíritus.	
homoit0002686	Cuentos cortos dos espíritus	Relatos dos espíritus	Obras literarias escritas que son breves y detallan un incidente o concepto autónomo; utilícese en referencia a historias cortas que se centren en personajes o temas dos espíritus.	
homoit0002724	Jerga dos espíritus	Argot dos espíritus	Lenguaje coloquial o informal en relación a la identidad dos espíritus o utilizado por personas dos espíritus.	
homoit0002728	Sobrevivientes dos espíritus de abuso sexual		Personas dos espíritus que han sufrido y sobrevivido a abusos sexuales; siga la preferencia de la persona sobre el uso de "víctimas" o "sobrevivientes" siempre que sea posible.	
homoit0003058	Dispositivo de vacío	Bomba de clítoris||Succionador de pezón||Succionador de clítoris||Succionador de pene||Vacuum pumps	Una ayuda o accesorio sexual que se coloca sobre y alrededor de los genitales. El dispositivo crea una succión que hincha y agranda los genitales.	
homoit0002279	WLW (Mujeres que aman mujeres)	Mujeres amando mujeres||Mujeres amando a mujeres||Women loving women	Término de la jerga utilizado para describir a mujeres que tienen relaciones románticas y/o sexuales con otras mujeres; del ingles "Women Loving Women". Puede utilizarse para describir a mujeres que están exclusiva o principalmente interesadas en mujeres, así como a mujeres que también están interesadas en personas de otros o todos los géneros. Utilícese únicamente para describir a personas que se identifiquen como WLW.	
homoit0001508	Wolves (Cultura gay)	Lobos||Lobos (Cultura gay)	Término de la jerga estadounidense para hombres gay masculinos y corpulentos que a menudo se caracterizan por tener cuerpos peludos y vello facial; normalmente se utiliza para personas que son más agresivas y abiertamente masculinas que los osos.	
homoit0003176	Mujeristas	Womanism	Una persona que se suscribe el mujerismo, una ideología que surgió de la indiferencia percibida del movimiento feminista hacia las necesidades de las mujeres negras, que a menudo son excluidas de las categorías de "femenino" y "feminidad" tal como las entienden las feministas blancas. Al centro del mujerismo está la idea de que el feminismo dominante es un movimiento liderado por mujeres blancas para servir a los objetivos de las mujeres blancas, que pueden ser indiferentes o incluso opuestos a las necesidades de las mujeres negras. Utilícese para recursos sobre mujeristas o cuando una persona se identifica como tal.	
homoit0000433	Trabajadoras sexuales mujeres	Prostitutas||Prostitución femenina||Trabajo sexual femenino	Personas lesbianas que reciben dinero o bienes a cambio de servicios o actuaciones sexuales. Se utiliza para describir a las personas lesbianas que trabajan en el amplio espectro del trabajo sexual.	
homoit0001511	Librerías para mujeres	Librerias de mujeres	Librerías que venden materiales destinados para el uso de mujeres o que abordan temas relacionados con las mujeres.	
homoit0003047	Lucha (deporte)	Luchar||Lucha	Una actividad competitiva, social o erótica que involucra a dos o más personas luchando entre sí, tratando de arrojar o forzar a la otra persona(s) al suelo.	
