identifier	prefLabel	altLabel	description	historyNote
homoit0000001	5-α-reduktasbrist	5-alfa-reduktasbrist	Människor med 5-alfa-reduktasbrist, har XY-kromosomer, testiklar och typiska testosteronnivåer, men deras kroppar saknar enzymet som ansvarar för att omvandla testosteron till den kraftigare androgenen dihydrotestosteron (DHT). Detta påverkar hur individens yttre könskarakteristika utvecklas, och personer födda med 5-alfa-reduktasbrist har ofta könsdifferentieringar som märks vid födseln. Under tonåren utvecklar personer med 5-alfa-reduktasbrist typiskt sett vissa kännetecken förknippade med testosteronpubertet och kan uppleva tillväxt av könsorganen vid denna tidpunkt.	
homoit0000002	Aboriginer (hbtq+)		Hbtq+-personer som tillhör ett eller flera av de olika ursprungsfolken i Australien. Använd inte begreppet för att hänvisa till ursprungsbefolkningen på Torressundöarna, eftersom de utgör en egen etnisk och kulturell grupp. Det bör endast användas för att beskriva personer som identifierar sig som aboriginer.	
homoit0000003	Acault		En ofta felöversatt burmesisk term för personer som tilldelats manligt kön vid födseln och som uppvisar feminina beteenden medan de tjänar som andliga medier. Det finns viss tveksamhet om termen är legitim.	
homoit0000004	Asexualitet		En sexuell läggning som i allmänhet kännetecknas av avsaknad av sexuell attraktion eller åtrå.	
homoit0000005	Hiv/aids		Förkortning för hiv (humant immunbristvirus) och aids (förvärvat immunbristsyndrom).	
homoit0000006	Hbtq+-aktivism		Direkt aktion och organisering för att uppnå politisk eller social förändring och acceptans för hbtq+-personer.	
homoit0000007	Hbtq+-aktivister		Hbtq+-personer som organiserar sig eller driver kampanjer för sociala, kulturella, politiska eller ekonomiska mål och förändringar.	
homoit0000008	Hbtq+-skådespelare		Hbtq+-personer som agerar i scenproduktioner, filmer, tv-program, radiosändningar eller andra produktioner.	
homoit0000009	Adoptivföräldraskap		Erfarenheten av att vara adoptivförälder till ett eller flera barn. En adoptivförälder är en person eller personer som genom adoption blir barnets permanenta föräldrar med allt ansvar som det innebär.	
homoit0000010	Adoptivföräldrar		Personer som har adopterat barn, antingen genom en juridisk process eller genom sociala eller kulturella praktiker.	
homoit0000011	Sexindustri	Sexindustrin||Sexbranschen	De företag som direkt eller indirekt tillhandahåller sexuella handlingar, sexrelaterade produkter eller erotisk underhållning.	
homoit0000012	Sexbutiker	Sexshoppar||Porrbutiker	Butiker som säljer produkter kopplade till sex och sexuell underhållning, inklusive sexleksaker, underkläder, pornografi och andra relaterade produkter.	
homoit0000013	Hbtq+-porrfilm	Pornografisk film (hbtq+)	Erotiska eller sexuellt explicita filmer där hbtq+-personer medverkar.	
homoit0000014	Porrbiografer	Sexbiografer	Biografer som huvudsakligen visar pornografiska filmer. Det kan uttryckligen tillåtas eller informellt tolereras att besökare är nakna, onanerar eller har sex offentligt.	
homoit0000015	Afroamerikanska HBTQ+-personer		Afroamerikanska personer som också är hbtq+-personer. Följ individens preferens för afroamerikan eller svart när det är möjligt.	
homoit0000016	Afrokanadensiska hbtq+-personer		Hbtq+-personer av afrikansk härkomst födda i Kanada eller hbtq+-personer födda i afrikanska länder som bor i eller har en stark anknytning till Kanada. Används för individer som identifierar sig som afrokanadensare.	
homoit0000017	Afrokaribiska hbtq+-personer		Hbtq+-personer av afrikansk härkomst födda i Karibien eller hbtq+-personer födda i afrikanska länder som bor i eller har en stark anknytning till Karibien. Använd endast för personer som identifierar sig som afrokaribier.	
homoit0000018	Afroeuropeiska hbtq+-personer		Hbtq+-personer av afrikansk härkomst födda i europeiska länder eller hbtq+-personer födda i afrikanska länder som bor i eller har en stark anknytning till Europa. Använd endast för personer som identifierar sig som afroeuropéer.	
homoit0000019	Afrolatinska hbtq+-personer		Hbtq+-personer av afrikansk härkomst födda i latinamerikanska länder eller hbtq+-personer födda i afrikanska länder som bor i eller har en stark anknytning till Latinamerika. Använd endast för personer som identifierar sig som afrolatinos.	
homoit0000020	Sexuell myndighetsålder	Samtyckesålder||Byxmyndighet	Åldern vid vilken en person anses juridiskt kapabel att ge samtycke till sexuella handlingar. Samtyckesåldern varierar beroende på land, plats eller kultur.	
homoit0000021	Agenderpersoner		Personer som identifierar sig som könlösa eller som saknar kön.	
homoit0000022	Ageplay	Age play	Rollspel som innebär att personer antar rollen av en annan ålder, vanligtvis som barn, för nöjes skull eller erotisk njutning.	
homoit0000023	Agî		Filippinskt ord som både används med betydelsen ’hermafrodit’ och som en nedsättande term för bögar.	
homoit0000024	Hiv- och aidsaktivister		Personer som kampanjar för social och politisk förändring för personer som påverkas av hiv och aids.	
homoit0000025	Medvetenhet om hiv/aids		Aktivism, informationsinsatser och utbildning som syftar till att förebygga hiv/aids och motverka missuppfattningar om hiv och aids.	
homoit0000026	Informationscenter för hiv och aids	Informationscentrum om hiv/aids	Organisationer som arbetar med utbildning, förebyggande åtgärder och behandling av hiv och aids. Informationscenter för hiv och aids kan erbjuda rådgivning och hiv-testning.	
homoit0000027	Hiv- och aidsupplysning		Undervisning om hiv och aids, inklusive ämnen som aids-epidemins historia, smittspridning, förebyggande och behandling.	
homoit0000028	Aidsminneslapptäcken		Täcken skapade för att hedra personer som dött av aids-relaterade orsaker, sprida medvetenhet om aids-epidemin och erbjuda stöd och helande för de drabbade. Termen används ofta för att hänvisa till NAMES Project AIDS Memorial Quilt, startad av Cleve Jones 1985.	
homoit0000029	Aids-minnesmärken	Minneshögtider för hiv och aids	Projekt och evenemang som hyllar personer som dött av aids-relaterade orsaker.	
homoit0000030	Hiv- och aidsorganisationer		Gemenskapsbaserade organisationer som erbjuder stöd och arbetar för att stärka rättigheterna för personer som lever med eller påverkas av hiv och aids.	
homoit0000031	Hiv- occh aidstidskrifter		Tryckta eller digitala publikationer som publiceras regelbundet och är skapade av eller för personer med aids.	
homoit0000032	Hiv- och aidsfobi		Antagonism eller avsmak riktad mot individer med hiv och aids eller beteenden som uppfattas sätta en själv i riskzonen för att få hiv. Aidsfobi kan inkludera isolering, stereotyper, verbala trakasserier och fysisk våld.	
homoit0000033	ARC (AIDS-relaterat komplex)		Förkortning för AIDS-related complex, en term som användes tidigt under aids-epidemin för att beskriva personer med symtomatiska hiv-infektioner som ännu inte fått en formell aids-diagnos. Sedan år 2000 har termen till största delen övergivits i klinisk användning.	
homoit0000034	Röda bandet (aids/hiv)		Rött band som fungerar som en internationell symbol för medvetenhet om hiv och aids. Antogs först på 1990-talet inom Red Ribbon-projektet.	
homoit0000035	Akava'ine		Ett ord på maori från Cooköarna som refererar till transpersoner med maorisk härkomst från Cooköarna.	
homoit0000036	Sadomasochism		Erotisering av smärta och intensiv stimulans.	
homoit0000037	Ali		Tamilsk nedlåtande term för feminina bögar, kan översättas till hermafrodit.	
homoit0000038	Allierade		Personer i en privilegierad social position som stöttar, visar solidaritet med och verkar för att stärka marginaliserade grupper som de själva inte tillhör.	
homoit0000039	Alyha		Personer inom Mohavefolket i Nordamerika som tilldelats manligt kön vid födseln, uppvisar feminina drag och har möjlighet att leva som kvinnor i samhället, ofta med rollen som helare.	
homoit0000040	Amasoner		Rike av kvinnliga krigare från grekisk mytologi och den klassiska antiken. Från tidigmodern tid har deras namn blivit en beteckning för kvinnliga krigare i allmänhet samt en kulturell symbol inom lesbiska gemenskaper.	
homoit0000041	Analkulor		En sexleksak som används vid analsex och består av flera sammanlänkade kulor som förs in genom anus in i ändtarmen och sedan dras ut i varierande tempo för sexuell stimulans.	
homoit0000042	Analfisting		Sexuell aktivitet där en knytnäve förs in i anus.	
homoit0000043	Analsex		Sexuell aktivitet som involverar penetration av anus.	
homoit0000044	Androgenokänslighetssyndrom	Androgeninsensitivitetssyndrom	Personer som föds med androgenokänslighetssyndrom har XY-kromosomer och testiklar, men deras kroppar har varierande grad av okänslighet för androgener (inklusive testosteron). Det innebär att deras celler inte svarar typiskt på det testosteron de producerar. Liksom andra variationer i könskarakteristika är Androgenokänslighetssyndrom ett spektrum med underkategorierna fullständig (CAIS), partiell (PAIS) och mild androgenokänslighet (MAIS). Termen ”manligt androgenokänslighetssyndrom” bör inte användas för att beskriva denna variation eftersom många personer med androgenokänslighetssyndrom är kvinnor.	
homoit0000045	Androgyna personer		Personer med en ickebinär könsidentitet som inkluderar både maskulina och feminina drag.	
homoit0000046	Androgynos		En israelisk term som används i rabbinsk litteratur för att beskriva både en mytologisk intersexvarelse och en juridisk kategori.	
homoit0000047	Androgynitet		Kombinationen av maskulina och feminina egenskaper.	
homoit0000048	Anglikaner (hbtq+)		Hbtq+-personer som är anglikaner, det vill säga medlemmar i Anglikanska kyrkan, som är statskyrka i Storbritannien.	
homoit0000049	Rimming	Rimning||Analingus	Sexuell stimulering av anus med tungan eller munnen.	
homoit0000050	Anonymt sex		Sexuella möten mellan två eller fler personer som inte känner varandra, vanligtvis utan förväntan om framtida kontakt eller interaktion.	
homoit0000051	Diskriminering av bisexuella		Systematiskt orättvist eller fördomsfull behandling av bisexuella personer på grund av deras identitet, uttryck eller tillhörighet, vilket kan ta sig uttryck i begränsad tillgång till arbete, bostad eller rättsligt erkännande.	
homoit0000052	Våld mot bisexuella		Beteenden som innefattar fysiskt våld avsett att skada eller döda bisexuella personer på grund av deras identitet.	
homoit0000053	Diskrimineringslagstiftning		Lagstiftning som syftar till att förhindra diskriminering av skyddade grupper i arbetsliv, på bostadsmarknaden, inom utbildning och i andra samhällsområden.	
homoit0000054	Antifeminism		Motstånd mot vissa eller alla former av feminism.	
homoit0000055	Diskriminering av bögar	Diskriminering av homosexuella män	Systematiskt orättvist eller fördomsfull behandling av bögar på grund av deras identitet, uttryck eller tillhörighet, vilket kan ta sig uttryck i begränsad tillgång till arbete, bostad eller rättsligt erkännande.	
homoit0000056	Våld mot bögar	Våld mot homosexuella män	Beteenden som innefattar fysiskt våld avsett att skada eller döda bögar på grund av deras identitet.	
homoit0000057	Diskriminering av lesbiska		Systematiskt orättvist eller fördomsfull behandling av lesbiska på grund av deras identitet, uttryck eller tillhörighet, vilket kan ta sig uttryck i begränsad tillgång till arbete, bostad eller rättsligt erkännande.	
homoit0000058	Våld mot lesbiska		Beteenden som innefattar fysiskt våld avsett att skada eller döda lesbiska på grund av deras identitet.	
homoit0000059	Våld mot hbtq+-personer		Beteenden som innefattar fysiskt våld avsett att skada eller döda hbtq+-personer på grund av deras identitet.	
homoit0000060	Diskriminering av queera personer		Systematiskt orättvist eller fördomsfull behandling av queera personer på grund av deras identitet, uttryck eller tillhörighet, vilket kan ta sig uttryck i begränsad tillgång till arbete, bostad eller rättsligt erkännande.	
homoit0000061	Våld mot queera personer		Beteenden som innefattar fysiskt våld avsett att skada eller döda queera personer på grund av deras identitet.	
homoit0000062	Diskriminering av transpersoner		Systematiskt orättvist eller fördomsfull behandling av transpersoner (eller andra som uppfattas bryta mot könsnormer) på grund av deras könsidentitet och/eller könsuttryck vilket kan ta sig uttryck i begränsad tillgång till arbete, bostad eller rättsligt erkännande.	
homoit0000063	Våld mot transpersoner		Beteenden som innefattar fysiskt våld avsett att skada eller döda transpersoner på grund av deras identitet.	
homoit0000064	Penil agenesi	Aphallia	Personer med aphalia har en X- och en Y-kromosom (46XY), testiklar och föds utan penis. De producerar typiska nivåer av testosteron och utvecklar sekundära könskarakteristika kopplade till en typisk testosteronstyrd pubertet under tonåren.	
homoit0000065	Aravani		Indisk term för personer som identifierar sig som kvinnor fångade i manliga kroppar. Många föredrar andra termer, såsom hijra eller thirunangai.	
homoit0000066	Hbtq+-arkiv	Arkiv (hbtq+)	Samlingar av arkivmaterial och dokument relaterade till hbtq+-personer eller hbtq+-gemenskaper. Kan omfatta arkiv hos allt från lokala gemenskaper till statliga institutioner.	
homoit0000067	Aromantiska		Individer som i allmänhet inte upplever romantisk attraktion eller längtan efter romantiska relationer.	
homoit0000068	Arresteringar av hbtq+-personer		Institutioners eller myndigheters gripande och frihetsberövande av hbtq+-personer för att inskränka deras rörelsefrihet.	
homoit0000069	Insemination		Användning av spermier för att åstadkomma graviditet genom naturliga eller artificiella metoder, särskilt i samband med familjebildning för hbtq+-personer med spermiedonatorer.	
homoit0000070	Hbtq+-kulturutövare		Hbtq+-personer som utövar någon form av konstnärlig eller kreativ verksamhet.	
homoit0000071	Asexuella	Ace	Personer som generellt inte upplever sexuell attraktion eller lust. Används inte för att beskriva personer som praktiserar celibat eller avhållsamhet av religiösa eller kulturella skäl.	
homoit0000072	Ashtime		Term som används av Maale-folket i Etiopien för personer som tilldelats manligt kön vid födseln och som uppvisar feminina egenskaper. Det finns viss osäkerhet kring termens legitimitet.	
homoit0000073	Asiat-amerikaner (hbtq+)	Asiatisk-amerikanska hbtq+-personer	Hbtq+-personer av asiatisk härkomst, födda i USA eller i asiatiska länder, som bor i eller har en stark koppling till USA. Används endast för individer som själva identifierar sig som asiatisk-amerikaner.	
homoit0000074	Asiater (hbtq+)	Asiatiska hbtq+-personer	Hbtq+-personer av asiatisk härkomst, boende i Asien eller en del av den asiatiska diasporan. Används endast för personer som själva identifierar sig som asiatiska.	
homoit0000075	Autoerotisk kvävning		Medveten begränsning av sitt eget syreintag i syfte att uppnå sexuell upphetsning.	
homoit0000076	Anala samlag		Sexuell praktik där en penis eller en dildo förs in i anus.	
homoit0000077	AFAB	Assigned female at birth Tilldelat kvinnligt kön vid födseln Tillskrivet kvinnligt kön vid födseln	Tilldelning av kvinnligt kön eller en kvinnlig könsmarkör strax efter födseln.	
homoit0000078	Tilldelat kön vid födelsen	Kön tilldelat vid födseln||Kön tillskrivet vid födseln||Tillskrivet kön vid födseln||AGAB	Kön, vanligtvis ”flicka” eller ”pojke”, som tillskrivs ett barn vid födseln eller under ungdomen baserat på barnets uppfattade kön.	
homoit0000079	AMAB	Assigned male at birth Tilldelat manligt kön vid födseln Tillskrivet manligt kön vid födseln	Tilldelning av ett manligt kön eller en manlig könsmarkör strax efter födseln.	
homoit0000080	Normalisering		Sociala processer där idéer, egenskaper och beteenden kommer att uppfattas som ”normala” eller ”naturliga” och accepteras som sådana.	
homoit0000081	Anallekar	Analplay	All form av sexuell aktivitet som innefattar anal stimulering.	
homoit0000082	Ateister (hbtq+)		Hbtq+-personer som inte tror på Gud eller gudar.	
homoit0000083	Autoerotik		Aktivitet där en person sexuellt stimulerar sig själv.	
homoit0000084	Aversionsterapi (hbtq+)		Beteendeterapi som syftar till att ersätta positiva associationer kopplade till homosexualitet med negativa, exempelvis genom elchocker eller illamåendeframkallande läkemedel, i försök att förändra individens homosexuella läggning till en heterosexuell.	
homoit0000085	Aylonit		En israelisk term som används för att beskriva kvinnor med maskulina drag och som vanligen är infertila.	
homoit0000086	Bondage		Handling där kroppen binds eller begränsas, vanligtvis med rep, handbojor, tejp eller andra fästanordningar, i syfte att uppnå erotisk njutning eller en estetisk upplevelse.	
homoit0000087	Dark rooms	Backrooms||Darkrooms	Rum på nattklubbar, sexklubbar eller badhus där besökare diskret kan ha sex. Dark rooms var vanliga inslag i gaybarer och klubbar under 1960–80-talet och är fortfarande vanliga bland swingers idag.	
homoit0000088	Nyutkomna flator	Baby dykes||Babyflator	Nyutkomna lesbiska som identifierar sig som flator. Använd endast för personer som själva identifierar sig som flator.	
homoit0000089	Nyutkomna bögar	Baby gays	Nyutkomna bögar.	
homoit0000090	Bading		Nedsättande filippinsk term som syftar på bögar som crossdressar.	
homoit0000091	Bakia		Filippinsk term för personer som tilldelats manligt kön vid födseln och som antar feminina manér. Betraktas ofta som ett tredje kön.	
homoit0000092	Ballroomkultur	Ball culture	En subkultur som uppstod i början av 1900-talet i New York där framför allt afroamerikanska och latinamerikanska hbtq+-personer uppträder, kallat "walk", och tävlar om olika priser.	
homoit0000093	Disciplinbollar	Ballgags||Gags||Bollgags||Munkavle	Kulor av silikon, gummi eller andra material som spänns fast i en persons mun för att hindra dem från att tala, vanligtvis under sex.	
homoit0000094	Ballroomfamiljer	Ballroom houses||Ballroomhus	Inom ballroomkulturen är ballroomfamiljer (eller ”hus”/”houses”) valda familjer ledda av och namngivna efter etablerade medlemmar i gemenskapen (t.ex. House of Xtravaganza). Ledare för dessa familjer kallas vanligtvis ”mammor” eller ”pappor”, medan medlemmarna benämns som ”barn” och ”syskon”.	
homoit0000095	Banjier	Banjees	Term från 1980-talet (eller tidigare) som beskriver en viss typ av ung latinamerikansk eller afroamerikansk man som har sex med män och klär sig i en stereotyp maskulin urban stil.	
homoit0000096	Bantut		Filippinsk term för bögar som klär sig i kvinnokläder och/eller antar feminina manér.	
homoit0000097	Baptister (hbtq+)		Hbtq+-personer som är baptister.	
homoit0000098	Berdache		En nedsättande term skapad av västerländska antropologer för att generellt beskriva ursprungsfolk som uttrycker blandade könsroller. Bör endast användas i historiska sammanhang.	
homoit0000099	Barebacking		Sexuell praktik som innebär analsex utan att använda kondom.	
homoit0000100	Hbtq+-barer		Barer eller uteställen som främst besöks av hbtq+-personer.	
homoit0000101	Bayot		Nedsättande cebuansk term som används på Filippinerna för att beskriva feminina bögar eller maskulina kvinnor.	
homoit0000103	Kink-gemenskap	Kink-communityn||Kinkster-gemenskap||Kinkster-community	Ett brett begrepp som innefattar alla gemenskaper av personer med intresse för kink och fetischer, inklusive subkulturer som läder-, gummi- och latexgemenskaper.	
homoit0000104	Hbtq+-stränder		Stränder som är avsedda för hbtq+-personer eller som är kända för att ofta besökas av hbtq+-personer.	
homoit0000105	Björnar (bögkultur)		Slang som används för att beskriva håriga och stora eller muskulösa bögar.	
homoit0000106	Beteendeterapi		Terapeutiska metoder och behandlingar med ursprung i kognitiv psykologi som syftar till att identifiera och eventuellt förändra beteenden som uppfattas som självdestruktiva eller ohälsosamma. Inkluderar beteendeterapi med syfte att förändra en individs sexuella eller könsrelaterade identitet eller uttryck.	
homoit0000108	Bi+-personer		Personer som inte enbart är sexuellt och/eller romantiskt attraherade av personer av ett enda biologiskt kön (inkluderar bisexuella, queera, pansexuella och flytande identiteter).	
homoit0000109	Hatbrott		Brott som begås med motiv kopplat till offrets faktiska eller uppfattade ras, nationalitet, religion, sexuella identitet, könsidentitet eller funktionsnivå.	
homoit0000110	Bigender-identitet		Term som används för att beskriva identiteter hos personer som har två kön.	
homoit0000111	Bigender-personer		Personer som identifierar sig med två kön, antingen samtidigt eller mer flytande.	
homoit0000112	Intolerans mo hbtq+-personer		Ovillighet att acceptera eller bekräfta hbtq+-personer eller deras identiteter i attityd eller handling.	
homoit0000113	Binabae		Tagalog-term för individer som har både manliga och kvinnliga egenskaper.	
homoit0000114	Binding (bröstkorg)		Att platta till eller dölja bröstområdet med hjälp av åtsittande tröja, band eller liknande material. En praktik som oftast används av transmän och transmaskulina personer.	
homoit0000115	Essentialism		Praktiken att definiera vissa kategorier genom påstått universella eller fasta egenskaper eller kännetecken (t.ex. att definiera kvinnor utifrån ”kvinnliga” genitalier).	
homoit0000116	Biologiskt föräldraskap		Erfarenheten av att vara biologisk förälder till ett barn. Denna relation kan vara genetisk, gestationell (att vara den bärande föräldern) eller båda.	
homoit0000117	Bifobi		Fientlighet eller avsmak riktad mot bisexualitet som identitet eller mot bisexuella personer på grund av deras sexualitet. Bifobi kan innefatta förnekelse av bisexualitetens existens, stereotyper, verbala trakasserier och fysiskt våld.	
homoit0000118	Födelseattesttillägg		Formella ändringar av en individs födelsebevis, vanligtvis för att återspegla en förändring av individens juridiska namn eller könsmarkör. Förekommer inte i Sverige.	
homoit0000119	Födelseattest	Födelsebevis	Juridiska dokument som utfärdas för att registrera en individs födelse, vanligtvis inkluderande identifierande information såsom namn, tilldelat kön eller könsmarkör, födelsedatum och plats samt föräldraskap. Födelseattester utfärdas inte i Sverige.	
homoit0000120	Kön tilldelat vid födseln	Kön tilldelat vid födseln||Kön tillskrivet vid födseln||Tilldelat kön||Tillskrivet kön||Tillskrivet kön vid födseln	Det juridiska kön som registreras i samband med födelse i certifikat och register. Kan också syfta på de könsroller och förväntningar som är knutna till detta kön.	
homoit0000121	Förstaföräldrar	Bioföräldrar	Biologiska eller genetiska föräldrar till ett eller flera barn som har placerats för adoption.	
homoit0000122	Bisexuell aktivism		Direkt aktion och organisering för att uppnå politisk eller social förändring och acceptans för bisexuella personer.	
homoit0000123	Bisexuella afroamerikaner		Bisexuella personer av afrikansk härkomst födda i USA eller bisexuella personer födda i afrikanska länder som bor i eller har en stark anknytning till USA. Används för individer som identifierar sig som afroamerikaner. Följ individens preferens för afroamerikan eller svart när det är möjligt.	
homoit0000124	Bisexuella afrokanadensare		Bisexuella personer av afrikansk härkomst födda i Kanada eller bisexuella personer födda i afrikanska länder som bor i eller har en stark anknytning till Kanada. Används för individer som identifierar sig som afrokanadensare.	
homoit0000125	Bisexuella afrokaribier		Bisexuella personer av afrikansk härkomst födda i Karibien eller bisexuella personer födda i afrikanska länder som bor i eller har en stark anknytning till Karibien. Används endast för personer som identifierar sig som afrokaribier.	
homoit0000126	Bisexuella afroeuropéer		Bisexuella personer av afrikansk härkomst födda i europeiska länder eller bisexuella personer födda i afrikanska länder som bor i eller har en stark anknytning till Europa. Använd endast för personer som identifierar sig som afroeuropéer.	
homoit0000127	Bisexuella afrolatinos		Bisexuella personer av afrikansk härkomst födda i latinamerikanska länder eller bisexuella personer födda i afrikanska länder som bor i eller har en stark anknytning till Latinamerika. Använd endast för personer som identifierar sig som afrolatinos.	
homoit0000128	Bisexuella arkiv		Samlingar av arkivmaterial och dokument relaterade till bisexuella personer eller bisexuella gemenskaper. Kan omfatta arkiv hos allt från lokala gemenskaper till statliga institutioner.	
homoit0000129	Bisexuella kulturutövare		Bisexuella personer som utövar någon form av konstnärlig verksamhet.	
homoit0000130	Bisexuella asiat-amerikaner	Asiatisk-amerikanska bisexuella personer	Bisexuella personer av asiatisk härkomst, födda i USA eller i asiatiska länder, som bor i eller har en stark koppling till USA. Används endast för individer som själva identifierar sig som asiat-amerikaner.	
homoit0000131	Bisexuella asiater	Asiatiska bisexuella personer	Bisexuella personer av asiatisk härkomst, boende i Asien eller en del av den asiatiska diasporan. Används endast för personer som själva identifierar sig som asiatiska.	
homoit0000132	Bisexuella ateister		Bisexuella personer som är ateister.	
homoit0000133	Bisexuella barer		Barer eller uteställen som främst riktar sig till bisexuella personer.	
homoit0000134	Bisexuella stränder		Stränder som är avsedda för bisexuella personer eller som är kända för att ofta besökas av bisexuella personer.	
homoit0000135	Svarta bisexuella personer		Svarta personer som är bisexuella. Används endast för individer som själva identifierar sig som svarta. Följ individens preferens för att använda svart eller diasporaidentitet som t.ex. afroeuropé när det är möjligt.	
homoit0000136	Bisexuella bokaffärer		Bokhandlar som säljer material riktat till bisexuella personer eller som behandlar ämnen relaterade till bisexualitet.	
homoit0000137	Bisexuella pojkar		Pojkar (vanligtvis barn eller unga under 18 år) som är bisexuella.	
homoit0000138	Bisexuella buddister		Bisexuella personer som är buddister.	
homoit0000139	Bisexuella karaktärer		Karaktärer i kreativa verk som är bisexuella.	
homoit0000140	Bisexuella barn		Bisexuella personer som ännu inte har nått tonåren.	
homoit0000141	Bisexuella kristna		Bisexuella personer som är kristna.	
homoit0000142	Bisexuella religiösa ledare	Bisexuella med religiösa ämbeten	Bisexuella personer som är prästvigda eller innehar religiösa ämbeten, särskilt inom kristendomen.	
homoit0000143	Bisexuella gemenskaper	Bisexuella communityn	Grupper av personer som delar erfarenheten av att vara bisexuella.	
homoit0000144	Bisexuella community centers	Föreningslokaler för bisexuella||Träffpunkter för bisexuella	Mötesplatser för bisexuella gemenskaper där personer träffas för sociala, utbildningsrelaterade, fritids- eller organisatoriska aktiviteter.	
homoit0000145	Bisexuella par		Parrelationer där båda parterna är bisexuella.	
homoit0000146	Bisexuella döttrar		Döttrar som identifierar sig som bisexuella.	
homoit0000147	Bisexuella informationscentrum	Informationscentrum för bisexuella	Institutioner som tillhandahåller utbildning, stöd och information om bisexualitet och bisexuella gemenskaper för bisexuella personer.	
homoit0000148	Bisexuella dominatrixer	Bisexuella dominor	Bisexuella personer som intar en dominant roll inom BDSM och/eller i maktutbytesrelationer med en dominant/underordnad dynamik. Termen används främst av feminint identifierade personer.	
homoit0000149	Bisexuell dramatik	Bisexuell scenkonst	Fiktion avsedd för sceniskt framförande med bisexuella gestalter eller teman.	
homoit0000150	Bisexuella familjer		Familjer – biologiska, adoptiva eller valda – där en eller flera personer identifierar sig som bisexuella.	
homoit0000151	Bisexuell skönlitteratur		Litterära verk som beskriver fiktiva händelser eller personer. Används för skönlitteratur med bisexuella karaktärer eller teman.	
homoit0000152	Bisexuella flickor	Bisexuella tjejer	Flickor (vanligtvis barn eller ungdomar under 18 år) som är bisexuella.	
homoit0000153	Bisexuell identitet		Term som används för att beskriva den sexuella identiteten hos personer som är romantiskt och/eller sexuellt attraherade av personer av mer än ett kön och som föredrar termen bisexuell framför alternativ såsom pansexuell eller polysexuell.	
homoit0000154	Bisexuella judar	Judiska bisexuella	Bisexuella personer som är judar.	
homoit0000155	Bisexuella latines	Latino/a/x bisexuella	Bisexuella personer som är latinamerikaner och som själva identifierar sig som latines (latino, latina eller latinx). Blanda inte ihop med chicano/a/x eller hispanic.	
homoit0000156	Bisexuella bibliotek		Bibliotek som samlar material som främst rör bisexuella personer eller är avsett att användas av bisexuella personer.	
homoit0000157	Bisexuell litteratur		Skrivna litterära verk om bisexualitet, bisexuella karaktärer eller bisexuella teman.	
homoit0000158	Blandäktenskap (sexuell läggning)	Konventionsäktenskap	Äktenskap mellan personer med olika sexuell läggning (t.ex. bisexuell och heterosexuell, allosexuell och asexuell).	
homoit0000159	Dominanta bisexuella		Bisexuella personersom intar en dominant roll inom BDSM och/eller i maktutbytesrelationer med en dominant/underordnad dynamik.	
homoit0000160	Bisexuella män		Män som identifierar sig som bisexuella.	
homoit0000161	Bisexuella härskarinnor	Bisexuella mistresses	Bisexuella personer som intar en dominerande roll inom BDSM och/eller i maktutbytesrelationer med en härskarinna/undergiven-dynamik. Termen används främst av feminint identifierade personer.	
homoit0000162	Bisexuella rörelser		Samlingsterm för aktivism med fokus på bisexuella personers rättigheter och de frågor som påverkar bisexuellas gemenskaper.	
homoit0000163	Bisexuella museer		Institutioner som ägnar sig åt insamling, utställning, bevarande och konservering av material som rör bisexualitet, bisexuella personer eller bisexuell historia.	
homoit0000164	Bisexuella muslimer		Bisexuella personer som är muslimer.	
homoit0000165	Bisexuella ursprungsamerikaner		Personer som tillhör ursprungsfolken i det kontinentala USA och Kanada (exklusive inuiter) och som identifierar sig som bisexuella. Använd mer specifika termer där det är möjligt.	
homoit0000166	Bisexuella nyhetsbrev		Seriella tryckta eller digitala tidskrifter skapade av eller för bisexuella personer, ofta i syfte att dela nyheter och information relaterad till bisexuella gemenskaper och bisexuella frågor.	
homoit0000167	Bisexuella tidningar		Seriella tryckta eller digitala publikationer om bisexualitet eller bisexuella frågor (vanligtvis producerade av bisexuella personer eller organisationer) som innehåller nyheter, artiklar, krönikor, korrespondens och annonser.	
homoit0000168	Bisexuella hedningar	Bisexuella nyhedningar	Bisexuella personer som tillhör polyteistiska religioner, eller andra religioner utanför den dominerande kulturen, som ofta innefattar naturdyrkan och/eller det heliga feminina, såsom wicca, druidism, hednisk tro m.m. Används för bisexuella som själva identifierar sig som hedningar.	
homoit0000169	Bisexuella föräldrar		Föräldrar som är bisexuella.	
homoit0000170	Bisexuella		Personer som är romantiskt och/eller sexuellt attraherade av mer än ett kön och som identifierar sig som bisexuella. Används inte för att beskriva pansexuella eller polysexuella personer om de inte också använder termen bisexuell.	
homoit0000171	Bisexuella inom militären		Bisexuella personer som tjänstgör inom nationella försvarsstyrkor.	
homoit0000172	Bisexuella icke-vita	Bisexuella POC||Bisexuella people of color	Bisexuella som inte är vita och som identifierar sig som icke-vita/people of color.	
homoit0000173	Föräldrar till bisexuella		Personer som fungerar som föräldrar till en eller flera bisexuella personer. För föräldrar som själva är bisexuella, använd termen ”Bisexuella föräldrar”.	
homoit0000174	Bisexuell poesi	Bisexuell lyrik	Lyriska verk med fokus på på bisexuella karaktärer, teman eller identitet.	
homoit0000175	Bisexuella politiska aktivister		Bisexuella personer som verkar för politisk eller social förändring genom offentlig organisering och mobilisering.	
homoit0000176	Bisexuell porrfilm		Erotiska eller sexuellt explicita filmer där bisexuella personer medverkar.	
homoit0000177	Bisexuell press		Tidningar, magasin eller andra publikationer som riktar sig till bisexuella och/eller drivs av bisexuella personer.	
homoit0000178	Bisexuella sexarbetare		Bisexuella personer som tar emot pengar eller varor i utbyte mot sexuella handlingar, framträdanden eller sällskap. Vissa anser termen sexarbetare som kränkade och politiserad, medan andra identifierar sig med den. Se även "Bisexuella i prostitution	
homoit0000179	Bisexuella protestanter		Bisexuella personer som är medlemmar i den protestantiska kyrkor.	
homoit0000180	Bisexuella förlag		Företag och organisationer som publicerar material för bisexuella gemenskaper eller som behandlar bisexuella frågor.	
homoit0000181	Bisexuell radio		Ljudinnehåll som sänds i radio, analog eller digital, och som handlar om bisexuella personer eller bisexuella frågor.	
homoit0000182	Bisexuella relationer		Pågående relationer, romantiska, sexuella eller platoniska, mellan två eller flera bisexuella personer.	
homoit0000183	Bisexuella rättigheter		Juridiska, sociala eller etiska principer om frihet eller rättigheter för bisexuella personer.	
homoit0000184	Romersk-katolska bisexuella		Bisexuella personer som är medlemmar i den romersk-katolska kyrkan.	
homoit0000185	Bisexuell slang		Vardagligt eller informellt språkbruk relaterat till bisexualitet eller som används av bisexuella personer.	
homoit0000186	Bisexuella söner		Söner som identifierar sig som bisexuella.	
homoit0000187	Bisexualitetsstudier		Akademiskt forskningsfält om bisexualitet, bisexuella personer och bisexuella gemenskaper.	
homoit0000188	Bisexuella hatbrottsöverlevare		Bisexuella personer som har upplevt och överlevt hatbrott. Följ individens preferens för att använda ”offer” eller ”överlevare” när det är möjligt.	
homoit0000189	Bisexuella våldtäktsöverlevare		Bisexuella personer som har upplevt och överlevt våldtäkt. Följ individens preferens för att använda ”offer” eller ”överlevare” när det är möjligt.	
homoit0000190	Bisexuella personer som överlevt sexuella övergrepp		Bisexuella personer som har utsatts för och överlevt sexuella övergrepp. Följ individens preferens för att använda ”offer” eller ”överlevare” när det är möjligt.	
homoit0000191	Bisexuella krigsöverlevare		Bisexuella personer som har upplevt och överlevt krig. Följ individens preferens för att använda ”offer” eller ”överlevare” när det är möjligt.	
homoit0000192	Unga bisexuella		Bisexuella personer i åldern mellan barndom och vuxenliv.	
homoit0000193	Bisexuell tv		Tv-program med bisexuella karaktärer eller teman.	
homoit0000194	Bisexuell teater		Scenkonstverk som fokuserar på bisexuella karaktärer, gemenskaper eller frågor.	
homoit0000196	Bisexuella offer för hatbrott	Bisexuella offer för hatbrott	Bisexuella personer som har upplevt hatbrott och som kan ha överlevt eller inte. Följ individens preferens för att använda ”offer” eller ”överlevare” när det är möjligt.	
homoit0000197	Bisexuella våldtäktsoffer		Bisexuella personer som har upplevt våldtäkt och som kan ha överlevt eller inte. Följ individens preferens för att använda ”offer” eller ”överlevare” när det är möjligt.	
homoit0000198	Bisexuella offer för sexuella övergrepp	Bisexuella som utsatts för sexuella övergrepp	Bisexuella personer som har utsatts för sexuella övergrepp och som kan ha överlevt eller inte. Följ individens preferens för att använda ”offer” eller ”överlevare” när det är möjligt.	
homoit0000199	Bisexuella krigsoffer		Bisexuella personer som har upplevt krig och som kan ha överlevt eller inte. Följ individens preferens för att använda ”offer” eller ”överlevare” när det är möjligt.	
homoit0000200	Bisexuella brottsoffers rättigheter		Bisexuella personers juridiska rättigheter som brottsoffer att få information, närvara och komma till tals inom rättsväsendet efter att ha utsatts för brott, olycka eller annan händelse som orsakat skada.	
homoit0000201	Vita bisexuella personer		Bisexuella personer som är vita.	
homoit0000202	Bisexuella kvinnor		Kvinnor som identifierar sig om bisexuella.	
homoit0000203	Bisexuell ungdomslitteratur		Litterära verk för läsare mellan 12 och 18 år, även kallat YA. Används för ungdomslitteratur med fokus på bisexuella karaktärer eller teman.	
homoit0000204	Bisexualitet		Sexuell identitet som definieras som attraktion till mer än ett kön. Följ individens egen benämning av identiteten som bisexuell, pansexuell eller polysexuell när det är möjligt.	
homoit0000205	Bissu		Shamaner inom bugis-kulturen i Indonesien som uppfattas som androgyna i både kropp och sinne.	
homoit0000206	Bitning (sexualitet)	Bitsex	Att bita eller applicera tryck med tänderna i syfte att framkalla sexuell upphetsning.	
homoit0000207	Biza'ah		Bland zapotekerna i Teotitlán del Valle, Mexiko, används denna term för personer som tilldelats manligt kön vid födseln och som uppvisar feminina egenskaper.	
homoit0000208	Svarta hbtq+-personer		Svarta personer som också är hbtq+. Används inte för icke-vita generellt. Följ individens preferens för att använda svart eller diasporaidentitet som t.ex. afroeuropé när det är möjligt.	
homoit0000209	Ögonbindlar		Ett tillbehör som används för att täcka ögonen, traditionellt en tygbit som knyts runt huvudet för att begränsa eller ta bort synförmågan.	
homoit0000211	Vampyrism (sexualitet)	Vampyrsex	Sexuella praktiker med koppling till en så kallad vampyrlivsstil. Kan utgöra en del av BDSM-gemenskaper och inkludera rollspel, blodkonsumtion med mera.	
homoit0000212	Fellatio		En sexuell handling som innebär stimulering av en annan persons yttre könsorgan (vanligtvis penis eller klitoris) med mun och tunga.	
homoit0000213	Sexdockor	Uppblåsbara dockor	Sexleksaker som efterliknar delar av eller hela människokroppen.	
homoit0000214	Kroppsutsmyckning		Dekoration eller förändring av människokroppen för estetiska eller kulturella syften. Inkluderar kroppsmålning, tatuering, piercing och scarification.	
homoit0000215	Bois		Slang för unga maskulina eller transmaskulina personer. Termen används ofta inom amerikanska lesbiska gemenskaper.	
homoit0000216	Hbtq+-bokaffärer	Hbtq+-bokhandlar||Bokhandlar (hbtq+)||Bokaffärer (hbtq+)||Boklådor (hbtq+)	Bokhandlar som säljer material riktat till hbtq+-personer eller som behandlar ämnen relaterade till hbtq+.	
homoit0000217	Bootblacking	Kängputsning	Inom läder- och kinkgemenskaper, handlingen att rengöra och vårda läderkängor, skor eller plagg.	
homoit0000218	Bostonäktenskap		Samboende kvinnor (ofta i en romantisk relation) utan ekonomiskt stöd från en man. Termen uppstod i New England (USA) i slutet av 1800-talet.	
homoit0000219	Bottoms (sex)	Passiv (sex)	Den mottagande parten vid kinkaktiviteter. Vanlig term i bögsammanhang för en person som vill inta den ”passiva” rollen vid sex, vilket förväntas bestå av att få penetration och ge oralsex.	
homoit0000220	Pojkar	Killar	Barn eller ungdomar, vanligtvis under 18 år, som identifierar sig som pojkar.	
homoit0000221	Pojkars vänskap		Relationer baserade på tillgivenhet och förtroende mellan två eller flera pojkar.	
homoit0000222	Bröst		De mjuka, utstickande organen på en individs bröst.	
homoit0000223	Bordeller		Etablissemang där kunder betalar för att ha sex med sexarbetare/prostituerade. Bordeller kan vara olagliga, avkriminaliserade eller legala verksamheter.	
homoit0000224	Brotherboys		Australiensisk urfolksterm för personer som genomgår en könsbekräftande transition från kvinna till man.	
homoit0000225	buddister (hbtq+)		Hbtq+-personer som är buddister.	
homoit0000226	Kamratstöd (hbtq+)	Buddy care (hbtq+)||Kompisvård (hbtq+)||Kompisstöd (hbtq+)	En form av hbtq+-hälso- och sjukvårdsstöd där volontärer (buddies) följer med patienter till vårdbesök för att ge emotionellt och logistiskt stöd.	
homoit0000227	Sodomiter		Nedsättande historisk term för personer som ägnar sig åt sexuella handlingar som betraktas som onaturliga eller omoraliska. Termen användes ofta om bögar som utövade analsex. Bör endast användas i historiska sammanhang.	
homoit0000228	Mobbning		En form av aggressivt beteende som kan inkludera verbala trakasserier, fysiska angrepp eller tvång. Mobbning riktas vanligtvis upprepade gånger mot specifika offer, ofta på grund av ras, kön, sexualitet eller funktionalitet.	
homoit0000229	Burrnesha		På Balkan, personer som tilldelats kvinnligt kön vid födseln och som avlägger ett kyskhetslöfte och lever som män.	
homoit0000230	Butch-femme-relationer		Romantiska, sexuella eller kinkrelaterade relationer mellan en maskulint identifierande eller maskulint presenterande person och en feminint identifierande eller feminint presenterande person. Termerna butch och femme används oftast inom lesbiska gemenskaper men förekommer även bland andra hbtq+-personer. Används endast för relationer mellan personer som själva identifierar sig som butch och femme.	
homoit0000231	Butchar		En maskulin person av vilket kön som helst, även om termen oftast används inom lesbiska gemenskaper.	
homoit0000232	Skinkor		De köttiga utbuktningarna på baksidan av höfterna som människor sitter på.	
homoit0000233	Buttpluggar		En sexleksak som är utformad för att föras in i anus för sexuell stimulering eller njutning. Buttplugar är oftast kortare än dildos och har en utvidgad bas för att förhindra att de glider in i ändtarmen.	
homoit0000234	Calabai		I Bugis-kulturen används denna term för personer som tilldelats manligt kön vid födseln och som antar kvinnliga roller.	
homoit0000235	Calalai		I Bugis-kulturen används denna term för personer som tilldelats kvinnligt kön vid födseln och som antar manliga roller.	
homoit0000236	Manliga sexarbetare		Män som tar emot pengar eller varor i utbyte mot sexuella handlingar, framträdanden eller sällskap. Används för att beskriva män som är verksamma inom det breda spektrumet av sexarbete. Vissa anser termen sexarbetare som kränkade och politiserad, medan andra identifierar sig med den. Se även "Män i prostitution".	
homoit0000237	Kalvinister (hbtq+)		Hbtq+-personer som är kalvinister.	
homoit0000238	Camp		En estetisk stil och ett sätt att uppskatta uttryck som präglas av ironi och avsiktligt dålig smak.	
homoit0000239	Cunnilingus		En sexuell handling som innebär stimulering av klitoris, blygdläppar och vagina med mun och tunga.	
homoit0000240	Eunucker	Kastrater	Personer som tilldelats manligt kön vid födseln och som har kastrerats. Historiskt tjänstgjorde eunucker i kungliga hov som slavar eller tjänare. I vissa fall kastrerades individer före puberteten för att behålla barnlika röstegenskaper.	
homoit0000241	Kastrering		Avlägsnande av testiklarna eller påverkan på testiklarnas funktion, vanligtvis genom kirurgiska eller kemiska metoder. Inkluderar kastrering som genomförs frivilligt som ett könsbekräftande kirurgiskt ingrepp eller som del av en religiös ritual. För ofrivillig kastrering som utförs av myndigheter eller som hatbrott, använd termen ”Tvångskastrering”.	
homoit0000242	Tillfälligt sex		Tillfälliga eller enstaka sexuella möten mellan två eller flera personer, vanligtvis utanför romantiska relationer och andra former av känslomässig anknytning.	
homoit0000243	Vita hbtq+-personer		Hbtq+-personer som är vita.	
homoit0000244	Celibat		Medveten avhållsamhet från sexuella aktiviteter, ofta kopplad till religiösa övertygelser. Celibat skiljer sig från asexualitet och ska endast användas för att beskriva asexuella personer om de också väljer att praktisera avsiktlig avhållsamhet.	
homoit0000245	Censur		Begränsning eller undertryckande av yttrandefrihet, offentlig kommunikation, bilder, idéer eller annan information av institutioner, myndigheter eller andra kontrollerande aktörer, vanligtvis för att innehållet bedömts som stötande, skadligt eller känsligt.	
homoit0000246	Chakka		Nedsättande term för en person med tredje kön i Karnataka-kulturen i Indien.	
homoit0000247	Namnbyte	Namnändring	Processen där en individ byter namn i juridiska eller statliga dokument.	
homoit0000248	Omklädningsrum		Rum eller områden i offentliga eller kommersiella miljöer där personer kan byta om, med varierande grad av integritet.	
homoit0000249	Hbtq+-karaktärer		Karaktärer i kreativa verk som är hbtq+-personer.	
homoit0000252	Bröstharness		Bärbara tillbehör, vanligtvis bestående av läderremmar och metallringar eller fästpunkter, som sitter runt bröstkorgen och axlarna som en väst. Kan bäras som en modeaccessoar, för att signalera tillhörighet till läder- eller BDSM-gemenskaper, eller för att begränsa bärarens rörelse under sex.	
homoit0000253	Latines (hbtq+)	Latinx (hbtq)	Hbtq+-personer som är latinamerikaner och som själva identifierar sig som latines (latino, latina eller latinx). Blanda inte ihop med chicano/a/x eller hispanic.	
homoit0000254	Vårdnad av barn	Barnförmynderskap	Juridisk term för vårdnaden av ett barn, eller den juridiska och praktiska relationen mellan en förälder och ett barn i deras omsorg. Används vanligtvis för att beskriva juridisk vårdnad, vilket innefattar rätten att fatta beslut om barnet, samt fysisk vårdnad, vilket innebär rätten och skyldigheten att hysa, försörja och ta hand om barnet.	
homoit0000255	Barn		Personer som ännu inte har nått tonåren.	
homoit0000256	Hbtq+-barn		Hbtq+-personer som ännu inte har nått tonåren.	
homoit0000257	Barn till bisexuella personer		Barn som har en eller flera bisexuella föräldrar.	
homoit0000258	Barn till bögar		Barn som har en eller flera homosexuella pappor.	
homoit0000259	Barn till lesbiska		Barn som har en eller flera lesbiska föräldrar.	
homoit0000260	Barn till hbtq+-personer		Barn som har en eller flera hbtq+-föräldrar.	
homoit0000261	Barn till transpersoner		Barn som har en eller flera transföräldrar.	
homoit0000262	Barn till queera personer		Barn som har en eller flera queera föräldrar.	
homoit0000263	Barns sexualitet		Barns sexuella beteende, inklusive barns uppfattning om sin sexuella läggning.	
homoit0000264	Valt namn		Ett namn som en individ väljer och som skiljer sig från deras födelse- eller juridiska namn. Används ofta för att beskriva namn valda av hbtq+-personer för att bättre överensstämma med deras identitet.	
homoit0000265	Kristna (hbtq+)		Hbtq+-personer som är kristna. Använd mer specifik term om möjligt.	
homoit0000266	Kromosomer		Kromosomerna är lokaliserade i cellkärnan och bär på genetisk information i form av DNA som kodar hur individen utvecklas. En typisk uppsättning kromosomer består av 46 stycken eller 23 kromosompar, där 46,XX (typiskt definierad som kvinna) och 46,XY (typiskt defninerad som man) är könskromosomer och kodar för könstillhörighet. Utöver dessa kombinationer finns flera intersexvariationer med variationer i antal kromosomer och olika uppsättningar av könskromosomer som till exempel 45,X (Turners syndrom).	
homoit0000267	Chubs (bögkultur)		Slangterm som används i böggemenskaper (främst i USA) för att beskriva större eller kraftigt byggda bögar.	
homoit0000268	Omskurna män		Män vars penisar är omskurna (att förhuden har avlägsnats kirurgiskt).	
homoit0000269	Omskärelse		Kirurgiskt avlägsnande av förhuden på penis.	
homoit0000270	Cismän		Män vars könsidentitet överensstämmer med det kön de tilldelades vid födseln.	
homoit0000271	Cispersoner		Individer vars könsidentitet överensstämmer med det kön de tilldelades vid födseln.	
homoit0000272	Ciskvinnor		Kvinnor vars könsidentitet överensstämmer med det kön de tilldelades vid födseln.	
homoit0000273	Cissexuella personer		Individer vars biologiska kön överensstämmer med det kön de tilldelades vid födseln. Medan cisperson syftar på personer som inte är transpersoner, refererar cissexuell till personer som inte är transsexuella.	
homoit0000274	Registrerade partnerskap		Lagligt erkända partnerskap med rättigheter som liknar (men ofta inte är identiska eller jämlika med) äktenskap. Dessa skapades ursprungligen för samkönade par i jurisdiktioner där de inte lagligen tilläts gifta sig.	
homoit0000275	Dokument för civilrättsligt partnerskap		Juridiska dokument som intygar civilrättsliga partnerskap som har etablerats i enlighet med lagarna i vissa jurisdiktioner. Fenomenet förekommer inte i svensk juridik.	
homoit0000276	Medborgerliga rättigheter (hbtq+)		Hbtq+-personers juridiska rättigheter till politisk och social frihet och jämlikhet.	
homoit0000277	Intyg om civilrättsligt partnerskap		Officiella certifikat som intygar registrerade partnerskap som har etablerats i enlighet med lagarna i vissa jurisdiktioner.	
homoit0000278	Sexköpare	Torskar||Laxar	Personer som ger pengar eller varor till sexarbetare i utbyte mot sexuella handlingar, framträdanden eller sällskap.	
homoit0000279	Klittringar	Clit rings	Genitala piercingar som placeras direkt genom klitorishuvan, vanligtvis burna av estetiska skäl eller för att öka sexuell stimulans.	
homoit0000280	Klitorissex		Sexuella handlingar som involverar klitoris.	
homoit0000281	Klitoridektomi		Kirurgiskt ingrepp som innebär borttagning eller förminskning av klitoris.	
homoit0000282	Klitoris		Erogen kroppsdel som kan erigeras vid sexuell stimulans.	
homoit0000283	Klitoromegali		Personer som föds med klitoromegali har en klitoris som är större än vad samhället anser vara typiskt. Klitoromegali är en egenskap som är kopplad till flera olika intersexvariationer, inklusive kongenital binjurehyperplasi och virilisering orsakad av progestin.	
homoit0000284	Kloner (bögkultur)	Clones (bögkultur)	Historisk term för bögar som klär sig på ett särskilt maskulint sätt. Användes ofta i Castro-distriktet i San Francisco.	
homoit0000285	Garderobsbisexuella		Bisexuella personer som inte identifierar sig som sådana inför andra.	
homoit0000286	Garderobsbögar		Bögar som inte identifierar sig som sådana inför andra.	
homoit0000287	Garderobslesbiska		Lesbiska som inte identifierar sig som sådana inför andra.	
homoit0000288	Stealth (transpersoner)		Term som beskriver erfarenheten hos en transperson som inte lever öppet som trans och väljer att passera som cis.	
homoit0000289	Kläder		Föremål som bärs på kroppen för skydd, isolering och personligt uttryck, vanligtvis tillverkade av textilier.	
homoit0000292	Penisringar		Ringar eller cirkulära sexleksaker som bärs på penisen för att upprätthålla en erektion och förhindra orgasm.	
homoit0000293	Lavemang (redskap och praktik)		En anordning för applicering av vätska som används som intimdusch eller vid lavemang för rengöring av tarmar eller slida, eller användning av en sådan anordning. Kan användas i sexuella eller erotiska sammanhang.	
homoit0000294	Halsband (BDSM)		Remmar eller band av material som bärs runt halsen. Kan bäras som en modaccessoar, för att signalera ”ägande” av en dominant partner i en BDSM-relation eller under sex för att begränsa rörelse och andningskontroll.	
homoit0000295	Komma ut		Processen att acceptera och dela med sig av sin sexuella läggning eller könsidentitet till sig själv och/eller andra.	
homoit0000296	Samboäktenskap		Juridiskt ramverk där två partners betraktas som gifta utan att ha registrerat sitt förhållande som ett civilrättsligt eller religiöst äktenskap. Samboäktenskap ger vissa ekonomiska rättigheter och juridiska privilegier. Företeelsen förekommer inte inom svensk juridik.	
homoit0000297	Hbtq+-gemenskaper	Hbtq+-communities	Grupper av hbtq+-personer som delar intressen eller har regelbunden kontakt, oftast med geografisk närhet.	
homoit0000298	Hbtq+-community centers	Föreningslokaler för hbtq+-personer||Träffpunkt för hntq+-personer	Platser där personer från hbtq+-gemenskaper möts för sociala, utbildningsrelaterade, fritids- eller organisatoriska aktiviteter.	
homoit0000299	Kondomer		Oftast latexbaserade preventivmedel som används för att täcka penis under sexuell aktivitet i syfte att förebygga sexuellt överförbara infektioner och/eller graviditet.	
homoit0000300	Konfucianister (hbtq+)		Hbtq+-personer som är konfucianister.	
homoit0000301	Binjurebarkshyperplasi, medfödd	Medfödd binjurebarkshyperplasi (MBH)	Kongenital binjurehyperplasi (CAH) är en grupp av genetiska variationer som påverkar de enzymer som gör det möjligt för binjurarna att producera hormoner som reglerar kroppens funktioner. Personer med CAH producerar inte konsekvent den mängd kortisol eller aldosteron de behöver, men de kan naturligt producera högre nivåer av androgener som testosteron för att kompensera. En person med CAH kan födas med två X-kromosomer (46XX) eller en X- och en Y-kromosom (46XY). Personer med CAH och en X- och en Y-kromosom (46XY) betraktas vanligtvis inte som personer med en variation i könskaraktäristika, eftersom den ökade androgenproduktionen inte leder till utveckling av några drag som anses vara atypiska för personer tilldelade manligt kön vid födseln. Hos personer med två X-kromosomer (46XX) och CAH kan den ökade androgenproduktionen däremot leda till genitala variationer såsom en större klitoris än genomsnittet, sammanvuxna blygdläppar och en sammansmältning av urinrör och vaginalkanal till en enda öppning. De kan också utveckla vissa drag som kroppshår, ansiktsbehåring eller ökad muskelmassa under barndom eller pubertet.	
homoit0000302	Samtycke		Tillåtande eller överenskommelse om att vissa handlingar får äga rum, särskilt i ett sexuellt sammanhang och/eller inom en relationell dynamik.	
homoit0000303	Omvändelseterapi		Försök att förändra en individs sexuella eller könsrelaterade identitet om personen är eller misstänks vara hbtq+, i syfte att anpassa individen till heterosexuella eller cispersoners normer, ofta utifrån föreställningen att hbtq+ är farligt och/eller ett resultat av psykisk ohälsa eller trauma. Metoder inom omvändelseterapi inkluderar visualiseringsträning, andliga interventioner och andra former av aversionsterapi.	
homoit0000304	Närståendeadoption		En adoptionsprocess där ett juridiskt barn-förälder-förhållande etableras genom att den ”andra” föräldern får samma juridiska rättigheter som den ”första”, utan att den förstnämnda förlorar sina föräldrarättigheter. Detta kan vara särskilt viktigt för hbtq+-föräldrar för att skydda den icke-biologiska förälderns rättigheter.	
homoit0000305	Bajssex	Scatplay||Scat	Användning av avföring i sexuellt syfte.	
homoit0000306	Korrigerande våldtäkt		Kriminell praktik där män våldtar lesbiska, ibland under övervakning av medlemmar i kvinnornas familjer eller lokala gemenskaper, med det påstådda syftet att ”bota” dem från homosexualitet.	
homoit0000307	Korsetter		Ett plagg som bärs för att forma torson till en önskad form, traditionellt för att skapa en smalare midja eller större höfter, i estetiskt syfte (antingen under användning eller med mer varaktig effekt), eller för att ge stöd åt brösten.	
homoit0000308	Cottages (bögkultur)		Brittisk slangterm för offentliga toaletter som används som platser för sexuella möten, särskilt av bögar.	
homoit0000309	Cottaging (bögkultur)		Brittisk slangterm som ofta används i böggemenskaper för att beskriva anonyma sexuella möten på offentliga toaletter eller cruising efter sexpartners där.	
homoit0000310	Hbtq+-par		Parrelationer där båda personerna är hbtq+-personer.	
homoit0000311	Domstolsbeslut		Domstolsbeslut där en domare eller en grupp domare kräver eller godkänner specifika åtgärder (t.ex. beslut som beviljar eller avslår ansökningar om namn- eller könsmarkörsändringar).	
homoit0000312	Brottsoffer (hbtq+)		Hbtq+-personer som har utsatts för brott och som kan ha överlevt eller inte. Följ individens eget språkbruk om de föredrar ”offer” eller ”överlevare”	
homoit0000313	Straffrätt		Rättsområde som rör brott och som fastställer laglighet och konsekvenser av handlingar som uppfattas som hotande, skadliga eller farliga för egendom, hälsa, säkerhet och/eller moralisk välfärd för en själv eller andra.	
homoit0000314	Kriminalisering		Processen genom vilken beteenden och individer beskrivs som och uppfattas som kriminella.	
homoit0000315	Interkulturella relationer	Förhållanden över kulturgränser||Interkulturella förhållanden||Relationer över kulturgränser||Tvärkulturella förhållanden||Tvärkulturella relationer	Relationer mellan personer med olika etnisk eller rasbakgrund.	
homoit0000316	Crossdressers		Personer som bär kläder som stereotypiskt förknippas med ett annat kön än det de i huvudsak identifierar sig som. Crossdressers utvecklar ofta en särskild persona när de klär sig på detta sätt. Används endast för personer som själva identifierar sig som crossdressers.	
homoit0000317	Hormonbehandling (kön)		Processen att påverka kroppens könshormoner genom användning av hormonblockerare och/eller tillförsel av testosteron, östrogen eller progesteron.	
homoit0000318	Crossdressing		Praktiken att bära kläder som stereotypiskt förknippas med ett annat kön än personens huvudsakliga könsidentitet.	
homoit0000319	Cruising (hbtq+)	Parkraggande||Parkraggning	Att gå eller köra runt i ett område i sökandet efter en sexpartner, vanligtvis för att ha tillfälligt sex.	
homoit0000321	Cubs (bögkultur)		Slang som ofta används i böggemenskaper i USA för att beskriva yngre, kraftiga bögar, vanligtvis med hårig kropp och ansiktsbehåring.	
homoit0000322	Icke-euroamerikanska köns- och sexualitetsidentiteter	Könsidentiteter och sexuella identiteter som inte existerar i Europa och USA som erkända kategorier	Bred term som beskriver könsidentiteter och sexuella identiteter som är specifika för regioner utanför Nordamerika och Europa.	
homoit0000323	Utlösning	Sagge||Sats	Kroppsvätskor som produceras vid sexuell upphetsning och orgasm.	
homoit0000324	Nätmobbning		Mobbning eller trakasserier som sker online.	
homoit0000325	Cybersex		Erotisk eller sexuell kommunikation och aktivitet mellan två eller flera personer som sker online eller med hjälp av teknik (t.ex. sms, videosamtal).	
homoit0000326	Dandyer		Män som lägger särskild vikt vid sitt utseende, har ett förfinat språk och fritidsintressen av estetisk karaktär.	
homoit0000327	Dandyism		En stil eller ett beteende som kännetecknar en dandy.	
homoit0000329	Dejtingsidor	Dejtingsajter||Nätdejting	Webbsidor som är utformade för att skapa kontakt mellan personer som söker romantiska eller sexuella relationer.	
homoit0000330	Döttrar (hbtq+)	Hbtq+-döttrar	Döttrar som identifierar sig som hbtq+-personer.	
homoit0000331	Döttrar till bisexuella		Döttrar som har en eller flera bisexuella föräldrar.	
homoit0000332	Döttrar till bögar		Döttrar som har en eller flera bögföräldrar.	
homoit0000333	Döttrar till lesbiska		Döttrar som har en eller flera lesbiska föräldrar.	
homoit0000334	Döttrar till transpersoner		Döttrar som har en eller flera transföräldrar.	
homoit0000335	Döttrar till queera personer		Döttrar som har en eller flera queera föräldrar.	
homoit0000336	Dödnamna	Deadnaming	Handlingen att använda eller hänvisa till en persons tilldelade namn istället för deras valda namn, vanligtvis med ont uppsåt.	
homoit0000338	Dekadens		En livsstil som kännetecknas av manér och tillgjorda uttryck präglade av överdrift och excess.	
homoit0000339	Avkriminalisering	Dekriminalisering	Processen att minska eller avskaffa straffrättsliga påföljder för vissa handlingar.	
homoit0000340	Dee		I Thailand, ciskvinnor som följer feminina könsnormer och ofta bildar relationer med maskulint identifierade toms. Liknar en femme inom den västerländska lesbiska kulturen.	
homoit0000341	Hatpropaganda		Alla former av uttryck (skriftliga eller muntliga) som syftar till att förnedra, hetsa mot eller skapa hat mot en individ eller grupp baserat på faktisk eller uppfattad ras, religion, nationalitet, sexuell identitet, könsidentitet eller funktionsnivå.	
homoit0000342	Demigenderpersoner		Personer som har en delvis koppling till ett visst kön eller till begreppet kön.	
homoit0000343	Demisexualitet		Sexuell orientering som generellt kännetecknas av avsaknad av sexuell attraktion till andra, om inte eller förrän emotionella band har etablerats.	
homoit0000344	Demisexuella personer		Personer som inte upplever sexuell attraktion till andra om de inte först har etablerat en stark emotionell anknytning till en person.	
homoit0000345	Förnekande av sexuell läggning		Vägran att erkänna eller bejaka sin egen sexuella identitet, eller en annan persons sexuella identitet.	
homoit0000346	Slicklappar	Kofferdam	Ett fyrkantigt ark av latex eller polyuretan som används som barriär mellan mun och vagina eller anus vid oralsex.	
homoit0000347	Barnlängtan		En persons längtan eller önskan att få barn.	
homoit0000348	Frihetsberövande av hbtq+-personer		Tillfälligt fysiskt frihetsberövande av hbtq+-personer av en institution eller myndighet, vanligtvis i väntan på åtal eller deportation. Kan även användas för att beskriva personer som hålls frihetsberövade av politiska skäl eller inom en krigskontext.	
homoit0000349	Tvångsvård av hbtq+-personer		Fysiskt frihetsberövande av hbtq+-personer på sjukhus eller inom medicinska institutioner, vanligtvis för att genomgå utredning eller behandling på uppdrag av domstol eller annan myndighet. Kan avse både kortvarig och långvarig institutionsvistelse.	
homoit0000350	Dhurani		Bengalisk term för personer som identifieras som ett tredje kön, ofta med hänvisning till feminina personer som tilldelats manligt kön vid födseln.	
homoit0000351	DSM (Diagnostic and Statistical Manual of Mental Disorders)		Diagnostic and Statistical Manual of Mental Disorders, utgiven av American Psychiatric Association. Termen kan användas i referens till DSM:s historiska eller aktuella beskrivningar av hbtq+-identiteter och praktiker.	
homoit0000352	Intersex		Ett paraplybegrepp som används för att beskriva personer som är födda med variationer i sina fysiska könskarakteristika – såsom genitalier, könskörtlar, kromosomer och hormonella faktorer – som inte passar in i typiska definitioner av manliga eller kvinnliga kroppar.	
homoit0000353	Dilbaa		Navajo-term för en person som tilldelats kvinnligt kön vid födseln och som antar en pojkroll i barndomen och en mansroll i vuxenlivet.	
homoit0000354	Dildoharness		Redskap som bärs för att fästa en dildo på kroppen, vanligtvis för att kunna penetrera en partners vagina eller anus.	
homoit0000355	Dildoar		En sexleksak, ofta men inte nödvändigtvis fallisk till utseendet, avsedd för sexuell penetration eller annan sexuell aktivitet vid onani eller tillsammans med sexpartner.	
homoit0000356	Diskriminering av hbtq+-personer		Systematiskt orättvist eller fördomsfull behandling av hbtq+-personer på grund av deras identitet, uttryck eller tillhörighet, vilket kan ta sig uttryck i begränsad tillgång till arbete, bostad eller rättsligt erkännande.	
homoit0000357	Rubbningar i könsutvecklingen		Term som används i medicinska sammanhang för att beskriva en mängd olika variationer i könskarakteristika, som atypiska kromosomala, gonadala eller anatomiskt könkarakteristika. Många personer med intersexvariationer uppfattar dessa termer som stigmatiserande och patologiserande, även om de ofta förekommer i deras patientjournaler.	
homoit0000358	Mångfald		Mångfald i människors egenskaper vad gäller ålder, kön, religion, etnicitet, sexuell läggning, livsstil med mera.	
homoit0000359	Skilda personer		Personer vars äktenskap juridiskt har upplösts genom skilsmässa.	
homoit0000360	Samboavtal		Överenskommelser, juridiska eller informella, mellan två ogifta personer i ett samboförhållande som definierar egendomsrätt och försörjningsansvar vid separation eller dödsfall.	
homoit0000361	Pensionsförmåner för sambor		Arbetsgivarbaserade pensionsförmåner som omfattar personer i samboskap och som kan tas i anspråk vid pensionering.	
homoit0000362	Samboskap		Juridiska eller personliga relationer mellan personer som lever tillsammans och delar sina liv utan att vara gifta eller registrerade som partners.	
homoit0000363	Dominatrixer (hbtq+)	Dominor (hbtq+)	Hbtq+-personer som intar en dominant roll inom BDSM och/eller i maktutbytesrelationer med en dominant/underordnad dynamik. Termen används främst av feminint identifierade personer.	
homoit0000364	Donater (medicin)		Individer som donerar sitt eget biologiska material, vanligtvis könsceller (t.ex. spermier eller ägg), organ eller blod.	
homoit0000365	Down-low	DL	Afroamerikansk slangterm som beskriver en subkultur av svarta män som identifierar sig som heterosexuella men har sex med män.	
homoit0000366	Drab (hbtq+-kultur)		Slangterm som används för att beskriva personer i maskulina kläder, vanligtvis dragqueens eller crossdressers som ibland också bär feminina plagg. Drab är en förkortning av frasen ”dressed as a boy” eller ”dress resembling a boy”.	
homoit0000367	Drag		En uppträdandegenre som innebär att klä sig och/eller använda smink för att skapa, framhäva och/eller överdriva drag som förknippas med ett visst kön, vilket vanligtvis men inte alltid inte är det kön som utövaren i första hand identifierar sig med.	
homoit0000368	Dragbaler		Evenemang inom drag ball-subkulturen som uppstod i början av 1900-talet i New York bland framför allt afroamerikanska och latinamerikanska hbtq+-personer. Under en dragbal uppträder deltagare eller ”går” på scen för att tävla om priser.	
homoit0000369	Dragbarer		Barer eller uteställen som arrangerar dragshower eller andra evenemang med dragartister.	
homoit0000370	Draggemenskaper	Dracommunityn	Grupper av personer (ofta dragartister) med ett gemensamt intresse för dragframträdanden och dragkultur.	
homoit0000371	Dragfamiljer		Grupper av dragartister som delar gemenskap och ofta bor nära varandra. Dragfamiljer leds av en dragmamma eller dragpappa, medan övriga medlemmar kallas dragdöttrar och dragsöner. Medlemmarna använder ofta samma efternamn som sin dragförälder (t.ex. Xtravaganza) i sociala sammanhang eller vid framträdanden.	
homoit0000372	Dragpappor		Mer erfarna dragkings som stöttar mindre erfarna dragkings när de etablerar sig som artister inom dragscenen.	
homoit0000373	Dragkings		Artister, ofta personer som tilldelats kvinnligt kön vid födseln, som klär sig i stereotypiskt maskulina kläder och gestaltar maskulina personas i underhållningssyfte.	
homoit0000374	Dragmammor		Mer erfarna dragqueens som stöttar mindre erfarna dragqueens när de etablerar sig som artister inom dragscenen.	
homoit0000375	Dragqueens		Artister, ofta personer som tilldelats manligt kön vid födseln, som klär sig i stereotypiskt feminina kläder och gestaltar feminina personas i underhållningssyfte.	
homoit0000376	Hbtq+-dramatik	Dramatik (hbtq+)||Scenkonst (hbtq+)	Fiktion avsedd för sceniskt framförande med hbtq+-gestalter eller teman.	
homoit0000377	Körkort		Juridiska dokument som ger en person tillstånd att framföra motordrivna fordon. Används ofta som identitetshandling. Kan även avse hbtq+-personers tillgång till körkort eller ändringar i körkort (t.ex. namn, könsmarkör eller foto).	
homoit0000379	Hbtq+-personer som använder substanser	Droganvändning hos hbtq+-personer||Hbtq+-personer som använder droger||Hbtq+-personer som knarkar||Hbtq+-personer som använder substanser	Paraplyterm för hbtq+-personer som använder substanser (ofta sådana som betraktas som skadliga eller är juridiskt reglerade, som alkohol eller droger), oavsett syfte. Använd mer specifika termer om möjligt.	
homoit0000380	Droganvändning (hbtq+)	Droganvändning hos hbtq+-personer||Hbtq+-personer som använder droger||Hbtq+-personer som knarkar	Användning av substanser (som ofta betraktas som skadliga eller är juridiskt reglerade, såsom droger eller alkohol) samt diskussioner om hur detta påverkar hbtq+-gemenskaper.	
homoit0000381	Dutch boys		Slang för heterosexuella män som är vänner med lesbiska och umgås i lesbiska sammanhang.	
homoit0000382	Lesbisk kultur	Flatkultur	Kulturella erfarenheter som delas av medlemmar i lesbiska gemenskaper eller produkter av lesbisk kultur, till exempel konst och medier skapade av och för lesbiska, aktivism med fokus på lesbiska frågor eller slang som används inom lesbiska gemenskaper.	
homoit0000383	Dyke march		Marscher, demonstrationer och andra sammankomster med fokus på synlighet, frågor och rättigheter för flator. Används endast för evenemang som uttryckligen gäller flator eller som har en tydlig politisk förankring i flatidentitet. För övriga fall, använd den mer generella termen ”Lesbisk pride”.	
homoit0000384	Flator		En till stor del återvunnen nedsättande term som kan användas för att beskriva lesbiska som omfamnar en maskulin stil eller lesbiska med ett politiskt aktivt engagemang. Används endast för personer som själva identifierar sig som flator.	
homoit0000385	Dykes on bikes		En motorcykelklubb med många löst organiserade lokala grupper som består av lesbiska medlemmar som identifierar sig som flator. Kända för sitt deltagande i pride-evenemang.	
homoit0000386	Ortodoxa kristna (hbtq+)		Hbtq+-personer som är medlemmar i den Östortodoxa kyrkan.	
homoit0000387	Ekofeminism		Politisk och filosofisk rörelse som betraktar feminism och miljöfrågor som nära sammanlänkade.	
homoit0000389	Femininitet		Kulturspecifika uppsättningar av egenskaper, beteenden och roller som vanligtvis förknippas med kvinnor eller flickor.	
homoit0000390	Äggdonatorer		Personer som donerar sina egna ägg i syfte att möjliggöra graviditet.	
homoit0000391	Internaliserad homofobi		Termen används ofta för att beskriva internaliserat förtryck hos hbtq+-personer generellt. Den kan också avse den specifika företeelsen att bögar internaliserar eller anammar homofoba föreställningar – det vill säga negativa uppfattningar om bögar och homosexualitet – till följd av att ha vuxit upp eller socialiserats i en homofobisk miljö eller kultur.	
homoit0000392	Missnöje med egen sexuell läggning		Inre konflikt som uppstår när en persons sexuella identitet eller attraktion står i konflikt med den idealiserade självbilden.	
homoit0000393	Äldre hbtq+-personer		Hbtq+-personer som är i högre ålder, vanligtvis definierat som 60 år och äldre.	
homoit0000394	Elbehandling		En form av psykiatrisk behandling för svår depression, bipolär depression och andra psykiska tillstånd som vanligtvis består av korta elektriska impulser till hjärnan via elektroder på huvudet för att framkalla kontrollerade anfall. Elbehandling har historiskt använts i försök att ”bota” homosexualitet och andra icke-normativa sexualiteter och sexuella praktiker. Syftet med elbehandlingen var att skapa negativt betingade reflexer kopplade till sexuellt avvikande beteende genom exponering för stimuli eller fantasi och samtidig exponering för el.	
homoit0000395	Eonism		Historisk term som användes för att beskriva personer som tilldelats manligt kön vid födseln och som antog feminina beteenden.	
homoit0000396	Eonister		Historisk benämning på personer som tilldelats manligt kön vid födseln och som antog feminina beteenden.	
homoit0000398	Erektil dysfunktion		Återkommande svårigheter att få eller behålla erektion, vanligtvis i sexuella sammanhang.	
homoit0000399	Läkemedel vid erektil dysfunktion	Läkemedel mot impotens||Erektionsläkemedel	Läkemedel som får musklerna i penis att slappna av och ökar blodflödet för att möjliggöra erektion vid sexuell stimulans.	
homoit0000400	Erektion		Svällning av erektil vävnad i penis eller klitoris på grund av ökat blodflöde. Förknippas vanligtvis med sexuell upphetsning.	
homoit0000401	Erogena zoner		Områden på kroppen som är känsliga för sexuell stimulans.	
homoit0000402	Erotisk massage		Massage med syfte att öka sexuell upphetsning.	
homoit0000403	Erotica		Framställning av sexualitet med konstnärliga ambitioner, ofta med fokus på känslor och emotionella upplevelser.	
homoit0000404	Eroticism		Egenskapen att vara erotisk, eller att framkalla sexuell attraktion, upphetsning eller begär.	
homoit0000405	Eskortservice		Förmedlingar som kopplar samman kunder med eskorter som erbjuder tjänster enligt tidsbokning. Eskortservice kan uppfattas som mindre stigmatiserat än andra former av sexarbete, delvis för att det ofta är säkrare för eskorterna och för att vissa eskorter erbjuder ett bredare utbud av tjänster, inklusive sällskap eller underhållning utan löfte om sexuellt umgänge. Tendensen att framställa eskortverksamhet som något separat från eller överordnat andra former av sexarbete riskerar dock att osynliggöra eskorters arbete och förstärka diskriminering mot de mest marginaliserade och utsatta sexarbetarna.	
homoit0000406	Eskorter		Sexarbetare vars kunder bokar tid i förväg för att få deras tjänster. Till skillnad från sexarbetare som söker kunder på gatan eller inom inrättningar som bordeller annonserar eskorter vanligtvis sina tjänster online, antingen på egen hand eller genom förmedling. Eskortverksamhet kan uppfattas som mindre stigmatiserat än andra former av sexarbete, delvis eftersom det ofta är säkrare för eskorterna och eftersom vissa erbjuder ett bredare utbud av tjänster, inklusive sällskap eller underhållning utan löfte om sexuellt umgänge. Tendensen att framställa eskortverksamhet som något separat från eller överordnat andra former av sexarbete riskerar dock att osynliggöra eskorters arbete och förstärka diskriminering mot de mest marginaliserade och utsatta sexarbetarna.	
homoit0000407	Östrogen		En kategori steroidhormon som bildas främst i gonaderna, huvudsakligen i ovarier men även i testiklar, binjurar och fettvävnad. De inkluderar östrogen (E1), östradiol (E2), östriol (E3) och estetrol (E4). Östrogener påverkar bland annat bröstutveckling, förtjockning av livmoderslemhinnan, menstruationscykelns reglering och spermieutveckling.	
homoit0000408	Etiologi (hbtq+)	Förklaringsmodeller (hbtq+)	Frågeställningar och spekulationer om orsakerna till sexuella beteenden eller sjukdomar.	
homoit0000411	Ex-gayrörelser		Personer och organisationer som uppmanar andra att avstå från att inleda eller fortsätta samkönade relationer, att eliminera samkönade begär, att utveckla heterosexuella begär och/eller att ingå heterosexuella relationer.	
homoit0000412	Exhibitionism	Blottare||Blottning	Kink som kännetecknas av sexuell upphetsning kopplad till att visa upp kroppen eller ha sex offentligt.	
homoit0000413	Fa'afafine		I Nya Zeeland, samoanska personer som tilldelats manligt kön vid födseln men uppvisar feminint beteende och kan betrakta sig som kvinnor.	
homoit0000414	Fa'afatama		I Nya Zeeland, samoanska personer som tilldelats kvinnligt kön vid födseln men uppvisar maskulint beteende och kan betrakta sig som män.	
homoit0000415	Faeries		Queera personer som är engagerade i eller identifierar sig med en motkulturell rörelse som syftar till att omdefiniera queermedvetenhet genom sekulär andlighet. Ofta, men inte alltid, kopplat till Radical Faeries, ett löst sammanhållet nätverk som uppstod på 1970-talet.	
homoit0000416	Faghags		Slang för heterosexuella kvinnor som är vänner med bögar och umgås i gaymiljöer.	
homoit0000417	Fag stags	Fruit fly	Slang för heterosexuella män som uppskattar bögars sällskap.	
homoit0000418	Faggots		Nedsättande engelsk term som främst används för att beskriva bögar (eller ibland hbtq+-personer i allmänhet). Vissa bögar har återtagit termen och använder den för att beskriva sig själva.	
homoit0000419	Fakaleitī		Tonganska personer som tilldelats manligt kön vid födseln och som uppvisar feminint beteende.	
homoit0000420	Hbtq+-familjer		Familjer – biologiska, adoptiva eller valda – där en eller flera personer identifierar sig som hbtq+.	
homoit0000421	Familjemedlemmar		En grupp personer som är sammanbundna genom adoption, biologiskt släktskap eller valda familjeband.	
homoit0000422	Fettfördelning		Fettets placering och fördelning i kroppen, vilket ofta förändras under puberteten och vid hormonbehandling som en sekundär könskarakteristika.	
homoit0000423	Pappor	Fäder	Personer som är pappor.	
homoit0000424	Pappor till bisexuella	Fäder till bisexuella	Personer som har rollen som pappa till bisexuella personer. Används endast för personer som själva identifierar sig som pappor.	
homoit0000425	Pappor till bögar	Fäder till bögar	Personer som har rollen som pappa till bögar. Används endast för personer som själva identifierar sig som pappor.	
homoit0000426	Pappor till lesbiska	Fäder till lesbiska	Personer som har rollen som pappa till lesbiska. Används endast för personer som själva identifierar sig som pappor.	
homoit0000427	Pappor till queera personer	Fäder till queera personer	Personer som har rollen som pappa till queera personer. Används endast för personer som själva identifierar sig som pappor.	
homoit0000428	Pappor till transpersoner	Fäder till transpersoner	Personer som har rollen som pappa till transpersoner. Används endast för personer som själva identifierar sig som pappor.	
homoit0000429	Kvinnors vänskap		Relationer baserade på tillit och ömhet mellan två eller flera kvinnor.	
homoit0000430	Kvinnlig könsstympning	Kvinnlig omskärelse	Praktiken att skära eller avlägsna kvinnliga könsorgan, ibland i syfte att kontrollera sexdrift eller straffa lesbiskhet.	
homoit0000431	Damimitatörer		Historisk term som beskriver artister, ofta personer som identifierar sig som män, som gestaltar kvinnliga personas i underhållningssyfte, ofta för heterosexuell publik. Begreppet trängdes undan av andra termer (såsom dragqueen) under slutet av 1900-talet.	
homoit0000432	Kvinnors maskulinitet		Form av maskulinitet som uttrycks av personer med kvinnlig eller feminin könsidentitet, ofta genom att gestalta maskulina roller, egenskaper och klädstilar.	
homoit0000433	Kvinnliga sexarbetare		Kvinnor som tar emot pengar eller varor i utbyte mot sexuella handlingar, uppträdanden eller sällskap. Används för att beskriva kvinnor som arbetar inom ett brett spektrum av sexarbete. Vissa anser termen sexarbetare som kränkade och politiserad, medan andra identifierar sig med den. Se även "Kvinnor i prostitution".	
homoit0000436	FtM		FtM (female-to-male) är en huvudsakligen historisk term som till stor del har ersatts av “transmän”. Det beror delvis på termens roll i den medicinska behandlingen av transpersoner och antagandet att transmän tidigare varit “kvinnor” och har “blivit män” (ofta genom hormoner och/eller kirurgi).	
homoit0000437	Feminism		Samling av rörelser som syftar till att formulera, etablera och försvara lika politiska, ekonomiska och sociala rättigheter samt lika möjligheter för kvinnor.	
homoit0000438	Kvinnorörelser	Kvinnorörelsen	Social och politisk rörelse med ursprung på 1800-talet som verkade för reformer i frågor som rör kvinnor, med utgångspunkt i den sociala, kulturella, politiska och ekonomiska ojämlikheten mellan kvinnor och män. Feministiska frågor inkluderar bland annat reproduktiva rättigheter, kvinnors frigörelse och lika lön. Termen omfattar hela kvinnorörelsen, inklusive olika vågor av feministiskt tänkande och aktivism.	
homoit0000439	Feminister		Personer som stödjer och förespråkar att kvinnors politiska, ekonomiska och sociala rättigheter och möjligheter ska definieras, etableras och försvaras.	
homoit0000440	Femmes	Läppstiftslesbiska	Feminina personer av alla kön, även om termen är vanligast inom lesbiska gemenskaper.	
homoit0000441	Femminiello		I Italien är detta en neapolitansk term för bögar med feminint könsuttryck. Ofta betraktad som ett tredje kön, förknippat med tur.	
homoit0000442	Kink och fetischism		Sexuella eller erotiska handlingar, objekt och situationer som betraktas som ovanliga i ett visst samhälle.	
homoit0000443	Hbtq+-skönlitteratur	Skönlitteratur (hbtq+)	Litterära verk som beskriver fiktiva händelser eller personer. Används för skönlitteratur med hbtq+-karaktärer eller teman.	
homoit0000444	Första vågens feminism		Period inom kvinnorättsrörelsen under 1800-talet och början av 1900-talet som främst fokuserade på juridiska rättigheter, såsom kvinnors rösträtt.	
homoit0000445	Fistning	Fisting	Införande av en hand (eller knytnäve) i vagina eller anus.	
homoit0000446	Fingersex	Pulla	Sexuell handling som innebär att använda och föra in fingrar för att stimulera vagina och/eller anus.	
homoit0000447	Prygel	Flagellation	Samtyckt piskning av en person.	
homoit0000448	Floggers	Gissel	Lätta piskor eller gissel med flera remmar som används på sig själv eller en partner för att öka sexuell upphetsning.	
homoit0000449	Tvångskastrering		Ofrivilligt eller framtvingat avlägsnande av testiklarna eller påverkan på testiklarnas funktion, vanligtvis genom kirurgiska eller kemiska metoder, genomfört av rättsliga myndigheter eller som ett hatbrott.	
homoit0000450	Förhudsrekonstruktion		Processen att förändra en omskuren penis för att rekonstruera eller återställa förhuden.	
homoit0000451	Socialt föräldraskap		En form av föräldraskap som utmanar antagandet att föräldraskap förutsätter biologiskt släktskap. Socialt föräldraskap innebär helt eller delvis ansvar för barnets vård, omsorg och skydd.	
homoit0000452	Fosterföräldrar		En person eller familj som tar emot och vårdar ett barn eller flera barn på uppdrag av staten.	
homoit0000453	Freedom rings		En symbol designad av David Spada som består av sex aluminiumringar i färger inspirerade av regnbågsflaggan. Bärs vanligtvis som smycke.	
homoit0000454	Fricatrices		Historisk term för lesbiska. Ska endast användas i historiska sammanhang.	
homoit0000455	Vänskap		Relationer som bygger på tillgivenhet och förtroende mellan två eller flera personer.	
homoit0000456	Frottage		Icke-penetrativ sexuell handling där individer gnider delar av sin kropp (vanligtvis genitalierna) mot en annan persons kropp. Ska inte förväxlas med ”frotteurism” (icke-samtyckt frottage).	
homoit0000457	FtX		Personer som genomgår könstransition från kvinna till okänt kön eller till något annat än kvinna.	
homoit0000458	Knullkompisar	KK	Två vänner som har regelbundet sex med varandra men inte har en romantisk relation.	
homoit0000459	Knulla		Slangterm (vanligtvis betraktad som vulgär) för sexuell handling där en penis eller dildo förs in i mun, anus eller vagina på en annan person. Kan även användas som allmän benämning på sexuella handlingar (t.ex. ”De knullade”).	
homoit0000460	G-punkten		Område på den främre väggen i slidan som ofta beskrivs som erogent och som vid stimulering kan leda till sexuell upphetsning, orgasm och/eller ejakulation.	
homoit0000461	Galli		En term med ursprung i det antika Rom som beskriver eunuck-prästinnor vilka frivilligt kastrerade sig som en del av en årlig ceremoni.	
homoit0000462	Bögaktivism	Homosexuell manlig aktivism	Direkt aktion och organisering för att uppnå politisk eller social förändring och acceptans för bögar.	
homoit0000463	Afroamerikanska bögar		Bögar av afrikansk härkomst födda i USA eller bögar födda i afrikanska länder som bor i eller har en stark anknytning till USA. Används för individer som identifierar sig som afroamerikaner. Följ individens preferens för afroamerikan eller svart när det är möjligt.	
homoit0000464	Afrokanadensiska bögar		Bögar av afrikansk härkomst födda i Kanada eller bögar födda i afrikanska länder som bor i eller har en stark anknytning till Kanada. Används för individer som identifierar sig som afrokanadensare.	
homoit0000465	Afrokaribiska bögar		Bögar av afrikansk härkomst födda i Karibien eller bögar födda i afrikanska länder som bor i eller har en stark anknytning till Karibien. Används endast för personer som identifierar sig som afrokaribier.	
homoit0000466	Afroeuropeiska bögar		Bögar av afrikansk härkomst födda i europeiska länder eller bögar födda i afrikanska länder som bor i eller har en stark anknytning till Europa. Använd endast för personer som identifierar sig som afroeuropéer.	
homoit0000467	Afrolatinska bögar		Bögar av afrikansk härkomst födda i latinamerikanska länder eller bögar födda i afrikanska länder som bor i eller har en stark anknytning till Latinamerika. Använd endast för personer som identifierar sig som afrolatinos.	
homoit0000469	Bögarkiv		Samlingar av arkivmaterial och dokument relaterade till bögar eller deras gemenskaper. Kan omfatta arkiv hos allt från lokala gemenskaper till statliga institutioner.	
homoit0000470	Homosexuella manliga kulturutövare		Bögar som utövar någon form av konstnärlig eller kreativ verksamhet.	
homoit0000471	Asiatisk-amerikanska bögar		Bögar av asiatisk härkomst, födda i USA eller i asiatiska länder, som bor i eller har en stark koppling till USA. Används endast för individer som själva identifierar sig som asiat-amerikaner.	
homoit0000472	Asiatiska bögar		Bögar av asiatisk härkomst, boende i Asien eller en del av den asiatiska diasporan. Används endast för personer som själva identifierar sig som asiatiska.	
homoit0000473	Ateistiska bögar	Ateistiska homosxuella män	Bögar som är ateister.	
homoit0000474	Bögbarer	Homosexuella manliga barer	Barer eller uteställen som främst vänder sig till bögar.	
homoit0000475	Bastuklubbar		Kommersiella bastur eller badhus avsedda för bögar att mötas och ha sex.	
homoit0000476	Bögstränder	Homosexuella manliga stränder	Stränder som är avsedda för bögar eller som är kända för att ofta besökas av bögar.	
homoit0000477	Svarta bögar		Svarta män som är homosexuella. Används endast för individer som själva identifierar sig som svarta. Följ individens preferens för att använda svart eller diasporaidentitet som t.ex. afroeuropé när det är möjligt.	
homoit0000478	Bögbokaffärer		Bokhandlar som säljer material riktat till bögar eller som behandlar ämnen relaterade till bögar.	
homoit0000479	Homosexuella pojkar	Bögpojkar	Pojkar, vanligtvis barn eller ungdomar under 18 år, som är homosexuella.	
homoit0000480	Buddistiska bögar	Homosexuella manliga buddister	Bögar som är buddister.	
homoit0000481	Bögkaraktärer	Homosexuella manliga karaktärer	Karaktärer i kreativa verk som är bögar.	
homoit0000482	Bögkörer	Homosexuella manliga körer	Organiserade grupper av bögar som sjunger tillsammans.	
homoit0000483	Kristna bögar	Kristna homosexuella män	Bögar som är kristna.	
homoit0000484	Homosexuella manliga religiösa ledare	Bögar med religiösa ämbeten||Homosexuella män med religiösa ämbeten	Bögar som är prästvigda eller innehar religiösa ämbeten, särskilt inom kristendomen.	
homoit0000485	Böggemenskaper	Bögcommunityn||Homosexuella manliga gemenskaper	Grupper av personer som delar erfarenheten av att vara bögar.	
homoit0000486	Community centers för bögar	Föreningslokaler för bögar||Träffpunkter för bögar	Platser där personer från böggemenskaper möts för sociala, utbildningsrelaterade, fritids- eller organisatoriska aktiviteter.	
homoit0000487	Bögkultur	Homosexuell manlig kultur	Kulturella erfarenheter som delas av medlemmar i böggemenskaper eller produkter av bögkultur, till exempel konst och media skapade av och för bögar, aktivism fokuserad på bögfrågor, och slang som används i böggemenskaper.	
homoit0000488	Gayklubbar	Gay-discon||Gay-diskotek||Gay-nattklubbar	Nattklubbar eller underhållningslokaler där man dansar till inspelad musik. Används för att beskriva diskotek som främst vänder sig till bögar.	
homoit0000489	Bögdramatik	Bögscenkonst||Homosexuell manlig dramatik	Fiktion avsedd för sceniskt framförande med homosexuella manliga gestalter eller teman.	
homoit0000490	Informationscentrum för bögar	Bög-informationscentrum||Informationscentrum för homosexuella män	Institutioner som erbjuder utbildning, stöd och information om manlig homosexualitet och böggemenskaper till bögar.	
homoit0000491	Bögfamiljer	Familjer med homosexuella män	Familjer – biologiska, adoptiva eller valda – där en eller flera personer identifierar sig som bögar.	
homoit0000492	Bögföräldrar	Homosexuella män som är föräldrar	Bögar som är föräldrar.	
homoit0000493	Gay skönlitteratur	Skönlitteratur med bögkaraktärer och/eller tema||Homosexuell manlig litteratur	Litterära verk som beskriver fiktiva händelser eller personer. Används för skönlitteratur med bögar som karaktärer eller teman.	
homoit0000494	Gay for pay		Manliga eller kvinnliga skådespelare, porrskådespelare eller sexarbetare som identifierar sig som heterosexuella men som får betalt för att agera eller uppträda som homosexuella.	
homoit0000496	Bögidentitet	Gayidentitet||Homosexuell manlig identitet	Term som används för att beskriva sexuell identitet hos män och maskulina personer som är sexuellt och/eller romantiskt attraherade av andra män och maskulina personer. Använd inte som en övergripande term för hbtq+-personer.	
homoit0000497	Judiska bögar	Judiska homosexuella män	Bögar som är judar.	
homoit0000498	Bögar som är latines	Latino/a/x bögar||Homosexuella män som är latines	Bögar som är latinamerikaner och som själva identifierar sig som latines (latino, latina eller latinx). Blanda inte ihop med chicano/a/x eller hispanic.	
homoit0000499	Relationer mellan lesbiska och bögar		Relationer och samarbete mellan lesbiska och bögar, inklusive historisk och pågående solidaritet, aktivism och opinionsbildning.	
homoit0000500	Homosexuell frigörelse		En rörelse från slutet av 1960-talet till mitten av 1970-talet som uppmanade lesbiska och bögar att ”komma ut” och offentligt visa sin sexualitet för familj, vänner och kollegor som en form av aktivism och som ett sätt att ersätta skam med stolthet.	
homoit0000501	Bögbibliotek		Bibliotek som samlar material som främst rör bögar eller är avsett att användas av bögar.	
homoit0000502	Böglitteratur	Gaylitteratur||Homosexuell manlig litteratur	Skrivna litterära verk om bögar, manliga homosexuella karaktärer eller homosexuella manliga teman.	
homoit0000503	Bögpar	Homosexuella manliga par	Parrelationer där båda personerna är bögar.	
homoit0000504	Samkönade äktenskap		Juridiskt erkänd förening mellan två personer av samma kön som lever i partnerskap. I Sverige är samkönade och olikakönade äktenskap likvärdiga juridiskt.	
homoit0000505	Dominanta bögar	Dominanta homosexuella män	Bögar som intar en dominant roll inom BDSM och/eller i maktutbytesrelationer med en dominant/underordnad dynamik.	
homoit0000506	Bögar	Gaymän||Homosexuella män	Män som identifierar sig som homosexuella och tillhör böggemenskaper. Används främst för att beskriva män som är uteslutande eller huvudsakligen romantiskt och/eller sexuellt attraherade av andra män.	
homoit0000507	Bögar inom militären	Homosexuella män inom militären	Bögar som tjänstgör inom nationella försvarsstyrkor.	
homoit0000508	Icke-vita bögar	POC-bögar||Bögar som är people of color||Icke-vita homosexuella män||Homosexuella män som är people of color	Bögar som inte är vita och som identifierar sig som icke-vita/people of color.	
homoit0000509	Föräldrar till bögar		Personer som fungerar som föräldrar till en eller flera bögar. För föräldrar som själva är bögar, använd termen ”Bögföräldrar”.	
homoit0000510	Bögrörelser	Bögorganisationer||Organisationer för bögar||Organisationer för homosexuella män	Samlingsterm för aktivism med fokus på bögars rättigheter och frågor som påverkar bögars gemenskaper.	
homoit0000511	Bögmuseum	Gaymuseum	Institutioner som ägnar sig åt insamling, utställning, bevarande och konservering av material som rör manlig homosexualitet, bögar eller bögars historia.	
homoit0000512	Muslimska bögar	Bögmuslimer||Gaymuslimer||Muslimska homosexuella män	Bögar som är muslimer.	
homoit0000513	Bögar som är ursprungsamerikaner		Personer som tillhör ursprungsfolken i det kontinentala USA och Kanada (exklusive inuiter) och som identifierar sig som bögar. Använd mer specifika termer där det är möjligt.	
homoit0000514	Bög-nyhetsbrev	Gaynyhetsbrev||Nyhetsbrev för homosexuella män	Seriella tryckta eller digitala tidskrifter skapade av eller för bögar, ofta med syftet att dela nyheter och information relaterad till böggemenskaper och frågor.	
homoit0000515	Bögtidningar	Gaytidningar||Tidningar för homosexuella män	Seriella tryckta eller digitala publikationer om manlig homosexualitet eller frågor rörande bögar (vanligtvis producerade av bögar eller organisationer) som innehåller nyheter, artiklar, krönikor, korrespondens och annonser.	
homoit0000516	Hedniska bögar	Nyhedniska bögar||Hedniska homosexuella män||Nyhedniska homosexuella män	Bögar som tillhör polyteistiska religioner, eller andra religioner utanför den dominerande kulturen, som ofta innefattar naturdyrkan och/eller det heliga feminina, såsom wicca, druidism, hednisk tro m.m. Används för bögar som själva identifierar sig som hedningar.	
homoit0000517	Bögpoesi	Gaypoesi||Böglyrik||Gaylyrik||Homosexuell manlig poesi||Homosexuell manlig lyrik	Lyriska verk med fokus på homosexuella manliga karaktärer, teman eller identitet.	
homoit0000518	Bögar som är politiska aktivister	Homosexuella män som är politiska aktivister	Bögar som verkar för politisk eller social förändring genom offentlig organisering och mobilisering.	
homoit0000519	Politiska böggrupper	Politiska gaygrupper||Politiska grupper för homosexuella män	Organiserade grupper med fokus på politisk förändring och aktivism för bögars rättigheter, kan vara oberoende eller knutna till politiska partier.	
homoit0000520	Bögporrfilmer	Homosexuell manlig porrfilm	Erotiska eller sexuellt explicita filmer där bögar medverkar.	
homoit0000521	Bögpress	Homosexuell manlig press	Tidningar, tidskrifter eller andra publikationer riktade till bögar och/eller drivna av bögar.	
homoit0000522	Pride	Gay pride	Firande och erkännande av hbtq+-identiteter som bekräftar hbtq+-gemenskapers synlighet, värdighet och mångfald. Termen har ursprungligen främst använts för bögar men idag vanligtvis om pridefirande generellt.	
homoit0000523	Pridefestivaler	Europride||Pride-arrangemang||Prideveckan||Worldpride	En period av offentligt uppmärksammande och firande av hbtq+-personer och hbtq+-kultur, vanligtvis organiserad över en vecka med lokala evenemang, parader, marscher och manifestationer. Prideveckor hålls vid olika tidpunkter under året på olika platser, men infaller ofta i juni i USA för att uppmärksamma Stonewallupproret.	
homoit0000524	Bögpräster	Gaypräster||Homosexuella manliga präster	Bögar som är präster i olika kristna samfund.	
homoit0000526	Protestantiska bögar	Gayprotestanter||Bögprotestanter||Homosexuella manliga protestanter	Bögar som är medlemmar i protestantiska kyrkor.	
homoit0000527	Bögförlag	Homosexuella manliga förlag	Företag och organisationer som publicerar material för bögar eller som behandlar frågor som rör bögar.	
homoit0000528	Bögradio	Homosexuell manlig radio	Ljudinnehåll som sänds i radio, analog eller digital, och som handlar om bögar eller frågor som rör bögar.	
homoit0000529	Bögrelationer	Relationer mellan homosexuella män	Pågående relationer, romantiska, sexuella eller platoniska, mellan två eller flera bögar.	
homoit0000530	Hbtq+inkluderande religiösa grupper		Religiösa grupper som är inkluderande och bekräftande av hbtq+-personer och deras identiteter. Omfattar både större samfund som samfund eller sekter och mindre grupper som specifika kyrkor, moskéer, tempel eller församlingar.	
homoit0000531	Bögars rättigheter	Homosexuella mäns rättigheter	Juridiska, sociala eller etiska principer om frihet eller rättigheter för bögar.	
homoit0000532	Romersk-katolska bögar	Romersk-katolska homosexuella män	Bögar som är medlemmar i den romersk-katolska kyrkan.	
homoit0000533	Bögläsningar	Homosexuella manliga läsningar	Ett sätt att läsa och tolka kulturella uttryck (böcker, filmer, tv-program, tidskrifter etc.) genom ett bögperspektiv, ofta genom att appropriera verk som annars ses som heterosexuella.	
homoit0000534	Shame-rörelsen	Gay shame	Rörelse inom queera gemenskaper som beskrivs som ett radikalt alternativ till att homokultur förs in i mainstream. Rörelsen formulerar en alternativ syn på prideevenemang och relaterade aktiviteter och tar avstånd från ökad kommersialisering, företags­sponsring och så kallade ”säkrare” agendor som syftar till att undvika att stöta sig med heterosexuella allierade och sponsorer.	
homoit0000535	Bögslang	Gayslang||Homosexuell manlig slang	Vardagligt eller informellt språkbruk relaterat till bögar eller som används av bögar.	
homoit0000536	Bögsöner	Gaysöner||Homosexuella söner	Söner som identifierar sig som bögar.	
homoit0000537	Idrottsklubbar för bögar	Manliga homosexuella idrottsklubbar	Idrottsklubbar för bögar, både professionella och amatörbaserade.	
homoit0000538	Gay-straight alliances		Allianser som arbetar för att skolor, idrottsklubbar m.m. ska vara trygga och välkomnande för alla oavsett sexuell läggning eller könsidentitet.	
homoit0000539	Bögstudier	Gay studies	Akademiskt forskningsfält om bögar, bögidentitet och gemenskaper av bögar.	
homoit0000540	Bögar som överlevt hatbrott	Homosexuella män som överlevt hatbrott	Bögar som har upplevt och överlevt hatbrott. Följ individens preferens för att använda ”offer” eller ”överlevare” när det är möjligt.	
homoit0000541	Bögar som överlevt våldtäkt	Homosexuella män som överlevt våldtäkt	Bögar som har upplevt och överlevt våldtäkt. Följ individens preferens för att använda ”offer” eller ”överlevare” när det är möjligt.	
homoit0000542	Bögar som överlevt sexuella övergrepp	Homosexuella män som överlevt sexuella övergrepp	Bögar som har utsatts för och överlevt sexuella övergrepp. Följ individens preferens för att använda ”offer” eller ”överlevare” när det är möjligt.	
homoit0000543	Bögar som är krigsöverlevare	Homosexuella män som är krigsöverlevare	Bögar som har upplevt och överlevt krig. Följ individens preferens för att använda ”offer” eller ”överlevare” när det är möjligt.	
homoit0000544	Unga bögar	Unga homosexuella män	Bögar mellan barndom och vuxen ålder.	
homoit0000545	Bög-tv	Gay-TV	Tv-program med bögar eller teman som rör bögar.	
homoit0000546	Bögteater	Gay-teater||Homosexuell manlig teater	Scenkonstverk som fokuserar på homosexuella manliga karaktärer, gemenskaper eller frågor.	
homoit0000547	Bögteatergrupper	Gayteatergrupper||Homosexuella manliga teatergrupper	Teatergrupper bestående av bögar. Kan vara inriktade på att framföra verk skrivna av bögar eller som handlar om bögfrågor.	
homoit0000549	Fackföreningsgrupper för bögar	Fackliga grupper för bögar||Fackföreningsgrupper för homosexuella män	Organiserade grupper av homosexuella manliga arbetstagare som tillsammans fattar beslut om villkor som påverkar deras arbete.	
homoit0000550	Bögar som är offer för sexuella övergrepp	Homosexuella män som är offer för sexuella övergrepp||Bögar som utsatts för sexuella övergrepp||Homosexuella män som utsatts för sexuella övergrepp	Bögar som har utsatts för sexuella övergrepp och som kan ha överlevt eller inte. Följ individens preferens för att använda ”offer” eller ”överlevare” när det är möjligt.	
homoit0000551	Bögar som är hatbrottsoffer	Bögar som är offer för hatbrott||Homosexuella manliga hatbrottsoffer	Bögar som har utsatts för hatbrott och som kan ha överlevt eller inte. Följ individens preferens för att använda ”offer” eller ”överlevare” när det är möjligt.	
homoit0000552	Bögar som är våldtäktsoffer	Homosexuella manliga våldtäktsoffer	Bögar som har utsatts för våldtäkt och som kan ha överlevt eller inte. Följ individens preferens för att använda ”offer” eller ”överlevare” när det är möjligt.	
homoit0000553	Bögar som är krigsoffer	Homosexuella män som är krigsoffer	Bögar som har upplevt krig och som kan ha överlevt eller inte. Följ individens preferens för att använda ”offer” eller ”överlevare” när det är möjligt.	
homoit0000554	Bögars rättigheter som brottsoffer	Homosexuella mäns rättigheter som brottsoffer	Bögars juridiska rättigheter som brottsoffer att få information, närvara och komma till tals inom rättsväsendet efter att ha utsatts för brott, olycka eller annan händelse som orsakat skada.	
homoit0000555	Vita bögar		Bögar som är vita.	
homoit0000556	Lesbiska		Personer som identifierar sig som lesbiska och tillhör lesbiska gemenskaper. Termen används framför allt för att beskriva kvinnor som uteslutande eller huvudsakligen är romantiskt och/eller sexuellt attraherade av andra kvinnor. Alla som identifierar sig som lesbiska är dock inte kvinnor.	
homoit0000557	Gay ungdomslitteratur	Ungdomslitteratur med unga bögar som karaktärer och/eller tema	Litterära verk för läsare mellan 12 och 18 år, även kallat YA. Används för ungdomslitteratur med fokus på bögar eller pojkar som karaktärer eller teman.	
homoit0000558	Hbtq+-kvarter	Gaykvarter	Stadsdelar eller områden i städer som är (ofta informellt) sociala och/eller bostadsmässiga centra för hbtq+-personer och gemenskaper.	
homoit0000559	Gaydar		Term som beskriver en persons intuitiva förmåga att identifiera andras sexuella läggning.	
homoit0000560	Kön		Ett socialt konstruerat system som ger mening åt maskulinitet och femininitet, och som fördelar makt och möjligheter ojämlikt utifrån kulturella tolkningar av kön. Som en del av den personliga identiteten utvecklas kön genom samspelet mellan sociala roller och förväntningar, individens respons på dessa förväntningar, kroppens fysiologi och den inre känslan av jaget. Kön är kulturellt specifikt, vilket innebär att olika kulturer har olika uppfattningar om vad kön innebär och hur många kön som bör erkännas.	
homoit0000561	Könsbekräftande kirugi		Olika typer av kirurgiska ingrepp som genomförs för att bekräfta en persons könsidentitet. Används oftast för att beskriva ingrepp som transpersoner genomgår, men kan även avse vissa ingrepp hos cispersoner och intersexpersoner.	
homoit0000562	Genderbending		Praktiken att bryta mot eller ”böja” förväntade könsroller, ofta genom att anta eller överdriva stereotypiskt feminina eller maskulina drag för att avslöja dessa som sociala konstruktioner. Liknar drag, men drag är ofta förknippat med scenkonst, medan genderbending vanligen förekommer i vardagen.	
homoit0000563	Tvåkönsnormen	Könsbinaritet	Kulturella föreställningar om kön som två tydliga och motsatta kategorier, vanligtvis man och kvinna eller maskulint och feminint.	
homoit0000564	Gender blending		Könsuttryck som innebär att man blandar klädstil och beteenden förknippade med olika kön. Används inte för att beskriva identiteter som är genderqueer eller ickebinära.	
homoit0000565	Tvåkönsnorm	Genderism	En systematisk föreställning om att det endast finns två kön (man och kvinna) och att individer måste leva enligt det kön de tilldelades vid eller kort efter födseln.	
homoit0000566	Könsmångfald	Könsdiversitet	En samlingsterm som omfattar en rad olika könsidentiteter.	
homoit0000567	Könsdysfori		En psykologisk diagnos (som ersätter den föråldrade och stigmatiserande ”könsidentitetsstörning”) som beskriver den obehagskänsla eller otillfredsställelse en individ upplever på grund av att könsidentiteten inte stämmer överens med det tilldelade könet, könsuttrycket och/eller hur omgivningen uppfattar könet. Termen används också informellt av personer för att beskriva det obehag och den stress som uppstår i detta glapp. Även om könsdysfori ofta kopplas till transpersoner, kan personer med olika könsidentiteter uppleva könsdysfori om de inte känner att kroppen eller könsuttrycket stämmer överens med deras identitet.	
homoit0000568	Könsuttryck		Term för hur en person uttrycker sin könsidentitet genom utseende och beteenden, inklusive gester, rörelsemönster, klädstil och kroppsvård.	
homoit0000569	Genderfluid-identitet		En könsidentitet där en individs kön varierar över tid och i olika sammanhang. Vissa genderfluid-personer kan identifiera sig med flera kön samtidigt.	
homoit0000570	Genderfluid-personer		Personer som identifierar sig med olika kön vid olika tidpunkter, inklusive flera kön samtidigt eller inget kön alls. Används endast för att beskriva personer som själva identifierar sig som genderfluid.	
homoit0000571	Könsidentitet		En persons erfarenhet av att ha ett visst kön, vilket kan – men inte måste – överensstämma med det kön eller den könstillhörighet som tilldelades vid födseln.	
homoit0000572	Könsidentitetsstörning		En föråldrad psykologisk diagnos som medikaliserade transidentiteter och transpraktiker. Bör endast användas i historiska sammanhang.	
homoit0000573	Könsmarkörer		Markörer som används för att ange en persons kön i officiella handlingar, såsom pass, födelseattester och körkort. Olika jurisdiktioner skiljer sig avsevärt åt när det gäller antalet och typerna av könsmarkörer som tillåts i officiella handlingar.	
homoit0000574	Könsöverskridande personer		Personer som identifierar sig utanför, bryter mot eller inte följer könsroller eller förväntningar i en viss kultur. Används endast för att beskriva personer som själva identifierar sig som könsöverskridande. Ska inte användas för att beskriva cispersoner som klär sig eller beter sig på sätt som inte följer könsnormer.	
homoit0000575	Könsförhållanden		Rättigheter, ansvar och relationer som, inom en viss kultur, ges till personer eller grupper med ett kön av personer eller grupper med ett annat kön.	
homoit0000576	Könsväxlingar		En medietrop (vanligt i fanfiction och fanart) där en eller flera karaktärer byter binärt kön (t.ex. att en ciskönad man förvandlas till en ciskönad kvinna), ofta tillfälligt.	
homoit0000577	Könsroller		Socialt definierade regler eller normer för könskodade beteenden. Vissa hbtq+-personer identifierar sig med könsroller som ligger utanför könsbinariteten (t.ex. butch, femme, twink, björn). Använd termen ”Stereotypa könsroller” för att beskriva allmänt spridda men förenklade eller kränkande föreställningar om könsroller.	
homoit0000578	Könssegregation		Fysisk, juridisk, kulturell eller diskursiv åtskillnad av personer utifrån deras kön.	
homoit0000579	Genusvetenskap	Genusstudier	Tvärvetenskapligt akademiskt område med fokus på studier och analyser av genus i en viss kultur samt hur genus framställs i medier och populärkultur.	
homoit0000580	Könsbaserat folkmord	Gendercide	Systematiskt dödande av personer av ett visst kön, enbart på grund av deras kön.	
homoit0000581	Genderfuck		En form av könsuttryck som syftar till att utmana könsbinaritet och könsroller genom att blanda och störa (eller ”fucka med”) traditionellt maskulina och feminina uttryck. Används oftast för att beskriva könspresentation och praktik, men vissa identifierar sig även som ”genderfuck” eller ”genderfucker”. Används endast för att beskriva personer och praktiker hos personer som själva identifierar sig med begreppet.	
homoit0000582	Genderqueer-personer		Personer som identifierar sig som genderqueer – ett paraplybegrepp för queera eller icke-normativa könsidentiteter och könsuttryck.	
homoit0000583	Biologiskt föräldraskap		Föräldraskap såsom det upplevs av föräldrar som fört vidare sitt genetiska material till barnet eller barnen.	
homoit0000584	Underlivskirurgi (transpersoner)		Term term för könsbekräftande kirurgiska ingrepp av genitalier och/eller reproduktionsorgan.	
homoit0000585	Könsorgan		Allmän term för erogena och/eller reproduktiva organ (t.ex. vagina, klitoris, penis).	
homoit0000587	Bärande föräldraskap		Föräldraskap såsom det upplevs av en person vars livmoder användes för att bära och utveckla ett embryo till en bebis.	
homoit0000588	Få ligga		Slangterm för att ha sex, vanligtvis med en annan person.	
homoit0000589	Komma		Slangterm för att uppleva sexuell njutning, ofta med syftning på orgasm.	
homoit0000590	Flickor	Tjejer	Barn eller ungdomar (vanligtvis under 18 år) som identifierar sig som flickor.	
homoit0000591	Flickors vänskap		Relationer baserade på tillit och tillgivenhet mellan två eller flera flickor.	
homoit0000592	Tilldelat namn	Förnamn||Födelsenamn	Personnamn som ges till en individ vid födseln, vanligtvis av föräldrarna. Kallas ibland ”födelsenamn” eller, i kulturer där förnamnet kommer före efternamnet, ”förnamn”.	
homoit0000593	Oralsex	Munsex	Sexuella aktiviteter som utförs med munnen.	
homoit0000594	Hbt		Akronym som används för att beskriva homosexuella, bisexuella och transpersoner som grupp.	
homoit0000595	Glory hole		Hål genom väggar eller avskärmningar, t.ex. i offentliga toalettbås, som möjliggör att personer kan utföra eller observera sexuella handlingar, ofta anonymt. Förknippas ofta med bögkultur på grund av glory holes historiska och pågående användning av icke-öppna bögar som ett sätt att ha oral- eller analsex utan risk för identifiering eller gripande.	
homoit0000596	Gudinnerörelser		En andlig rörelse som växte fram i Nordamerika, Västeuropa, Australien och Nya Zeeland under 1970-talet som en reaktion mot mansdominerad organiserad religion. Innefattar dyrkan av Gudinnan eller flera gudinnor samt fokus på kvinnor, femininitet och feminism. Ofta förknippad med lesbiska gemenskaper.	
homoit0000597	Urinsex	Golden showers||Undinism||Urolagni||Water sports||Wet (sex)	Användning av urin och urinering för sexuell eller erotisk njutning.	
homoit0000598	Goldilocks (bögkultur)		Amerikansk slangterm för heterosexuella kvinnor som är vänner med bögar i björngemenskapen och som umgås i björnmiljöer.	
homoit0000599	Gonaddysgenesi		En term som avser en grupp av olika variationer som påverkar könskörtelns utveckling före födseln. Gonaddysgenesi delas in i komplett (CGD) med strimgonader, partiell (PGD) delvis utvecklade gonader och mixad gonaddysgenesi (MGD) med en strimgonad och en gonad.	
homoit0000600	Gonader	Könskörtlar	En allmän term som används för att beskriva testiklar, äggstockar eller ovotestis.	
homoit0000601	Barnbarn		Barn till en individs barn.	
homoit0000602	Mor- och farföräldrar		Föräldrar till en individs föräldrar.	
homoit0000603	Gruppsex		Sexuella aktiviteter som involverar flera personer, vanligtvis fler än tre.	
homoit0000604	Güevedoce		I Dominikanska republiken avser denna term personer med icke entydiga könsorgan som vanligtvis uppfostras som flickor fram till puberteten. Kan betraktas som ett tredje kön.	
homoit0000605	Hår		Trådliknande strån av keratin som växer ut ur huden. Används för att beskriva hår som sekundär könskarakteristika eller som form av självuttryck.	
homoit0000606	Hårborttagning		Processen att avlägsna kroppshår genom rakning, vaxning, depilatoriska medel, laser med mera. Kan ha en social koppling till könsidentitet och/eller en erotisk komponent.	
homoit0000607	Halloween (hbtq+)		Firandet av halloween – ofta kallad ”Gay Christmas” – inom amerikanska hbtq+-gemenskaper. Innefattar ofta drag eller fantasifulla kostymer som leker med könsuttryck samt deltagande i stora fester i hbtq+-områden eller lokaler.	
homoit0000608	Handklovar		Ett fysiskt begränsningsredskap avsett att fixera en persons handleder.	
homoit0000609	Hanky codes		Ett färgkodat system för att visa sexuella preferenser och ange om en person är topp/dominant eller bottom/undergiven.	
homoit0000610	Happy endings		Term som används inom sexarbete för att beskriva en massage som avslutas med att massören ger kunden en orgasm.	
homoit0000611	Trakasserier		Omfattar olika beteenden som är avsedda att störa eller kränka. Trakasserier är ofta upprepade eller pågår under en längre tidsperiod.	
homoit0000612	Harness		Selar använda inom BDSM som sex- eller mode-accessoar.	
homoit0000613	Hatbrottsoffer (hbtq+)	Hbtq+-personer som är offer för hatbrott	Hbtq+-personer som har utsatts för hatbrott och som kan ha överlevt eller inte. Följ individens preferens för att använda ”offer” eller ”överlevare” när det är möjligt.	
homoit0000614	Hälso- och sjukvård (hbtq+)		Organiserade insatser för att bevara eller förbättra hälsa genom att förebygga, diagnosticera, behandla och/eller bota sjukdomar, skador eller andra tillstånd. Används för att beskriva hälso- och sjukvård som möter hbtq+-personers särskilda behov.	
homoit0000616	Hemaneh		Cheyenne-term för en person som är både man och kvinna, eller en gestalt som förenar manliga och kvinnliga drag.	
homoit0000617	Örtmedicin		Användningen av växter för att förbättra hälsan, förebygga sjukdom och/eller behandla sjukdomstillstånd.	
homoit0000618	Intersexpersoner		Personer som är födda med variationer i genitalier, hormoner, inre anatomi och/eller kromosomer som inte helt eller uteslutande motsvarar medicinska eller sociala förväntningar på vad som är manligt eller kvinnligt. Används endast för personer som själva identifierar sig som intersex.	
homoit0000619	Heterosexism		Diskriminering, fördomar eller negativ särbehandling av personer som inte är heterosexuella, baserat på föreställningen att heterosexualitet är det enda normala eller naturliga uttrycket för sexuell identitet.	
homoit0000620	Heteronormativitet		Föreställningen eller tron att heterosexualitet är den normala eller föredragna sexuella läggningen.	
homoit0000621	Heterosexuella pojkar		Pojkar, vanligtvis barn eller ungdomar under 18 år, som är heterosexuella.	
homoit0000622	Heterosexuell feminism		En form av feminism som lyfter heterosexuella kvinnors erfarenheter och fokuserar på att uppnå jämlika ekonomiska, politiska och sociala rättigheter för heterosexuella kvinnor. Diskuteras ofta i kontrast till politisk lesbiskhet.	
homoit0000623	Heterosexuella flickor	Heterosexuella tjejer	Flickor (vanligtvis barn eller unga under 18 år) som är heterosexuella.	
homoit0000624	Heterosexuell identitet		Term som beskriver sexuell identitet hos personer som är romantiskt och/eller sexuellt attraherade av personer som tilldelats ett ”motsatt” kön vid födseln.	
homoit0000625	Heterosexuella äktenskap		En juridiskt erkänd och formellt reglerad parrelation mellan en heterosexuell man och en kvinna.	
homoit0000626	Heterosexuella män		Män som identifierar sig som heterosexuella.	
homoit0000627	Heterosexuella		Personer som är romantiskt och sexuellt attraherade av personer av motsatt kön.	
homoit0000628	Heterosocialitet		Inom sociologin används termen för att beskriva sociala relationer och band mellan personer av motsatt kön inom en viss kultur. Inbegriper vanligtvis inte romantiska eller sexuella relationer.	
homoit0000629	Heterosexuella kvinnor		Kvinnor som identifierar sig som heterosexuella.	
homoit0000630	Unga heterosexuella	Heterosexuella ungdomar	Heterosexuella personer mellan barndom och vuxen ålder.	
homoit0000631	Heterosexualitet		Romantisk och sexuell attraktion till personer av motsatt kön eller motsatt könsidentitet, vanligtvis i kulturer som förstår kön och könsidentitet genom en binär uppdelning mellan man och kvinna.	
homoit0000632	Hijras		Hinditerm som används i Sydasien för att beskriva personer som tilldelats manligt kön vid födseln men som identifierar sig som kvinnor eller ”icke-män”.	
homoit0000633	Hinduer (hbtq+)		Hbtq+-personer som är hinduer.	
homoit0000634	Hiv-tester		Medicinska tester som används för att påvisa förekomst av hiv-antikroppar eller antigener i blod, saliv eller urin.	
homoit0000635	Hivnegativa personer		Personer som inte har hiv.	
homoit0000636	Personer som lever med hiv	Hivpositiva personer||Poz||Pos	Personer som har hiv.	
homoit0000637	Serokonversion		Term som beskriver perioden mellan exponering för ett virus och det att antikroppar kan upptäckas. Används ofta vid hiv-testning för att ange när ett testresultat förändras från negativt till positivt.	
homoit0000638	Par med olika hivstatus	Serodiskordanta par	Parrelationer där en av personerna lever med hiv och den andra inte gör det.	
homoit0000639	Serostatus		Förekomsten (seropositivitet) eller frånvaron (seronegativitet) av antikroppar i blodets serum. Används ofta i samband med hiv-testning.	
homoit0000640	Personer som lever med välbehandlad hiv		Personer som har hiv och som genom behandling fått virusnivåerna så låga att de inte längre kan upptäckas med vanliga hiv-tester.	
homoit0000641	Mord på hbtq+-personer		Avsiktligt dödande av hbtq+-personer på grund av deras könsidentitet och/eller sexuella identitet.	
homoit0000642	Hbtq+-monument	Momument (hbtq+)	Offentliga monument uppförda till minne av hbtq+-personer som förföljts på grund av sin könsidentitet och/eller sexuella identitet.	
homoit0000643	Homonationalism		Positiv koppling mellan nationalistisk ideologi och hbtq+-personer eller deras rättigheter.	
homoit0000644	Homonormativitet		Projicering av heteronormativa ideal och strukturer på hbtq+-kulturer och identiteter, med utgångspunkt i föreställningen att hbtq+-personer (särskilt ciskönade bögar och lesbiska) måste anpassa sig till heterosexualitetens normer – som könsbinaritet, äktenskap, barnafödande och monogami – för att betraktas som ”normala” och uppnå social acceptans.	
homoit0000645	Homofiler		Föråldrad term för lesbiska och bögar. Användningen av ordet började avta i samband med framväxten av gayrörelsen i slutet av 1960-talet och början av 1970-talet.	
homoit0000646	Homofobi		Motvilja, fientlighet eller äckel riktat mot homosexualitet som identitet eller mot män som uppfattas som eller faktiskt är homosexuella. Homofobi kan ta sig uttryck i förnekande av att homosexualitet existerar, stereotypa föreställningar, verbala trakasserier och fysiskt våld. Termen används ofta i vardagligt språkbruk som ett samlingsbegrepp för negativa attityder och handlingar riktade mot hbtq+-personer i stort.	
homoit0000647	Homosexualitet		Sexuell läggning som innebär sexuell och/eller romantisk attraktion till personer av samma kön.	
homoit0000648	Homosexuella		Term för lesbiska och bögar.	
homoit0000649	Homosocialitet		Ett begrepp som beskriver sociala band mellan personer av samma kön inom en viss kultur.	
homoit0000650	Hormonblockerare	Stopphormoner||Pubertetsblockerare	Läkemedel som blockerar kroppens produktion av vissa hormoner i syfte att ersätta dem eller komplettera med andra hormoner.	
homoit0000651	Hormoner		Reglerande signalsubstanser som produceras i kroppen och transporteras genom blodet för att stimulera specifika celler eller vävnader. Även om hormoner reglerar matsmältning, andning, sömn och många andra funktioner i kroppen, används termen allmänspråkligt oftast för att beskriva könshormoner – det vill säga hormoner som påverkar pubertet, sexuell utveckling, reproduktion och sexuell lust.	
homoit0000652	Mänskliga rättigheter		Moraliska, sociala och juridiska principer för mänskligt beteende, som ofta uppfattas som grundläggande för alla människor och skyddas i lag.	
homoit0000653	Sterilisering		Avser all typ av medicinsk behandling som avsiktligt gör en person steril eller oförmögen att reproducera sig. Innefattar både frivillig och ofrivillig sterilisering.	
homoit0000654	Hwame		Inom Mohave-folket i Nordamerika avser hwame personer som tilldelats kvinnligt kön vid födseln men som uppvisar maskulina drag och har en socialt manlig position.	
homoit0000655	Machismo		Ett begrepp från 1930–40-talet som beskriver en mans ansvar och stolthet i att försörja, skydda och försvara sin familj. Ursprunget är osäkert, men tros komma från Spanien eller Portugal. Machismo är fortfarande en viktig del av iberisk och latinamerikansk kultur men har kritiserats för att förstärka misogyni, könsroller samt våld i nära relationer.	
homoit0000656	Hypersexualitet		Term som används för att beskriva en nivå eller frekvens av sexuell lust som uppfattas som överdriven inom en viss kultur. Även om det inte råder enighet inom vården om huruvida hypersexualitet ska klassas som en diagnos, har läkare och psykologer historiskt använt termen (eller liknande) för att felaktigt patologisera hbtq+-personers identitet och begär. Bör endast användas i historiska sammanhang eller om en individ själv identifierar sig med termen.	
homoit0000657	Hypospadi		Personer med hypospadi är födda med urinrörets öppning placerad någon annanstans än på toppen av penis. Vid distal hypospadi sitter öppningen på ollonet, medan den vid proximal hypospadi är placerad på undersidan av penis eller längre bak, nära pungen. Hypospadi är en av de vanligaste och synligaste genitala variationerna. Personer med hypospadi har ofta även andra variationer som chordee (böjning i penis) eller kryptorkism (testiklar som inte vandrat ned).	
homoit0000658	Hysterektomi		Kirurgiskt ingrepp för att avlägsna livmodern.	
homoit0000659	IVF	In vitro-fertilisering||Provrörsbefruktning	Medicinsk metod för fertilisering där kroppen stimuleras med hormoninjektioner för att producera fler ägg än normalt. Dessa plockas sedan ut och befruktas av spermier på ett naturligt sätt genom könscellerna sammanförs i en petriskål. Den befruktade cellen får sedan dela sig upprepade gånger under kontrollerade förhållande som ska efterlikna de kroppsliga. Embryot studeras i mikroskop för att bedöma dess livsduglighet och planteras sedan i livmodern där det fäster i livmoderslemhinnan och en typisk graviditet får fortlöpa.	
homoit0000660	Hbtq+-informationscentrum	Informationscentrum för hbtq+-personer	En institution som samlar och sammanställer information för hbtq+-gemenskapen i en offentlig databas.	
homoit0000661	Informationsförmedling		Processen att förmedla information till individer eller grupper.	
homoit0000662	Samlag		Term som används för att beskriva sexuell aktivitet mellan två eller flera personer, vanligtvis med penetration.	
homoit0000663	Intergenerationella relationer	Förhållanden över generationsgränser||Intergenerationella förhållanden||Relationer över generationsgränser||Relationer med åldersskillnad	Pågående relationer (romantiska, sexuella, kinkbaserade eller platoniska) mellan två eller flera personer från olika åldersgrupper eller generationer.	
homoit0000664	Nätdejting		Att använda webbplatser, appar eller forum online för att träffa romantiska eller sexuella partners.	
homoit0000666	Intersexfobi		Fientlighet eller avsky riktad mot intersexpersoner eller intersexvariationer. Intersexfobi kan innefatta förnekelse av intersexpersoners existens, krav på att intersexvariationer ska ”korrigeras”, stereotyper, verbala trakasserier och fysiskt våld.	
homoit0000667	Intersektionalitet		Ett teoretiskt ramverk som först formulerades av Kimberlé Crenshaw för att beskriva hur olika delar av social identitet – såsom kön, ras, etnicitet, funktionsnivå, klasstillhörighet, religion och sexuell identitet – överlappar och samverkar, vilket ofta förstärker individens erfarenheter av ojämlikhet och diskriminering.	
homoit0000668	Intersexbarn		Intersexpersoner som ännu inte har nått tonåren.	
homoit0000669	Intersexvariationer		Paraplyterm som används för att beskriva ett brett spektrum av variationer i könskarakteristika. Termen ”intersextillstånd” är patologiserande och avser personer födda med variationer i sina fysiska könskarakteristika, även kallat intersexdrag.	
homoit0000670	Könsstympning av intersexpersoner		Kirurgiska ingrepp eller annan medicinsk behandling som vanligen utförs på spädbarn eller barn i syfte att ”normalisera” könsorganen och tvinga kroppen att motsvara medicinska eller sociala förväntningar på vad som är manligt eller kvinnligt. Könsstympningen kan utföras av kulturella, sociala eller religiösa skäl. Även om de ofta rättfärdigas medicinskt, är dessa ingrepp medicinskt onödiga och sker utan samtycke.	
homoit0000671	Intersexidentitet		Används för att beskriva erfarenheten av att vara intersex. Intersexidentitet är inte samma sak som könsidentitet, sexuell identitet eller sexuell läggning. För att beskriva intersexvariationer, använd ”intersexvariationer” eller ”intersex”. För att beskriva personer, använd ”intersexpersoner”. Använd inte denna term i stället för könsidentitetsrelaterade begrepp som ickebinär eller genderfluid.	
homoit0000672	Intersexrörelser		Samlingsterm för aktivism med fokus på intersexpersoners rättigheter och frågor som påverkar intersexpersoners gemenskaper.	
homoit0000673	Intersexrättigheter	Intersexpersoners rättigheter	Juridiska, sociala eller etiska principer om frihet eller rättigheter för intersexpersoner. Ofta används termen för att beskriva rätten till kroppslig autonomi och att ha möjlighet att vägra onödiga medicinska ingrepp.	
homoit0000674	Unga intersexpersoner		Intersexpersoner mellan barndom och vuxen ålder.	
homoit0000675	Våld i nära relationer		Handlingar av våld eller övergrepp riktade mot en individ av deras nuvarande eller tidigare partner i en romantisk, sexuell eller kinkrelaterad relation.	
homoit0000676	Inuitiska hbtq+-personer		Hbtq+-personer som är inuiter eller tillhör något av de urfolk som lever i inuiternas hemland i de arktiska och subarktiska regionerna på Grönland, i Kanada och i Alaska. Används endast för personer som själva identifierar sig som inuiter.	
homoit0000677	Inverterade		Föråldrad historisk term som användes för att beskriva hbtq+-personer.	
homoit0000678	Jankha		I Indien används termen för att beskriva personer som tilldelats manligt kön vid födseln men som bär kvinnokodade kläder och uttryck, men som inte väljer kastrering.	
homoit0000680	Jehovas vittnen (hbtq+)		Hbtq+-personer som är Jehovas vittnen.	
homoit0000681	Runka		Slangterm för onani, vanligtvis genom manuell stimulans av penis.	
homoit0000682	Judiska hbtq+-personer		Hbtq+-personer som är judar.	
homoit0000683	Jizz		Slangterm för sperma, används främst i USA.	
homoit0000684	Jogappa		I Indien används denna term för att beskriva personer som tilldelats manligt kön vid födseln och som genom en andlig omvandling utvecklar en flytande könsidentitet.	
homoit0000685	Kabuki		En form av teater i Japan som ofta innehåller crossdressing. Historiskt spelade kvinnliga skådespelare både manliga och kvinnliga roller, men kvinnor förbjöds senare att uppträda och ersattes med män som spelade båda rollerna.	
homoit0000686	Sarkom, Kaposis		En form av cancer som orsakar lesioner i hud, lymfkörtlar, inre organ och slemhinnor. Drabbar ofta personer med nedsatt immunförsvar, såsom vid aids.	
homoit0000687	Katoey		I Thailand används termen för att beskriva ett spektrum av personer med icke-normativa könsuttryck, inklusive intersexpersoner, transkvinnor och feminina bögar. Vissa anser termen vara föråldrad och kränkande, medan andra identifierar sig med den. Används endast för personer som själva identifierar sig som katoey.	
homoit0000688	Khusra		Term som används i Pakistan och norra Indien för att beskriva personer av tredje kön, vanligen personer som tilldelats manligt kön vid födseln och som identifierar sig som kvinnor.	
homoit0000689	Khawaja sara		Paraplybegrepp i Pakistan och Sydasien som beskriver personer som tilldelats manligt kön vid födseln och som identifierar sig som kvinnor, intersex eller tredje kön.	
homoit0000690	Kinnar		En variant av termen hijra som används i norra Indien.	
homoit0000691	Kyssa		Att vidröra eller trycka sina läppar mot en annan person eller ett objekt som uttryck för hälsning, tillgivenhet, vördnad, kärlek eller sexuell åtrå.	
homoit0000692	Klinefelters syndrom		Personer med Klinefelters syndrom har en extra X-kromosom (47XXY i stället för 46XY). De kan ha mindre testiklar, lägre testosteron- eller spermieproduktion och försenad eller utebliven pubertet utan hormonbehandling. De kan också vara längre än genomsnittet, utveckla bröstvävnad och ha nedsatt fertilitet. Många känner inte till att de har tillståndet då det ofta saknar tydliga fysiska kännetecken.	
homoit0000693	Köçek		Turkisk term för manliga dansare som klär sig i kvinnliga kläder i underhållningssyfte.	
homoit0000694	Kothis		I Sydasien används termen för att beskriva personer som tilldelats manligt kön vid födseln men som uppvisar feminina egenskaper. Inte alla som identifierar sig som kothi ser sig som hijra eller transpersoner.	
homoit0000695	Khteuy		Khmerterm för personer av tredje kön. Kan uppfattas som föråldrad och kränkande.	
homoit0000696	Dubbeleggad yxa	Dubbelyxa||Labrys	Symbol som används för att representera lesbiskhet och feminism.	
homoit0000697	Lakin-on		Cebuanoterm för kvinnor som attraheras av kvinnor och som antar manliga roller och uttryck, även i kulturellt arbete.	
homoit0000698	Lambda		Symbol för homosexuellas rättigheter.	
homoit0000699	Latent homosexualitet		Begrepp myntat av Sigmund Freud för att beskriva erotisk attraktion till personer av samma kön som inte är (och kanske aldrig blir) medvetet upplevd eller uttryckt öppet.	
homoit0000700	Latexhandskar		Skyddande handbeklädnad tillverkad av latex eller ett tunt plastliknande material. Används ofta som barriär för att skydda mot sexuellt överförbara infektioner vid säkrare sexpraktiker.	
homoit0000701	Lavender scare		Term som används för att beskriva utrensningen av lesbiska och bögar från USA:s regering under 1950-talet, som ett resultat av moralpanik som bland annat Joseph McCarthy låg bakom.	
homoit0000702	Lagar	Lagstiftning	Ett system av regler eller normer för beteende som erkänns och upprätthålls juridiskt inom ett land eller en gemenskap.	
homoit0000703	LBT		Akronym som används för att beskriva lesbiska, bisexuella och transpersoner som grupp.	
homoit0000704	Koppel		Ett rep eller liknande material som används för att kontrollera en person, ofta för att öka sexuell upphetsning.	
homoit0000705	Lädergemenskaper	Läderscenen||Läderkulturen||Lädercommunityn	En hbtq+-förknippad subkultur som firar normbrytande sexualitet och sexuell frihet. Subkulturen är förknippad med särskilda uttryck såsom läderkläder, särskilda klubbar och evenemang.	
homoit0000706	Läderdaddies	Läderpappor||Leather daddies||Läderfarsor	Personer som deltar i lädergemenskaper och identifierar sig som leather daddies.	
homoit0000707	Läderfamiljer		Flera personer som deltar i lädergemenskaper och identifierar sig som en läderfamilj.	
homoit0000708	Lädermommies	Lädermammor||Leathermommies||Lädermorsor	Personer som deltar i lädergemenskaper och identifierar sig som lädermommies.	
homoit0000709	Lädermän	Leathermen	Personer som deltar i lädergemenskaper och identifierar sig som lädermän.	
homoit0000710	Läderkvinnor	Leatherwomen	Personer som deltar i lädergemenskaper och identifierar sig som läderkvinnor.	
homoit0000711	Juridiskt namn		Används för att beskriva det namn som regleras i lag och erkänns av juridiska instanser. I en amerikansk kontext det namn som tilldelas en individ vid födseln.	
homoit0000712	Rättsstatus		En individs eller ett objekts rättsliga status eller ställning inom en viss jurisdiktion, inklusive juridiska rättigheter och skyldigheter. Används ofta i relation till medborgarskap eller äktenskap.	
homoit0000713	Lesbisk aktivism		Direkt aktion och organisering för att uppnå politisk eller social förändring och acceptans för lesbiska.	
homoit0000714	Lesbiska afroamerikaner		Lesbiska av afrikansk härkomst födda i USA eller lesbiska födda i afrikanska länder som bor i eller har en stark anknytning till USA. Används för individer som identifierar sig som afroamerikaner. Följ individens preferens för afroamerikan eller svart när det är möjligt.	
homoit0000715	Lesbiska afrokanadensare		Lesbiska av afrikansk härkomst födda i Kanada eller lesbiska födda i afrikanska länder som bor i eller har en stark anknytning till Kanada. Används för individer som identifierar sig som afrokanadensare.	
homoit0000716	Afrokaribiska lesbiska		Lesbiska av afrikansk härkomst födda i Karibien eller lesbiska födda i afrikanska länder som bor i eller har en stark anknytning till Karibien. Använd endast för personer som identifierar sig som afrokaribier.	
homoit0000717	Lesbiska afroeuropéer		Lesbiska av afrikansk härkomst födda i europeiska länder eller lesbiska födda i afrikanska länder som bor i eller har en stark anknytning till Europa. Använd endast för personer som identifierar sig som afroeuropéer.	
homoit0000718	Lesbiska afrolatinos		Lesbiska av afrikansk härkomst födda i latinamerikanska länder eller lesbiska födda i afrikanska länder som bor i eller har en stark anknytning till Latinamerika. Använd endast för personer som identifierar sig som afrolatinos.	
homoit0000719	Lesbiska arkiv		Samlingar av arkivmaterial och dokument relaterade till lesbiska eller lesbiska gemenskaper. Kan omfatta arkiv hos allt från lokala gemenskaper till statliga institutioner.	
homoit0000720	Lesbiska kulturutövare		Lesbiska som utövar någon form av konstnärlig eller kreativ verksamhet.	
homoit0000721	Asiat-amerikanska lesbiska	Asiatisk-amerikanska lesbiska	Lesbiska av asiatisk härkomst, födda i USA eller i asiatiska länder, som bor i eller har en stark koppling till USA. Används endast för individer som själva identifierar sig som asiat-amerikaner.	
homoit0000722	Lesbiska asiater		Lesbiska av asiatisk härkomst, boende i Asien eller en del av den asiatiska diasporan. Används endast för personer som själva identifierar sig som asiatiska.	
homoit0000723	Lesbiska aktivister		Lesbiska som är ateister.	
homoit0000724	Lesbiska barer		Barer eller uteställen som främst vänder sig till lesbiska.	
homoit0000725	Lesbiska stränder		Stränder som är avsedda för lesbiska eller som är kända för att ofta besökas av lesbiska.	
homoit0000726	Svarta lesbiska		Svarta personer som är lesbiska. Används endast för individer som själva identifierar sig som svarta. Följ individens preferens för att använda svart eller diasporaidentitet som t.ex. afroeuropé när det är möjligt.	
homoit0000727	Lesbiska bokaffärer		Bokhandlar som säljer material riktat till lesbiska eller som behandlar ämnen relaterade till lesbiska.	
homoit0000728	Lesbiska buddister	Buddistiska lesbiska	Lesbiska som är buddister.	
homoit0000729	Lesbiska karaktärer		Karaktärer i kreativa verk som är lesbiska.	
homoit0000730	Lesbiska körer		Organiserade grupper av lesbiska som sjunger tillsammans.	
homoit0000731	Lesbiska kristna	Kristna lesbiska	Lesbiska som är kristna.	
homoit0000732	Lesbiska religiösa ledare	Lesbiska med religiösa ämbeten	Lesbiska som är prästvigda eller innehar religiösa ämbeten, särskilt inom kristendomen.	
homoit0000733	Lesbiska gemenskaper	Lesbiska communityn	Grupper av personer som delar erfarenheten av att vara lesbiska.	
homoit0000734	Lesbiska community centers	Föreningslokaler för lesbiska||Träffpunkter för lesbiska	Platser där personer från lesbiska gemenskaper möts för sociala, utbildningsrelaterade, fritids- eller organisatoriska aktiviteter.	
homoit0000735	Lesbiska par	Flatpar	Parrelationer där båda personerna är lesbiska.	
homoit0000736	Lesbiska döttar		Döttrar som identifierar sig som lesbiska.	
homoit0000737	Lesbiska informationscentrum	Informationscentrum för lesbiska	Institutioner som erbjuder utbildning, stöd och information om lesbisk identitet och lesbiska gemenskaper till lesbiska.	
homoit0000738	Lesbiska dominatrixer	Lesbiska dominor	Lesbiska som intar en dominant roll inom BDSM och/eller i maktutbytesrelationer med en dominant/underordnad dynamik. Termen används främst av feminint identifierade personer.	
homoit0000739	Lesbisk dramatik	Lesbisk scenkonst	Fiktion avsedd för sceniskt framförande med lesbiska gestalter eller teman.	
homoit0000740	Lesbiska familjer		Familjer – biologiska, adoptiva eller valda – där en eller flera personer identifierar sig som lesbiska.	
homoit0000741	Lesbisk feminism		En kulturell rörelse och ett kritiskt perspektiv som växte fram under 1970- och 1980-talen, främst i Nordamerika och Västeuropa, som ett resultat av missnöje med kvinnorörelsen och gayrörelsen. Lesbisk feminism uppmuntrar kvinnor att fokusera sitt politiska engagemang, sitt sociala liv och sina relationer på andra kvinnor snarare än män och framhåller ofta lesbiskhet som en logisk följd av feminism.	
homoit0000742	Lesbisk skönlitteratur	Flatböcker||Flatlitteratur	Litterära verk som beskriver fiktiva händelser eller personer. Används för skönlitteratur med lesbiska karaktärer eller teman.	
homoit0000743	Lesbiska flickor	Lesbiska tjejer	Flickor (vanligtvis barn eller ungdomar under 18 år) som är lesbiska.	
homoit0000744	Lesbisk identitet		Term som beskriver sexuell identitet hos kvinnor och feminina personer som är romantiskt och/eller sexuellt attraherade av andra kvinnor och feminina personer. Alla som identifierar sig som lesbiska är dock inte kvinnor, och könsöverskridande personer har ofta identifierat sig som lesbiska.	
homoit0000745	Judiska lesbiska	Lesbiska judar	Lesbiska som är judar.	
homoit0000746	Lesbiskt land	Lesbian land||Lesbisk landsbygd	Lesbiska landsbygdsgemenskaper eller småsamhällen på landsbygden.	
homoit0000747	Lesbiska latines	Latino/a/x lesbiska	Lesbiska som är latinamerikaner och som själva identifierar sig som latines (latino, latina eller latinx). Blanda inte ihop med chicano/a/x eller hispanic.	
homoit0000748	Lesbisk frigörelse		En befrielserörelse som uppstod på 1970-talet för att rikta mer uppmärksamhet mot lesbiska och feministiska frågor inom den bredare gayrörelsen och i offentlig debatt.	
homoit0000749	Lesbiska bibliotek		Bibliotek som samlar material som främst rör lesbiska eller är avsett att användas av lesbiska.	
homoit0000750	Lesbisk litteratur		Skrivna litterära verk om lesbiska karaktärer eller teman.	
homoit0000751	Lesbiska härskarinnor	Lesbiska mistresses	Lesbiska som intar en dominerande roll inom BDSM och/eller i maktutbytesrelationer med en härskarinna/undergiven-dynamik. Termen används främst av feminint identifierade personer.	
homoit0000752	Lesbiska föräldrar		Lesbiska som är föräldrar.	
homoit0000753	Lesbiska rörelser	Lesbiska organisationer	Samlingsterm för aktivism med fokus på lesbiska personers rättigheter och frågor som påverkar lesbiskas gemenskaper.	
homoit0000754	Lesbiska museum		Institutioner som ägnar sig åt insamling, utställning, bevarande och konservering av material som rör lesbiskhet, lesbiska personer eller lesbisk historia.	
homoit0000755	Kvinnomusik	Kvinnoidentifierad musik||Lesbisk musik||Qvinnomusik	Musikgenre skapad av kvinnor, för kvinnor och om kvinnor som växte fram under 1960- och 1970-talen som ett musikaliskt uttryck för den andra feministiska vågen.	
homoit0000756	Lesbiska muslimer		Lesbiska som är muslimer.	
homoit0000757	Lesbisk nation	Lesbian nation	En tänkt autonom, internationell lesbisk gemenskap som är avskild från män.	
homoit0000758	Lesbiska ursprungsamerikaner		Personer som tillhör ursprungsfolken i det kontinentala USA och Kanada (exklusive inuiter) och som identifierar sig som lesbiska. Använd mer specifika termer där det är möjligt.	
homoit0000759	Lesbiska nyhetsbrev		Seriella tryckta eller digitala tidskrifter skapade av eller för lesbiska, ofta i syfte att dela nyheter och information relaterad till lesbiska frågor och lesbiska gemenskaper.	
homoit0000760	Lesbiska tidningar		Seriella tryckta eller digitala publikationer om lesbiska eller lesbiska frågor (vanligtvis producerade av lesbiska personer eller organisationer) som innehåller nyheter, artiklar, krönikor, korrespondens och annonser.	
homoit0000761	Lesbiska hedningar	Lesbiska nyhedningar	Lesbiska som tillhör polyteistiska religioner, eller andra religioner utanför den dominerande kulturen, som ofta innefattar naturdyrkan och/eller det heliga feminina, såsom wicca, druidism, hednisk tro m.m. Används för lesbiska som själva identifierar sig som hedningar.	
homoit0000762	Lesbisk poesi	Lesbisk lyrik	Lyriska verk med fokus på lesbiska karaktärer, teman eller identitet.	
homoit0000763	Lesbiska politiska aktivister		Lesbiska som verkar för politisk eller social förändring genom offentlig organisering och mobilisering.	
homoit0000764	Lesbiska politiska grupper		Organiserade grupper med fokus på politisk förändring och aktivism för lesbiska rättigheter. Kan även inkludera förespråkande för lesbiskhet som ett feministiskt och politiskt val mot sexism.	
homoit0000765	Lesbisk porrfilm		Erotiska eller sexuellt explicita filmer där lesbiska personer medverkar.	
homoit0000766	Lesbisk press		Tidningar, tidskrifter eller andra publikationer riktade till lesbiska och/eller drivna av lesbiska.	
homoit0000767	Lesbisk pride		Firande och synliggörande av lesbisk identitet, med fokus på lesbiska gemenskapers synlighet, värdighet och mångfald.	
homoit0000770	Lesbiska protestanter		Lesbiska som är medlemmar i protestantiska kyrkor.	
homoit0000771	Lesbiska förlag		Företag och organisationer som publicerar material för lesbiska gemenskaper eller som behandlar lesbiska frågor.	
homoit0000772	Lesbisk radio		Ljudinnehåll som sänds i radio, analog eller digital, och som handlar om lesbiska eller lesbiska frågor.	
homoit0000773	Lesbiska relationer		Pågående relationer, romantiska, sexuella eller platoniska, mellan två eller flera lesbiska personer.	
homoit0000775	Lesbiskas rättigheter	Lesbisk rätt	Juridiska, sociala eller etiska principer om frihet eller rättigheter för lesbiska.	
homoit0000776	Romersk-katolska lesbiska		Lesbiska som är medlemmar i den romersk-katolska kyrkan.	
homoit0000777	Lesbiska läsningar		Ett sätt att läsa och tolka kulturella uttryck (böcker, filmer, tv, tidskrifter etc.) med ett lesbiskt perspektiv, ofta inklusive appropriering av texter som traditionellt uppfattats som heterosexuella.	
homoit0000778	Lesbisk separatism		Ideologisk, social, kulturell och fysisk åtskillnad mellan män och kvinnor, eller mellan lesbiska och heterosexuella kvinnor.	
homoit0000779	Lesbisk slang		Vardagligt eller informellt språkbruk relaterat till lesbiska eller som används av lesbiska.	
homoit0000780	Idrottsklubbar för lesbiska		Idrottsklubbar för lesbiska, både professionella och amatörbaserade.	
homoit0000781	Lesbiska studier		Akademiskt forskningsfält om lesbisk identitet och lesbiska gemenskaper.	
homoit0000782	Lesbiska hatbrottsöverlevare		Lesbiska som har upplevt och överlevt hatbrott. Följ individens preferens för att använda ”offer” eller ”överlevare” när det är möjligt.	
homoit0000783	Lesbiska våldtäktsöverlevare		Lesbiska som har upplevt och överlevt våldtäkt. Följ individens preferens för att använda ”offer” eller ”överlevare” när det är möjligt.	
homoit0000784	Lesbiska som överlevt sexuella övergrepp		Lesbiska som har utsatts för och överlevt sexuella övergrepp. Följ individens preferens för att använda ”offer” eller ”överlevare” när det är möjligt.	
homoit0000785	Lesbiska krigsöverlevare		Lesbiska som har upplevt och överlevt krig. Följ individens preferens för att använda ”offer” eller ”överlevare” när det är möjligt.	
homoit0000786	Unga lesbiska		Lesbiska mellan barndom och vuxen ålder.	
homoit0000787	Lesbisk tv		Tv-program med lesbiska karaktärer eller teman som rör lesbiska.	
homoit0000788	Lesbisk teater		Scenkonstverk som fokuserar på lesbiska karaktärer, gemenskaper eller frågor.	
homoit0000789	Lesbiska teatergrupper		Teatergrupper bestående av lesbiska. Kan fokusera på att framföra verk skrivna av lesbiska eller om lesbiska frågor.	
homoit0000791	Fackföreningsgrupper för lesbiska	Fackliga grupper för lesbiska	Organiserade grupper av lesbiska arbetstagare som tillsammans fattar beslut om villkor som påverkar deras arbete.	
homoit0000792	Lesbiska hatbrottsoffer	Lesbiska offer för hatbrott	Lesbiska i åldern 12–18 år som har upplevt hatbrott och som kan ha överlevt eller inte. Följ individens preferens för att använda ”offer” eller ”överlevare” när det är möjligt.	
homoit0000793	Lesbiska våldtäktsoffer		Lesbiska som har upplevt våldtäkt och som kan ha överlevt eller inte. Följ individens preferens för att använda ”offer” eller ”överlevare” när det är möjligt.	
homoit0000794	Lesbiska offer för sexuella övergrepp	Lesbiska som utsatts för sexuella övergrepp	Lesbiska som har utsatts för sexuella övergrepp och som kan ha överlevt eller inte. Följ individens preferens för att använda ”offer” eller ”överlevare” när det är möjligt.	
homoit0000795	Lesbiska krigsoffer		Lesbiska som har upplevt krig och som kan ha överlevt eller inte. Följ individens preferens för att använda ”offer” eller ”överlevare” när det är möjligt.	
homoit0000796	Lesbiska brottsoffers rättigheter		Lesbiskas juridiska rättigheter som brottsoffer att få information, närvara och komma till tals inom rättsväsendet efter att ha utsatts för brott, olycka eller annan händelse som orsakat skada.	
homoit0000797	Vita lesbiska personer		Lesbiska som är vita.	
homoit0000798	Lesbisk ungdomslitteratur		Litterära verk för läsare mellan 12 och 18 år, även kallat YA. Används för ungdomslitteratur med fokus på lesbiska karaktärer eller teman.	
homoit0000799	Lesbiskhet	Lesbianism	Sexuell läggning hos kvinnor och feminina personer som är romantiskt och/eller sexuellt attraherade av andra kvinnor och feminina personer. Alla som identifierar sig som lesbiska är dock inte kvinnor, och könsöverskridande personer i lesbiska gemenskaper har ofta identifierat sig som lesbiska.	
homoit0000800	Lesbiska inom militären		Lesbiska som tjänstgör inom nationella försvarsstyrkor.	
homoit0000801	Ickevita lesbiska	Lesbiska POC||Lesbiska people of color	Lesbiska som inte är vita och som identifierar sig som icke-vita/people of color.	
homoit0000802	Föräldrar till lesbiska		Personer som fungerar som föräldrar till en eller flera lesbiska. För föräldrar som själva är lesbiska, använd termen ”Lesbiska föräldrar”.	
homoit0000803	Lesbofobi		Fientlighet eller avsky riktad mot lesbiskhet som identitet eller mot lesbiska på grund av deras faktiska eller upplevda sexualitet. Lesbofobi kan innefatta förnekande av lesbiskas existens, stereotyper, verbala trakasserier och fysiskt våld.	
homoit0000804	Hb		Akronym som används för att beskriva homosexuella och bisexuella som grupp. Akronymen har ofta använts på ett sätt som exkluderar transpersoner.	
homoit0000805	Hbti		Akronym som används för att beskriva homosexuella, bisexuella, transpersoner och intersexpersoner som grupp.	
homoit0000806	Hbtq		Akronym som används för att beskriva homosexuella, bisexuella, transpersoner och queera personer som grupp.	
homoit0000807	Hbtq+		Akronym som används för att beskriva homosexuella, bisexuella, transpersoner, queera personer och andra sexuella och könsminoriteter som grupp.	
homoit0000808	Aktionskampanjer (hbtq+)		En serie organiserade evenemang eller insatser som syftar till att väcka medvetenhet eller uppnå ett visst politiskt, socialt eller kulturellt mål till förmån för hbtq+-personer och gemenskaper.	
homoit0000809	Adoption (hbtq+)		Adoption av barn, antingen genom juridiska eller informella processer, av hbtq+-personer.	
homoit0000810	Adoptivfamiljer (hbtq+)		Familjer med adopterade barn där en eller flera personer identifierar sig som hbtq+.	
homoit0000811	Adoptivföräldraskap (hbtq+)		Erfarenheter av adoptivföräldraskap, som de upplevs av hbtq+-personer.	
homoit0000812	Adoptivföräldrar (hbtq+)		Föräldrar som adopterar barn och som är hbtq+-personer.	
homoit0000815	Censur av hbtq+-konst		Förtryck, förbud eller censur av konst skapad av hbtq+-personer eller med hbtq+-tematik. Termen inkluderar censur grundad i religiösa, moraliska, politiska och/eller sociala invändningar.	
homoit0000816	Hbtq+-konst		Paraplyterm för olika former av konstnärligt skapande, inklusive bildkonst, materiell konst och scenkonst, skapade av hbtq+konstnärer eller som skildrar hbtq+-gemenskaper och teman. Använd en mer specifik term om möjligt.	
homoit0000818	Priser (hbtq+)	Hbtq+-priser	Priser eller former av erkännande som ges till hbtq+-personer för prestationer, eller i stöd för hbtq+-frågor och hbtq+-gemenskaper.	
homoit0000819	Biologiska föräldrar (hbtq+)		Biologiska eller genetiska föräldrar som är hbtq+-personer. Vid adoption används termen ”Förstaföräldrar (hbtq+)”.	
homoit0000820	Mixade hbtq+-personer	Blandade hbtq+-personer	Hbtq+-personer som tillhör två eller flera etniska grupper. Används endast för personer som själva identifierar sig som mixade.	
homoit0000821	Förstaföräldrar (hbtq+)	Bioföräldrar (hbtq+)	Hbtq+-personer som är biologiska eller genetiska föräldrar till ett barn eller flera barn som har placerats för adoption.	
homoit0000822	Blinda hbtq+-personer		Hbtq+-personer med betydande eller total synnedsättning.	
homoit0000823	Hbtq+-bloggar		Webbplatser med informella, ofta personliga texter och reflektioner skrivna av hbtq+-personer eller om hbtq+-gemenskaper och frågor.	
homoit0000824	Blodgivare (hbtq+)		Hbtq+-personer som ger blod för transfusion och medicinska ändamål.	
homoit0000825	Bokcensur (hbtq+)	Bokförbud (hbtq+)	Förtryck, förbud eller censur av texter skrivna av hbtq+-författare och/eller om hbtq+-frågor, grundat i religiösa, moraliska, politiska och/eller sociala invändningar.	
homoit0000826	Bokklubbar (hbtq+)	Hbtq+-bokklubbar	Grupper av personer som regelbundet samlas för att läsa och diskutera litteratur. Används för bokcirklar med huvudsakligen hbtq+-personer som deltagare, med fokus på litteratur av hbtq+-författare eller med hbtq+-karaktärer och teman.	
homoit0000827	Hbtq+-böcker	Böcker (hbtq+)||Queera böcker	Skrivna verk med hbtq+-karaktärer eller teman, eller litteratur riktad till hbtq+-läsare.	
homoit0000828	Satiriska teckningar (hbtq+)		Satirteckningar skapade av hbtq+-konstnärer eller som avbildar något relaterat till hbtq+-kultur.	
homoit0000829	Hbtq+-censur	Censur (hbtq+)	Censur eller förbud mot diskussion, utbildning eller spridning av information om hbtq+-personer och identiteter i medier, skolor och/eller offentligheten.	
homoit0000830	Hbtq+-centers		Lokaler avsedda för användning av hbtq+-personer i samband med aktiviteter såsom utbildning, hälsa, gemenskapsstöd och opinionsbildning. Använd mer specifik term om möjligt.	
homoit0000831	Ifrågasatta hbtq+-böcker		Böcker om hbtq+-personer och hbtq+-frågor, eller skrivna av hbtq+-författare, som någon försökt förbjuda eller begränsa tillgången till i skolor, bibliotek eller bokhandel.	
homoit0000832	Hbtq+-chattrum	Chattkanaler (hbtq+)||Chattrum (hbtq+)	Webbplatser eller appar för direktkommunikation online. Används för chattrum med fokus på hbtq+-frågor eller där medlemmarna huvudsakligen är hbtq+-personer.	
homoit0000833	Hbtq+-körer		Organiserade grupper av hbtq+-personer som sjunger tillsammans.	
homoit0000834	Valda familjer (hbtq+)		Grupper av hbtq+-personer som valt att skapa familj med varandra genom att ge omsorg, stöd och kärlek – oavsett biologisk eller juridisk relation.	
homoit0000835	Civil olydnad (hbtq+)		Aktiv och uttalad vägran från hbtq+-personer att lyda vissa lagar eller statliga beslut som en form av aktivism och motstånd.	
homoit0000836	Hbtq+-föreningar	Hbtq+-klubbar	Grupper eller organisationer av hbtq+-personer med ett gemensamt intresse eller syfte.	
homoit0000837	Medpappor (hbtq+)	Medfäder (hbtq+)	Pappor i samföräldraskap/medföräldraskap som är hbtq+-personer. De kan vara partners eller inte.	
homoit0000838	Medmammor (hbtq+)	Medmödrar (hbtq+)	Mammor i medföräldraskap/samföräldraskap som är hbtq+-personer. De kan vara partners eller inte.	
homoit0000839	Medföräldraskap (hbtq+)		Tillståndet och erfarenheten av att vara hbtq+-förälder och dela föräldraskapet med en eller flera andra personer.	
homoit0000840	Medföräldrar (hbtq+)	Samföräldrar (hbtq+)	Personer som medföräldrar och som är hbtq+-personer. De kan vara partners eller inte.	
homoit0000841	Tecknade serier (hbtq+)		Verk som består av bilder i följd, ofta tillsammans med text. Används för serier med hbtq+-karaktärer eller teman.	
homoit0000842	Hbtq+-kollektiv		Grupper av hbtq+-personer som lever i gemenskap och delar ägodelar och ansvar.	
homoit0000843	Skaffa barn (hbtq+)		Paraplyterm som används för att beskriva de processer genom vilka hbtq+-personer får barn, inklusive att en hbtq+-person, deras partner eller en tredje part blir gravid med ett barn som ska uppfostras av en hbtq+-person, samt att hbtq+-personer får barn som uppfostras av andra föräldrar.	
homoit0000844	Samvetsvägran (hbtq+)	Samvetsfrihet (hbtq+)	Hbtq+-personer som utövar sin rätt att vägra militärtjänst eller att delta i samkönade äktenskap utifrån tankefrihet, samvetsfrihet och/eller religionsfrihet.	
homoit0000845	Hbtq+-kryssningar		Kryssningar för nöje eller semester som riktar sig till hbtq+-personer.	
homoit0000846	Hbtq+-dejtingappar	Hbtq+-dejtingapplikationer	Programvara utformad för att skapa kontakt mellan hbtq+-personer som söker romantiska eller sexuella relationer.	
homoit0000847	Hbtq+-dejtingsidor		Webbplatser utformade för att skapa kontakt mellan hbtq+-personer som söker romantiska eller sexuella relationer.	
homoit0000848	Döden och döende (hbtq+)		Erfarenheter relaterade till hbtq+-personer som närmar sig eller har nått livets slut.	
homoit0000849	Dödsannonser (hbtq+)		Dödsannonser och andra offentliga tillkännagivanden i tidskrifter, digitala informationskanaler eller sociala medier om en hbtq+-persons död, ofta med information om begravning och minnesstund.	
homoit0000850	Förtalskampanjer (hbtq+)		Spridning av falska påståenden om hbtq+-personer, grupper eller gemenskaper i syfte att skada deras rykte.	
homoit0000851	Demonstrationer (hbtq+)		Kollektiva protest- och stödhandlingar där stora grupper samlas till stöd för hbtq+-personer, gemenskaper, frågor eller rättigheter, ofta i form av demonstrationståg och manifestationer med talare.	
homoit0000852	Hbtq+-deckare	Deckare (hbtq+)	Skönlitterära verk om brottsutredningar eller detektivarbete. Används för deckare och mysterielitteratur med hbtq+-karaktärer eller teman.	
homoit0000853	Direkt aktion (hbtq+)		Används för att beskriva grupper av hbtq+-personer som vidtar åtgärder för att synliggöra ett samhällsproblem, lyfta ett alternativ eller visa på en möjlig lösning.	
homoit0000854	Skilsmässor (hbtq+)		En rättsprocess för att upplösa ett äktenskap mellan två hbtq+-personer.	
homoit0000855	Våld i nära relationer (hbtq+)		Våldsamma eller kränkande handlingar som sker i nära relationer eller hushåll där en eller flera parter är hbtq+-personer. Kan beskriva både enstaka och återkommande fall.	
homoit0000856	Organisationer för äldre hbtq+-personer		Organiserade grupper som tillgodoser behov och intressen hos äldre hbtq+-personer, vanligtvis definierat som personer 60 år och äldre.	
homoit0000857	Hbtq+-frigörelse	Frigörelse (hbtq+)	Term som används för att beskriva insatser för att uppnå hbtq+-personers politiska rättigheter eller jämlikhet.	
homoit0000859	Hbtq+-erotisk litteratur	Erotisk litteratur (hbtq+)	Litterära verk med erotiska eller sexuella inslag. Används för erotisk litteratur med hbtq+-karaktärer eller teman.	
homoit0000860	Etniska grupper (hbtq+)		Grupper av personer som delar en gemensam nationell, kulturell, etnisk, språklig eller religiös identitet och som också identifierar sig som hbtq+. Använd inte för att beskriva migranter.	
homoit0000861	Hbtq+-evenemang		Organiserade offentliga eller sociala tillställningar för hbtq+-personer och hbtq+-gemenskaper.	
homoit0000862	Krigsveteraner (hbtq+)		Hbtq+-personer som har tjänstgjort i, men inte längre är aktiva, inom militären eller försvarsmakten.	
homoit0000863	Före detta partners (hbtq+)	Ex-partners (hbtq+)	Könsneutral term för tidigare sexuella, romantiska eller kink-partners som också är hbtq+-personer.	
homoit0000864	Familjeplanering (hbtq+)		Praktiken att hbtq+-personer själva definierar och planerar hur en familj ska se ut.	
homoit0000865	Hbtq+-fantasy	Fantasy (hbtq+)	Genre som använder magi och andra övernaturliga fenomen som centrala inslag i handling, tema och/eller miljö. Används för fantasy med hbtq+-karaktärer eller teman.	
homoit0000866	Faderskap (hbtq+)		Faderskapserfarenheter så som de upplevs av hbtq+-personer.	
homoit0000867	Filmcensur (hbtq+)		Förtryck, förbud eller censur av filmer skapade av hbtq+-personer eller med hbtq+-tematik. Inkluderar censur baserad på religiösa, moraliska, politiska eller sociala invändningar.	
homoit0000868	Hbtq+-filmfestivalen	Filmfestivaler (hbtq+)	Organiserade visningar av filmer på en plats, ofta med prisutdelningar i olika kategorier. Används för filmfestivaler med filmer skapade av hbtq+-personer eller med hbtq+-karaktärer och teman.	
homoit0000869	Hbtq+-filmer		Filmer skapade av hbtq+-personer som regissörer, som skildrar hbtq+-personer eller som betraktas som betydelsefulla inom hbtq+-kultur.	
homoit0000870	Fosterfamiljer (hbtq+)		Familjer med fosterbarn där en eller flera personer identifierar sig som hbtq+.	
homoit0000871	Fosterföräldraskap (hbtq+)		Erfarenheter av att vara fosterförälder, som de upplevs av hbtq+-personer.	
homoit0000872	Fosterföräldrar (hbtq+)		Fosterföräldrar som är hbtq+-personer.	
homoit0000873	Hbtq+-vänlighet	Hbtq+-vänligt	Platser, policies, personer eller institutioner som är öppna och välkomnande för hbtq+-personer.	
homoit0000874	Hbtq+-serieromaner	Serieromaner (hbtq+)	Verk bestående av sekventiella bilder, ofta tillsammans med text, som vanligtvis innehåller fristående berättelser. Används för grafiska romaner som fokuserar på hbtq+-karaktärer eller teman.	
homoit0000875	Romer (hbtq+)	Romska hbtq+-personer	Hbtq+-personer som är romer.	
homoit0000876	Hälso- och sjukvårdsmottagningar (hbtq+)	Hbtq+-hälso- och sjukvårdsmottagningar	Institutioner som erbjuder hälso- och sjukvård för hbtq+-personer.	
homoit0000877	Hälsoupplysning (hbtq+)		Undervisning om hälsa för hbtq+-personer, inklusive ämnen som könsbekräftande vård och säkrare sexpraktiker.	
homoit0000878	Historiska termer (hbtq+)	Föråldrade begrepp (hbtq+)||Föråldrade ord (hbtq+)||Föråldrade termer (hbtq+)||Historiska begrepp (hbtq+)	Historiska termer för hbtq+-personer, identiteter och praktiker som i dag kan anses föråldrade och/eller kränkande.	
homoit0000879	Hemlösa hbtq+-personer	Bostadslösa hbtq+-personer||Uteliggare (hbtq+)	Hbtq+-personer som saknar tillgång till stabilt, tryggt och tillräckligt boende. Inkluderar personer som bor i akutboenden, genomgångsbostad eller som lever i akut hemlöshet.	
homoit0000880	Hemlösa hbtq+-ungdomar		Hbtq+-ungdomar som saknar tillgång till stabilt, tryggt och tillräckligt boende. Inkluderar ungdomar i akutboenden, genomgångsbostad eller som lever i akut hemlöshet.	
homoit0000881	Hbtq+-hotell		Etablissemang som erbjuder boende, mat och andra tjänster för resenärer. Används för hotell som vänder sig till hbtq+-personer eller ofta används av hbtq+-personer.	
homoit0000882	Hbtqia		Akronym som används för att beskriva homosexuella, bisexuella, transpersoner, queera personer, intersexpersoner och asexuella som grupp.	
homoit0000883	Migrationsrätt (hbtq+)	Asylrätt (hbtq+)	Juridiska, sociala eller etiska principer om frihet eller rättigheter för hbtq+-personer som immigranter.	
homoit0000884	Fängelsestraff (hbtq+)		Frihetsberövande av hbtq+-personer, inklusive fysisk och/eller rättslig begränsning, genomfört av en institution eller myndighet. Används vanligtvis för att beskriva frihetsberövande i statliga eller privata anstalter, beslutat av domstol inom ramen för ett straffrättsligt system.	
homoit0000885	Offer för incest (hbtq+)	Incestoffer (hbtq+)	Hbtq+-personer som har upplevt incest och som kan ha överlevt eller inte. Följ individens eget språkbruk om de föredrar ”offer” eller ”överlevare”.	
homoit0000886	Ursprungsbefolkningar (hbtq+)		Hbtq+-personer som tillhör ett urfolk eller en kulturellt särskiljbar etnisk grupp vars medlemmar härstammar direkt från de tidigast kända invånarna i ett visst område, och som till viss del bevarar språk och kultur. Används endast för personer som själva identifierar sig som urfolk. Använd mer specifika termer om möjligt.	
homoit0000887	Fångar (hbtq+)	Fängslade hbtq+-personer||Hbtq+-fångar||Intagna hbtq+-personer	Hbtq+-personer som mot sin vilja fråntagits friheten av en myndighet eller institution. Avser vanligtvis fängslande genom domstolsbeslut, men kan även inkludera tvångsvård på sjukhus eller annan institution.	
homoit0000888	Hbtq+-internetforum	Internetforum (hbtq+)	Webbplatser som möjliggör samtal online mellan hbtq+-personer, ofta om hbtq+-relaterade frågor.	
homoit0000889	Intimitet (hbtq+)		Känslor av närhet eller samhörighet mellan två eller flera hbtq+-personer, som kan vara romantiska, sexuella eller platoniska. Används för att beskriva hur intimitet upplevs och uttrycks inom hbtq+-gemenskaper.	
homoit0000891	Litteraturpriser (hbtq+)		Priser eller former av erkännande som ges till inflytelserika hbtq+-författare eller till litterära verk med hbtq+-karaktärer och teman.	
homoit0000892	Litterära salonger (hbtq+)		Sociala sammankomster, ofta med en offentlig person som värd, för att diskutera litteratur eller andra gemensamma ämnen. Används för litterära salonger med huvudsakligen hbtq+-deltagare eller med fokus på litteratur med hbtq+-karaktärer och teman.	
homoit0000893	Lobbying (hbtq+)		Åtgärder vidtagna av individer eller grupper för att påverka lagstiftning, policy eller beslut av offentliga tjänstemän till förmån för hbtq+-personer, gemenskaper eller frågor.	
homoit0000894	Kärlek (hbtq+)		Starka känslor av tillgivenhet som uppstår ur släktskap, personliga band eller intima relationer mellan två eller flera hbtq+-personer. Används för att beskriva kärlekens uttryck och betydelse inom hbtq+-gemenskaper.	
homoit0000895	Älskande (hbtq+)	Älskarinnor (hbtq+)||Älskare (hbtq+)	Hbtq+-personer som har romantiska eller sexuella relationer med andra personer. Används ofta för personer som inte är gifta.	
homoit0000896	Hbtq+-magasin		Tryckta eller digitala publikationer om hbtq+-personer och hbtq+-frågor (vanligtvis producerade av hbtq+-personer eller hbtq+-organisationer) som innehåller artiklar, bilder, illustrationer och annonser.	
homoit0000897	Hbtq+-manga	Manga (hbtq+)	Japanska serier eller grafiska romaner med hbtq+-personer eller hbtq+-tematik.	
homoit0000898	Takatāpui		Term som används av māorifolket, ett av urfolken i Aotearoa (Nya Zeeland), och som historiskt syftade på en ”intim partner av samma kön”. På 1980-talet återtogs termen av lesbiska, homosexuella, bisexuella, transpersoner, intersexpersoner, queera och andra medlemmar av regnbågsgemenskaper. Används endast om personer som själva identifierar sig som takatāpui.	
homoit0000899	Marknadsföring (hbtq+)		Marknadsföringsstrategier och kampanjer som riktar sig specifikt till hbtq+-personer.	
homoit0000900	Hbtq+-mötesplatser		Fysiska eller digitala mötesplatser för hbtq+-personer.	
homoit0000901	Hbtq+-minnesmärken	Minnesmärken (hbtq+)	Projekt, evenemang, monument och skulpturer skapade för att minnas eller hylla hbtq+-personer, gemenskaper eller händelser.	
homoit0000902	Hbtq+-migranter	Migranter (hbtq+)	Hbtq+-personer som tillfälligt eller permanent flyttar från sin bostadsort, inom ett land eller över nationsgränser.	
homoit0000903	Multirasiala hbtq+-personer		Hbtq+-personer som tillhör mer än en rasliga grupp. Används endast för personer som själva identifierar sig som multirasiala.	
homoit0000904	Mormoner (hbtq+)		Hbtq+-personer som är medlemmar i Jesu Kristi kyrka av sista dagars heliga.	
homoit0000905	Moderskap (hbtq+)		Mödraskapserfarenheter så som de upplevs av hbtq+-personer.	
homoit0000906	Motorcykelklubbar (hbtq+)		Organiserade grupper av hbtq+-personer med gemensamt intresse för motorcyklar och relaterade aktiviteter.	
homoit0000908	Hbtq+-musiker	Musiker (hbtq+)	Hbtq+-personer som skapar och/eller framför musik.	
homoit0000909	Uteliv (hbtq+)		Sociala aktiviteter och nöjesverksamhet som riktar sig till hbtq+-personer, ofta förlagda till barer och klubbar.	
homoit0000910	Ickevåldsmotstånd (hbtq+)	Ickevål (hbtq+)	Handlingar som syftar till att främja social förändring för hbtq+-personer och hbtq+-gemenskaper genom ickevåldsliga metoder, inklusive protester, bojkotter och organiserad vägran att samarbeta.	
homoit0000911	Nekrologer (hbtq+)	Minnesrunor (hbtq+)	Offentliga meddelanden efter en hbtq+-persons död, för att informera om bortgången och hylla deras liv.	
homoit0000912	Gammalkatoliker (hbtq+)		Hbtq+-personer som är medlemmar i kristna samfund som motsätter sig påvens överhöghet.	
homoit0000913	Papuanska hbtq+-personer		Hbtq+-personer som är papuanska eller tillhör något av Nya Guineas ursprungsfolk. Använd endast för personer som själva identifierar sig som papuanska.	
homoit0000914	Hbtq+-föräldraskap	Föräldaskap (hbtq+)	Föräldraskapserfarenheter så som de upplevs av hbtq+-personer.	
homoit0000915	Hbtq+-personer		Personer som identifierar sig som lesbiska, bögar, bisexuella, transpersoner, queera samt andra sexuella och könsminoriteter.	
homoit0000918	Person- och familjerätt (hbtq+)		Rättsliga regler och lagstiftning som rör ändringar av hbtq+-personers juridiska namn eller könsmarkörer samt hbtq+-personers familjerelationer, inklusive samboförhållanden, äktenskap, adoption, relationer mellan föräldrar och barn, skilsmässa och vårdnad om barn.	
homoit0000919	Hbtq+-upprop	Hbtq+-namninsamlingar||Hbtq+-petitioner	Skriftliga upprop som riktas till politiska beslutsfattare eller offentliga institutioner och undertecknas av många personer i syfte att kräva politisk eller social förändring. Används för petitioner som har skapats av eller riktar sig till hbtq+-organisationer, hbtq+-gemenskaper och/eller hbtq+-relaterade frågor.	
homoit0000920	Hbtq+-fobi		Fientlighet eller avsky riktad mot hbtq+-identiteter eller personer på grund av faktisk eller upplevd könsidentitet eller sexualitet. Hbtq+-fobi kan omfatta förnekelse av vissa identiteter, stereotyper, verbala trakasserier och fysiskt våld.	
homoit0000921	Platonisk kärlek (hbtq+)		Djup känslomässig tillgivenhet mellan två eller flera hbtq+-personer som varken är romantisk eller sexuell.	
homoit0000922	Hbtq+-pjäser		Dramatiska verk bestående främst av dialog, avsedda för scenframförande. Används för pjäser med hbtq+-karaktärer eller teman.	
homoit0000923	Hbtq+-porrtidningar		Erotiska eller sexuellt explicita tidskrifter med hbtq+-personer.	
homoit0000924	Samvetsfångar (hbtq+)	Hbtq+-samvetsfångar	Hbtq+-personer som fängslats på grund av sin könsidentitet, sexuella läggning eller som en följd av deras ras, religion eller politiska åsikter.	
homoit0000925	Hbtq+-pubar	Pubar (hbtq+)	Uteställe med matservering som också fungerar som mötesplats. Används för pubar som främst vänder sig till hbtq+-personer.	
homoit0000926	Kväkare (hbtq+)		Hbtq+-personer som är kväkare.	
homoit0000927	Hbtq+-flyktingar	Flyktingar (hbtq+)	Hbtq+-personer som har flytt till ett annat land för att undkomma krig, förföljelse, naturkatastrofer eller andra former av konflikt. Använd endast för personer som juridiskt erkänts som flyktingar annars använd ”Asylsökande hbtq+-personer”.	
homoit0000928	Religiösa hbtq+-personer	Troende (hbtq+)	Hbtq+-personer som tillhör en religion eller har religiös tro. För hbtq+-personer med andlig övertygelse utan koppling till organiserad religion, använd termen ”Andliga hbtq+-personer”.	
homoit0000929	Semesteranläggningar (hbtq+)	Resorter (hbtq+)	Kommersiella anläggningar som erbjuder boende, nöjen, mat och dryck, sport- och fritidsaktiviteter samt shopping. Används för semesteranläggningar som i första hand riktar sig till hbtq+-personer eller som är kända för att frekventeras av hbtq+-personer.	
homoit0000930	Hbtq+-restauranger		Kommersiella verksamheter som tillagar och serverar mat och dryck. Används för restauranger som i första hand vänder sig till hbtq+-personer eller som är kända för att ofta besökas av hbtq+-personer.	
homoit0000931	Hbtq+-äldreboende	Seniorboende (hbtq+)	Boendeformer med flera bostäder som erbjuder omsorgs- och stödinsatser för äldre personer. Används för boenden som i första hand riktar sig till hbtq+-personer.	
homoit0000932	Kravaller (hbtq+)	Upplopp (hbtq+)||Uppror (hbtq+)||Gatustrider (hbtq+)	Upplopp riktade mot myndigheter, egendom eller andra personer, vanligtvis som svar på orättvisor eller konflikter. Används för upplopp där hbtq+-personer är involverade eller där hbtq+-frågor står i fokus.	
homoit0000933	Skolor för hbtq+-ungdomar		Utbildningsinstitutioner som erbjuder undervisning och resurser specifikt för hbtq+-ungdomar.	
homoit0000934	Science fiction (hbtq+)	Sci fi (hbtq+)||Sf (hbtq+)	Skönlitterära verk om imaginära eller futuristiska koncept som involverar vetenskap, teknologi, rymden, tidsresor och andra spekulativa element. Används för science fiction med hbtq+-karaktärer eller teman.	
homoit0000935	Självförsvar (hbtq+)		Motåtgärder som hbtq+-personer vidtar för att skydda sin egen hälsa eller sitt välbefinnande.	
homoit0000936	Självförtryck (hbtq+)		Självförnekelse eller undertryckande av tankar, önskningar, känslor eller identitet, så som det kan upplevas av hbtq+-personer.	
homoit0000937	Juridisk separation (hbtq+)		En överenskommelse, frivillig eller beslutad av domstol, där gifta hbtq+-personer lever åtskilda men förblir juridiskt gifta.	
homoit0000938	Sexuella övergrepp (hbtq+)		Sexuella övergrepp och våldshandlingar riktade mot hbtq+-personer.	
homoit0000939	Shamaner (hbtq+)	Schamaner (hbtq+)	Hbtq+-personer som är shamaner, antingen genom traditionella samhällsroller eller genom egenidentifikation.	
homoit0000940	Shintoism (hbtq+)		Hbtq+-personer som är shintoister.	
homoit0000941	Ensamstående pappor (hbtq+)	Ensamstående fäder (hbtq+)	Hbtq+-personer som är pappor men som inte är gifta eller lever i en långvarig parrelation.	
homoit0000942	Ensamstående mammor (hbtq+)	Ensamstående mödrar (hbtq+)	Hbtq+-personer som är mödrar men som inte är gifta eller lever i en långvarig parrelation.	
homoit0000943	Familjer med ensamstående föräldrar (hbtq+)		Familjer med en ensam förälder. Används för familjer där en hbtq+-person är ensam förälder.	
homoit0000944	Ensamstående föräldrar (hbtq+)		Hbtq+-personer som är föräldrar men som inte är gifta eller lever i en långvarig parrelation.	
homoit0000945	Socialt föräldraskap (hbtq+)		Föräldraskap baserat på sociala band snarare än biologisk eller juridisk koppling, så som det upplevs av hbtq+-personer.	
homoit0000946	Sociala medier (hbtq+)		Webb- och mobilteknik som möjliggör interaktiv dialog, som används av eller är utformad för hbtq+-personer.	
homoit0000947	Sociala processer (hbtq+)		Sociala interaktioner som återkommer över tid. Används för att beskriva hur hbtq+-personer umgås och bygger sociala relationer.	
homoit0000948	Andliga hbtq+-personer	Andlighet (hbtq+)	Hbtq+-personer som har andlig tro eller ägnar sig åt andliga praktiker, vanligtvis med en uppfattning om något större än den mänskliga existensen, vare sig det är gudomligt eller kosmiskt.	
homoit0000949	Sportevenemang (hbtq+)	EuroGames||Gay Games||Outgames	Organiserade spel eller idrottsaktiviteter för hbtq+-personer eller hbtq+-gemenskaper. Inkluderar både tävlingsinriktade och rekreationella evenemang.	
homoit0000950	Idrottsklubbar (hbtq+)	Idrottsklubbar (hbtq+)||Idrottssällskap (hbtq+)||Sportklubbar (hbtq+)||Idrottsföreningar (hbtq+)	Idrottsklubbar för hbtq+-personer, både professionella och amatörbaserade.	
homoit0000951	Studentföreningar (hbtq+)	Studentkårer (hbtq+)	Organiserade grupper som huvudsakligen består av hbtq+-studenter.	
homoit0000952	Suicid (hbtq+)	Självmord (hbtq+)	Hbtq+-personers död till följd av avsiktligt självorsakad skada eller självmord.	
homoit0000953	Stödgrupper (hbtq+)	Självhjälpsgrupper (hbtq+)||Basgrupper (hbtq+)	Grupper av hbtq+-personer som möts för att ge varandra stöd, tröst och råd, ofta utifrån gemensamma erfarenheter kopplade till att vara hbtq+.	
homoit0000954	Hbtq+-symboler		Symboler, tecken eller objekt som representerar hbtq+-personer, identiteter, gemenskaper och/eller särskilda historiska händelser.	
homoit0000955	Taoister (hbtq+)		Hbtq+-personer som är taoister.	
homoit0000956	Hbtq+-turism		Bransch som fokuserar på resor och vistelser för hbtq+-personer i rekreationellt eller fritidsrelaterat syfte.	
homoit0000957	Obesvarad kärlek (hbtq+)		Obesvarad attraktion riktad mot en annan person, så som den upplevs av hbtq+-personer.	
homoit0000958	Våldtäktsoffer (hbtq+)	Offer för våldtäkt (hbtq+)	Hbtq+-personer som har utsatts för våldtäkt och som kan ha överlevt eller inte. Följ individens preferens för att använda ”offer” eller ”överlevare” när det är möjligt.	
homoit0000959	Offer för sexuella övergrepp (hbtq+)	Personer utsatta för sexuella övergrepp (hbtq+)	Hbtq+-personer som har utsatts för sexuella övergrepp och som kan ha överlevt eller inte. Följ individens preferens för att använda ”offer” eller ”överlevare” när det är möjligt.	
homoit0000960	Synlighet (hbtq+)		Hbtq+-personers synlighet i samhället. Syftar på i vilken grad hbtq+-personer och identiteter erkänns och uppmärksammas offentligt.	
homoit0000961	Krigsoffer (hbtq+)		Hbtq+-personer som har upplevt krig och som kan ha överlevt eller inte. Följ individens preferens för att använda ”offer” eller ”överlevare” när det är möjligt.	
homoit0000962	Hbtq+-webbsidor		Webbsidor som främst handlar om hbtq+-gemenskaper och frågor, samt webbsidor som är avsedda att användas av hbtq+-personer.	
homoit0000963	Hbtq+-bröllop	Bröllop (hbtq+)	Bröllopsceremonier och tillhörande festligheter. Används för vigslar där båda parter är hbtq+-personer.	
homoit0000964	Mötesplatser för hbtq+-ungdomar	Fritidsgårdar för hbtq+-ungdomar	Platser där unga hbtq+-personer möts för sociala, utbildningsrelaterade, fritids- eller organisatoriska aktiviteter.	
homoit0000965	Hbtq+-fanzines	Hbtq+-fansin||Hbtq+-zines	Små, självpublicerade tidskrifter med begränsad upplaga, ofta kopierade med kopiator. Används för fanzines skapade av hbtq+-personer och/eller med fokus på hbtq+-identiteter, frågor eller kultur.	
homoit0000966	Lhamana		Personer tillhörande Zuni, urfolk i Nordamerika, som tilldelats manligt kön vid födseln och som uppvisar blandade könsuttryck.	
homoit0000967	Libido		En individs övergripande sexuella lust eller drivkraft till sexuell aktivitet.	
homoit0000968	Hbtq+-bibliotek	Bibliotek (hbtq+)	Bibliotek som samlar material som främst rör hbtq+-personer eller som är avsett att användas av hbtq+-personer.	
homoit0000969	Slicksex		Att röra vid eller föra tungan över något för att fukta eller smaka. Används för att beskriva slickande i samband med sexuella praktiker eller sexuell upphetsning.	
homoit0000970	Underkläder		Kategori av kläder som inkluderar behåar, underkläder, strumpor och morgonrockar. Syftar oftast på underkläder och nattplagg designade för att vara sexuellt tilltalande och bäras i erotiska sammanhang.	
homoit0000971	Lipstick lesbians		Lesbiska vars utseende eller uppträdande uppfattas som mer traditionellt feminint.	
homoit0000972	Hbtq+-litteratur	Litteratur (hbtq+)	Skrivna litterära verk om hbtq+-karaktärer och teman.	
homoit0000973	Samlevnadsformer		Sammansättning eller struktur av en individs hushåll eller boendemiljö, inklusive antal hushållsmedlemmar och deras relationer till varandra.	
homoit0000974	Sexställen	Sexplatser	Platser där människor har sex, både privata och offentliga utrymmen.	
homoit0000975	Omklädningsrum		Omklädningsrum i offentliga eller kommersiella miljöer där personer byter om, duschar och förvarar personliga tillhörigheter. Hbtq+-personer, särskilt transpersoner, nekas ofta tillgång till dessa utrymmen med hänvisning till ”säkerhet”.	
homoit0000976	Kärlekstrio	Kärlekstriader	Polyamorösa relationer som involverar tre personer i olika konstellationer.	
homoit0000977	Glidmedel		Vätskor eller geler som används vid sexuell aktivitet, vanligtvis för att underlätta penetration med penis eller sexleksak.	
homoit0000978	Machobögar		En subkultur av bögar som uttrycker drag av machismo, som maskulinitet, självständighet och fysisk styrka. Termen används här för bögar som omfamnar traditionell maskulinitet genom klädstil och beteende.	
homoit0000979	Māhū		Term som används inom hawaiiansk och tahitisk kultur för personer av tredje kön som förenar könsuttryck och ofta har andliga roller.	
homoit0000980	Mak nyahs		Term för transkvinnor som används i Malaysia.	
homoit0000981	Manlig gemenskap	Manlig kamratskap||Manlig vänskap	Vänskap och samhörighet mellan två eller flera maskulint identifierade personer.	
homoit0000982	Mäns vänskap		Relationer som bygger på tillgivenhet och förtroende mellan två eller flera män.	
homoit0000983	Herrimitatörer		Historisk term för artister, ofta kvinnor, som uppträdde i manliga roller för underhållning, vanligtvis för en heterosexuell publik. Används endast i historiska sammanhang.	
homoit0000986	MtF	M2F||M2Fs||Male-to-female||Transkvinnor||Man-till-kvinna||MtFs	MtF (male-to-female) är en huvudsakligen historisk term som i dag i stor utsträckning ersatts av ”transkvinna”. Det beror delvis på att termen är kopplad till en medicinsk syn på transpersoner och antyder att transkvinnor är ”födda som” män och blir kvinnor (vanligtvis genom hormoner och/eller kirurgi).	
homoit0000987	Mangaiko		Mbo-term för personer av tredje kön.	
homoit0000988	Sex med händerna	Handsex	Sexuell aktivitet som innebär manuell stimulans av erogena zoner med händerna.	
homoit0000989	Civilstånd		En persons civilstånd – exempelvis ogift, gift, separerad, frånskild eller änka/änkling – så som det definieras av myndighet eller juridisk instans.	
homoit0000990	Äktenskap		Juridisk samlevnadsform mellan två eller flera personer i en personlig relation, som kan ge vissa ekonomiska, juridiska eller sociala rättigheter.	
homoit0000991	Vigselbevis		Myndighetsutfärdade dokument som fungerar som officiella bevis på giftermål. Används för att beskriva hbtq+-personers vigselbevis eller deras kamp för att få sådana erkända.	
homoit0000992	Äktenskapslagstiftning		Lagar och regler som anger var, när, under vilka omständigheter och mellan vilka personer ett äktenskap kan ingås inom en viss jurisdiktion.	
homoit0000993	Äktenskapslicens		Juridiska dokument som utfärdas av trossamfund eller myndigheter och som ger tillstånd att ingå äktenskap. I vissa jurisdiktioner krävs ett sådant tillstånd för att äktenskapet ska vara giltigt. Äktenskapslicenser förekommer inte i Sverige.	
homoit0000994	Gifta personer		Personer som är gifta eller som ingår i en juridisk samlevnad med två eller fler personer, där vissa ekonomiska, juridiska eller sociala rättigheter kan vara knutna till relationen.	
homoit0000995	Maskulinitet		Kulturspecifika attribut, beteenden och roller som i allmänhet förknippas med män eller pojkar.	
homoit0000996	Mashoga		Swahili-term för personer som tilldelats manligt kön vid födseln, som har sex med män och som kan klä sig i kvinnokodade kläder.	
homoit0000997	Masochism		Erotisk eller sexuell njutning av smärta och starka fysiska upplevelser.	
homoit0000998	Massage		Kroppsbehandling genom tekniker som att knåda eller trycka på muskler och leder med händerna, vanligtvis för att lindra spänningar och smärta eller för att skapa erotisk stimulans.	
homoit0000999	Dominanta (hbtq+)		Hbtq+-personersom intar en dominant roll inom BDSM och/eller i maktutbytesrelationer med en dominant/underordnad dynamik.	
homoit0001000	Onani		Sexuell stimulans av de egna könsorganen för sexuell njutning.	
homoit0001001	Moderskap		Tillståndet eller erfarenheten av att vara mamma.	
homoit0001002	Mati		Surinamesisk-kreolska kvinnor som har sexuella relationer med andra kvinnor men som också har haft eller har relationer med män.	
homoit0001004	Hälso- och sjukvård	Medicinsk vård	Organiserade åtgärder för att upprätthålla eller förbättra hälsa genom att förebygga, diagnostisera, behandla eller bota sjukdomar, skador eller andra tillstånd.	
homoit0001005	Läkarutlåtanden (könsidentitet)		Officiella intyg från vårdgivare (t.ex. läkare, sjuksköterskor, terapeuter) som diagnostiserar könsdysfori och vanligtvis rekommenderar könsbekräftande vård. Sådana intyg krävs ibland för att vård ska täckas av sjukförsäkringar eller för att en person ska kunna ändra namn eller juridiskt kön.	
homoit0001006	Medikalisering	Patologisering	Processen där mänskliga erfarenheter och tillstånd felaktigt definieras som medicinska tillstånd och därmed blir föremål för medicinska studier, diagnoser, behandling eller förebyggande åtgärder. Används för att beskriva hur t.ex. hbtq+-identiteter felaktigt behandlats som medicinska problem.	
homoit0001007	Läkemedel	Farmaka||Mediciner	Icke-rekreationella droger som används av personer inom hbtq+-gemenskaper.	
homoit0001008	Män		Vuxna som identifierar sig som män och förstår sitt kön i termer av västerländska föreställningar om manlighet, manlighetens uttryck och maskulinitet. Termen har historiskt använts för vuxna manliga människor, men inte alla som identifierar sig som män identifierar sig med begreppet ”manlig” beroende på kontext.	
homoit0001009	Män som har sex med män	MSM	Män som har sex med män, oavsett om de identifierar sig som homosexuella, bisexuella eller inte.	
homoit0001010	Mansrörelser		En rörelse som växte fram under 1960- och 1970-talen, främst i USA, Storbritannien och Australien, som en reaktion på kvinnorörelsen. Består av grupper och organisationer av män och deras allierade som arbetar med frågor som rör kön och könsroller och hur dessa påverkar män. Olika delar av rörelsen skiljer sig åt i hur de förhåller sig till kvinnorörelsen och samhället i stort. Ska inte förväxlas med mäns rättighetsrörelser eller pappors rättighetsrörelser, som fokuserar på upplevda orättvisor mot män och ofta syftar till att upprätthålla patriarkala värderingar.	
homoit0001011	Psykiska sjukdomar och syndrom		Medicinska tillstånd som definieras av förändringar eller störningar i en individs tankemönster, känsloliv, stämningsläge och beteende.	
homoit0001012	Psykiatrisk vård (hbtq+)		Organiserade insatser för att diagnostisera, upprätthålla, behandla eller förbättra psykisk hälsa eller psykiskt välbefinnande. Används för att beskriva psykiatrisk vård som tar hänsyn till hbtq+-personers särskilda behov.	
homoit0001013	Metis		Officiellt erkänd tredje könskategori i Nepal, som huvudsakligen används för att beskriva transkvinnor.	
homoit0001014	Mikropenis		En person som är född med mikropenis har en penis som är mindre än det typiska storleksintervallet för nyfödda. Mikropenis kan också utvecklas till följd av olika intersexvariationer. Penisens storlek påverkar i regel inte dess funktionalitet.	
homoit0001015	Misandri		Hat eller ogillande riktat mot män eller pojkar.	
homoit0001016	Felköna		Att benämna en persons kön felaktigt, ofta genom att använda pronomen som personen inte identifierar sig med.	
homoit0001017	Misogyni		Hat eller ogillande riktat mot kvinnor eller flickor.	
homoit0001018	Hbtq+-härskarinnor	Hbtq+-mistresses	Hbtq+-personer som intar en dominerande roll inom BDSM och/eller i maktutbytesrelationer med en härskarinna/undergiven-dynamik. Termen används främst av feminint identifierade personer.	
homoit0001019	Monogami		Relationsorientering där individen är exklusivt engagerad i endast en partner åt gången.	
homoit0001020	Könskromosommosaicism	Mosaicism avseende könskromosomer	Personer med mosaic-kromosomer har olika kromosomuppsättningar i vissa av kroppens celler. Mosaicism uppstår genom slumpmässiga förändringar i celldelningen under fosterutvecklingen, vilket leder till olika kromosomantal i olika celler (t.ex. 45X/46XX eller 45X/46XY – varianter av Turners syndrom, eller 46XY/47XXY och 46XX/47XXY – varianter av Klinefelters syndrom). Om någon har både 46XX och 46XY är det troligen fråga om kimerism snarare än mosaicism. Mosaicism kan orsaka variationer i könsorgan, könskörtlar eller hormonnivåer. Personer med minst en Y-kromosom kan utveckla både äggstocks- och testikelvävnad eller ha genitala variationer som hypospadi, samt pubertetsutveckling som inte stämmer överens med det tilldelade könet. Mosaicism utan Y-kromosom (t.ex. 45X/46XX eller 46XX/47XXX) kan innebära strimgonader eller tidigt förlorad äggstocksfunktion, vilket kan påverka pubertet och fertilitet. Andra kan sakna synliga tecken helt.	
homoit0001021	Mammor	Mödrar	Personer som är mammor.	
homoit0001022	Mammor till bisexuella	Mödrar till bisexuella	En person som intar en modersroll i relation till en bisexuell person. Används endast för personer som själva identifierar sig som mammor.	
homoit0001023	Mammor till bögar	Mödrar till bögar||Mammor till homosexuella män||Mödrar till homosexuella män	En person som intar en modersroll i relation till en bög. Används endast för personer som själva identifierar sig som mammor.	
homoit0001024	Mammor till lesbiska	Mödrar till lesbiska	En person som intar en modersroll i relation till en lesbisk person. Används endast för personer som själva identifierar sig som mammor.	
homoit0001025	Mammor till transpersoner	Mödrar till transpersoner	En person som intar en modersroll i relation till en transperson. Används endast för personer som själva identifierar sig som mammor.	
homoit0001026	Hbtq+-rörelsen		Samlingsterm för sociala och politiska rörelser som verkar för hbtq+-personers rättigheter, jämlikhet och inflytande i samhället.	
homoit0001027	MtX	M2X||M2Xs||Male-2-X||Male-to-X||Man-till-annat||MtXs	Personer som genomgår könsbekräftande transition från man till okänt kön eller till ett kön som inte är man.	
homoit0001028	Lersex	Mud sex	Sexuella aktiviteter som sker utomhus i lera.	
homoit0001029	Mukhannathun		Term som användes i klassisk arabiska för att beskriva män som uppfattas som feminina.	
homoit0001030	Hbtq+-museum	Museum (hbtq+)	Institutioner som ägnar sig åt insamling, utställning, bevarande och konservering av material som rör hbtq+-personer, hbtq+-gemenskaper och hbtq+-historia.	
homoit0001031	Hbtq+-musikaler	Musikaler (hbtq+)	Filmer eller scenproduktioner där sång och/eller dans är centrala element. Används för musikaler skapade av hbtq+-regissörer, som skildrar hbtq+-personer eller som betraktas som viktiga inom hbtq+-kultur.	
homoit0001032	Muslimer (hbtq+)		Hbtq+-personer som är muslimer.	
homoit0001033	Gemensam onani		Sexuell aktivitet där två eller flera personer samtidigt stimulerar sina egna könsorgan.	
homoit0001034	Muxe		I zapotekisk kultur i Oaxaca (södra Mexiko) avser termen personer som tilldelats manligt kön vid födseln och som klär sig och uppträder på feminint sätt. Betraktas ibland som ett tredje kön.	
homoit0001035	Nádleehi		Term som används inom Navajo-kulturen i Nordamerika för att beskriva personer som tilldelats manligt kön vid födseln och som tar på sig rollen som flickor i barndomen och kvinnor i vuxen ålder.	
homoit0001037	Ursprungsamerikanska hbtq+-personer		Personer som tillhör ursprungsfolken i det kontinentala USA och Kanada (exklusive inuiter) och som identifierar sig som hbtq+. Använd mer specifika termer där det är möjligt.	
homoit0001038	Nudism		Att delta i sociala aktiviteter naken, antingen privat eller offentligt. Termen används även för att beskriva den kulturella rörelse som förespråkar nudism som en hälsosam livsstil.	
homoit0001039	Tantrasex		Avser ett brett spektrum av praktiker inom hinduistisk och buddhistisk yoga där sexualitet utövas rituellt. Bör inte användas utanför dessa kontexter.	
homoit0001040	Neovaginor	Förvärvad vagina||Neofitta	Kirurgiskt konstruerad vagina, vanligtvis skapad med vävnadstransplantat från andra delar av kroppen.	
homoit0001041	Nyhetsbrev (hbtq+)		Seriella tryckta eller digitala tidskrifter skapade av eller för hbtq+-personer, ofta i syfte att dela nyheter och information relaterad till hbtq+-frågor och hbtq+-gemenskaper.	
homoit0001042	Hbtq+-tidningar		Seriella tryckta eller digitala publikationer om hbtq+-personer eller hbtq+-frågor (vanligtvis producerade av hbtq+-personer eller hbtq+-organisationer) som innehåller nyheter, artiklar, krönikor, korrespondens och annonser.	
homoit0001043	Niizh manidoowag		Nordamerikanska ursprungsbefolkningen ojibwas term för Two-spirit-personer.	
homoit0001044	Ninauposkitzipxpe		Term som används inom Blackfoot-folket i Nordamerika för personer som tilldelats kvinnligt kön vid födseln men som inte följer samhällets förväntade kvinnoroller. Översätts som ”kvinna med manligt hjärta”.	
homoit0001045	Bröstvårtsklämmor	Nipple clamps	Sexleksaker som består av klämmor, vanligtvis sammanlänkade med kedja, som fästs på bröstvårtorna för att ge smärta och erotisk njutning.	
homoit0001046	Nipple play	Bröstvårtssex	Sexuella handlingar som involverar stimulering av bröstvårtorna.	
homoit0001047	No hormone-identitet		Personer som inte genomgått hormonbehandling. Används vanligtvis för att beskriva transpersoner som inte genomgått och/eller inte planerar att genomgå hormonbehandling.	
homoit0001048	Ickebinära		Personer vars könsidentitet existerar utanför könsbinariteten. Används endast för personer som själva identifierar sig som ickebinära.	
homoit0001049	Icke-opererad	Oskuret||Non-op	Medicinsk status för personer som inte planerar att genomgå kirurgiska ingrepp. Används ofta för att beskriva transpersoner som inte har och inte planerar att genomgå könsbekräftande kirurgi.	
homoit0001050	Nakenbad		Stränder där nakenhet är tillåten.	
homoit0001051	Nakenfoton		Bilder av nakna personer, tagna av amatörer eller yrkesfotografer. Kan vara skapade för estetiska eller erotiska ändamål.	
homoit0001052	Nakenkonst	Nakna motiv	Konstverk som avbildar nakna människor för estetiska eller erotiska syften. Inkluderar målningar, fotografier, skulpturer med mera.	
homoit0001053	Officiell dokumentation		Officiella handlingar utfärdade av stat eller institution som innehåller identifikationsuppgifter och vanligtvis medför vissa juridiska eller statliga rättigheter och skyldigheter. Exempel är körkort, födelseattest och pass.	
homoit0001054	Äldre bisexuella		Bisexuella personer som är äldre, vanligtvis över 60 års ålder.	
homoit0001055	Äldre bögar		Bögar som är äldre, vanligtvis över 60 års ålder.	
homoit0001056	Äldre lesbiska		Lesbiska som är äldre, vanligtvis över 60 års ålder.	
homoit0001057	Äldre queera personer		Queera personer som är äldre, vanligtvis över 60 års ålder.	
homoit0001058	Äldre transpersoner		Transpersoner som är äldre, vanligtvis över 60 års ålder.	
homoit0001059	Familjer med ensamstående föräldrar		Familjer med en ensam förälder. För familljer med ensamstående föräldrar som leds av eller inkluderar hbtq+-personer används termen ”Familljer med ensamstående föräldrar (hbtq+)”.	
homoit0001060	Orkidektomi	Orchiechtomi	Medicinsk procedur där en eller båda testiklar avlägsnas. Utförs ofta som en del av könsbekräftande kirurgi men kan också ha andra medicinska orsaker.	
homoit0001061	Sexualpolitiska organisationer	Organisationer för sexualvetenskap och sexualreform	Institutioner eller grupper som arbetar med forskning, utbildning, policyfrågor och opinionsbildning om sexualitet och sexuellt beteende. Syftet är ofta att utmana tabun och uppmuntra till mer öppen diskussion om sex i samhället.	
homoit0001062	Orgasm		Klimax av sexuell upphetsning, vanligtvis kännetecknat av njutning, muskelkontraktioner, ökad puls och blodtryck, endorfinfrisättning och eventuell ejakulation.	
homoit0001063	Uttrar (bögkultur)	Otters (bögkultur)	Slangterm i USA för bögar som kombinerar egenskaper som förknippas med både ”björnar” och ”twinks”, alltså smala och håriga bögar.	
homoit0001065	Outning		Att avslöja en persons sexualitet eller könsidentitet utan personens samtycke.	
homoit0001066	Ovotestis		Personer med denna variation föds med både äggstocks- och testikelvävnad. En person kan ha en testikel och en äggstock, eller ett eller flera ovotestis – könskörtlar som innehåller både äggstocks- och testikelceller. Hormonnivåerna kan variera, vilket påverkar utvecklingen av könsorgan och sekundära könskarakteristika. I puberteten kan personen utveckla drag kopplade till östrogen-, testosteron- eller båda typernas pubertet. I vissa fall kan personen producera både spermier och ägg. Variationen förekommer hos personer med en X- och en Y-kromosom (46XY), två X-kromosomer (46XX) och personer med mosaicism (46XX, 46XY).	
homoit0001067	Packing (fallos)		Att bära stoppning eller ett fallosformat föremål framtill i byxor eller underkläder för att skapa intryck av en utbuktning.	
homoit0001068	Smiskpaddlar	Paddlar (BDSM)||Sexpaddlar||Spanking paddles	Ett redskap med kort handtag i ena änden och en bred, platt yta i den andra, som används för att slå på skinkorna vid impact play.	
homoit0001069	Hedningar (hbtq+)	Nyhedningar (hbtq+)	Hbtq+-personer som tillhör polyteistiska religioner, eller andra religioner utanför den dominerande kulturen, som ofta innefattar naturdyrkan och/eller det heliga feminina, såsom wicca, druidism, hednisk tro m.m. Används för hbtq+-personer som själva identifierar sig som hedningar.	
homoit0001070	Palao'ana		Chamorro-term (från ögruppen Marianerna i Mikronesien) för personer med tredje kön.	
homoit0001071	Pangender-identitet		Könsidentitet som omfattar flera eller alla kön.	
homoit0001072	Pangenderpersoner		Personer som identifierar sig med flera eller alla kön.	
homoit0001073	Pansexuella		Personer som identifierar sig som pansexuella, det vill säga att de är sexuellt attraherade av personer oavsett kön. Vissa, men inte alla, pansexuella beskriver sig även som ”könsblinda”, eftersom kön är irrelevant i deras attraktion.	
homoit0001074	Föräldrarätt		Den juridiska relationen mellan förälder och barn som kan uppstå genom biologiskt släktskap, vid födsel eller adoption. Rättigheterna kan inkludera vårdnad, umgänge, beslutanderätt och tillgång till information.	
homoit0001075	Föräldrar (hbtq+)	Hbtq+-föräldrar	Hbtq+-personer som är föräldrar.	
homoit0001076	Föräldrar till crossdressare		Personer som fungerar som föräldrar till en eller flera personer som identifierar sig som crossdressare. Använd endast för föräldrar till personer som själva identifierar sig som crossdressare.	
homoit0001077	Föräldrar till queera personer		Personer som fungerar som föräldrar till en eller flera queera personer. För föräldrar som själva är queera, använd termen ”Queera föräldrar”.	
homoit0001078	Föräldrar till transpersoner		Personer som fungerar som föräldrar till en eller flera transpersoner. För föräldrar som själva är trans, använd termen ”Transföräldrar”.	
homoit0001079	Partiell androgenresistens	PAIS||Partiell androgenresistenssyndrom	Personer med partiell androgenresistens (PAIS) reagerar delvis på testosteron, men inte i samma utsträckning som personer med en X- och en Y-kromosom (46XY) utan androgenresistens. De kan födas med testiklar som är ofullständigt nedstigna, samt med genitala variationer såsom ett grunt vaginalöppnande, en penis som kan tolkas som en stor klitoris eller liten penis, och variationer i urinrörets placering. De kan även födas med könsorgan som liknar en penis eller en vulva och vagina. I puberteten kan personer med PAIS utveckla vissa drag typiska för testosteronpåverkan och andra typiska för östrogenpåverkan, eftersom kroppen delvis svarar på det testosteron som produceras medan resten omvandlas till östrogen.	
homoit0001080	Smittspårning	Närståendeupplysning	Att meddela sexuella partners till en person som nyligen fått en sexuellt överförbar infektion diagnostiserad att de kan ha exponerats för smittan. I Sverige regleras detta i Smittskyddslagen för vissa sjukdomar och den meddelade parten har krav på att testa sig.	
homoit0001081	Partnerpreferens		Ett varaktigt mönster av längtan efter anknytning och relationer – romantiska, sexuella eller kinkbaserade – med personer som har vissa identiteter eller relationella orienteringar (som monogami, polyamori, polygami).	
homoit0001082	Rättigheter för partners		Juridiska, ekonomiska, sociala och kulturella rättigheter som ges till personer i långvariga relationer, till exempel äktenskap, registrerat partnerskap eller samboförhållanden. Dessa rättigheter kan inkludera gemensam sjukförsäkring, arvsrätt, adoptionsrätt och rätt att fatta beslut för sin partner vid sjukdom eller i nödsituationer.	
homoit0001083	Partners (hbtq+)		Könsneutral term för sexuella, romantiska eller kink-partners som också är hbtq+-personer.	
homoit0001084	Partners till bisexuella personer		Personer som har en romantisk, sexuell eller kinkbaserad relation med en bisexuell person.	
homoit0001085	Partners till crossdressare		Personer som har en romantisk, sexuell eller kinkbaserad relation med en crossdresser. Använd endast för personer vars partner själv identifierar sig som crossdresser.	
homoit0001086	Partners till bögar		Personer som har en romantisk, sexuell eller kinkbaserad relation med en bög.	
homoit0001087	Partners till lesbiska		Personer som har en romantisk, sexuell eller kinkbaserad relation med en lesbisk person.	
homoit0001088	Partners till queera personer		Personer som har en romantisk, sexuell eller kinkbaserad relation med en queer person.	
homoit0001089	Partners till transpersoner		Personer som har en romantisk, sexuell eller kinkbaserad relation med en transperson.	
homoit0001090	Passera (kön)		En individs förmåga att “passera”, det vill säga att bli uppfattad som tillhörande det kön hen identifierar sig som. Begreppet har historiskt också använts om ras och etnicitet men har senare använts inom hbtq+-sammanhang.	
homoit0001091	Immunisering, passiv		Medicinsk behandling där en person får laboratorieframställda antikroppar för att bekämpa infektion eller sjukdom.	
homoit0001092	Pass		Officiellt dokument utfärdat av staten som bekräftar innehavarens identitet och medborgarskap och ger rätt att resa mellan länder.	
homoit0001093	Faderskap		Erfarenheten av att vara pappa, inklusive ansvar för att fostra och uppfostra barn.	
homoit0001094	Pederaster		Vuxna män som har sexuella och mentor-/skyddslingrelationer med tonårspojkar. Termen har historiskt använts för att beskriva bögar. Använd endast i historiska sammanhang.	
homoit0001095	Pederasti		Begrepp som använts för att beskriva vuxna mäns sexuella och mentor-/skyddslingrelationer med tonårspojkar. Har historiskt använts för att beskriva bögar. Använd endast i historiska sammanhang.	
homoit0001096	Peepshow		Live-sexshower eller pornografiska filmer som ses genom en liten öppning eller ett förstoringsglas, ofta från ett myntstyrt bås.	
homoit0001097	Penektomi		Kirurgiskt avlägsnande av penis som en del av könsbekräftande vård.	
homoit0001098	Pletysmografi av penis	Penispletysmografi||Falloplethysmografi	Mätning av penisens svällnad vid erotisk stimulans, i syfte att undersöka sexuell respons eller preferens.	
homoit0001099	Penisar		Yttre könsorgan.	
homoit0001100	Hbtq+-personer i militären	Soldater (hbtq+)||Militärer (hbtq+)	Hbtq+-personer som tjänstgör inom nationella försvarsstyrkor.	
homoit0001101	Icke-vita hbtq+-personer	Hbtq+ POC||Hbtq+ people of color||Hbtq+ people of colour||Ickevita hbtq+-personer||Rasifierade hbtq+-personer	Hbtq+-personer som inte är vita och som identifierar sig som icke-vita/people of color.	
homoit0001102	Performancekonst		Konst skapad genom kroppsliga handlingar, ofta inför publik. Utförs av konstnären själv eller av deltagare.	
homoit0001103	Förföljelse av bisexuella		Systematisk förföljelse av bisexuella personer på grund av deras sexuella identitet.	
homoit0001104	Förföljelse av bögar	Förföljelse av homosexuella män	Systematisk förföljelse av bögar på grund av deras sexuella identitet.	
homoit0001105	Förföljelse av lesbiska		Systematisk förföljelse av lesbiska på grund av deras sexuella identitet.	
homoit0001106	Förföljelse av queera personer		Systematisk förföljelse av queera personer på grund av deras könsidentitet och/eller sexuella identitet.	
homoit0001107	Förföljelse av transpersoner		Systematisk förföljelse av transpersoner på grund av deras könsidentitet.	
homoit0001108	Förföljelse av hbtq+-personer		Systematisk orättvis eller kränkande behandling av hbtq+-personer på grund av deras könsidentitet eller sexuella identitet.	
homoit0001109	Fallossex	Penissex	Sexuell stimulans eller sexuella praktiker som involverar penisar eller fallosliknande objekt (t.ex. dildos).	
homoit0001110	Telefonsex		Sexuella möten som sker via telefon, genom telefonsamtal eller videosamtal med smartphone.	
homoit0001111	Telefonsexarbetare	Telefonsexsäljare	Personer som utför sexarbete i realtid via telefonsamtal, textmeddelanden eller röstsamtal online. Använd ”Cam-modeller” för personer som utför sexarbete i realtid via livestreamad video eller videosamtal.	
homoit0001112	Kroppslig närhet		Beröring mellan två eller flera personer i syfte att väcka eller förmedla känslor av närhet. Kan uttrycka sexuell och/eller icke-sexuell intimitet och omfattar handlingar som kyssar, gosande, kramar och att hålla hand.	
homoit0001113	Somatisk vård (hbtq+)	Fysisk vård (hbtq+)||Kroppslig vård (hbtq+)	Organiserade insatser för att upprätthålla, behandla eller förbättra fysisk hälsa eller kroppsliga tillstånd. Används i sammanhang som rör hbtq+-personers särskilda behov av kroppslig hälso- och sjukvård.	
homoit0001114	Piercingar	Piercings	Små hål eller öppningar i kroppen där smycken eller implantat kan placeras, antingen av estetiska, andliga, religiösa eller sexuella skäl.	
homoit0001115	Nypning (sexualitet)		Form av manuell stimulans som innebär att man greppar, drar eller skapar spänning i sin egen eller någon annans kropp i sexuellt syfte.	
homoit0001116	Rosa trianglar		Internationell symbol för gaystolthet och gayrörelsen. Symboliserar återtagandet av de rosa trianglar som användes i Nazityskland för att identifiera bögar (och senare även bisexuella män och transkvinnor) som skickades till koncentrationsläger.	
homoit0001117	Pinkwashing		Marknadsförings- och politiska strategier som syftar till att marknadsföra produkter, länder, personer eller organisationer till hbtq+-personer genom användning av hbtq+-relaterade symboler för att framstå som progressiva, moderna och toleranta och/eller genom att åberopa omsorg om hbtq+-personer och deras rättigheter för att rättfärdiga eller avleda uppmärksamhet från bosättarkolonialism, folkmord, invasioner och interventioner i andra länder.	
homoit0001118	Hbtq+-poesi	Poesi (hbtq+)||Lyrik (hbtq+)||Hbtq+-lyrik	Lyriska verk med fokus på hbtq+-karaktärer, teman eller identitet.	
homoit0001119	Polisen		En civil statlig instans med uppdrag att upprätthålla lag och ordning.	
homoit0001120	Brottsprovokationer	Stingoperationer	En metod där polisen eller andra statliga aktörer förmår en person att begå ett brott som hen annars inte skulle ha begått. Juridiska definitioner av ”provokation” varierar mellan jurisdiktioner, men i vardagsspråk används termen ofta för att beskriva situationer där polis agerar oärligt, i ond tro eller med syfte att framkalla snarare än att reagera på anmälda brott.	
homoit0001121	Polistrakasserier		Olämpligt uppförande, olagliga handlingar eller maktmissbruk från polis gentemot allmänheten. Det kan inkludera rasprofilering, övervakning utan grund, olagliga husrannsakningar och beslag, selektiv rättstillämpning, övervåld, sexuella övergrepp, hot, bevisförfalskning, tvingade erkännanden, felaktiga gripanden eller fängslanden samt mutor eller otillbörlig påverkan.	
homoit0001122	Polisräder	Polisrazzior||Razzior	Oannonserade och oväntade intrång i och genomsökningar av bostäder eller lokaler som genomförs av poliser i syfte att överraska för att beslagta bevis eller gripa misstänkta. Polisräder kan genomföras lagligt med stöd av husrannsakan eller genom påstådda brådskande omständigheter, till exempel sannolika skäl, vilket är subjektivt och ofta ger begränsade möjligheter för civila att överklaga olagliga räder.	
homoit0001123	Polyamori		Praktiken att ha romantiska, sexuella eller kinkrelaterade relationer med flera personer samtidigt, med samtycke från alla inblandade.	
homoit0001124	Polygami		Praktiken att ingå i romantiska, sexuella eller kinkrelaterade relationer där den dominerande partnern har flera makar, även om dessa äktenskap inte alltid erkänns juridiskt eller socialt.	
homoit0001125	Poppers	Alkylnitrit||Amylnitrit||Butylnitrit||Isobutylnitrit	Slangterm som ofta används i hbtq+-subkulturer för att beskriva alkylnitriter, en typ av drog som ger ett rus vid inandning. Poppers är särskilt associerade med bögars uteliv eftersom de kan underlätta analsex genom att slappna av musklerna.	
homoit0001126	Porrindustri		Företag som säljer pornografi eller material avsett för sexuell upphetsning, inklusive bilder, videor, litteratur med mera.	
homoit0001127	Porrstjärnor	Pornografiska skådespelare||Porrskådisar||Porrskådespelare	Skådespelare i erotiska eller sexuellt explicita filmer.	
homoit0001128	Pornografi		Skildringar av sexuella handlingar avsedda att ses av andra.	
homoit0001129	Postoperativa	Post-op	Personer som har genomgått ett kirurgiskt ingrepp. Används ofta om transpersoner som genomgått könsbekräftande kirurgi.	
homoit0001130	PrEP	Pre-exposure prophylaxis||Preexpositionsprofylax	Läkemedel som tas i förebyggande syfte för att förhindra att hiv överförs. Detta sker genom att blockera enzymet som krävs för att hiv ska etablera infektion i kroppen.	
homoit0001131	Preoperativa	Pre-op	Medicinsk status hos personer som planerar att genomgå ett kirurgiskt ingrepp men ännu inte gjort det. Används ofta om transpersoner som planerar könsbekräftande kirurgi.	
homoit0001132	Hbtq+-press		Tidningar, tidskrifter eller andra publikationer riktade till hbtq+-personer och/eller drivna av hbtq+-personer.	
homoit0001133	Sociala privilegier	Privilegier (socialt)	Särskilda rättigheter eller privilegier som tilldelas vissa individer eller grupper och som används för att felaktigt homogenisera eller diskriminera mot andra.	
homoit0001134	Progestininducerad virilism	Gestageninducerad virilism	Personer med progestininducerad virilism har två X-kromosomer (46XX) och kan födas med synliga variationer i sina könsorgan, såsom en ovanligt stor klitoris och ibland även sammansmälta eller delvis sammansmälta blygdläppar. De har vanligtvis livmoder, äggstockar och äggledare, men deras vagina kan skilja sig något i utformning. Variationen uppstår när fostret exponeras för progestinläkemedel under graviditeten. Den hormonella exponeringen har en androgen effekt vilket påverkar könsorganens utveckling, men påverkar sällan kroppens framtida hormonproduktion eller känslighet. Puberteten brukar därför följa ett typiskt östrogenmönster.	
homoit0001135	Pronomen		Ord som används istället för substantiv. Vanligtvis syftar man på personliga pronomen, det vill säga pronomen som används för att beskriva personer (t.ex. hon, han, hen, ze).	
homoit0001137	Protestanter (hbtq+)		Hbtq+-personer som är medlemmar i protestantiska kyrkor.	
homoit0001138	Pubertetsblockerare		Läkemedelsgrupp som används för att bromsa eller skjuta upp puberteten.	
homoit0001139	Toalettförbud för transpersoner	Toalettregler||Toalettbestämmelser||Bathroom bans	Lagar eller policyer som införs för att förhindra transpersoner och ickebinära personer från att använda offentliga toaletter och faciliteter, såsom omklädningsrum, duschar, provhytter och andra könsuppdelade utrymmen, baserat på deras könsidentitet.	
homoit0001140	Offentliga toaletter		Rum eller små byggnader med en eller flera toaletter (eller urinoarer) som är tillgängliga för allmänheten eller för kunder och anställda i en verksamhet.	
homoit0001141	Offentliga anläggningar		Byggnader, rekreationsområden och andra typer av fastigheter som ägs och förvaltas av stat eller kommun och som är tillgängliga för allmänheten.	
homoit0001142	Offentligt sex		Sexuella handlingar som sker på offentliga platser, såsom stränder, parker eller rastplatser.	
homoit0001143	Offentliga duschar		Offentliga eller kommersiella lokaler med duschar eller badmöjligheter.	
homoit0001144	Hbtq+-förlag		Förlag som ger ut material för hbtq+-gemenskaper eller som behandlar hbtq+-frågor.	
homoit0001145	Pups (rollspel)		Personer som tar på sig rollen som valp i så kallad puppy play, en form av djurrollspel som ofta men inte alltid är kopplat till BDSM- och kinkvärlden.	
homoit0001146	Queera icke-vita personer	Queera POC||Queera people of color	Queera personer som inte är vita och som identifierar sig som icke-vita/people of color.	
homoit0001147	Quariwarmi		Inka-term som används för personer som tilldelats manligt kön vid födseln och som har en tredje könsroll, ofta med andlig betydelse.	
homoit0001148	Queens (bögkultur)		Slangterm för feminina bögar, främst använd i USA.	
homoit0001149	Queera (verb)		Term som ofta används inom akademin för att beskriva handlingar som ifrågasätter sexual- och könsnormer, synliggör förtryckande strukturer och försöker undergräva dessa system.	
homoit0001150	Queeraktivism	Queer aktivism	Direkt aktion och organisering i syfte att åstadkomma politisk eller social förändring och acceptans för queera personer.	
homoit0001151	Queera afroamerikaner		Queera personer av afrikansk härkomst födda i USA eller queera personer födda i afrikanska länder som bor i eller har en stark anknytning till USA. Används för individer som identifierar sig som afroamerikaner. Följ individens preferens för afroamerikan eller svart när det är möjligt.	
homoit0001152	Queera afrokanadensare		Queera personer av afrikansk härkomst födda i Kanada eller queerpersoner födda i afrikanska länder som bor i eller har en stark anknytning till Kanada. Används för individer som identifierar sig som afrokanadensare.	
homoit0001153	Queera afrokariber		Queera personer av afrikansk härkomst födda i Karibien eller queera personer födda i afrikanska länder som bor i eller har en stark anknytning till Karibien. Använd endast för personer som identifierar sig som afrokaribier.	
homoit0001154	Queera afroeuropéer		Queera personer av afrikansk härkomst födda i europeiska länder eller queera personer födda i afrikanska länder som bor i eller har en stark anknytning till Europa. Använd endast för personer som identifierar sig som afroeuropéer.	
homoit0001155	Queera afrolatinos		Queera personer av afrikansk härkomst födda i latinamerikanska länder eller queera personer födda i afrikanska länder som bor i eller har en stark anknytning till Latinamerika. Använd endast för personer som identifierar sig som afrolatinos.	
homoit0001156	Queera arkiv		Samlingar av arkivmaterial och dokument relaterade till queera personer eller queera gemenskaper. Kan omfatta arkiv hos allt från lokala gemenskaper till statliga institutioner.	
homoit0001157	Queera kulturutövare		Queera personer som utövar någon form av konstnärlig verksamhet.	
homoit0001158	Queera asiat-amerikaner	Asiatisk-amerikanska queera personer	Queera personer av asiatisk härkomst, födda i USA eller i asiatiska länder, som bor i eller har en stark koppling till USA. Används endast för individer som själva identifierar sig som asiatisk-amerikaner.	
homoit0001159	Queera asiater		Queera personer av asiatisk härkomst, boende i Asien eller en del av den asiatiska diasporan. Används endast för personer som själva identifierar sig som asiatiska.	
homoit0001160	Queera ateister		Queera personer som är ateister.	
homoit0001161	Queera barer		Barer eller uteställen som främst vänder sig till queera personer.	
homoit0001162	Queera stränder		Stränder som är avsedda för queera personer eller som är kända för att ofta besökas av queera personer.	
homoit0001163	Svarta queera personer		Svarta personer som är queera. Används endast för individer som själva identifierar sig som svarta. Följ individens preferens för att använda svart eller diasporaidentitet som t.ex. afroeuropé när det är möjligt.	
homoit0001164	Queera bokaffärer		Bokhandlar som säljer material riktat till queera personer eller som behandlar ämnen relaterade till queer.	
homoit0001165	Queera buddister		Queera personer som är buddister.	
homoit0001166	Queera karaktärer		Karaktärer i kreativa verk som är queera.	
homoit0001167	Queera barn		Queera personer som ännu inte har nått tonåren.	
homoit0001168	Queera kristna		Queera personer som är kristna.	
homoit0001169	Queera religiösa ledare	Queera personer med religiösa ämbeten	Queera personer som är prästvigda eller innehar religiösa ämbeten, särskilt inom kristendomen.	
homoit0001170	Queera gemenskaper	Queercommunityn	Grupper av personer som delar erfarenheten av att vara queer.	
homoit0001171	Queera community centers	Föreningslokaler för queera personer||Träffpunkter för queera personer	Platser där personer från queera gemenskaper möts för sociala, utbildningsrelaterade, rekreationella eller organiserande aktiviteter.	
homoit0001172	Queera par		Parrelationer där båda personerna är queera.	
homoit0001173	Queera döttrar		Döttrar som identifierar sig som queera.	
homoit0001174	Queer dramatik	Queer scenkonst	Fiktion avsedd för sceniskt framförande med queera gestalter eller teman.	
homoit0001175	Queera dominatrixer	Queera dominor	Queera personer som intar en dominant roll inom BDSM och/eller i maktutbytesrelationer med en dominant/underordnad dynamik. Termen används främst av feminint identifierade personer.	
homoit0001176	Queera familjer		Familjer – biologiska, adoptiva eller valda – där en eller flera personer identifierar sig som queera.	
homoit0001177	Queer skönlitteratur		Litterära verk som beskriver fiktiva händelser eller personer. Används för skönlitteratur med queera karaktärer eller teman.	
homoit0001178	Queer identitet		Identitetsterm som kan beskriva flera olika, icke nödvändigtvis ömsesidigt uteslutande sätt att förstå queerhet. Begreppet kan beskriva identiteter som befinner sig utanför eller mellan etablerade identiteter, eller som aktivt motsätter sig normativa föreställningar om kön och/eller sexualitet. Använd endast för personer som själva identifierar sig som queera.	
homoit0001179	Queera informationscentrum	Informationscentrum för queera personer	Institutioner som erbjuder utbildning, stöd och information om queerhet och queer gemenskap för queera personer.	
homoit0001180	Queera judar		Queera personer som är judar.	
homoit0001181	Queera latines	Latino/a/x queers	Queera personer som är latinamerikaner och som själva identifierar sig som latines (latino, latina eller latinx). Blanda inte ihop med chicano/a/x eller hispanic.	
homoit0001182	Queerbibliotek		Bibliotek som samlar material som främst rör queera personer eller är avsett att användas av queera personer.	
homoit0001183	Queer litteratur		Skrivna litterära verk om queerhet, queera karaktärer eller teman.	
homoit0001184	Dominanta queera personer		Queera personer som intar en dominant roll inom BDSM och/eller i maktutbytesrelationer med en dominant/underordnad dynamik.	
homoit0001185	Queera män		Män som identifierar sig som queera.	
homoit0001186	Queera härskarinnor	Queera mistresses	Queera personer som intar en dominerande roll inom BDSM och/eller i maktutbytesrelationer med en härskarinna/undergiven-dynamik. Termen används främst av feminint identifierade personer.	
homoit0001187	Queerrörelser	Queera rörelser	Samlingsterm för aktivism med fokus på queera personers rättigheter och frågor som påverkar queera personers gemenskaper.	
homoit0001188	Queera museum		Institutioner som ägnar sig åt insamling, utställning, bevarande och konservering av material som rör queerhet, queera personer eller queer historia.	
homoit0001189	Queera muslimer		Queera personer som är muslimer.	
homoit0001190	Queera ursprungsamerikaner		Personer som tillhör ursprungsfolken i det kontinentala USA och Kanada (exklusive inuiter) och som identifierar sig som queera. Använd mer specifika termer där det är möjligt.	
homoit0001191	Queera nyhetsbrev		Seriella tryckta eller digitala tidskrifter skapade av eller för queera personer, ofta i syfte att dela nyheter och information relaterad till queera frågor och queera gemenskaper.	
homoit0001192	Queera tidningar		Seriella tryckta eller digitala publikationer om queera personer eller queera frågor (vanligtvis producerade av queera personer eller queera organisationer) som innehåller nyheter, artiklar, krönikor, korrespondens och annonser.	
homoit0001193	Queera hedningar	Queera nyhedningar	Queera personer som tillhör polyteistiska religioner, eller andra religioner utanför den dominerande kulturen, som ofta innefattar naturdyrkan och/eller det heliga feminina, såsom wicca, druidism, hednisk tro m.m. Används för queera personer som själva identifierar sig som hedningar.	
homoit0001194	Queera föräldrar		Queera personer som är föräldrar.	
homoit0001195	Queera personer		Personer som identifierar sig med icke-normativa köns- och/eller sexualitetsidentiteter, vanligtvis personer som inte är heterosexuella och/eller inte cispersoner. Används endast för personer som själva identifierar sig som queera.	
homoit0001196	Queera personer inom militären		Queera personer som tjänstgör inom nationella försvarsstyrkor.	
homoit0001197	Queerpoesi	Queer poesi||Queerlyrik||Queer lyrik	Lyriska verk med fokus på queera karaktärer, teman eller identitet.	
homoit0001198	Queera politiska aktivister		Queera personer som verkar för politisk eller social förändring genom offentlig organisering och mobilisering.	
homoit0001199	Queer porrfilm		Erotiska eller sexuellt explicita filmer där queera personer medverkar.	
homoit0001200	Queer press		Tidningar, tidskrifter eller andra publikationer riktade till en queer målgrupp och/eller drivna av queera personer.	
homoit0001202	Queera protestanter		Queera personer som är medlemmar i protestantiska kyrkor.	
homoit0001203	Queera förlag		Företag och organisationer som ger ut material för queera gemenskaper eller som behandlar queera frågor.	
homoit0001204	Queer radio		Ljudinnehåll som sänds i radio, analog eller digital, och som handlar om queera personer eller queera frågor	
homoit0001205	Queera relationer		Pågående relationer, romantiska, sexuella eller platoniska, mellan två eller flera queera personer.	
homoit0001206	Queera rättigheter		Juridiska, sociala eller etiska principer om frihet eller rättigheter för queera personer.	
homoit0001207	Romersk-katolska queera personer		Queera personer som är medlemmar i den romersk-katolska kyrkan.	
homoit0001208	Queer slang		Vardagligt eller informellt språkbruk relaterat till queerhet eller som används av queera personer.	
homoit0001209	Queera söner		Söner som identifierar sig som queera.	
homoit0001210	Queerstudier	Queerforskning	Akademiskt ämnesområde som behandlar queera personer, queera identiteter och queera gemenskaper.	
homoit0001211	Queera hatbrottöverlevare		Queera personer som har upplevt hatbrott och som har överlevt. Följ individens preferens för att använda ”offer” eller ”överlevare” när det är möjligt.	
homoit0001212	Queera våldtäktsöverlevare		Queera personer som har upplevt våldtäkt och som har överlevt. Följ individens preferens för att använda ”offer” eller ”överlevare” när det är möjligt.	
homoit0001213	Queera personer som överlevt sexuella övergrepp		Queera personer som har utsatts för och överlevt sexuella övergrepp. Följ individens preferens för att använda ”offer” eller ”överlevare” när det är möjligt.	
homoit0001214	Queera krigsöverlevare		Queera personer som har upplevt krig och som har överlevt. Följ individens preferens för att använda ”offer” eller ”överlevare” när det är möjligt.	
homoit0001215	Unga queera personer	Unga queers	Queera personer i fasen mellan barndom och vuxen ålder.	
homoit0001216	Queera tv-program		Tv-program med queera personer eller queera teman.	
homoit0001217	Queer teater		Scenkonstverk som fokuserar på queera karaktärer, gemenskaper eller frågor.	
homoit0001218	Queerteologi		Teologisk metod som har utvecklats ur queerteori. Queerteologi, som även omfattar de tidigare vanligt förekommande termerna ”gay theology” och ”lesbian theology”, kan förstås som (1) teologi som bedrivs av, med och för hbtq+-personer utifrån deras behov, (2) teologi som medvetet motsätter sig sociala och kulturella normer kring kön och sexualitet och (3) teologi som i bred mening utmanar och dekonstruerar skadliga historiska gränsdragningar.	
homoit0001219	Queerteori	Queerstudier	Kritiskt teoretiskt fält som växte fram under 1990-talet ur queerstudier och kvinnostudier. Queerteori omfattar studier och teoretisering av kön och sexuella praktiker och identiteter som existerar utanför heterosexualitet och som utmanar heteronormativitet och essentialism.	
homoit0001220	Queera transpersoner		Queera personer som identifierar sig som transpersoner.	
homoit0001221	Queera hatbrottsoffer	Queera personer som är offer för hatbrott	Queera personer som har upplevt hatbrott och som kan ha överlevt eller inte. Följ individens preferens för att använda ”offer” eller ”överlevare” när det är möjligt.	
homoit0001222	Queera våldtäktsoffer		Queera personer som har upplevt våldtäkt och som kan ha överlevt eller inte. Följ individens preferens för att använda ”offer” eller ”överlevare” när det är möjligt.	
homoit0001223	Queera offer för sexuella övergrepp	Queera personer som utsatts för sexuella övergrepp	Queera personer som som har utsatts för sexuella övergrepp och som kan ha överlevt eller inte. Följ individens preferens för att använda ”offer” eller ”överlevare” när det är möjligt.	
homoit0001224	Queera krigsoffer		Queera personer som har upplevt krig och som kan ha överlevt eller inte. Följ individens preferens för att använda ”offer” eller ”överlevare” när det är möjligt.	
homoit0001225	Queera brottsoffers rättigheter		Queera personers juridiska rättigheter som brottsoffer att få information, närvara och komma till tals inom rättsväsendet efter att ha utsatts för brott, olycka eller annan händelse som orsakat skada.	
homoit0001226	Vita queera personer		Queera personer som är vita.	
homoit0001227	Queera kvinnor		Kvinnor som identifierar sig som queera.	
homoit0001228	Queer ungdomslitteratur		Litterära verk för läsare mellan 12 och 18 år, även kallat YA. Används för ungdomslitteratur med fokus på queera karaktärer eller teman.	
homoit0001229	Queerfobi		Fientlighet eller avsky riktad mot queera identiteter eller queera personer, oavsett om identiteten är verklig eller upplevd. Queerfobi kan ta sig uttryck i förnekelse, stereotyper, verbala trakasserier och fysiskt våld.	
homoit0001230	Radikalfeminism		Inriktning inom feminismen som förespråkar en radikal omstrukturering av samhället för att avskaffa manlig dominans i alla sociala och ekonomiska sammanhang.	
homoit0001231	Hbtq+-radio	Gayradio	Ljudinnehåll som sänds i radio, analog eller digital, och som handlar om hbtq+-personer eller hbtq+-frågor.	
homoit0001232	Regnbågsflaggor		Regnbågsflaggor som symboliserar hbtq+-stolthet och sociala rörelser. Den första regnbågsflaggan skapades 1978 i San Francisco. Den mest spridda versionen har sex färger och har använts sedan 1979.	
homoit0001233	Läsa (kön)	Avläsning (kön)	Slanguttryck för att identifiera eller känna igen någon som transperson, ickebinär, crossdresser eller dragperson i offentligheten. Till skillnad från “klocka”, som ofta har hotfulla undertoner, syftar “läsa” på ömsesidig igenkänning inom marginaliserade grupper.	
homoit0001234	Reciprok ivf	Reciprocal in vitro fertilization||Ömsesidig IVF	Medicinsk procedur där ett av partnernas ägg befruktas med donatorsperma och förs över till den andra partnerns livmoder för att fullfölja graviditeten.	
homoit0001235	Hbtq+-personer som använder substanser i rekreationssyfte		Användning av substanser (som alkohol eller droger) av hbtq+-personer i rekreationellt eller socialt syfte.	
homoit0001237	Relationer (hbtq+)		Pågående relationer, romantiska, sexuella eller platoniska, mellan två eller flera hbtq+-personer.	
homoit0001238	Fängsel	Restraints	Föremål och redskap som används för att binda fast eller begränsa en persons rörelseförmåga, till exempel handfängsel, rep, kedjor eller tvångströjor.	
homoit0001239	Sexuella riskbeteenden		Beteenden som ökar risken för att få hiv eller andra könssjukdomar.	
homoit0001240	Rituell homosexualitet		Icke ömsesidig genital kontakt, vanligtvis fellatio, mellan unga och äldre män som förekommer under initieringsriter bland Sambari-folket i Papua Nya Guinea. Begreppet är myntat av västerländska antropologer och har starkt kritiserats av berörda samhällen.	
homoit0001241	Rollbeteende		Beteenden som styrs av sociala normer, inre och yttre förväntningar samt sociala sanktioner och belöningar.	
homoit0001242	Rollspel		Rollspel där en eller flera personer antar en annan identitet för att uppfylla en önskan eller fantasi.	
homoit0001243	Replekar (BDSM)	Ropeplay	Bondage som involverar användning av rep för sexuell stimulans.	
homoit0001244	Romersk-katolska hbtq+-personer		Hbtq+-personer som är medlemmar i den romersk-katolska kyrkan.	
homoit0001245	Romantisk vänskap	Svärmisk vänskap||Kärleksvänskap	Mycket nära men icke-sexuella vänskapsrelationer som ofta innefattar fysisk närhet i högre grad än vad som är vanligt i västerländska samhällen, till exempel att hålla hand, kramas, pussas eller dela säng.	
homoit0001246	Gummi- och latexfetischism		Erotisering av gummi, latex och relaterade material.	
homoit0001247	Gummi- och latexgemenskaper	Gummi- och latexcommunityn	Gemenskaper av personer med intresse för gummi- eller latexmaterial i mode- och kinksammanhang. I en svensk kontext används främst den bredare termen kinkgemenskap.	
homoit0001248	Gummimän	Rubbermen	Män som attraheras av gummi, som utövar aktiviteter med gummi och som tillhör gummigemenskapen. Ofta kopplade till hbtq+-subkulturer i USA.	
homoit0001249	Gummikvinnor	Rubberwomen	Kvinnor som attraheras av gummi, som utövar aktiviteter med gummi och som tillhör gummigemenskapen. Ofta kopplade till hbtq+-subkulturer i USA.	
homoit0001250	Sadism		Sexuell eller erotisk njutning av att tillgoga smärta eller intensiv stimulans. Termen härstammar från den franske författaren Marquis de Sade.	
homoit0001251	Säkrare sex	Säkert sex	En uppsättning praktiker som syftar till att minska risken för överföring av könssjukdomar, inklusive men inte begränsat till användning av kondomer och slicklappar, användning av PrEP och regelbunden testning för sexuellt överförbara infektioner.	
homoit0001252	Safer sex-fester	Safer sex parties	Sociala sammankomster eller evenemang med ursprung i svarta lesbiska gemenskaper i södra USA på 1990-talet. Safer sex-fester hålls vanligtvis i privata miljöer där arrangörer och deltagare diskuterar säkrare sex, sexualitet och sexuella erfarenheter.	
homoit0001253	Sak veng		Term som används i Kambodja för personer som tilldelats manligt kön vid födseln och identifierar sig som kvinnor. Kan översättas som ”långhåriga”.	
homoit0001254	Same-gender-loving	Samkönsälskande	En kulturellt bekräftande term för sexuell identitet som ofta används för att beskriva homosexuella afroamerikanska personer.	
homoit0001255	Samkönade skilsmässor		En rättsprocess för att upplösa ett äktenskap mellan två personer av samma kön.	
homoit0001256	Saris		Inom judisk kultur används termen för att beskriva personer som tilldelats manligt kön vid födseln men senare utvecklat feminina drag.	
homoit0001257	Voyerurism	Skopofili||Skoptofili	Praktik som innebär att man tittar eller lyssnar på andra, vanligtvis utan deras vetskap eller samtycke. Inom samtyckta sexuella sammanhang innebär voyeurism att titta eller lyssna på någon som klär av sig eller har sex utan att själv delta.	
homoit0001258	Sjöfolk (hbtq+)		Hbtq+-personer som arbetar till sjöss.	
homoit0001259	Sekundära könskarakteristika		Egenskaper som uppträder under puberteten och som inte är direkt kopplade till reproduktion, såsom förändringar i rösten och utveckling av kroppsbehåring.	
homoit0001260	Andra vågens feminism		En period av feministisk politisk aktivitet (även kallad kvinnors frigörelse) som inleddes i början av 1960-talet och kritiserade mansdominerade institutioner och kulturella normer.	
homoit0001261	Diskretion (hbtq+)	Hemlighållande (hbtq+)	Ett tillstånd där något avsiktligt undanhålls, döljs eller hålls hemligt. Används för att beskriva hbtq+-personer som döljer sin (eller andras) identitet, antingen av personliga skäl eller för att skydda sig.	
homoit0001262	Förförelse	Förförelseakt	Att locka eller fresta någon till något, vanligtvis sexuell attraktion eller aktivitet, genom övertalning, smicker och/eller löften.	
homoit0001263	Sekhet		Egyptisk term som avser ett spektrum av personer med icke-normativa könsidentiteter och sexuella identiteter, inklusive homosexuella, eunucker, transpersoner med flera. Använd endast för personer som själva identifierar sig som sekhet.	
homoit0001264	Sekrata		I Madagaskar avser denna term personer av ett tredje kön som tilldelats manligt kön vid födseln och uppvisar feminina egenskaper.	
homoit0001265	Självinsemination	Självinseminering	Praktiken att använda insamlad sperma för att själv framkalla graviditet utanför en klinisk miljö.	
homoit0001266	Sexhjälpmedel	Sexaccessoarer||Sexaccessoirer||Sexleksaker	Föremål, redskap eller kläder som används för sexuell stimulans eller för att förstärka sexuell njutning och upplevelser.	
homoit0001267	Sex		Handlingen att interagera fysiskt och/eller mentalt med en annan person eller ett objekt med uttryckt syfte att uppnå sexuell upphetsning eller orgasm.	
homoit0001268	Könstildelning vid födseln	Kön tilldelat vid födseln||Kön tillskrivet vid födseln||Tilldelat kön||Tillskrivet kön||Tillskrivet kön vid födseln	Ett främst engelskspråkigt begrepp som grundar sig i de två engelska termerna "sex" och "gender" där denna term handlar om "sex", inte "gender". Processen att fastställa en individs kön (sex) strax efter födseln, vanligtvis dokumenterad i officiella handlingar. Bedömningen baseras vanligen på yttre genitalier men kan också omfatta andra metoder. I praktiken är tilldelning av kön (sex) vid födsel kulturellt varierande, ofta är termen ”Kön tilldelat vid födsel” mer tillämplig eller korrekt.	
homoit0001269	Kön (kropp)		Den kategori som tilldelas en individ för att beskriva kroppens roll i reproduktion, vanligen baserat på yttre anatomi men även kromosomer, genuttryck, hormoner och inre samt yttre reproduktiva/sexuella organ. Även om kön ofta beskrivs som binärt existerar det på ett spektrum med stor biologisk variation och kulturellt varierande definitioner.	
homoit0001270	Sexklubbar	Porrklubbar	Etablissemang där besökare kan ha sex med andra besökare, samt formella eller informella grupper som organiserar sexrelaterade aktiviteter.	
homoit0001271	Sexualundervisning	Sexualkunskap||Sexualupplysning	Undervisning om sexuell hälsa och sexualitet, inklusive ämnen som samtycke, säkrare sex, överföring av könssjukdomar och reproduktion.	
homoit0001272	Sexfester	Sexpartyn||Orgier	Sociala sammankomster eller evenemang, vanligtvis i privata hem eller på sexklubbar, där deltagare deltar i eller observerar gruppsexaktiviteter.	
homoit0001273	Sexskandaler		Allmänna skandaler kring uppmärksammade fall av upplevd sexuell oanständighet eller sexualbrott.	
homoit0001274	Sexterapi		En form av samtalsstöd som syftar till att hantera sexuell dysfunktion och andra sexrelaterade problem.	
homoit0001275	Sexturism		Praktiken att resa med avsikten att köpa sexuella handlingar, vanligtvis till länder där sexarbete är lagligt, avkriminaliserat eller mindre stigmatiserat. Sexturism väcker ofta etiska frågor, såsom ekonomiska ojämlikheter mellan turister och lokalbefolkning, skillnader i lagstiftning kring samtyckesålder globalt samt selektiv tillämpning av lagar mot sexarbete från polisens sida.	
homoit0001276	Sexarbete		Utbyte av sexuella handlingar, framträdanden eller produkter mot materiell ersättning. Inkluderar både aktiviteter som innebär direkt fysisk kontakt mellan köpare och säljare och indirekt sexuell stimulans. Vissa anser termen sexarbete som kränkande och politiserad medan förespråkar den. Se även "Prostitution".	
homoit0001277	Sexarbetare (hbtq+)		Hbtq+-personer som tar emot pengar eller varor i utbyte mot sexuella handlingar, framträdanden eller sällskap. Används för att beskriva hbtq+-personer som är verksamma inom det breda spektrumet av sexarbete. Vissa anser termen sexarbetare som kränkade och politiserad, medan andra identifierar sig med den. Se även "Hbtq+-personer i prostitution".	
homoit0001278	Sexism		Diskriminering, fördomar eller partiskhet riktad mot ett visst kön eller en viss könsidentitet baserat på antagandet att detta kön är underlägset ett annat.	
homoit0001279	Sexologer		Personer som yrkesmässigt studerar sexologi eller mänskligt sexuellt beteende och sexuella relationer.	
homoit0001280	Sexologi		Vetenskapen om mänsklig sexualitet, inklusive intressen, beteenden och funktioner. Sexologi bygger på kunskap från bland annat antropologi, biologi, medicin och psykologi.	
homoit0001281	Sextning	Sexting||Sexchatta	Handlingen att skicka sexuellt explicita meddelanden eller fotografier, främst mellan mobiltelefoner.	
homoit0001282	Sexuell avhållsamhet	Celibat	Praktiken att avstå från eller inte delta i vissa eller alla former av sexuell aktivitet, oavsett om det sker av medicinska, psykologiska, sociala, moraliska eller religiösa skäl. Sexuell avhållsamhet kan vara frivillig eller ofrivillig.	
homoit0001283	Sexmissbruk (hbtq+)		Hbtq+-personer som upplever beroende eller beroendeproblematik kopplad till sexuella aktiviteter. Används endast för personer som själva beskriver sig som att de har ett sexberoende och inte för personer vars sexuella praktiker uppfattas som promiskuösa eller riskfyllda av andra.	
homoit0001284	Sexuell upphetsning	Kåthet	Term som beskriver den fysiologiska och psykologiska reaktionen på sexuell stimulans.	
homoit0001285	Sexuella övergrepp		Sexuellt beteende eller sexuell kontakt riktad mot en individ som inte har samtyckt. Inkluderar sexuella handlingar utan samtycke som inte nödvändigtvis är olagliga eller straffbara enligt lag vid den aktuella tidpunkten eller platsen.	
homoit0001286	Sexuell autonomi		En persons förmåga eller rätt att fritt välja när, med vem och under vilka omständigheter hen har sex eller inleder sexuella relationer.	
homoit0001287	Sexuella beteendeförändringar		Term som används för att beskriva förändringar i beteende kopplade till säkrare sexpraktiker, till exempel kondomanvändning eller testning för könssjukdomar.	
homoit0001288	Sexuellt klimax		Den mest intensiva eller högsta nivån av njutning under sexuell aktivitet, toppen av en orgasm.	
homoit0001289	Sexualbrottslagstiftning	Sexualstraffrätt	Lagstiftning som reglerar vilka sexuella beteenden och handlingar som är tillåtna enligt lag. Lagarna varierar mellan olika rättssystem men omfattar ofta brott som sexuellt tvång, övergrepp, incest och människohandel för sexuella ändamål. Både historiskt och i nutid har sådan lagstiftning även använts för att kriminalisera samtyckta sexuella praktiker som avviker från normer, exempelvis analsex och homosexualitet.	
homoit0001290	Sexuell mångfald		Mångfald av sexuell läggning eller sexualitet inom en grupp eller i ett samhälle.	
homoit0001291	Sexuell dysfunktion		Återkommande problem eller svårigheter med sexuell respons, lust eller njutning. Inkluderar dysfunktion som uppstår i någon del av den sexuella responscykeln och som orsakar lidande eller hindrar personens normala sexuella funktion.	
homoit0001292	Sexuell funktion		Processen där en individs kropp upplever och reagerar på sexuell stimulans.	
homoit0001293	Sexuella trakasserier		Oönskat beteende av sexuell natur, inklusive ovälkomna närmanden eller begäran om sexuella handlingar.	
homoit0001294	Sexuell hälsa		Ett tillstånd av fysiskt, känslomässigt, mentalt och socialt välbefinnande i relation till sexualitet. Det inkluderar förmågan att ha ansvarsfullt, tillfredsställande och säkrare sex fritt från våld eller tvång.	
homoit0001295	Sexuell identitet		Hur en individ uppfattar sin identitet i relation till romantisk eller sexuell attraktion till andra människor.	
homoit0001296	Sexuell inversion		Historisk term för homosexualitet som användes av sexologer för att beskriva en medfödd omkastning av könsuttryck eller könsroller. Bör endast användas i historiska sammanhang.	
homoit0001297	Sexuella minoriteter		Personer vars sexuella praktiker och preferenser skiljer sig från den dominerande kulturens normer.	
homoit0001298	Sexuell läggning		Riktningen för en individs sexuella attraktion mot andra individer av samma, motsatt eller flera olika kön. Brukar förstås som biologiskt och fysiologiskt betingad snarare än sociologiskt formad.	
homoit0001299	Sexuella praktiker		Aktiviteter kopplade till fysisk och/eller mental sexuell stimulans inklusive men inte begränsat till samlag och sexuell njutning.	
homoit0001300	Sexuell preferens		En varaktig tendens till sexuell attraktion mot ett visst kön eller flera kön samt till specifika karaktärer, objekt, situationella fantasier eller beteenden. Ses oftast som biologiskt grundad och/eller kulturellt eller sociologiskt formad.	
homoit0001301	Sexualreform		Term som används för att beskriva de europeiska sexualreformrörelserna under 1900-talet.	
homoit0001302	Sexuella relationer		Pågående relationer, som involverar sexuella handlingar, mellan två eller flera personer.	
homoit0001303	Sexuell revolution	Sexuella frigörelsen	Ett samhällsperspektiv från 1960-talet till 1970-talet som utmanade traditionella normer kring sexualitet och mellanmänskliga relationer i västvärlden.	
homoit0001304	Sexuella roller		En erotisk identitet som en person antar vid sexuell lek med en eller flera andra. Identiteten kan vara begränsad till sovrummet eller ingå i vardagen.	
homoit0001305	Sexuellt våld		Sexuella handlingar eller försök att tvinga till sexuella handlingar som innebär användning av icke-samtyckt våld. Termen omfattar sexuella övergrepp, våldtäkt och sexuellt utnyttjande.	
homoit0001306	Sexualitet		Term som beskriver hur individer upplever och uttrycker sin sexualitet inklusive vilka typer av personer och praktiker de är sexuellt intresserade av.	
homoit0001307	Hbtq+-barn utsatta för sexuella övergrepp	Barn utsatta för sexuella övergrepp (hbtq+)||Hbtq+-barn som är offer för sexuella övergrepp	Hbtq+-barn under 18 år som för närvarande utsätts för eller tidigare har utsatts för sexuella övergrepp.	
homoit0001308	Könssjukdomar	STDs||STIs||Sexuellt överförbara infektioner||Sexuellt överförbara sjukdomar||Veneriska sjukdomar||Könisar	Sjukdomar eller infektioner som överförs genom sexuell kontakt eller aktivitet.	
homoit0001309	Shiv-Shakthis		Term som används i Andhra Pradesh i Indien för att beskriva transpersoner som anses vara gifta med gudarna, särskilt Shiva. De fungerar ofta som astrologer och andliga helare och deras gemenskap leds av guruer som initierar lärjungar och utbildar dem.	
homoit0001310	Syskon		Individer som delar en eller båda föräldrar.	
homoit0001311	Significant others	Viktiga andra	Amerikanskt begrepp för en individs partner/partners i en etablerad pågående romantisk eller sexuell relation.	
homoit0001312	Singlar	Enpersonshushåll||Ensamstående	Personer som inte är involverade i någon fast sexuell eller romantisk relation inklusive äktenskap, registrerade partnerskap eller andra etablerade förhållanden.	
homoit0001313	Sissies		Engelsk nedsättande term som används om pojkar eller män som uppfattas som feminina eller inte uppfyller traditionella mansideal.	
homoit0001314	Sistergirls		Australiensisk urfolksterm för personer som genomgår en könsbekräftande transition från man till kvinna.	
homoit0001315	Situationsbetingat sexuellt beteende	Situationsbetingad homosexualitet	Sexuella beteenden som skiljer sig från en persons vanliga preferenser eller vanor och som uppstår i situationer där sociala normer eller omständigheter tillåter, uppmuntrar eller pressar till sådana handlingar.	
homoit0001316	Skoptser		En sekt inom den bredare rörelsen för andlig kristendom i det ryska imperiet som uppstod på 1700-talet. Sekten är mest känd för att praktisera kastrering och mastektomi för att undertrycka sexuell lust.	
homoit0001317	Hbtq+-slang	Slang (hbtq+)||Polari	Vardagligt eller informellt språkbruk relaterat till hbtq+ eller som används av hbtq+-personer.	
homoit0001318	Undergivna (hbtq+)	Subs||Ugs	Personen som intar en undergiven eller tjänande roll i en maktdynamisk relation eller under kinkaktiviteter.	
homoit0001319	Läder- och kinkaktivism	Läderaktivism||Kinkaktivism	Organisering och aktivism för att öka medvetenhet och acceptans kring den normbrytande sexualitet som förekommer i kink- och läderkultur samt i närliggande subkulturer. Nära förknippat med hbtq+-aktivism och den sexpositiva feministiska rörelsen.	
homoit0001320	Socialkonstruktivism		Föreställningen eller teorin att bland annat kön, sexuell läggning och etnicitet är kulturella konstruktioner snarare än naturliga kategorier.	
homoit0001321	Sociala medier		Webb- och mobilteknologier som används för att omvandla kommunikation till interaktiv dialog.	
homoit0001322	Sociala rörelser		Organiserade insatser av grupper av människor som syftar till att uppnå vissa politiska, sociala, ekonomiska eller kulturella mål. Sociala rörelser syftar ofta till att genomföra, motverka eller förändra samhälleliga förändringar.	
homoit0001323	Sociala normer		Gemensamma föreställningar inom en grupp om hur medlemmarna bör bete sig i ett givet sammanhang.	
homoit0001324	Id-kort	Identitetshandlingar||Identitetskort||Legitimationer||Id:n	Officiella dokument som utfärdas av statliga myndigheter och innehåller unika identifikationsnummer.	
homoit0001325	Sodomi		Historisk term för ”onaturliga” sexuella handlingar som inte syftar till fortplantning, inklusive oralsex och analsex.	
homoit0001326	Sodomilagar	§Antigaylagstiftning||18 kap. 10 §§ strafflagen||Antihomosexuella lagar||Kriminaliserat samkönat sex§	Lagar och förordningar som rör kriminalisering eller legalitet av sodomi, särskilt i USA, Storbritannien och tidigare brittiska kolonier.	
homoit0001327	Soft butches		Personer som uppfattas som något eller lätt maskulina till utseendet. Används inom amerikanska lesbiska gemenskaper.	
homoit0001328	Solosex	Egensex||Ensamsex	Sexuella handlingar som endast involverar en person, såsom onani, till skillnad från sex med en partner.	
homoit0001329	Hbtq+-söner		Söner som identifierar sig som hbtq+-personer.	
homoit0001330	Söner till bisexuella personer		Söner som har en eller flera bisexuella föräldrar. För söner som själva är bisexuella används termen ”Bisexuella söner”.	
homoit0001331	Söner till bögar		Söner som har en eller flera homosexuella pappor. För söner som själva är bögar används termen "Homosexuella söner".	
homoit0001332	Söner till lesbiska		Söner som har en eller flera lesbiska föräldrar.	
homoit0001333	Söner till transpersoner		Söner som har en eller flera transföräldrar. För söner som själva är transpersoner används termen ”Transsöner”.	
homoit0001334	Söner till queera personer		Söner som har en eller flera queera föräldrar. För söner som själva är queera används termen ”Queera söner”.	
homoit0001335	Smiskning	Spanking	Att slå på skinkorna, vanligtvis med handen eller en paddel, som en form av impact play.	
homoit0001336	Spermadonatorer		Personer av alla kön som donerar sin egen sperma i syfte att framkalla graviditet.	
homoit0001337	Spridstänger (BDSM)	Benspretare||Spreader bars	En typ av bondage-redskap bestående av en trä- eller metallstång med fästanordningar i båda ändar som används för att hålla en persons armar eller ben isär.	
homoit0001338	Srey sros		Term som används i Kambodja för personer som tilldelats manligt kön vid födseln och identifierar sig som kvinnor. Översätts till ”förtjusande flickor”.	
homoit0001339	Kroppslängd		En persons naturliga kroppslängd i upprätt ställning.	
homoit0001340	Stone butches		Personer vars könsuttryck och/eller könsidentitet uppfattas som maskulint och som oftast inte vill bli berörda sexuellt men som ändå ger sina partners sexuell njutning. Används inom amerikanska lesbiska gemenskaper.	
homoit0001341	Stonewallupproret	Stonewallkravallerna||Stonewallupploppen	En serie spontana demonstrationer och protester mot polisens razzia den 28 juni 1969 på Stonewall Inn i Greenwich Village i New York.	
homoit0001342	Strap-on-sex	Straponsex||Sex med strap-on||Strap on-sex	Samlag där en dildo fäst i ett harness används för vaginal eller anal penetration.	
homoit0001343	Strippor	Strippare||Stripteasedansare||Stripteasedansöser||Stripteasers	Sexarbetare som klär av sig till musik och använder en stång för att utföra dansrörelser, antingen på platser som stripklubbar eller vid privata evenemang. För stripp som utförs av amatörer i privata sammanhang, använd ”Strippa”.	
homoit0001344	Striptease	Striptease-dans	En form av erotisk dans där artisten gradvis klär av sig på ett förföriskt och sexuellt anspelande sätt.	
homoit0001345	Subkulturer		Grupper av människor som tillhör kulturer som skiljer sig från den större kultur de lever i. Subkulturer utvecklar egna normer och värderingar kring kulturella, politiska och sexuella frågor.	
homoit0001346	Suffragetter	Kvinnorösträttskämpar||Rösträttskvinnor||Suffragister	Kvinnor som kämpar för rösträtt, ofta genom organiserad protest. Termen används typiskt för medlemmar i politiska rörelser i slutet av 1800-talet och början av 1900-talet med fokus på kvinnors rösträtt i USA och Storbritannien.	
homoit0001347	Surrogatskap		En metod eller överenskommelse där en person samtycker till att bära en graviditet åt en annan person eller andra personer som blir barnets förälder eller föräldrar efter födseln.	
homoit0001348	Hatbrottsöverlevare (hbtq+)		Personer som har utsatts för och överlevt anti-hbtq+-våld. Följ individens eget språkbruk om de föredrar termen offer eller överlevare.	
homoit0001349	Hbtq+-personer som överlevt hatbrott		Hbtq+-personer som har upplevt och överlevt hatbrott. Följ individens preferens för att använda ”offer” eller ”överlevare” när det är möjligt.	
homoit0001350	Hbtq+-personer som överlevt våldtäkt		Hbtq+-personer som har upplevt och överlevt våldtäkt. Följ individens preferens för att använda ”offer” eller ”överlevare” när det är möjligt.	
homoit0001351	Hbtq+-personer som överlevt sexuella övergrepp		Hbtq+-personer som har utsatts för och överlevt sexuella övergrepp. Följ individens preferens för att använda ”offer” eller ”överlevare” när det är möjligt.	
homoit0001352	Hbtq+-personer som överlevt krig		Hbtq+-personer som har upplevt och överlevt krig. Följ individens preferens för att använda ”offer” eller ”överlevare” när det är möjligt.	
homoit0001353	Switchar (sex)		Slangterm för personer som växlar mellan att vara den givande och den mottagande parten vid sex. Används oftast som substantiv, till exempel: ”Hen är switch”.	
homoit0001354	Swyer syndrome		Swyers syndrom innebär att en person föds med en X- och en Y-kromosom (46XY) men att könskörtlarna inte utvecklas till testiklar. Det är en form av könskörteldysgenes, vilket innebär att personen har strimgonader som inte producerar hormoner. Eftersom de inte producerar testosteron utvecklas kroppen vanligtvis med vulva och vagina istället för penis. På grund av frånvaro av anti-Müllerskt hormon (AMH) utvecklas ofta livmoder och äggledare. Personer med Swyers syndrom inleder sällan puberteten eller får menstruation, men vissa börjar menstruera (utan ägglossning) med östrogenbehandling.	
homoit0001356	Tatueringar		Kroppsmodifieringar där permanent bläck förs in i huden för att skapa ett motiv.	
homoit0001357	Sex på offentliga toaletter		Praktiken att ha sex på offentliga toaletter eller att söka sexuella partners i sådana miljöer.	
homoit0001358	Offentliga toaletter (bögkultur)	Mojar||Pisskurar||Pissmojar||Pissoarer	Offentliga toaletter som används som plats för sexuella möten.	
homoit0001359	Tv-program (hbtq+)		Tv-program med hbtq+-karaktärer eller teman.	
homoit0001360	Vård i livets slutskede (aids)	Palliation (aids)||Palliativ vård (aids)||Vård av döende (aids)	Vård i livets slutskede för personer med aids och deras anhöriga, med syfte att optimera livskvalitet och lindra lidande.	
homoit0001361	Testiklar		Reproduktiv körtel eller könskörtel som producerar spermier och androgener, främst testosteron.	
homoit0001362	Testosteron		Ett steroidhormon som produceras i testiklarna, äggstockarna och binjurebarken. Testosteron används ofta i hormonbehandling med syfte att förstärka vissa maskulina sekundära könskarakteristika som ökad muskelmassa och kroppshår.	
homoit0001363	Teater (hbtq+)		Scenkonstverk som fokuserar på hbtq+-karaktärer, gemenskaper eller frågor.	
homoit0001365	Teorier		Idésystem som syftar till att förklara ett visst fenomen.	
homoit0001366	Terapier och behandlingar		Terapier och behandlingar som ges genom rådgivning och rehabilitering.	
homoit0001367	Lårhölster		Redskap som bärs på låret för att fästa en dildo, vanligtvis för att kunna penetrera en partners vagina eller anus.	
homoit0001368	Tredje kön		Social kategori som förekommer i samhällen där tre eller fler kön erkänns.	
homoit0001369	Tredje kön-personer	3:e kön-personer	Individer som kategoriseras (efter egen vilja eller genom socialt samförstånd) som varken män eller kvinnor.	
homoit0001370	Thirunangai		Regional term i Tamil Nadu, Indien för personer som tilldelats manligt kön vid födseln och identifierar sig som kvinnor.	
homoit0001371	Thirunambi		Regional term i Tamil Nadu, Indien för personer som tilldelats kvinnligt kön vid födseln och identifierar sig som män.	
homoit0001372	Tida wena		Hos Venezuelas ursprungskultur Warao avser termen personer som tilldelats manligt kön vid födseln och som anses ha två andar och ofta har en andlig roll. Översätts till ”vridna kvinnor”.	
homoit0001373	Tom		I Thailand används termen för att beskriva personer som tilldelats kvinnligt kön vid födseln och som uppvisar maskulina drag, ofta i relation med feminina dees. Motsvarar ungefär butch inom amerikansk lesbisk kultur.	
homoit0001374	Pojkflickor		Flickor som uppvisar vissa egenskaper som är förknippade med könsnormer för pojkar.	
homoit0001375	Tongzhi		Moderna term för hbtq+-personer i Kina och Taiwan.	
homoit0001376	Toppar (sex)	Aktiv (sex)	Slangterm för personer som tar den givande rollen vid sexuella möten. Vanlig term i bögsammanhang för en person som vill inta den ”aktiva” rollen vid sex, vilket förväntas bestå av att ge penetration och få oralsex.	
homoit0001377	Toxisk maskulinitet		En uppsättning attityder, beteenden och kulturella normer som stereotypiskt förknippas med eller förväntas av män och som anses ha negativ påverkan på både män och samhället i stort.	
homoit0001378	Transpersoner		Samlingsterm för personer som inte identifierar sig med det kön de tilldelades vid födseln. Använd mer specifika termer när det är möjligt.	
homoit0001379	Trans march	Trans marcher||Trans marsch||Trans marscher||Trans parader||Trans-march||Trans-marcher||Trans-marsch||Trans-marscher||Trans-parader||Transmarch||Transmarcher||Transmarsch||Transmarscher||Transparader	Marscher och sammankomster med fokus på transfrågor och transpersoners rättigheter.	
homoit0001380	Transsexualitet		Term som beskriver identiteten hos personer som genomgår transition från kvinna till man eller från man till kvinna. Termen används oftast för att beskriva individer som förändrar sin kropp fysiskt för att stämma överens med sin könsidentitet. Även om termen var vanlig under 1900-talet och fortfarande används, har den i stor utsträckning ersatts av transidentitet eller transperson. Vissa, men inte alla, uppfattar termen som föråldrad och stigmatiserande. Bör endast användas för personer som själva identifierar sig som transsexuella.	
homoit0001381	Transsexuella personer		Personer som genomgår transition från kvinna till man eller från man till kvinna. Termen används oftast för att beskriva individer som förändrar sin kropp fysiskt för att stämma överens med sin könsidentitet. Även om termen var vanlig under 1900-talet och fortfarande används, har den i stor utsträckning ersatts av transperson eller trans. Vissa, men inte alla, uppfattar termen som föråldrad och stigmatiserande. Bör endast användas för personer som själva identifierar sig som transsexuella.	
homoit0001382	Transfeminina personer		Personer som helt eller delvis identifierar sig med en feminin könsidentitet och som oftast, men inte alltid, tilldelades manligt kön vid födseln.	
homoit0001383	Transaktivism		Direktaktion och organisering i syfte att uppnå politisk eller social förändring och ökad acceptans för transpersoner.	
homoit0001384	Afroamerikanska transpersoner		Transpersoner av afrikansk härkomst födda i USA eller transpersoner födda i afrikanska länder som bor i eller har en stark anknytning till USA. Används för individer som identifierar sig som afroamerikaner. Följ individens preferens för afroamerikan eller svart när det är möjligt.	
homoit0001385	Afrokanadensiska transpersoner		Transpersoner av afrikansk härkomst födda i Kanada eller transpersoner födda i afrikanska länder som bor i eller har en stark anknytning till Kanada. Används för individer som identifierar sig som afrokanadensare.	
homoit0001386	Afrokaribiska transpersoner		Transpersoner av afrikansk härkomst födda i Karibien eller transpersoner födda i afrikanska länder som bor i eller har en stark anknytning till Karibien. Använd endast för personer som identifierar sig som afrokaribier.	
homoit0001387	Afroeuropeiska transpersoner		Transpersoner av afrikansk härkomst födda i europeiska länder eller transpersoner födda i afrikanska länder som bor i eller har en stark anknytning till Europa. Använd endast för personer som identifierar sig som afroeuropéer.	
homoit0001388	Afrolatinska transpersoner		Transpersoner av afrikansk härkomst födda i latinamerikanska länder eller transpersoner födda i afrikanska länder som bor i eller har en stark anknytning till Latinamerika. Använd endast för personer som identifierar sig som afrolatinos.	
homoit0001389	Transarkiv		Samlingar av arkivmaterial och dokument relaterade till transpersoner eller transgemenskaper. Kan omfatta arkiv hos allt från lokala gemenskaper till statliga institutioner.	
homoit0001390	Kulturutövare som är transpersoner		Transpersoner som utövar någon form av konstnärlig verksamhet.	
homoit0001391	Asiatisk-amerikanska transpersoner		Transpersoner av asiatisk härkomst, födda i USA eller i asiatiska länder, som bor i eller har en stark koppling till USA. Används endast för individer som själva identifierar sig som asiatisk-amerikaner.	
homoit0001392	Asiatiska transpersoner		Transpersoner av asiatisk härkomst, boende i Asien eller en del av den asiatiska diasporan. Används endast för personer som själva identifierar sig som asiatiska.	
homoit0001393	Ateistiska transpersoner		Transpersoner som är ateister.	
homoit0001394	Transbarer		Barer eller uteställen som i första hand vänder sig till transpersoner.	
homoit0001395	Stränder för transpersoner		Stränder som är avsedda för transpersoner eller som är kända för att ofta besökas av transpersoner.	
homoit0001396	Svarta transpersoner		Svarta personer som är trans. Används endast för individer som själva identifierar sig som svarta. Följ individens preferens för att använda svart eller diasporaidentitet som t.ex. afroeuropé när det är möjligt.	
homoit0001397	Trans-bokaffärer		Bokhandlar som säljer material riktat till transpersoner eller som behandlar ämnen relaterade till transpersoner.	
homoit0001398	Buddistiska transpersoner		Transpersoner som är buddister.	
homoit0001399	Transkaraktärer		Karaktärer i kreativa verk som är transpersoner.	
homoit0001400	Transbarn		Transpersoner som ännu inte har nått tonåren.	
homoit0001401	Kristna transpersoner		Transpersoner som är kristna.	
homoit0001402	Religiösa ledare som är transpersoner	Transpersoner med religiösa ämbeten	Transpersoner som är prästvigda eller innehar religiösa ämbeten, särskilt inom kristendomen.	
homoit0001403	Transgemenskaper	Transcommunityn	Grupper av personer som delar erfarenheten av att vara transpersoner.	
homoit0001404	Community centers för transpersoner	Föreningslokaler för transpersoner||Träffpunkter för transpersoner	Mötesplatser för transgemenskaper där personer träffas för sociala, utbildningsrelaterade, rekreationella eller organisatoriska aktiviteter.	
homoit0001405	Transpar		Parrelationer där båda personerna är transpersoner.	
homoit0001406	Transkultur		Kulturella erfarenheter som delas av medlemmar i transgemenskaper eller produkter av transkultur, till exempel konst och medier skapade av och för transpersoner, aktivism med fokus på transfrågor eller slang som används inom transgemenskaper.	
homoit0001407	Döttrar som är transpersoner		Döttrar som identifierar sig som transpersoner.	
homoit0001408	Transgender Day of Remembrance	TDoR	Internationell minnesdag som årligen uppmärksammas den 20 november för att hedra minnet av transpersoner som mördats under de senaste tolv månaderna och för att uppmärksamma det fortsatta våldet mot transpersoner. Transgender Day of Remembrance (TDoR) grundades 1999 av en liten grupp transpersoner, däribland Gwendolyn Ann Smith, för att hedra Rita Hester, en transkvinna som mördades i Allston, Massachusetts, USA.	
homoit0001409	Trans-informationscentrum	Informationscentrum för transpersoner	Institutioner som erbjuder utbildning, stöd och information om transfrågor och transgemenskaper till transpersoner.	
homoit0001410	Transdominatrixer	Transdominor	Transpersoner som tar den dominerande rollen i kinkaktiviteter och/eller i maktutbytesrelationer med en dominant/underordnad dynamik. Termen används främst av feminint identifierade personer.	
homoit0001411	Transdramatik	Trans-scenkonst	Fiktion avsedd för sceniskt framförande med transgestalter eller teman.	
homoit0001412	Transfamiljer		Familjer – biologiska, adoptiva eller valda – där en eller flera personer identifierar sig som transpersoner.	
homoit0001413	Transpappor	Transfäder	Transpersoner som är pappor.	
homoit0001414	Skönlitteratur om transpersoner och -teman		Litterära verk som beskriver fiktiva händelser eller personer. Används för skönlitteratur med transkaraktärer eller har transfokuserade teman.	
homoit0001415	Transidentitet		Identitetsterm som används för att beskriva personer som överskrider eller bryter mot det kön de tilldelades vid födseln.	
homoit0001416	Judiska transpersoner		Transpersoner som är judar.	
homoit0001417	Transpersoner som är latines	Latino/a/x transpersoner	Transpersoner som är latinamerikaner och som själva identifierar sig som latines (latino, latina eller latinx). Blanda inte ihop med chicano/a/x eller hispanic.	
homoit0001418	Transbibliotek		Bibliotek som samlar material som främst rör transpersoner eller är avsett att användas av transpersoner.	
homoit0001419	Translitteratur		Skrivna litterära verk om transpersoner eller transfokuserade teman.	
homoit0001420	Dominanta transpersoner		Transpersoner som intar en dominant roll inom BDSM och/eller i maktutbytesrelationer med en dominant/underordnad dynamik.	
homoit0001421	Transhärskarinnor	Trans-mistresses	Transkvinnor som intar en härskarinne-roll i kinkaktiviteter och/eller i maktutbytesrelationer med en härskarinna/undergiven-dynamik.	
homoit0001422	Transmammor	Transmödrar	Transpersoner som är mammor.	
homoit0001423	Transrörelser		Samlingsterm för aktivism med fokus på transpersoners rättigheter och frågor som påverkar transpersoners gemenskaper.	
homoit0001424	Transmuseum		Institutioner som ägnar sig åt insamling, utställning, bevarande och konservering av material som rör transpersoner och transhistoria.	
homoit0001425	Muslimska transpersoner		Transpersoner som är muslimer.	
homoit0001426	Transpersoner som är ursprungsamerikaner		Personer som tillhör ursprungsfolken i det kontinentala USA och Kanada (exklusive inuiter) och som identifierar sig som transpersoner. Använd mer specifika termer där det är möjligt.	
homoit0001427	Transnyhetsbrev		Seriella tryckta eller digitala tidskrifter skapade av eller för transpersoner, ofta i syfte att dela nyheter och information relaterad till transfrågor och transgemenskaper.	
homoit0001428	Transtidningar		Seriella tryckta eller digitala publikationer om transpersoner eller transfrågor (vanligtvis producerade av transpersoner eller organisationer) som innehåller nyheter, artiklar, krönikor, korrespondens och annonser.	
homoit0001429	Hedniska transpersoner	Nyhedniska transpersoner	Transpersoner som tillhör polyteistiska religioner, eller andra religioner utanför den dominerande kulturen, som ofta innefattar naturdyrkan och/eller det heliga feminina, såsom wicca, druidism, hednisk tro m.m. Används för transpersoner som själva identifierar sig som hedningar.	
homoit0001430	Transföräldrar		Transpersoner som är föräldrar.	
homoit0001431	Transpersoner i militären		Transpersoner som tjänstgör inom nationella försvarsstyrkor.	
homoit0001432	Ickevita transpersoner	Transpersoner som är people of color||Transpersoner som är POC	Transpersoner som inte är vita och som identifierar sig som icke-vita/people of color.	
homoit0001433	Transpoesi	Translyrik	Lyriska verk med fokus på transpersoner, transfokuserade teman eller transidentitet.	
homoit0001434	Transpersoner som är politiska aktivister	Transaktivister	Transpersoner som verkar för politisk eller social förändring genom offentlig organisering och mobilisering.	
homoit0001435	Transporrfilm		Erotiska eller sexuellt explicita filmer där transpersoner medverkar.	
homoit0001436	Transpress		Tidningar, tidskrifter eller andra publikationer riktade till transpersoner och/eller drivna av transpersoner.	
homoit0001439	Protestantiska transpersoner		Transpersoner som är medlemmar i protestantiska kyrkan.	
homoit0001440	Transförlag		Företag och organisationer som ger ut material för transgemenskaper eller som behandlar frågor som rör transpersoner.	
homoit0001441	Transradio		Ljudinnehåll som sänds i radio, analog eller digital, och som handlar om transpersoner eller transfrågor.	
homoit0001442	Transrelationer		Pågående relationer, romantiska, sexuella eller platoniska, mellan två eller flera transpersoner.	
homoit0001443	Transpersoners rättigheter	Transrätt	Juridiska, sociala eller etiska principer om frihet eller rättigheter för transpersoner.	
homoit0001444	Romersk-katolska transpersoner		Transpersoner som är medlemmar i romersk-katolska kyrkan.	
homoit0001445	Transslang		Vardagligt eller informellt språkbruk relaterat till transidentitet eller som används av transpersoner.	
homoit0001446	Söner som är transpersoner		Transpersoner som är söner.	
homoit0001447	Transstudier	Transforskning	Akademiskt forskningsfält som studerar transpersoner, transidentitet och transgemenskaper.	
homoit0001448	Transpersoner som är hatbrottsöverlevare		Transpersoner som har upplevt hatbrott och som har överlevt. Följ individens preferens för att använda ”offer” eller ”överlevare” när det är möjligt.	
homoit0001449	Transpersoner som är våldtäktsöverlevare		Transpersoner som har utsatts för våldtäkt och som har överlevt. Följ individens preferens för att använda ”offer” eller ”överlevare” när det är möjligt.	
homoit0001450	Transpersoner som överlevt sexuella övergrepp		Transpersoner som har utsatts för och överlevt sexuella övergrepp. Följ individens preferens för att använda ”offer” eller ”överlevare” när det är möjligt.	
homoit0001451	Transpersoner som är krigsöverlevare		Transpersoner som har upplevt krig och som har överlevt. Följ individens preferens för att använda ”offer” eller ”överlevare” när det är möjligt.	
homoit0001452	Unga transpersoner	Transungdomar	Transpersoner i åldern mellan barndom och vuxenliv.	
homoit0001453	Trans-tv		Tv-program med transpersoner eller transfokuserade teman.	
homoit0001454	Transteater	Teater om transpersoner och transteman	Scenkonstverk som fokuserar på trans-karaktärer, gemenskaper eller frågor.	
homoit0001456	Transpersoner som är hatbrottsoffer	Transpersoner som är offer för hatbrott	Transpersoner som har upplevt hatbrott och som kan ha överlevt eller inte. Följ individens preferens för att använda ”offer” eller ”överlevare” när det är möjligt.	
homoit0001457	Transpersoner som är våldtäktsoffer		Transpersoner som har utsatts för våldtäkt och som kan ha överlevt eller inte. Följ individens preferens för att använda ”offer” eller ”överlevare” när det är möjligt.	
homoit0001458	Transpersoner som är offer för sexuella övergrepp	Transpersoner som utsatts för sexuella övergrepp	Transpersoner som har utsatts för sexuella övergrepp och som kan ha överlevt eller inte. Följ individens preferens för att använda ”offer” eller ”överlevare” när det är möjligt.	
homoit0001459	Transpersoner som är krigsoffer		Transpersoner som har upplevt krig och som kan ha överlevt eller inte. Följ individens preferens för att använda ”offer” eller ”överlevare” när det är möjligt.	
homoit0001460	Transpersoners rättigheter som brottsoffer		Transpersoners juridiska rättigheter som brottsoffer att få information, närvara och komma till tals inom rättsväsendet efter att ha utsatts för brott, olycka eller annan händelse som orsakat skada.	
homoit0001461	Vita transpersoner		Transpersoner som är vita.	
homoit0001462	Ungdomslitteratur om transpersoner och transteman	Transungdomslitteratur	Litterära verk för läsare mellan 12 och 18 år, även kallat YA. Används för ungdomslitteratur med fokus på transpersoner eller transfokuserade teman.	
homoit0001463	Transgenderism		Patologiserande term som ofta användes i medicinsk beskrivning av transpersoner. Bör endast användas i historiska sammanhang.	
homoit0001464	Transitionsstatus		Term som beskriver en persons nuvarande status i sin könstransition.	
homoit0001465	Transitionering	Transitionera	Processen att förändra sitt könsuttryck för att bekräfta sin könsidentitet. Det kan inkludera både social och medicinsk transition.	
homoit0001466	Transmaskulina personer		Transpersoner som tilldelats kvinnligt kön vid födseln och som helt eller delvis identifierar sig med en maskulin könsidentitet.	
homoit0001467	Transfobi		Fientlighet eller avsky riktad mot transpersoner eller andra som uppfattas bryta mot könsnormer, på grund av deras könsidentitet och/eller könsuttryck. Transfobi kan omfatta förnekelse av transidentiteter, stereotyper, verbala trakasserier och fysiskt våld.	
homoit0001468	Transsexualism		En individs identifikation med ett kön som inte stämmer överens med eller kulturellt förknippas med det kön de tilldelades vid födseln.	
homoit0001469	Transvestism		Transvestism innebär att någon klär sig som ett annat kön än det den identifierar sig som, att det är en del av personens identitet och att personen själv definierar sig som transvestit. Har även historiskt använts som en nedsättande term för transidentiteter.	
homoit0001470	Transvestiter		En person som klär sig som ett annat kön än det den identifierar sig som, att det är en del av personens identitet och att personen själv definierar sig som transvestit.	
homoit0001471	Travestis		Spansk term för personer som tilldelats manligt kön vid födseln och har en feminin könsidentitet. Används i Sydamerika.	
homoit0001472	Tribader		Historisk term för personer som utövar sexuell praktik kallad tribadism. Bör endast användas i historiska sammanhang.	
homoit0001473	Trigenderidentitet		Könsidentitet som omfattar tre kön, vanligtvis man, kvinna och ett tredje (ofta ickebinärt) kön.	
homoit0001474	Trigenderpersoner		Personer vars kön kontinuerligt växlar mellan eller rör sig mellan tre könsidentiteter, vanligtvis man, kvinna och ett tredje kön.	
homoit0001475	Tritiya-Prakriti		Mycket gammal hinduisk term för ett tredje kön som vanligen beskrivs som flytande och/eller ständigt föränderligt.	
homoit0001476	Tuckning	Tucking||Tuckande	Slangterm för tekniker som syftar till att på olika sätt visuellt dölja penis med syfte och ge plattare uttryck under kläder	
homoit0001477	Tumtum		Term med ursprung i rabbinisk judendom som avser någon med okänt kön. Betyder bokstavligen ”dold”. Har historiskt använts för att beskriva intersexvariationer där könsorganen täckts av hud. Bör endast användas för personer som är judar och som själva identifierar sig som tumtum.	
homoit0001478	Turners syndrom		Turners syndrom är en variation där en person föds med kromosommönstret 45X (ibland kallat 45XO) istället för det typiska 46XX. Personer med Turners syndrom delar ofta specifika fysiska drag, såsom kortväxthet, bred nacke, bred bröstkorg och hjärtproblem. De kan också ha variationer i sina könskarakteristika, till exempel mindre äggstockar som kan sluta producera hormoner i tidigare ålder än normalt. De kan sakna menstruation eller inte genomgå pubertetsutveckling.	
homoit0001479	Twinkar (bögkultur)		Slangterm för unga bögar som ofta är finlemmade, hårlösa och uppfattas som feminina.	
homoit0001480	Two-spirit-personer		Personer från urfolk i Nordamerika som identifierar sig som Two-spirit för att återknyta till de många könsroller och sexuella roller i som finns i nordamerikanska urfolkskulturer.	
homoit0001481	Ej omskurna män	Oomskurna män||Icke omskurna män	Män vars penisar inte är omskurna. Det vill säga förhuden har inte opererats bort.	
homoit0001482	Papperslösa hbtq+-personer		Hbtq+-personer som saknar giltiga tillstånd för att lagligt vistas i det land där de bor.	
homoit0001483	Ogifta par		Romantiska och/eller sexuella relationer mellan två personer som inte är gifta.	
homoit0001484	Urningar	Uranier	1800-talsterm som användes för att beskriva köns- och sexualitetsminoriteter. Bör endast användas i historiska sammanhang.	
homoit0001485	Vaginal dilatering	Dilatation av vagina||Stavträning	Processen att varsamt och gradvis tänja ut slidan med hjälp av dilateringsstavar.	
homoit0001486	Vaginal fistning		Sexuell praktik som innebär att en hel knytnäve förs in i en vagina.	
homoit0001487	Vaginalsex	Vaginalt sex	Sexuella handlingar som involverar vaginan.	
homoit0001488	Vaginor	Slidor	Inre muskelkanal som är förbunden med de yttre könsorganen.	
homoit0001489	Vaginism	Slidkramp : Vaginism||Vestibulit||Vulvodyni	Ett tillstånd som kännetecknas av smärtsamma, krampartade sammandragningar i slidan vid fysisk beröring, tryck eller penetration.	
homoit0001491	Vibratorer		Sexleksaker som drivs med elektricitet och som genererar olika nivåer av vibrationer eller pulser för att främja sexuell stimulans och njutning.	
homoit0001492	Brottsoffers rättigheter (hbtq+)		Hbtq+-personers juridiska rättigheter som brottsoffer att få information, närvara och komma till tals inom rättsväsendet efter att ha utsatts för brott, olycka eller annan händelse som orsakat skada.	
homoit0001493	Oskuld	Mödom||Svendom	Term som beskriver sexuell status hos personer som aldrig har haft sex.	
homoit0001494	Voguing	Old way||New way||Vogue femme	En starkt stiliserad dansform som uppstod inom Harlems ballroomscen under 1980- och 1990-talen.	
homoit0001495	Röst		Ljud som produceras i struphuvudet och talröret och som används för kommunikation och uttryck.	
homoit0001496	Röstträning (transpersoner)	Röstterapi	Icke-kirurgisk metod för att få rösten att låta mer feminin eller mer maskulin.	
homoit0001497	Vulva		Yttre könsorgan som omger slidan.	
homoit0001498	Wacking off		Slangterm för onani som är vanlig i USA.	
homoit0001499	Whakatane		I māorikulturen i Nya Zeeland används termen för personer som tilldelats kvinnligt kön vid födseln och som tar på sig traditionellt manliga roller.	
homoit0001500	Wanking		Slangterm för onani som är vanlig i Storbritannien och Irland. Avser oftast manuell stimulering av penis.	
homoit0001501	Waria		Tredje kön i Indonesien. Avser personer som tilldelats manligt kön vid födseln men som uttrycker femininitet och kan identifiera sig som kvinnor.	
homoit0001502	Whakawāhine		I māorikulturen i Nya Zeeland används termen för personer som tilldelats manligt kön vid födseln och som tar på sig traditionellt kvinnliga roller.	
homoit0001503	Piskor		Pinnar, rep eller remmar, vanligtvis med stela handtag, som används för att slå personer. Används ofta inom BDSM-sammanhang för att förstärka sexuell upphetsning.	
homoit0001504	Änkor och änklingar	Efterlevande partners||Änkefolk||Änklingar||Änkor	Personer vars makar eller partners har avlidit.	
homoit0001505	Wimmin		Ett sätt att stava ”women” som används i vissa feministiska sammanhang. Formen användes först av George P. Krapp (1872–1934) och förekom i 1800-talets svart amerikansk engelska innan den togs upp av feminister under 1900-talet.	
homoit0001506	Winkté		Lakotaord från Nordamerika som syftar på personer som tilldelats manligt kön vid födseln och som antar feminina roller. Översätts som ”att vara som en kvinna”.	
homoit0001508	Vargar (bögkultur)	Wolves (bögkultur)	Amerikansk slangterm för kraftiga, maskulina bögar som ofta kännetecknas av kroppsbehåring och skäggväxt. Används vanligtvis för personer som är mer aggressiva och uttalat maskulina än så kallade björnar.	
homoit0001509	Kvinnor		Vuxna personer som identifierar sig som kvinnor och som förstår sitt kön i relation till västerländska föreställningar om kvinnlighet, feminitet och/eller könskategorin kvinna. Termen har vanligtvis definierats som vuxna människor av kvinnligt kön, men alla kvinnor identifierar sig inte med termen ”kvinna” beroende på sammanhanget där den används.	
homoit0001510	Kvinnor som har sex med kvinnor	KSK	Kvinnor som har sex med andra kvinnor.	
homoit0001511	Kvinnobokhandlar	Kvinnoboklådor	Bokhandlar som säljer material riktat till kvinnor eller som behandlar ämnen relaterade till kvinnor.	
homoit0001512	Kvinnors community centers	Föreningslokaler för kvinnor||Träffpunkter för kvinnor	Mötesplatser där kvinnor träffas för sociala, utbildningsrelaterade, rekreationella eller organisatoriska aktiviteter.	
homoit0001513	Kvinnobibliotek		Bibliotek som samlar material som främst rör kvinnor eller är avsett att användas av kvinnor.	
homoit0001514	Women's marriages		Tradition för samkönade äktenskap mellan två kvinnor i Afrika, genomförd enligt afrikanska kulturella och traditionella sedvänjor.	
homoit0001515	Kvinnomusikfestivaler		Organiserade evenemang som vanligtvis pågår i flera dagar och där kvinnliga musikgrupper och artister uppträder. Även om musik står i centrum kan festivalerna innehålla inslag av lesbisk och feministisk kultur, såsom workshops, hantverk och aktiviteter med feministiskt eller lesbiskt fokus.	
homoit0001516	Womyn		Ett sätt att stava ”woman” eller ”women” som först användes i tryck 1976 och som används i vissa feministiska kretsar för att undvika ändelsen ”-men”. Vissa samtida transaktivister har kritiserat användningen av ”womyn” eftersom ordet förekommer i transuteslutande radikalfeministiska (TERF) sammanhang, särskilt i samband med uteslutningen av transkvinnor från Michigan Womyn’s Music Festival.	
homoit0001517	Khaniths		Arabiskt ord som används i Oman för personer som tilldelats manligt kön vid födseln och som antar feminina manér och/eller roller.	
homoit0001518	X-jendā		Japansk term för personer som inte passar in i kategorierna man eller kvinna. Inkluderar individer som är födda intersex, kvinnor eller män, och förkortas ofta som FTX, MTX eller XTX för att beskriva individers transitioner. Termen motsvarar i vissa definitioner genderqueer eller ickebinära identiteter.	
homoit0001519	Yīnyángrén		Kinesiskt ord för individer som är både kvinnliga (yin) och manliga (yang).	
homoit0001520	Ungdomar	Unga personer	Person i tidsperioden mellan barndom och vuxenliv.	
homoit0001521	Hbtq+-ungdomar		Hbtq+-personer mellan barndom och vuxen ålder.	
homoit0001522	Ungdomslitteratur (hbtq+)	Hbtq+-ungdomslitteratur	Litterära verk för läsare mellan 12 och 18 år, även kallat YA. Används för ungdomslitteratur med fokus på hbtq+-karaktärer eller teman.	
homoit0001523	Zenanas		I norra Indien och Pakistan används denna term för att beskriva feminina personer.	
homoit0001531	Allosexualitet		En sexuell läggning som generellt kännetecknas av förekomsten av sexuell attraktion eller önskan om sexuella upplevelser med en eller flera partner.	
homoit0001532	Amatonormativitet		Antagandet att alla människor har en önskan om romantiska relationer och att detta är ett föredraget livsmål.	
homoit0001535	Tvingande sexualitet		Övertygelsen att alla bör vara sexuellt tillgängliga eller befinna sig i en sexuell relation.	
homoit0001538	Erotomani		Tillstånd som kännetecknas av en individs ihållande och ofta felaktiga tro att en annan person är förälskad i eller attraherad av dem. Kan också användas för att beskriva en nivå eller frekvens av sexuellt begär som uppfattas som överdriven inom en viss kultur. Läkare och psykologer har historiskt diagnostiserat hbtq+-personer med erotomani i syfte att felaktigt behandla deras identiteter och begär som medicinska störningar. Bör endast användas i historiska sammanhang eller om en individ själv identifierar sig med termen.	
homoit0001539	Hbtq+-personer med internetsexberoende		Hbtq+-personer som upplever beroende eller beroendeproblematik kopplad till sexuella aktiviteter via internet, såsom att titta på pornografi eller delta i sexuella samtal online. Används endast för personer som själva beskriver sig som att de har ett internetrelaterat sexberoende och inte för personer vars sexuella praktiker uppfattas som promiskuösa eller överdrivna av andra.	
homoit0001540	Hbtq+-personer med alkoholbrukssyndrom	Alkoholberoende hos hbtq+-personer||Alkoholmissbruk hos hbtq+-personer||Alkoholmissbrukande hbtq+-personer||Hbtq+-personer med alkoholberoende||Hbtq+-personer med alkoholmissbruk||Hbtq+-personer som lever i alkoholberoende||Hbtq+-personer som lever i alkoholmissbruk||Hbtq+-personer som missbrukar alkohol||Hbtq+-personer som är beroende av alkohol||Alkoholism (hbtq+)	Hbtq+-personer som har diagnostiserats med eller själva uppfattar sig ha ett alkoholbrukssyndrom, ett medicinskt tillstånd som innebär ett alkoholanvändande som är svårt att kontrollera, påverkar individens liv negativt och kan leda till abstinenssymtom vid avbrott. Används endast för personer som själva beskriver sig som att de har ett alkoholbrukssyndrom. Följ individens eget språkbruk när det gäller om de föredrar att använda termen alkoholbrukssyndrom eller beroende.	
homoit0001549	Hbtq+-personer i återhämtning	Hbtq+-personer i 12-stegsprogram||Hbtq+-personer i avvänjning	Hbtq+-personer som befinner sig i återhämtning från substansbrukssyndrom, skadligt bruk eller beroendeproblematik. Följ individens eget språkbruk när det gäller om de föredrar att beskriva sin situation som återhämtning eller nykterhet.	
homoit0001550	Hbtq+-personer med beroende		Paraplybegrepp för hbtq+-personer som upplever beroendeproblematik, beroende eller substansbrukssyndrom av något slag. Används endast för personer som själva beskriver sig som att de har ett beroende. Mer specifika termer bör användas när det är möjligt.	
homoit0001551	Hbtq+-inkluderande stödgrupper		Stödgrupper, det vill säga frivilliga sammanslutningar av personer i återhämtning från substansbrukssyndrom, skadligt bruk eller beroendeproblematik, som är inkluderande och bekräftande av hbtq+-personer och deras identiteter.	
homoit0001553	Läderbarer	Leather bars	Barer, uteställen eller klubbar som vänder sig till, eller är särskilt vänligt inställda till, lädergemenskapen.	
homoit0001554	Metamourer		Inom polyrelationer eller öppna relationer avser metamour partnern till en persons partner, där man själv inte har en romantisk eller sexuell relation med den personen.	
homoit0001555	Tvåsamhetsnorm	Mononormativitet||Monogaminorm	Föreställningen att alla människor strävar efter monogama relationer och att detta är ett önskvärt livsmål.	
homoit0001556	Monosexualitet		En sexuell läggning som innebär attraktion till endast ett kön. Inkluderar homosexualitet och heterosexualitet.	
homoit0001558	Polysexualitet		Term som används för att beskriva sexuell identitet hos personer som känner attraktion till mer än ett kön. Inkluderar bisexualitet och pansexualitet.	
homoit0001559	Återvunna termer	Återvunna begrepp||Återvunna ord	Ord eller uttryck som har använts nedsättande men som har återtagits och används i vissa sammanhang eller av vissa grupper i stärkande syfte.	
homoit0001560	Skällsord		Nedsättande eller diskriminerande uttalanden, antydningar eller benämningar som syftar till att förminska en person genom att kränka dennes identitet eller sociala tillhörighet. För att betraktas som en nedsättande term måste uttrycket vara nedlåtande mot en viss grupp eller individ, användas för att underordna dem i ett maktförhållande och riktas mot någon inneboende egenskap såsom ras, sexuell läggning eller könsidentitet. Denna kategori inkluderar termer som vid någon tidpunkt betraktats som nedsättande. Vissa av dem kan ha återtagits av vissa grupper eller vara i allmänt bruk.	
homoit0001561	Stigma		Utbrett ogillande av en grupp människor eller ett visst beteende baserat på förutfattade meningar.	
homoit0001563	Trans		Samlingsterm som används för att beskriva personer som överskrider eller förändrar kön, oavsett hur de identifierar sig. Används ibland för att historisera ickebinära identiteter.	
homoit0001564	Uranism	Uraniadism||Uranianism||Uranismus||Urningism	Historisk term med ursprung i det tyska ordet ”Uranismus” som myntades av Karl Heinrich Ulrichs som ett paraplybegrepp för det vi idag kallar köns- och sexualitetsminoriteter. Bör endast användas i historiska sammanhang.	
homoit0001565	Lesbisk fantasy		Genre som använder magi och andra övernaturliga fenomen som centrala inslag i handling, tema och/eller miljö. Används för fantasy med lesbiska karaktärer eller teman.	
homoit0001566	Bög-fantasy	Homosexuell manlig fantasy	Genre som använder magi och andra övernaturliga fenomen som centrala inslag i handling, tema och/eller miljö. Används för fantasy med homosexuella manliga karaktärer eller teman.	
homoit0001567	Bisexuell fantasy		Genre som använder magi och andra övernaturliga fenomen som centrala inslag i handling, tema och/eller miljö. Används för fantasy med bisexuella karaktärer eller teman.	
homoit0001568	Transfantasy	Fantasy om transpersoner och teman	Genre som använder magi och andra övernaturliga fenomen som centrala inslag i handling, tema och/eller miljö. Används för fantasy med transkaraktärer eller teman.	
homoit0001569	Queer fantasy		Genre som använder magi och andra övernaturliga fenomen som centrala inslag i handling, tema och/eller miljö. Används för fantasy med queera karaktärer eller teman.	
homoit0001570	Lesbisk science fiction	Lesbisk sci fi||Lesbisk sf	Skönlitterära verk om imaginära eller futuristiska koncept som involverar vetenskap, teknologi, rymden, tidsresor och andra spekulativa element. Används för science fiction med lesbiska karaktärer eller teman.	
homoit0001571	Bög-science fiction	Gay science fiction||Homosexuell manlig science fiction||Bög-sci fi||Bög-sf	Skönlitterära verk om fantasifulla eller futuristiska idéer som rör vetenskap, teknologi, rymden, tidsresor och andra spekulativa element; används för science fiction med bögar som karaktärer eller teman.	
homoit0001572	Bisexuell science fiction	Bisexuell sci fi||Bisexuell sf	Skönlitterära verk om imaginära eller futuristiska koncept som involverar vetenskap, teknologi, rymden, tidsresor och andra spekulativa element. Används för science fiction med bisexuella karaktärer eller teman.	
homoit0001573	Science fiction om transpersoner och transteman	Sci fi om transpersoner och transteman||Sf om transpersoner och transteman	Skönlitterära verk om imaginära eller futuristiska koncept som involverar vetenskap, teknologi, rymden, tidsresor och andra spekulativa element. Används för science fiction med transkaraktärer eller transfokuserade teman.	
homoit0001574	Queer science fiction	Queer sci fi||Queer sf	Skönlitterära verk om imaginära eller futuristiska koncept som involverar vetenskap, teknologi, rymden, tidsresor och andra spekulativa element. Används för science fiction med queera karaktärer eller teman.	
homoit0001575	Lesbiska deckare		Skönlitterära verk om brottsutredningar eller detektivarbete. Används för deckare och mysterielitteratur med lesbiska karaktärer eller teman.	
homoit0001576	Bögdeckare	Homosexuella manliga deckare	Skönlitterära verk om brottsutredningar eller detektivarbete. Används för deckare och mysterielitteratur med homosexuella manliga karaktärer eller teman.	
homoit0001577	Bisexuella deckare		Skönlitterära verk om brottsutredningar eller detektivarbete. Används för deckare och mysterielitteratur med bisexuella karaktärer eller teman.	
homoit0001578	Transdeckare	Deckare om transpersoner och transteman	Skönlitterära verk om brottsutredningar eller detektivarbete. Används för deckare och mysterielitteratur med transkaraktärer eller transfokuserade teman.	
homoit0001579	Queera deckare		Skönlitterära verk om brottsutredningar eller detektivarbete. Används för deckare och mysterielitteratur med queera karaktärer eller teman.	
homoit0001580	Hbtq+-skräck		Skönlitterära verk skrivna för att skrämma, oroa eller äckla. Används för skräcklitteratur med hbtq+-karaktärer eller teman.	
homoit0001581	Lesbisk skräck		Skönlitterära verk skrivna för att skrämma, oroa eller äckla. Används för skräcklitteratur med lesbiska karaktärer eller teman.	
homoit0001582	Gay skräcklitteratur	Skräcklitteratur med bögkaraktärer och/eller tema||Skräcklitteratur med homosexuella manliga karaktärer och/eller tema	Skönlitterära verk skrivna för att skrämma, oroa eller äckla. Används för skräcklitteratur med homosexuella manliga karaktärer eller teman.	
homoit0001583	Bisexuell skräck		Skönlitterära verk skrivna för att skrämma, oroa eller äckla. Används för skräcklitteratur med bisexuella karaktärer eller teman.	
homoit0001584	Skräck om transpersoner och -teman	Transskräck	Skönlitterära verk skrivna för att skrämma, oroa eller äckla. Används för skräcklitteratur med transkaraktärer eller transfokuserade teman.	
homoit0001585	Queer skräck		Skönlitterära verk skrivna för att skrämma, oroa eller äckla. Används för skräcklitteratur med queera karaktärer eller teman.	
homoit0001586	Kärleksromaner (hbtq+)	Kärleksskildringar (hbtq+)||Romance (hbtq+)	Skönlitterära verk som kretsar kring romantiska och/eller sexuella relationer mellan huvudkaraktärerna. Används för kärleksromaner med hbtq+-karaktärer.	
homoit0001587	Lesbiska tecknade serier		Verk som består av bilder i följd, ofta tillsammans med text. Används för serier som skildrar lesbiska karaktärer eller teman.	
homoit0001588	Tecknade serier om bögar	Bögserier||Tecknade serier om homosexuella män	Verk som består av bilder i följd, ofta tillsammans med text. Används för serier med bögar som karaktärer eller teman.	
homoit0001589	Bisexuella tecknade serier		Verk som består av bilder i följd, ofta tillsammans med text. Används för serier med bisexuella karaktärer eller teman.	
homoit0001590	Tecknade serier om transpersoner		Verk som består av bilder i följd, ofta tillsammans med text. Används för serier som skildrar transkaraktärer eller teman.	
homoit0001591	Queera tecknade serier		Verk som består av bilder i följd, ofta tillsammans med text. Används för serier som skildrar queera karaktärer eller teman.	
homoit0001592	Lesbiska kärleksromaner	Lesbiska kärleksskildringar||Lesbisk romance	Skönlitterära verk som kretsar kring romantiska och/eller sexuella relationer mellan huvudkaraktärerna. Används för kärleksromaner med lesbiska karaktärer.	
homoit0001593	Bögkärleksromaner	Gaykärleksromaner||Homosexuella manliga kärleksromaner	Skönlitterära verk som kretsar kring romantiska och/eller sexuella relationer mellan huvudkaraktärerna. Används för kärleksromaner med homosexuella manliga karaktärer.	
homoit0001594	Bisexuella kärleksromaner	Bisexuella kärleksskildringar||Bisexull romance	Skönlitterära verk som kretsar kring romantiska och/eller sexuella relationer mellan huvudkaraktärerna. Används för kärleksromaner med bisexuella karaktärer.	
homoit0001595	Kärleksromaner om transpersoner och transteman	Kärleksskildringar om transpersoner och transteman||Trans-romance	Skönlitterära verk som kretsar kring romantiska och/eller sexuella relationer mellan huvudkaraktärerna. Används för kärleksromaner med transkaraktärer.	
homoit0001596	Queera kärleksromaner	Queera kärleksskildringar||Queer romance	Skönlitterära verk som kretsar kring romantiska och/eller sexuella relationer mellan huvudkaraktärerna. Används för kärleksromaner med queera karaktärer.	
homoit0001597	Lesbisk erotisk litteratur		Litterära verk med erotiska eller sexuella inslag. Används för erotisk litteratur med lesbiska karaktärer eller teman.	
homoit0001598	Gay erotiskt litteratur	Homosexuell manlig erotisk litteratur	Litterära verk med erotiska eller sexuella inslag. Används för erotisk litteratur med homosexuella manliga karaktärer eller teman.	
homoit0001599	Bisexuell erotisk litteratur		Litterära verk med erotiska eller sexuella inslag. Används för erotisk litteratur med bisexuella karaktärer eller teman.	
homoit0001600	Erotisk translitteratur		Litterära verk med erotiska eller sexuella inslag. Används för erotik som fokuserar på transpersoner eller transfokuserade teman.	
homoit0001601	Queer erotisk litteratur		Litterära verk med erotiska eller sexuella inslag. Används för erotisk litteratur med queera karaktärer eller teman.	
homoit0001602	Litteraturstudier (hbtq+)		Studier, analyser och tolkningar av litterära verk med hbtq+-karaktärer eller teman. Kan även innefatta tolkning av litteratur utifrån teorier inom hbtq+-studier.	
homoit0001603	Lesbiska litteraturstudier		Studier, analyser och tolkningar av litterära verk med lesbiska karaktärer eller teman. Kan även innefatta tolkning av litteratur utifrån teorier inom lesbiska studier.	
homoit0001604	Böglitteraturkritik	Gay litteraturkritik||Homosexuell manlig litteraturkritik	Studier, analyser och tolkningar av litterära verk med homosexuella manliga karaktärer eller teman. Kan även innefatta tolkning av litteratur utifrån teorier inom gay studies/bögstudier.	
homoit0001605	Bisexuella litteraturstudier		Studier, analyser och tolkningar av litterära verk med bisexuella karaktärer eller teman. Kan även innefatta tolkning av litteratur utifrån teorier inom bisexuella studier.	
homoit0001606	Translitteraturkritik		Studier, tolkning och analyser av litterära verk som fokuserar på transpersoner eller transfokuserade teman. Kan även innefatta tolkning av litteratur utifrån teorier inom transstudier.	
homoit0001607	Queera litteraturstudier		Studier, analyser och tolkningar av litterära verk med queera karaktärer eller teman. Kan även innefatta tolkning av litteratur utifrån queerteori.	
homoit0001608	Noveller (hbtq+)		Skönlitterära verk som är korta till formatet och skildrar en avslutad händelse eller idé. Används för noveller med fokus på hbtq+-karaktärer eller teman.	
homoit0001609	Lesbiska noveller		Skönlitterära verk som är korta till formatet och skildrar en avslutad händelse eller idé. Används för noveller med fokus på lesbiska karaktärer eller teman.	
homoit0001610	Bögnoveller	Gaynoveller||Homosexuella manliga noveller	Skönlitterära verk som är korta till formatet och skildrar en avslutad händelse eller idé. Används för noveller med fokus på bögar som karaktärer eller tema.	
homoit0001611	Bisexuella noveller		Skönlitterära verk som är korta till formatet och skildrar en avslutad händelse eller idé. Används för noveller med fokus på bisexuella karaktärer eller teman.	
homoit0001612	Transnoveller		Skönlitterära verk som är korta till formatet och skildrar en avslutad händelse eller idé. Används för noveller med fokus på transpersoner eller teman.	
homoit0001613	Queera noveller		Skönlitterära verk som är korta till formatet och skildrar en avslutad händelse eller idé. Används för noveller med fokus på queera karaktärer eller teman.	
homoit0001614	Biografier om hbtq+-personer		Skrivna skildringar av hbtq+-personers liv. För skildringar skrivna av personerna själva, använd termen ”Självbiografier av hbtq+-personer”.	
homoit0001615	Lesbiska biografier		Skrivna skildringar av lesbiskas liv. För skildringar skrivna av personerna själva, använd termen ”Lesbiska självbiografier”.	
homoit0001616	Biografier om bögar	Biografier om homosexuella män	Skrivna skildringar av bögars liv. För skildringar skrivna av personerna själva, använd termen ”Självbiografier av bögar”.	
homoit0001617	Bisexuella biografier		Skrivna berättelser om bisexuella personers liv. För berättelser om bisexuella personers liv skrivna av dem själva, använd ”Bisexuella självbiografier”.	
homoit0001618	Biografier om transpersoner		Skrivna skildringar av transpersoners liv. För skildringar skrivna av personen själv används termen ”Självbiografier av transpersoner”.	
homoit0001619	Queera biografier		Skriftliga skildringar av queera personers liv. För skildringar skrivna av personen själv, använd termen ”Queera självbiografier”.	
homoit0001620	Bröstförstoring		Kirurgiskt ingrepp som syftar till att förstora bröst med hjälp av implantat. Genomgås ofta av transkvinnor som en könsbekräftande operation.	
homoit0001621	Brösterotisiering		Erotisering av bröst.	
homoit0001622	Mastektomi	Bröstförminskning||Bröstborttagning	Kirurgiskt ingrepp för att minska bröststorleken. Genomgås ofta av transmän eller ickebinära personer som en könsbekräftande operation.	
homoit0001623	Bröststorlek		Måtten på en individs bröstvävnad. Kan användas som en uppskattning (t.ex. stora bröst, små bröst) eller för att referera till måttstandarder för bh:ar och andra stödplagg.	
homoit0001624	Religiösa ledare (hbtq+)	Mobadān (hbtq+)||Oshō (hbtq+)||Pastorer (hbtq+)||Präster (hbtq+)||Rabbiner (hbtq+)||Hbtq+-personer med religiösa ämbeten	Hbtq+-personer som är prästvigda eller innehar religiösa ämbeten, särskilt inom kristendomen.	
homoit0001625	DADT-relationer	Don't ask don't tell-relationer	Förkortning för ”don’t ask don’t tell”-relationer, där parterna kommer överens om att de båda har flera romantiska och/eller sexuella relationer, så länge de inte diskuterar det med sin primära partner eller låter det påverka partnerns vardagsliv.	
homoit0001626	Gråsexualitet	Greysexuality	Sexuell läggning som generellt kännetecknas av sällsynt, lågintensiv eller mycket sällan förekommande sexuell attraktion.	
homoit0001627	Gråsexuella personer	Greysexual-personer	Personer som upplever sexuell attraktion som är sällsynt, lågintensiv eller mycket sällan förekommande.	
homoit0001628	Hard swap		Term som används inom swingers-kulturen för att beskriva partnerbyte där de sexuella aktiviteterna sker i separata rum eller utrymmen där partnerna inte nödvändigtvis ser varandra.	
homoit0001629	Hierarkisk icke-monogami		En form av samtyckande icke-monogami där en person har flera partner som inte är jämlika i fråga om tidsmässigt utrymme, emotionell intensitet, ekonomiska villkor eller planering och tillgänglighet.	
homoit0001630	Stora bröst		Bröst som anses stora inom en viss kulturell kontext. Observera att stora bröst kan vara förenade med olika hälsoproblem och ibland kopplas till medicinska begrepp som gigantomasti och makromasti. Dessa medicinska termer har specifika användningsområden och bör undvikas utanför sådana sammanhang.	
homoit0001631	Mastektomi	Bröstborttagning||Bröstförminskning	Kirurgiskt ingrepp för att avlägsna bröst eller bröstvävnad. Utförs ofta som en del av ”toppkirurgi” (top surgery) för transmän eller ickebinära personer.	
homoit0001632	Megasexualitet		En sexuell läggning som generellt kännetecknas av att en person inte upplever starka känslomässiga band till andra om de inte först har utvecklat ett starkt sexuell band.	
homoit0001633	Megasexuella personer		Personer som inte upplever starka känslomässiga band till andra människor om de inte först har utvecklat starka sexuella band.	
homoit0001634	Partialism	Kroppsdelsfetischismer	Attraktioner kopplade till en specifik kroppsdel.	
homoit0001635	Primära partners		Term som används inom hierarkiska polyamorösa sammanhang för att beskriva den partner vars behov och önskemål prioriteras framför eventuella sekundära partners.	
homoit0001636	Relationspreferens	Relationsorientering	En individs preferens för eller mot en viss relationsmodell.	
homoit0001637	Relationsminoriteter		Personer vars relationspraktiker skiljer sig från de som dominerar i majoritetssamhället.	
homoit0001638	Sekundärpartner		En term som används inom hierarkiska polyamorösa sammanhang för att beskriva en eller flera partners vars intressen och önskemål kommer i andra hand jämfört med en eller flera primära partners.	
homoit0001639	Små bröst	Hypoplastiska bröst||Underutvecklade bröst	Bröst som uppfattas som små i ett givet kulturellt sammanhang. Vissa läkare kan i specifika sammanhang använda termer som ”underutvecklade” eller ”hypoplastiska” men dessa uttryck kan vara kränkande och bör undvikas utanför medicinska sammanhang. Alternativa etiketter används här enbart för att underlätta sökning och ska inte användas i andra sammanhang.	
homoit0001640	Soft swap		Term som används inom swinging-kulturen för att beskriva en form av partnerbyte där alla sexuella aktiviteter sker i samma rum så att alla deltagare är synliga för varandra.	
homoit0001641	Swinging		En överenskommelse, sexuell praktik eller relation där ett par deltar i gruppsex eller byter sexuella partners inom en grupp, ofta återkommande.	
homoit0001642	Transkvinnor		Kvinnor som inte tilldelades kvinnligt kön vid födseln. Använd inte för intersexpersoner om de inte själva identifierar sig som transkvinnor.	
homoit0001643	Transmän		Män som inte tilldelades manligt kön vid födseln. Används inte för intersexpersoner om de inte själva identifierar sig som transmän.	
homoit0001644	Aromantik		En romantisk läggning som generellt kännetecknas av avsaknad av romantisk attraktion och romantiska begär.	
homoit0001645	Ankarpartners		En term som används i icke-monogama gemenskaper för att beskriva en långvarig partner med flera relationella åtaganden, som ska ses som ett relationellt ankare och är en trygg och "fast" punkt. Används ofta istället för termer som uppfattas som hierarkiska, till exempel primär eller sekundär partner.	
homoit0001646	Tilldelat X vid födseln		Tilldelningen av en ”X”-könsmarkör eller ”X”-könsbeteckning strax efter födseln för nyfödda med ej definierbar könstillhörighet. Det är ovanligt att intersexpersoner tilldelas intersex eller X vid födseln. Att tilldela X vid födseln förekommer inte i Sverige.	
homoit0001648	Tilldelat kön		En individs kön som fastställs av en medicinsk yrkesperson eller vårdgivare. Fastställandet baseras vanligtvis på yttre könsorgan, men andra metoder kan också användas. I praktiken är det kön som tilldelas vid födseln ofta kulturellt varierande, och termen ”tilldelat kön” är ofta mer tillämplig eller exakt.	
homoit0001649	Medglädje	Compersion	Den positiva känsla en individ kan uppleva i förhållande till sin partners relation med en annan partner. Ofta definierad som motsatsen till svartsjuka.	
homoit0001650	Tvingande monogami		Antagandet att alla människor har en önskan om monogama relationer och att detta är ett föredraget livsmål.	
homoit0001651	Etisk ickemonogami	ENM	Utövandet av romantiska eller sexuella relationer med mer än en person samtidigt, med alla inblandade parters samtycke.	
homoit0001652	Demitjejer	Demigirls	Personer som delvis, men inte helt, identifierar sig som kvinnor eller flickor, oavsett vilket kön de tilldelats vid födseln. Används av cispersoner, transpersoner, transfeminina eller ickebinära personer som känner en starkare koppling till kvinnor fysiskt eller socialt, men inte tillräckligt för att identifiera sig enbart som kvinna.	
homoit0001653	Demikillar	Demiboys	Personer som delvis, men inte helt, identifierar sig som män eller pojkar, oavsett vilket kön de tilldelats vid födseln. Används av cispersoner, transpersoner, transmaskulina eller ickebinära personer som känner en starkare koppling till män fysiskt eller socialt, men inte tillräckligt för att identifiera sig enbart som man.	
homoit0001654	Gymsubkultur	Gym subculture	En subkultur bland bögar som populariserades på 1970-talet genom homoerotiska bodybuilder-magasin. Innefattar ofta estetik inspirerad av antikens grekiska gymnasium. Särskilt populär i San Francisco, West Hollywood och New York.	
homoit0001655	Smekmånadsfas		En period i en relation som kännetecknas av passionerad kärlek och stark attraktion, ibland också idealisering av partnern eller relationen.	
homoit0001656	Monogamish		Term som beskriver relationer som i huvudsak är monogama men där sporadiska undantag tillåts för sexuella kontakter.	
homoit0001657	Nesting partners		Term som används i icke-monogama gemenskaper för att beskriva partners som man lever tillsammans med. Används ofta i stället för hierarkiska termer som ”primär partner” eller ”sekundär partner”.	
homoit0001658	Ickemonogami utan samtycke		Att ha romantiska eller sexuella relationer med flera personer samtidigt utan samtliga partners samtycke.	
homoit0001659	Ickemonogami		Att ha romantiska eller sexuella relationer med flera personer samtidigt.	
homoit0001660	Ickemonogama personer		Personer som har och/eller är öppna för romantiska eller sexuella relationer med flera personer samtidigt.	
homoit0001661	Nyrelationsenergi	Ny relationsenergi	En stark, ofta euforisk känsla av förälskelse som är vanlig i början av en ny romantisk relation. Används ofta i polyamorösa sammanhang.	
homoit0001662	Paramourer		I polyamorösa sammanhang används paramour för att beskriva partnern till ens partner, vanligtvis i relationer där huvudpartnern inte känner till den andra relationen. I andra sammanhang används termen mer generellt som synonym till ”älskare”.	
homoit0001663	Polyamorösa personer		Personer som har och/eller är öppna för romantiska, sexuella eller kinkrelaterade relationer med flera personer samtidigt, med samtycke från alla inblandade.	
homoit0001664	Polytrohet		Inom polyamorösa sammanhang avser denna term praktiken att ha relationer med flera partners som, enligt de inblandades överenskommelse, är stängda för nya personer.	
homoit0001665	Relationsanarkister		Personer som utövar en form av icke-monogami som bygger på anarkistiska principer, som självbestämmande, normkritik och motstånd mot auktoritet och statlig kontroll. Ofta använt i kontrast till hierarkisk polyamori.	
homoit0001666	Relationsanarki		En form av icke-monogami som bygger på anarkistiska principer, som självbestämmande, normkritik och motstånd mot auktoritet och statlig kontroll. Ofta använt i kontrast till hierarkisk polyamori.	
homoit0001667	Saxande		En sexuell praktik där två kvinnor gnider sina kön mot varandra medan de flätar samman sina ben.	
homoit0001668	Transgenderqueer-personer		Person som är både trans och genderqueer och som identifierar sig som transgenderqueer.	
homoit0001669	Tribadism		Föråldrad term som har använts för att antingen beskriva saxning, sex mellan kvinnor i allmänhet eller begreppet lesbiskhet i stort.	
homoit0001670	Xenogenderidentitet		Ickebinär könsidentitet som inte definieras i relation till mänskliga könsförståelser (t.ex. kvinna eller man), utan i relation till djur, växter eller andra fenomen.	
homoit0001671	Xenogenderpersoner		En person som definierar sitt kön i relation till icke-mänskliga förståelser av kön och som identifierar sig med djur, växter eller andra ting.	
homoit0001672	Neopronomen		Personliga pronomen som inte är officiellt erkända i det språk där de används (t.ex. i ordböcker eller skrivguider). Används ofta i syfte att vara könsneutrala.	
homoit0001673	Ae/Aer/Aerself (pronomen)		En uppsättning amerikanska pronomen. Används på detta sätt: Ae gick till Homosaurus webbplats. Jag såg aer bläddra i Homosaurus. Ae använder Homosaurus aerself.	
homoit0001674	Co/Co/Coself (pronomen)		Engelskspråkiga neopronomen som används som alternativ till traditionella personliga pronomen. Används på detta sätt: Co gick till Homosaurus webbplats. Jag såg co bläddra i Homosaurus. Co använder Homosaurus coself.	
homoit0001675	Cy/Cyb/Cyberself (pronomen)		En uppsättning pronomen. Används på följande sätt: Cy gick till Homosaurus-webbplatsen. Jag såg cyb bläddra i Homosaurus. Cy använder Homosaurus cyberself.	
homoit0001676	E/Em/Emself (pronomen)		En uppsättning pronomen. Används på detta sätt: E gick till Homosaurus webbplats. Jag såg em använda Homosaurus. E använder Homosaurus emself.	
homoit0001677	Ey/Em/Eirself (pronomen)		Engelskspråkiga neopronomen som används som alternativ till traditionella personliga pronomen. Används på detta sätt: Ey gick till Homosaurus webbplats. Jag såg em bläddra i Homosaurus. Ey använder Homosaurus eirself.	
homoit0001678	Fe/Fem/Femself (pronomen)		Engelskspråkiga neopronomen som används som alternativ till traditionella personliga pronomen. Används på detta sätt: Fe gick till Homosaurus webbplats. Jag såg fem bläddra i Homosaurus. Fe använder Homosaurus femself.	
homoit0001679	Fae/Faer/Faerself (pronomen)		Engelskspråkiga neopronomen som används som alternativ till traditionella personliga pronomen. Används på detta sätt: Fae gick till Homosaurus webbplats. Jag såg faer bläddra i Homosaurus. Fae använder Homosaurus faerself.	
homoit0001680	Fey/Fem/Femself (pronomen)		Engelskspråkiga neopronomen som används som alternativ till traditionella personliga pronomen. Används på detta sätt: Fey gick till Homosaurus webbplats. Jag såg fem bläddra i Homosaurus. Fey använder Homosaurus femself.	
homoit0001681	Han/Honom (pronomen)		Pronomen. Används på följande sätt: Han gick till Homosaurus-webbplatsen. Jag såg honom bläddra i Homosaurus. Han använder Homosaurus själv.	
homoit0001682	Hu/Hum/Humself (pronomen)		Engelskspråkiga neopronomen som används som alternativ till traditionella personliga pronomen. Används exempelvis så här: Hu gick till Homosaurus-webbplatsen. Jag såg hum bläddra i Homosaurus. Hu använder Homosaurus humself.	
homoit0001683	It/It/Itself (pronomen)		Engelskspråkiga pronomen där it används som personligt pronomen om en individ. Används på detta sätt: It gick till Homosaurus webbplats. Jag såg it bläddra i Homosaurus. It använder Homosaurus itself.	
homoit0001684	Jee/Jem/Jemself (pronomen)		Engelskspråkiga neopronomen som används som alternativ till traditionella personliga pronomen. Används så här: Jee gick till Homosaurus-webbplatsen. Jag såg jem bläddra i Homosaurus. Jee använder Homosaurus jemself.	
homoit0001685	Kit/Kit/Kitself (pronomen)		Engelskspråkiga neopronomen som används som alternativ till traditionella personliga pronomen. Används så här: Kit gick till Homosaurus-webbplatsen. Jag såg kit bläddra i Homosaurus. Kit använder Homosaurus kitself.	
homoit0001686	Ne/Nir/Nemself (pronomen)		Engelskspråkiga neopronomen som används som alternativ till traditionella personliga pronomen. Används så här: Ne gick till Homosaurus-webbplatsen. Jag såg nir bläddra i Homosaurus. Ne använder Homosaurus nemself.	
homoit0001687	Ne/Nem/Nis (pronomen)		Engelskspråkiga neopronomen som används som alternativ till traditionella personliga pronomen. Används så här: Ne gick till Homosaurus-webbplatsen. Jag såg nem bläddra i Homosaurus. Ne använder Homosaurus nis.	
homoit0001688	Peh/Pehm/Pehself (pronomen)		Engelskspråkiga neopronomen som används som alternativ till traditionella personliga pronomen. Används så här: Peh gick till Homosaurus-webbplatsen. Jag såg pehm bläddra i Homosaurus. Peh använder Homosaurus pehself.	
homoit0001689	Per/Per/Perself (pronomen)		Engelskspråkiga neopronomen som används som alternativ till traditionella personliga pronomen. Används så här: Per gick till Homosaurus-webbplatsen. Jag såg per bläddra i Homosaurus. Per använder Homosaurus perself.	
homoit0001690	Sie/Hir/Hirself (pronomen)		Engelskspråkiga neopronomen som används som alternativ till traditionella personliga pronomen. Används så här:. Används på detta sätt: Sie gick till Homosaurus webbplats. Jag såg hir bläddra i Homosaurus. Sie använder Homosaurus hirself.	
homoit0001691	Se/Ser/Serself (pronomen)		Engelskspråkiga neopronomen som används som alternativ till traditionella personliga pronomen. Används så här: Se gick till Homosaurus webbplats. Jag såg ser bläddra i Homosaurus. Se använder Homosaurus serself.	
homoit0001692	Hon/henne (pronomen)		En uppsättning pronomen. Används på detta sätt: Hon gick till Homosaurus webbplats. Jag såg henne bläddra i Homosaurus. Hon använder Homosaurus själv.	
homoit0001693	Shi/Hir/Hirself (pronomen)		Engelskspråkiga neopronomen som används som alternativ till traditionella personliga pronomen. Används så här:. Används på detta sätt: Shi gick till Homosaurus webbplats. Jag såg hir bläddra i Homosaurus. Shi använder Homosaurus hirself.	
homoit0001694	Si/Hyr/Hyrself (pronomen)		Engelskspråkiga neopronomen som används som alternativ till traditionella personliga pronomen. Används så här: Används på detta sätt: Si gick till Homosaurus webbplats. Jag såg hyr bläddra i Homosaurus. Si använder Homosaurus hyrself.	
homoit0001695	They/Them/Themselves (pronomen)		Engelskspråkigt pronomen där they används i singular som könsneutralt pronomen. Används på detta sätt: They gick till Homosaurus webbplats. Jag såg them bläddra i Homosaurus. They använder Homosaurus themselves.	
homoit0001696	They/Them/Themself (pronomen)		Engelskspråkigt pronomen där they används i singular som könsneutralt pronomen. Används på detta sätt: They gick till Homosaurus webbplats. Jag såg them bläddra i Homosaurus. They använder Homosaurus themself.	
homoit0001697	Thon/Thon/Thonself (pronomen)		Engelskspråkiga neopronomen som används som alternativ till traditionella personliga pronomen. Används på detta sätt: Thon gick till Homosaurus webbplats. Jag såg thon bläddra i Homosaurus. Thon använder Homosaurus thonself.	
homoit0001698	Ve/Ver/Verself (pronomen)		Engelskspråkiga neopronomen som används som alternativ till traditionella personliga pronomen. Används på detta sätt: Ve gick till Homosaurus webbplats. Jag såg ver bläddra i Homosaurus. Ve använder Homosaurus verself.	
homoit0001699	Ve/Vem/Verself (pronomen)		Engelskspråkiga neopronomen som används som alternativ till traditionella personliga pronomen. . Används på detta sätt: Ve gick till Homosaurus webbplats. Jag såg vem bläddra i Homosaurus. Ve använder Homosaurus verself.	
homoit0001700	Voi/Void/Voidself (pronomen)		Engelskspråkiga neopronomen som används som alternativ till traditionella personliga pronomen. Används på detta sätt: Voi gick till Homosaurus webbplats. Jag såg void bläddra i Homosaurus. Voi använder Homosaurus voidself.	
homoit0001701	Vi/Ver/Virself (pronomen)		Engelskspråkiga neopronomen som används som alternativ till traditionella personliga pronomen. Används på detta sätt: Vi gick till Homosaurus webbplats. Jag såg ver bläddra i Homosaurus. Vi använder Homosaurus virself.	
homoit0001702	Vi/Vim/Virself (pronomen)		Engelskspråkiga neopronomen som används som alternativ till traditionella personliga pronomen. Används på detta sätt: Vi gick till Homosaurus webbplats. Jag såg vim bläddra i Homosaurus. Vi använder Homosaurus virself.	
homoit0001703	Xie/Xer/Xerself (pronomen)		Engelskspråkiga neopronomen som används som alternativ till traditionella personliga pronomen. Används på detta sätt: Xie gick till Homosaurus webbplats. Jag såg xer bläddra i Homosaurus. Xie använder Homosaurus xerself.	
homoit0001704	Xe/Xyr/Xemself (pronomen)		Engelskspråkiga neopronomen som används som alternativ till traditionella personliga pronomen. Används på detta sätt: Xe gick till Homosaurus webbplats. Jag såg xyr bläddra i Homosaurus. Xe använder Homosaurus xemself.	
homoit0001705	Xey/Xem/Xyr (pronomen)		Engelskspråkiga neopronomen som används som alternativ till traditionella personliga pronomen. Används på detta sätt: Xey gick till Homosaurus webbplats. Jag såg xem bläddra i Homosaurus. Xey använder Homosaurus xyr.	
homoit0001706	Xey/Xem/Xeir (pronomen)		Engelskspråkiga neopronomen som används som alternativ till traditionella personliga pronomen. Används på detta sätt: Xey gick till Homosaurus webbplats. Jag såg xem bläddra i Homosaurus. Xey använder Homosaurus xeir.	
homoit0001707	Yo/Yo/Yosself (pronomen)		Engelskspråkiga neopronomen som används som alternativ till traditionella personliga pronomen. Används på detta sätt: Yo gick till Homosaurus webbplats. Jag såg yo bläddra i Homosaurus. Yo använder Homosaurus yosself.	
homoit0001708	Ze/Zir/Zirself (pronomen)		Engelskspråkiga neopronomen som används som alternativ till traditionella personliga pronomen. Används på detta sätt: Ze gick till Homosaurus webbplats. Jag såg zir bläddra i Homosaurus. Ze använder Homosaurus zirself.	
homoit0001709	Ze/Hir/Hirself (pronomen)		Engelskspråkiga neopronomen som används som alternativ till traditionella personliga pronomen. Används på detta sätt: Ze gick till Homosaurus webbplats. Jag såg hir bläddra i Homosaurus. Ze använder Homosaurus hirself.	
homoit0001710	Ze/Zem/Zirself (pronomen)		Engelskspråkiga neopronomen som används som alternativ till traditionella personliga pronomen. Används på detta sätt: Ze gick till Homosaurus webbplats. Jag såg zem bläddra i Homosaurus. Ze använder Homosaurus zirself.	
homoit0001711	Ze/Mer/Zemself (pronomen)		Engelskspråkiga neopronomen som används som alternativ till traditionella personliga pronomen. Används på detta sätt: Ze gick till Homosaurus webbplats. Jag såg mer bläddra i Homosaurus. Ze använder Homosaurus zemself.	
homoit0001712	Zee/Zed/Zedself (pronomen)		Engelskspråkiga neopronomen som används som alternativ till traditionella personliga pronomen. Används på detta sätt: Zee gick till Homosaurus webbplats. Jag såg zed bläddra i Homosaurus. Zee använder Homosaurus zedself.	
homoit0001713	Zie/Zir/Zirself (pronomen)		Engelskspråkiga neopronomen som används som alternativ till traditionella personliga pronomen. Används på detta sätt: Zie gick till Homosaurus webbplats. Jag såg zir bläddra i Homosaurus. Zie använder Homosaurus zirself.	
homoit0001714	Zie/Zem/Zirself (pronomen)		Engelskspråkiga neopronomen som används som alternativ till traditionella personliga pronomen. Används på detta sätt: Zie gick till Homosaurus webbplats. Jag såg zem bläddra i Homosaurus. Zie använder Homosaurus zirself.	
homoit0001715	Zie/Hir/Hirself (pronomen)		Engelskspråkiga neopronomen som används som alternativ till traditionella personliga pronomen. Används på detta sätt: Zie gick till Homosaurus webbplats. Jag såg hir bläddra i Homosaurus. Zie använder Homosaurus hirself.	
homoit0001716	Zme/Zmyr/Zmyrself (pronomen)		Engelskspråkiga neopronomen som används som alternativ till traditionella personliga pronomen. Används på detta sätt: Zme gick till Homosaurus webbplats. Jag såg zmyr bläddra i Homosaurus. Zme använder Homosaurus zmyrself.	
homoit0001717	Hbtq+-personer på arbetsmarknaden	Arbetsmarknadsvillkor för hbtq+-personer	Sysselsättning och arbetsliv för hbtq+-personer.	
homoit0001718	Lesbiska på arbetsmarknaden	Arbetsmarknadsvillkor för lesbiska	Sysselsättning och arbetsliv för lesbiska.	
homoit0001719	Bögar på arbetsmarknaden	Arbetsmarknadsvillkor för bögar||Homosexuella män på arbetsmarknaden	Sysselsättning och arbetsliv för bögar.	
homoit0001720	Bisexuella på arbetsmarknaden	Arbetsmarknadsvillkor för bisexuella	Sysselsättning och arbetsliv för bisexuella personer.	
homoit0001721	Transpersoner på arbetsmarknaden	Arbetsmarknadsvillkor för transpersoner	Sysselsättning och arbetsliv för transpersoner.	
homoit0001722	Queera personer på arbetsmarknaden	Arbetsmarknadsvillkor för queera personer	Sysselsättning och arbetsliv för queera personer.	
homoit0001723	Hbtq+-författare		Hbtq+-personer som är skapare av skrivna verk.	
homoit0001724	Lesbiska författare		Lesbiska skapare av skrivna verk.	
homoit0001725	Bögförfattare	Homosexuella manliga författare	Homosexuella skapare av skrivna verk.	
homoit0001726	Bisexuella författare		Bisexuella skapare av skrivna verk.	
homoit0001727	Författare som är transpersoner		Transpersoner som är skapare av skrivna verk.	
homoit0001728	Queera författare		Queera skapare av skrivna verk.	
homoit0001729	Självbiografier av hbtq+-personer		Skildringar av hbtq+-personers liv skrivna av dem själva. För skildringar som inte är skrivna av personen själv, använd termen ”Biografier om hbtq+-personer”.	
homoit0001730	Lesbiska självbiografier		Skildringar av lesbiska personers liv skrivna av dem själva. För skildringar som inte är skrivna av personen själv, använd termen ”Lesbiska biografier”.	
homoit0001731	Självbiografier av bögar	Självbiografier av homosexuella män	Skildringar av bögars liv skrivna av dem själva. För skildringar av bögars liv som inte är skrivna av personen själv, använd termen ”Biografier om bögar”.	
homoit0001732	Bisexuella självbiografier		Berättelser om bisexuella personers liv skrivna av dem själva. För skrivna berättelser om bisexuella personers liv som inte är skrivna av dem själva, använd ”Bisexuella biografier”.	
homoit0001733	Självbiografier av transpersoner		Skildringar av transpersoners liv skrivna av dem själva. För skildringar av transpersoners liv som skrivits av någon annan används termen ”Biografier om transpersoner”.	
homoit0001734	Queera självbiografier		Skildringar av queera personers liv skrivna av dem själva. För skildringar skrivna av någon annan, använd termen ”Queera biografier”.	
homoit0001735	Företag ägda av hbtq+-personer		Företag ägda av hbtq+-personer.	
homoit0001736	Företag ägda av lesbiska		Företag ägda av lesbiska.	
homoit0001737	Företag ägda av bögar	Företag ägda av homosexuella män	Företag ägda av bögar.	
homoit0001738	Företag ägda av bisexuella		Företag ägda av bisexuella personer.	
homoit0001739	Företag ägda av transpersoner		Företag ägda av transpersoner.	
homoit0001740	Företag ägda av queera personer		Företag ägda av queera personer.	
homoit0001741	Företag riktade till hbtq+-personer		Företag med fokus på hbtq+-personer som kunder och produkter relaterade till hbtq+-gemenskaper.	
homoit0001742	Företag riktade till lesbiska		Företag fokus på lesbiska kunder och produkter relaterade till lesbiska gemenskaper.	
homoit0001743	Företag riktade till bögar	Företag riktade till homosexuella män	Företag med fokus på bögar som kunder och produkter relaterade till bögars gemenskaper.	
homoit0001744	Företag riktade till bisexuella		Företag med fokus på bisexuella kunder och produkter relaterade till bisexuella gemenskaper.	
homoit0001745	Företag riktade till transpersoner		Företag med fokus på transpersoner som kunder och produkter relaterade till transgemenskaper.	
homoit0001746	Företag riktade till queera personer		Företag med fokus på queera målgrupper och produkter relaterade till queera gemenskaper.	
homoit0001747	Asexuella författare	Ace-författare	Asexuella skapare av skrivna verk.	
homoit0001748	Aromantiska författare		Aromantiska skapare av skrivna verk.	
homoit0001749	Intersexförfattare		Intersexpersoner som är skapare av skrivna verk.	
homoit0001750	Two-spirit-författare		Two-spirit-personer som är skapare av skrivna verk.	
homoit0001751	Two-spirit-skönlitteratur		Litterära verk som beskriver fiktiva händelser eller personer. Används för skönlitteratur med Two-spirit-karaktärer eller teman.	
homoit0001752	Intersex-skönlitteratur		Litterära verk som beskriver fiktiva händelser eller personer. Används för skönlitteratur med intersex-karaktärer eller intersex-teman.	
homoit0001753	Aromantisk skönlitteratur		Litterära verk som beskriver fiktiva händelser eller personer. Används för skönlitteratur med aromantiska karaktärer eller teman.	
homoit0001754	Asexuell skönlitteratur		Litterära verk som beskriver fiktiva händelser eller personer. Används för skönlitteratur med asexuella karaktärer eller teman.	
homoit0001755	Hbtq+-kulturarvsinstitutioner	GLAM (hbtq+)	Ett samlingsbegrepp för gallerier, bibliotek, arkiv, museer och specialsamlingar (GLAM) som innehåller material som främst rör hbtq+-personer eller är avsett för hbtq+-personer.	
homoit0001756	Könskreativitet		Term som används för att beskriva personer, ofta barn, som inte följer traditionella könsnormer och i stället kreativt väver samman sina inre och yttre erfarenheter för att förstå sin könsidentitet och sitt könsuttryck. Kan också användas för att beskriva ett sätt att uppfostra barn utanför traditionella könsnormer.	
homoit0001757	Aromantiska familjer		Familjer – biologiska, adoptiva eller valda – där en eller flera personer identifierar sig som aromantiska.	
homoit0001758	Asexuella familjer	Ace-familjer	Familjer – biologiska, adoptiva eller valda – där en eller flera personer identifierar sig som asexuella.	
homoit0001759	Intersexfamiljer		Familjer – biologiska, adoptiva eller valda – där en eller flera personer är intersex.	
homoit0001760	Two-spirit-familjer		Familjer – biologiska, adoptiva eller valda – där en eller flera personer identifierar sig som Two-spirit.	
homoit0001761	Aromantiska föräldrar		Föräldrar som är aromantiska.	
homoit0001762	Asexuella föräldrar		Föräldrar som är asexuella.	
homoit0001763	Intersexföräldrar		Intersexpersoner som är föräldrar.	
homoit0001764	Two-spirit-föräldrar		Two-spirit-personer som är föräldrar.	
homoit0001765	Barn till aromantiska personer		Barn som har en eller flera aromantiska föräldrar.	
homoit0001766	Barn till asexuella personer		Barn som har en eller flera asexuella föräldrar.	
homoit0001767	Barn till intersexpersoner		Barn som har en eller flera intersexföräldrar.	
homoit0001768	Barn till Two-spirit-personer		Barn som har en eller flera Two-spirit-föräldrar.	
homoit0001769	Våld mot Two-spirit-personer		Beteenden som innefattar fysiskt våld avsett att skada eller döda Two-spirit-personer på grund av deras identitet.	
homoit0001770	Våld mot intersexpersoner		Beteenden som innefattar fysiskt våld avsett att skada eller döda intersexpersoner på grund av att de är intersex.	
homoit0001771	Kökschefer (hbtq+)		Hbtq+-personer som är utbildade, professionella kockar och som oftast har en ledande roll i köket där de arbetar.	
homoit0001772	Lesbiska kökschefer		Lesbiska som är utbildade, professionella kockar och som vanligtvis har en ledande roll i köket där de arbetar.	
homoit0001773	Bögkökschefer	Homosexuella manliga kökschefer	Bögar som är utbildade, professionella kockar och som vanligtvis har en ledande roll i köket där de arbetar.	
homoit0001774	Bisexuella kökschefer		Bisexuella personer som är utbildade, professionella kockar, vanligtvis i ledande positioner i köket där de arbetar.	
homoit0001775	Kökschefer som är transpersoner		Transpersoner som är utbildade professionella kockar och som vanligtvis har en ledande roll i köket där de arbetar.	
homoit0001776	Queera kökschefer		Queera personer som är utbildade, professionella kockar och oftast har en ledande roll i det köket där de arbetar.	
homoit0001777	Intersexkökschefer	Intersexperson som är kökschefer	Intersexpersoner som är utbildade, professionella kockar och som vanligtvis har en ledande roll i köket där de arbetar.	
homoit0001778	Two-spirit-kökschefer		Two-spirit-personer som är utbildade professionella kockar och som vanligtvis har en ledande roll i köket där de arbetar.	
homoit0001779	Vers (sex)		Slangterm för personer som växlar mellan att vara den givande och den mottagande parten vid sex. Används vanligtvis som adjektiv, till exempel: ”De är vers”.	
homoit0001780	t4t		Förkortning av uttrycket ”trans for trans”, en benämning på transpersoner som prioriterar romantiska, sexuella eller andra relationer med andra transpersoner.	
homoit0001781	Klocka (kön)		Slangterm för handlingen att identifiera (eller ”klocka”) någon offentligt som transperson, crossdresser eller dragartist när denna person försöker passera eller bli läst som cisperson, ofta för sin egen säkerhet. ”Klockning” uppfattas ofta som ett hot (om våld eller ofrivillig avslöjning) mot personen som blir ”klockad”. Använd termen Läsning (kön) för att beskriva ömsesidig identifiering eller igenkännande mellan två personer som båda är könsminoriteter.	
homoit0001782	Blaqueer-personer	BlaQ-personer	Svarta queera personer som ser sin queera identitet som en integrerad del av sin svarthet och vice versa. Används endast för att beskriva individer som identifierar sig som Blaqueer eller BlaQ.	
homoit0001783	Hbtq+-personer i garderoben		Hbtq+-personer som inte identifierar sig som sådana inför andra.	
homoit0001784	Garderobstranspersoner		Transpersoner som inte identifierar sig som sådana inför andra.	
homoit0001785	Queera personer i garderoben		Queera personer som inte identifierar sig som sådana inför andra.	
homoit0001786	Intersexpersoner i garderoben		Intersexpersoner som inte avslöjar att de är intersex inför andra.	
homoit0001787	Two-spiritpersoner i garderoben		Two-spirit-personer som inte identifierar sig som sådana inför andra.	
homoit0001788	Skägg (bögkultur)		Personer som låtsas dejta eller vara partner till någon de inte har en relation med, vanligtvis för att hindra att den personens sexualitet blir offentlig. Termen används oftast för att beskriva en kvinna som låtsas ha en romantisk relation med en homosexuell man.	
homoit0001789	2SLGBTQ+	2SHBTQ+	Förkortning som används för att beskriva Two-spirit-personer, lesbiska, bögar, bisexuella, transpersoner, queera personer och andra köns- och sexuella minoriteter som en grupp. Vanligt förekommande i Kanada för att betona ursprungsfolkens specifika erfarenheter.	
homoit0001790	Packer (fallos)	Pack n' play||Packers (fallos)	Stoppning eller fallosformade föremål som bärs framtill i byxor eller underkläder bland annat för att ge intryck av en utbuktning. Vissa packers fungerar även som STP och pack n' play, det vill säga packers som går att kissa och/eller ha sex med.	
homoit0001791	Alloromantik	Alloromantisism	En romantisk orientering kännetecknad av en frekvent och konsekvent förekomst av romantisk attraktion eller begär, ofta tillsammans med sexuell attraktion.	
homoit0001792	Biromantik		En romantisk läggning som kännetecknas av förekomsten av romantisk attraktion eller längtan efter romantiska relationer regelbundet och återkommande gentemot mer än ett kön eller en könsidentitet.	
homoit0001793	Homoromantik		En romantisk läggning som kännetecknas av att romantisk attraktion eller längtan uppstår ofta och konsekvent gentemot personer av samma kön.	
homoit0001794	Heterotomantisk		En romantisk läggning som kännetecknas av att romantisk attraktion eller romantisk längtan uppstår ofta och konsekvent gentemot personer av motsatt kön.	
homoit0001795	Panromantik		En romantisk läggning som innebär att en person känner romantisk attraktion eller längtan till andra oavsett deras kön eller könsidentitet, ofta på ett frekvent och konsekvent sätt.	
homoit0001796	Mixade lesbiska	Blandade lesbiska	Lesbiska som tillhör två eller flera etniska grupper. Används endast för personer som själva identifierar sig som mixade.	
homoit0001797	Mixade bögar	Blandade bögar	Bögar som tillhör två eller flera etniska grupper. Används endast för personer som själva identifierar sig som mixade.	
homoit0001798	Mixade bisexuella	Blandade bisexuella	Bisexuella personer som tillhör två eller flera etniska grupper. Används endast för personer som själva identifierar sig som mixade.	
homoit0001799	Mixade transpersoner	Blandade transpersoner	Transpersoner som tillhör två eller flera etniska grupper. Används endast för personer som själva identifierar sig som mixade.	
homoit0001800	Mixade queera personer	Blandade queera personer	Queera personer som tillhör två eller flera etniska grupper. Används endast för personer som själva identifierar sig som mixade.	
homoit0001801	Multirasiala lesbiska		Lesbiska som tillhör två eller flera rasliga grupper. Används endast för personer som själva identifierar sig som multirasiala.	
homoit0001802	Multirasiala bögar		Bögar som tillhör två eller flera rasliga grupper. Används endast för personer som själva identifierar sig som multirasiala.	
homoit0001803	Multirasiala bisexuella personer		Bisexuella personer som tillhör två eller flera rasliga grupper. Används endast för personer som själva identifierar sig som multirasiala.	
homoit0001804	Multirasiala transpersoner		Transpersoner som tillhör två eller flera rasliga grupper. Används endast för personer som själva identifierar sig som multirasiala.	
homoit0001805	Multirasiala queera personer		Queera personer som tillhör två eller flera rasliga grupper. Används endast för personer som själva identifierar sig som multirasiala.	
homoit0001806	Homoerotik		Sexuell attraktion eller erotisk längtan mellan personer av samma kön. Termen används ofta för att beskriva tillfällig, latent eller ouppfylld attraktion snarare än en fast sexuell läggning eller identitet.	
homoit0001807	Innehållsvarningar	Content warnings	Uttalanden som används för att varna individer om att material kan vara störande eller stötande. Inkluderar varningar som tilldelas fanverk (vanligtvis av skaparen) för att ge information om potentiellt upprörande, triggande eller kontroversiella inslag i ett verk.	
homoit0001808	Kostymer	Utklädnad	Uppsättningar av kläder som bärs för att efterlikna en specifik person, plats, sak eller tidsperiod.	
homoit0001809	Indigiqueer-personer		Queera personer som tillhör ett urfolk och som uppfattar sin queera identitet som central för sin urfolksidentitet och vice versa. Vissa, men inte alla, Indigiqueer-personer identifierar sig även som Two-spirit. Används endast för personer som själva identifierar sig som indigiqueer.	
homoit0001810	Indigiqueer		Term som används för att beskriva identiteten hos personer som är både urfolk och queera, och som ser dessa identiteter som djupt sammanlänkade och ömsesidigt beroende.	
homoit0001811	Two-spirit-gemenskaper	Two-spirit-communityn	En grupp av Two-spirit-personer förenade av sin gemensamma identitet.	
homoit0001812	Pacifikamerikanska hbtq+-personer	Hbtq+-personer med stillahavsöbakgrund som identifierar sig som amerikanska	Hbtq+-personer som identifierar sig som både amerikanska och som personer med ursprung i Stillahavsöarna.	
homoit0001813	Specialsamlingar (hbtq+)		Specialsamlingar som innehåller material som främst rör hbtq+-personer eller är avsedda för hbtq+-personer. Används för institutioner som själva definierar sig som specialsamlingar, annars använd termen ”Hbtq+-kulturarvsinstitutioner”.	
homoit0001814	Chasers		Individer som objektifierar, exotiserar, uttrycker intresse för och söker sexuella möten med andra enbart baserat på deras tillhörighet till en (vanligtvis marginaliserad) grupp som individen själv inte tillhör. Används ofta tillsammans med andra termer för att specificera typen av chaser.	
homoit0001815	Hbtq+-immigranter		Hbtq+-personer som har flyttat till ett annat land.	
homoit0001816	Könsöverskridande		Handlingar, uttryck eller beteenden som bryter mot eller inte överensstämmer med en kulturs normer kring kön.	
homoit0001817	Könsminoriteter		Personer vars könsidentitet och könsuttryck skiljer sig från den dominerande kulturens normer. Använd termen ”sexuella minoriteter” för att beskriva personer vars sexuella identiteter, läggningar eller praktiker skiljer sig från majoritetens.	
homoit0001818	Transinkludering		Praktik eller policy som syftar till att ge transpersoner lika tillgång och stöd.	
homoit0001819	Transexkludering		Praktik eller policy som innebär att transpersoner nekas lika tillgång och stöd.	
homoit0001820	Transmaskulinitet		Maskulint orienterade identiteter eller uttryck bland transpersoner.	
homoit0001821	Transfemininitet		Feminint kodade identiteter eller praktiker bland transpersoner.	
homoit0001822	Hermafroditer		En term med ursprung i grekisk mytologi som avser varelser som är både helt kvinnliga och helt manliga. Termen togs historiskt i bruk inom medicinen för att beskriva personer med intersexvariationer i allmänhet (och senare för att beskriva personer med både äggstocks- och testikelvävnad), men anses idag vara stigmatiserande, otydlig och missvisande. Många inom intersexgemenskapen anser termen vara patologiserande och djupt kränkande, medan andra har valt att återta den för att beskriva sig själva och sina kroppar. Använd inte termen för att beskriva en individ om de inte själva identifierar sig med den och uttryckligen har valt att använda den.	
homoit0001823	Alloromantiska		Individer som ofta och konsekvent upplever romantisk attraktion eller begär, ofta tillsammans med sexuell attraktion.	
homoit0001824	Biromantiska personer		Personer som upplever romantisk attraktion eller längtan efter romantiska relationer regelbundet och återkommande gentemot mer än ett kön eller en könsidentitet.	
homoit0001825	Homoromantiska personer		Personer som ofta och konsekvent upplever romantisk attraktion eller längtan gentemot personer av samma kön.	
homoit0001826	Heteroromantiska personer		Personer som ofta och konsekvent upplever romantisk attraktion eller romantisk längtan efter personer av motsatt kön.	
homoit0001827	Panromantiska personer		Personer som upplever romantisk attraktion eller längtan på ett frekvent och konsekvent sätt, oavsett kön eller könsidentitet hos andra.	
homoit0001828	Romantisk orientering		Riktningen eller typen av romantisk attraktion en individ upplever gentemot andra.	
homoit0001829	Romantiska minoriteter		Personer vars romantiska läggning och/eller relationspraktiker skiljer sig från majoritetssamhällets normer.	
homoit0001830	Hbtq+-periodika		Tryckta eller digitala publikationer som publiceras regelbundet och skapade av eller för hbtq+-personer. Använd mer specifik term om möjligt.	
homoit0001831	Hbtq+-kultur		Kulturella erfarenheter som delas av medlemmar i hbtq+-gemensaker eller produkter av hbtq+-kultur, till exempel konst och medier skapade av och för hbtq+-personer, aktivism med fokus på hbtq+-frågor eller slang som används inom hbtq+-gemenskaper. Använd mer specifik term om möjligt.	
homoit0001832	Queerkultur		Kulturella erfarenheter som delas av medlemmar i queera gemenskaper eller produkter av queer kultur, till exempel konst och medier skapade av och för queera personer, aktivism med fokus på transfrågor eller slang som används inom queera gemenskaper.	
homoit0001833	Bisexuell kultur		Kulturella erfarenheter som delas av medlemmar i bisexuella gemenskaper eller produkter av bisexuell kultur, till exempel konst och media skapade av och för bisexuella personer, aktivism fokuserad på bisexuella frågor och slang som används i bisexuella gemenskaper.	
homoit0001834	Detransitionering	Detransition||Omtransition||Omtransitionering||Retransition||Retransitionering	Att avbryta eller ändra en könsbekräftande transition, oavsett anledning, inklusive personlig säkerhet, stigma, kostnader förknippade med transitionen, hälsoskäl eller för att återfå fertilitet.	
homoit0001835	Retransitionering		Att påbörja en könsövergång på nytt efter att tidigare ha avbrutit eller delvis återgått i processen.	
homoit0001836	Desistering	Återidentifiering||Deidentifiering	Att inte längre identifiera sig som transperson, eller mer generellt, att inte längre identifiera sig med ett visst kön.	
homoit0001837	Könsbekräftande ansiktskirurgi	Könsbekräftande ansiktsplastik	Kirurgiska ingrepp som förändrar ansiktsdrag eller ansiktets struktur i syfte att bekräfta individens könsidentitet.	
homoit0001838	Maskuliniserande ansiktskirurgi	Maskuliniserande ansiktsplastik	Kirurgiska ingrepp som syftar till att maskulinisera ansiktsdrag eller ansiktets helhet.	
homoit0001839	Feminiserande ansiktskirurgi	Feminiserande ansiktsplastik	Kirurgiska ingrepp som syftar till att feminisera ansiktsdrag eller ansiktets helhet.	
homoit0001840	Toppkirurgi	Top surgery	Vardaglig term för könsbekräftande kirurgi av bröstkorg eller bröst.	
homoit0001841	Bröstrekonstruktion		Rekonstruktion av bröstpartiet, vanligtvis efter en mastektomi, för att ge bröstpartiet ett mer maskulint utseende.	
homoit0001842	Feminiserande röstkirurgi		Kirurgiska ingrepp som syftar till att feminisera rösten.	
homoit0001843	Maskuliniserande röstkirurgi		Olika kirurgiska ingrepp som syftar till att maskulinisera rösten.	
homoit0001844	Klitorisplastik		Kirurgisk konstruktion av klitoris, ofta genomförd som en form av könsbekräftande kirurgi.	
homoit0001845	Labiaplastik	Blygdläppsplastik	Kirurgisk rekonstruktion eller formning av blygdläpparna.	
homoit0001846	Metoidioplastik	Metaplastik||Meta	Könkorrigerande kirurgiskt ingrepp där urinröret förlängs och placeras längs en neopenis, vanligtvis för att möjliggöra stående urinering.	
homoit0001847	Skrotalplastik	Pungplastisk	Kirurgisk konstruktion av pungen.	
homoit0001848	Vaginektomi		Kirurgiskt avlägsnande av vaginan.	
homoit0001849	Hyvling av sköldbrosk		En operation där struphuvudets utskjutande del, i vardagligt tal kallad adamsäpplet, minskas i storlek. Operationen är ofta en del av feminiserande ansiktskirurgi för transfeminina personer men kan även genomföras av cismän och ciskvinnor som upplever att deras struphuvud är för framträdande.	
homoit0001850	Falloplastik		Kirurgisk konstruktion av en penis.	
homoit0001851	Vaginoplastik		Kirurgisk konstruktion av en slida.	
homoit0001852	STP	Stand to pee	Redskap utformade för att möjliggöra att personer kissar stående. Används ofta av transmän eller transmaskulina personer för att kunna använda offentliga urinoarer utan att riskera sin säkerhet.	
homoit0001853	Asylsökande hbtq+-personer	Asylsökande (hbtq+)	Hbtq+-personer som har lämnat sina hemländer och söker skydd från förföljelse och/eller kränkningar av mänskliga rättigheter i andra länder, men som ännu inte erkänts juridiskt som flyktingar.	
homoit0001854	Funktionedsatta hbtq+-personer	Funktionshindrade hbtq+-personer||Hbtq+-personer med funktionshinder||Hbtq+-personer med funktionsnedsättning	Hbtq+-personer med funktionsnedsättning/funktionsnedsättningar.	
homoit0001855	Funktionsnedsatta lesbiska	Funktionshindrade lesbiska	Lesbiska med funktionsnedsättning/funktionsnedsättningar.	
homoit0001856	Funktionsnedsatta bögar	Funktionshindrade bögar||Funktionsnedsatta homosexuella män	Bögar med funktionsnedsättning/funktionsnedsättningar.	
homoit0001857	Funktionsnedsatta bisexuella personer	Funktionshindrade bisexuella personer	Bisexuella personer med funktionsnedsättning/funktionsnedsättningar.	
homoit0001858	Funktionsnedstta transpersoner	Funktionshindrade transpersoner	Transpersoner med funktionsnedsättning/funktionsnedsättningar.	
homoit0001859	Funktionsnedsatta queera personer	Funktionshindrade queera personer	Queera personer med funktionsnedsättning/funktionsnedsättningar.	
homoit0001860	Hörselskadade hbtq+-personer		Hbtq+-personer med betydande eller total hörselförlust.	
homoit0001861	Lesbiska hörselskadade personer		Lesbiska med betydande eller total hörselförlust.	
homoit0001862	Bögar med hörselnedsättning	Homosexuella män med hörselnedsättning	Bögar med betydande eller total hörselförlust.	
homoit0001863	Bisexuella hörselskadade personer		Bisexuella personer med betydande eller total hörselförlust.	
homoit0001864	Hörselskadade transpersoner		Transpersoner med betydande eller total hörselnedsättning.	
homoit0001865	Queera hörselskadade personer		Queera personer med betydande eller total hörselnedsättning.	
homoit0001866	Döva (hbtq+)	Döve hbtq+-personer	Hbtq+-personer med betydande eller total hörselförlust.	
homoit0001867	Lesbiska döva	Döva lesbiska	Lesbiska med betydande eller total hörselförlust.	
homoit0001868	Döva bögar	Döva homosexuella män	Bögar med betydande eller total hörselförlust.	
homoit0001869	Bisexuella döva		Bisexuella personer med betydande eller total hörselförlust.	
homoit0001870	Döva transpersoner		Transpersoner med betydande eller total hörselnedsättning.	
homoit0001871	Queera döva personer		Queera personer med betydande eller total hörselnedsättning.	
homoit0001872	Lesbiska blinda personer	Blinda lesbiska	Lesbiska med betydande eller total synnedsättning.	
homoit0001873	Blinda bögar	Blinda homosexuella män	Bögar med betydande eller total synnedsättning.	
homoit0001874	Bisexuella blinda personer	Blinda bisexuella	Bisexuella personer med betydande eller total synnedsättning.	
homoit0001875	Blinda transpersoner		Transpersoner som har en betydande eller fullständig synnedsättning.	
homoit0001876	Queera blinda personer		Queera personer med betydande eller total synnedsättning.	
homoit0001877	Rullstolsburna hbtq+-personer		Hbtq+-personer som använder rullstol.	
homoit0001878	Dövkultur (hbtq+)		Gemenskapen av döva hbtq+-personer som delar kulturell och/eller språklig identitet.	
homoit0001879	Hbtq+-personer med kronisk sjukdom	Kroniskt sjuka hbtq+-personer	Hbtq+-personer med långvariga hälsotillstånd som kräver kontinuerlig medicinsk behandling och/eller har en betydande påverkan på eller begränsar det dagliga livet. Vissa, men inte alla, personer med kroniska sjukdomar identifierar sig som personer med funktionsnedsättning.	
homoit0001880	Lesbiska med kronisk sjukdom	Kroniskt sjuka lesbiska	Lesbiska med långvariga hälsotillstånd som kräver kontinuerlig medicinsk behandling och/eller har en betydande påverkan på eller begränsar det dagliga livet. Vissa, men inte alla, personer med kroniska sjukdomar identifierar sig som personer med funktionsnedsättning.	
homoit0001881	Bögar med kronisk sjukdom	Kroniskt sjuka bögar||Homosexuella män med kronisk sjukdom||Kroniskt sjuka homosexuella män	Bögar med långvariga hälsotillstånd som kräver kontinuerlig medicinsk behandling och/eller har en betydande påverkan på eller begränsar det dagliga livet. Vissa, men inte alla, personer med kroniska sjukdomar identifierar sig som personer med funktionsnedsättning.	
homoit0001882	Bisexuella personer med kronisk sjukdom	Kroniskt sjuka bisexuella personer	Bisexuella personer med långvariga hälsotillstånd som kräver kontinuerlig medicinsk behandling och/eller har en betydande påverkan på eller begränsar det dagliga livet. Vissa, men inte alla, personer med kroniska sjukdomar identifierar sig som personer med funktionsnedsättning.	
homoit0001883	Transpersoner med kronisk sjukdom	Kroniskt sjuka transpersoner	Transpersoner med långvariga hälsotillstånd som kräver kontinuerlig medicinsk behandling och/eller har en betydande påverkan på eller begränsar det dagliga livet. Vissa, men inte alla, personer med kroniska sjukdomar identifierar sig som personer med funktionsnedsättning.	
homoit0001884	Queera personer med kronisk sjukdom	Kroniskt sjuka queera personer	Queera personer med långvariga hälsotillstånd som kräver kontinuerlig medicinsk behandling och/eller har en betydande påverkan på eller begränsar det dagliga livet. Vissa, men inte alla, personer med kroniska sjukdomar identifierar sig som personer med funktionsnedsättning.	
homoit0001885	Diskriminering av Two-spirit-personer		Systematiskt orättvist eller fördomsfull behandling av Two-spirit-personer vilket kan ta sig uttryck i begränsad tillgång till arbete, bostad eller rättsligt erkännande.	
homoit0001886	Rullstolsburna lesbiska		Lesbiska som använder rullstol.	
homoit0001887	Rullstolsburna bögar	Rullstolsburna homosexuella män	Bögar som använder rullstol.	
homoit0001888	Rullstolsburna bisexuella personer		Bisexuella personer som använder rullstol.	
homoit0001889	Rullstolsburna transpersoner		Transpersoner som använder rullstol.	
homoit0001890	Rullstolsburna queera personer		Queera personer som använder rullstol.	
homoit0001891	Crip		En förkortning av ordet ”cripple” som återtagits av funktionsnedsatta för att kritisera de normer i samhället som skapar funktionshinder, samt för att identifiera sina politiska och gemenskapsmässiga kopplingar. Används endast i referens till individer eller organisationer som själva identifierar sig som crip. På grund av de många överlappningarna mellan cripteori/-kultur och queerteori/-kultur betraktas de ofta, men inte alltid, som relaterade.	
homoit0001892	Transmisogyni		Skärningspunkten mellan transfobi och misogyni riktad mot transkvinnor och transfeminina personer.	
homoit0001893	Diskriminering av intersexpersoner		Systematiskt orättvist eller fördomsfull behandling av intersexpersoner på grund av deras identitet, uttryck eller tillhörighet, vilket kan ta sig uttryck i begränsad tillgång till arbete, bostad eller rättsligt erkännande.	
homoit0001894	Neofallos	Neopenis||Förvärvad penis||Neokuk	Kirurgiskt konstruerad penis, vanligtvis skapad med vävnadstransplantat från andra delar av kroppen.	
homoit0001895	Masquerading		Term som användes under 1700- och 1800-talen för att beskriva förklädnad, ofta i syfte att efterlikna ett annat kön. Används endast i historiska sammanhang.	
homoit0001896	Endosex		Tillståndet att vara född med könsorgan, reproduktionssystem och kromosomer som överensstämmer med det kön personen tilldelades vid födseln (motsats till intersex).	
homoit0001897	Endosexpersoner		Personer som är födda med könsorgan, reproduktionssystem och kromosomer som överensstämmer med det kön de tilldelades vid födseln (dvs. personer som inte är intersex).	
homoit0001898	Studs		Maskulin identitet som är förknippad med svarta lesbiska gemenskaper i USA.	
homoit0001899	Könsambivalens		Könsuttryck som inte överensstämmer med en enda, tydlig könsidentitet.	
homoit0001900	Läsning (hbtq+-kultur)	Reading (hbtq+-kultur)	Slanguttryck från drag- och ballroomkulturer för att vitsigt eller skarpt kommentera någons utseende eller beteende. Beskrivs som ”en konstform av förolämpningar”.	
homoit0001901	Passera (sexualitet)		En icke-heterosexuell persons förmåga att ”passera”, det vill säga att bli uppfattad som heterosexuell av omgivningen. Begreppet har historiskt använts om ras och etnicitet men används numera också inom hbtq+-sammanhang.	
homoit0001902	Kritisk rasteori	Critical race theory	Ett tvärvetenskapligt forskningsfält och intellektuellt ramverk som används av forskare och aktivister för att analysera hur ras, klass och rättssystem samverkar i USA samt för att kritisera etablerade liberala synsätt på rasrättvisa i USA. Centrala begrepp innefattar att ras förstås som en social konstruktion utan biologisk grund och att rasism och ojämlika utfall mellan olika grupper förklaras av komplexa, föränderliga och ofta subtila sociala och institutionella processer snarare än av enskilda individers uttalade och avsiktliga fördomar.	
homoit0001903	Transmisogynoir		Term myntad av Trudy från den womanistiska (en term inom svart feministisk teoribildning) bloggen Gradient Lair för att beskriva skärningspunkten mellan transfobi, misogyni och antimuslimsk rasism riktad mot svarta transkvinnor.	
homoit0001904	Misogynoir		Term myntad av forskaren Moya Bailey för att beskriva skärningspunkten mellan misogyni och rasism mot svarta riktad mot svarta kvinnor.	
homoit0001905	Zaps		Zaps är offentliga aktioner som populariserades av homosexuella befrielsegruppen Gays Activists Alliance. De syftar till att konfrontera eller genera enskilda politiker eller offentliga företrädare, samtidigt som de riktar uppmärksamhet mot den homosexuella befrielserörelsen.	
homoit0001906	Dragartister		Artister som klär sig och/eller använder smink för att skapa, framhäva och/eller överdriva drag som förknippas med ett visst kön, vilket kan vara eller inte vara det kön som utövaren i första hand identifierar sig med.	
homoit0001907	Häxor (hbtq)		Hbtq+-personer som utövar wicca eller andra hedniska religioner och som identifierar sig som häxor.	
homoit0001908	Lesbiska häxor		Lesbiska som utövar wicca eller andra hedniska religioner och som identifierar sig som häxor.	
homoit0001909	Böghäxor	Gayhäxor||Homosexuella manliga häxor	Bögar som utövar wicca eller andra hedniska religioner och som identifierar sig som häxor.	
homoit0001910	Bisexuella häxor		Bisexuella personer som utövar wicca eller andra hedniska religioner och som identifierar sig som häxor.	
homoit0001911	Transhäxor	Häxor som är transpersoner	Transpersoner som utövar wicca eller andra hedniska religioner och som identifierar sig som häxor.	
homoit0001912	Queera häxor		Queera personer som utövar wicca eller andra hedniska religioner och som identifierar sig som häxor.	
homoit0001913	Intersexhäxor		Intersexpersoner som utövar wicca eller andra hedniska religioner och som identifierar sig som häxor.	
homoit0001914	Two-spirit-identitet		Identitetsterm som används av nordamerikanska urfolk för att återknyta till mångfalden av könsroller och sexuella roller i urfolkskulturer.	
homoit0001915	Monosexuella personer		Personer som endast attraheras av ett kön. Inkluderar homosexuella och heterosexuella personer.	
homoit0001916	Monogama personer		Personer som har sexuella eller romantiska relationer med endast en person åt gången.	
homoit0001917	Allosexuella		Personer som generellt upplever sexuell attraktion eller önskan om sexuella upplevelser med en eller flera partner.	
homoit0001918	Transgenderqueer-identitet		Identitetsterm som beskriver skärningspunkten mellan transidentitet och genderqueer-identitet.	
homoit0001919	Polysexuella personer		Personer som upplever sexuell attraktion till mer än ett kön. Inkluderar bisexuella och pansexuella personer.	
homoit0001920	Ickebinär identitet		Könsidentitet som ligger utanför det binära könssystemet och som antingen kan avse en enskild könsidentitet eller fungera som samlingsterm för könsidentiteter utanför könsbinariteten inom det euro-amerikanska könssystemet.	
homoit0001921	Genderqueer-identitet	GQ	Könsidentitet som inte följer könsbinariteten och som betonar en koppling till queera politiska perspektiv.	
homoit0001922	Könsöverskridande identitet		Könsidentitet som inte följer könsbinariteten. Ska inte förväxlas med könsuttryck hos cispersoner som inte följer traditionella könsnormer.	
homoit0001923	Demigender-identitet		Samlingsbegrepp för könsidentiteter som betonar en delvis anknytning till ett visst kön eller till begreppet kön.	
homoit0001924	Cissexualitet		Term som används för att beskriva personer som identifierar sig med det kön de tilldelades vid födseln.	
homoit0001925	Cisidentitet		Term som används för att beskriva identiteten hos personer som identifierar sig med det kön de tilldelades vid födseln.	
homoit0001926	Pansexualitet		Sexuell identitet som beskriver sexuell och/eller romantisk attraktion till personer oavsett kön.	
homoit0001927	Agender-identitet		Identitetsterm som används för att beskriva personer som inte har något kön eller som identifierar sig som könlösa.	
homoit0001928	BIPOC		Akronym som främst används i USA för att beskriva svarta, urfolk och icke-vita/people of color som en grupp, samtidigt som den betonar de specifika erfarenheterna hos svarta och urfolk.	
homoit0001929	Idrottare (hbtq+)	Idrottskvinnor (hbtq+)||Idrottsmän (hbtq+)||Idrottspersoner (hbtq+)	Hbtq+-personer som ägnar sig åt professionell eller rekreationell idrott.	
homoit0001930	Lesbiska idrottare		Lesbiska som ägnar sig åt professionell eller rekreationell idrott.	
homoit0001931	Homosexuella idrottsmän		Bögar som ägnar sig åt professionell eller rekreationell idrott.	
homoit0001932	Bisexuella idrottare		Bisexuella personer som ägnar sig åt professionell eller rekreationell idrott.	
homoit0001933	Idrottare som är transpersoner		Transpersoner som ägnar sig åt professionell eller rekreationell idrott.	
homoit0001934	Queera idrottare		Queera personer som ägnar sig åt professionell eller rekreationell idrott.	
homoit0001935	Intersexidrottare		Intersexpersoner som ägnar sig åt professionell eller rekreationell idrott.	
homoit0001936	Two-spirit-idrottare		Two-spirit-personer som ägnar sig åt professionell eller rekreationell idrott.	
homoit0001937	Lesbiska pacifikamerikaner	Lesbiska med stillahavsöbakgrund som identifierar sig som amerikanska	Lesbiska personer som identifierar sig som både amerikanska och som personer med ursprung i Stillahavsöarna.	
homoit0001938	Pacifikamerikanska bögar	Bögar med stillahavsöbakgrund som identifierar sig som amerikanska	Bögar som identifierar sig som både amerikanska och som personer med ursprung i Stillahavsöarna.	
homoit0001939	Bisexuella pacifikamerikaner	Bisexuella personer med stillahavsöbakgrund som identifierar sig som amerikanska	Bisexuella personer som identifierar sig som både amerikanska och som personer med ursprung i Stillahavsöarna.	
homoit0001940	Pacifikamerikanska transpersoner	Transpersoner med stillahavsöbakgrund som identifierar sig som amerikanska	Transpersoner som identifierar sig som både amerikanska och som personer med ursprung i Stillahavsöarna.	
homoit0001941	Queera pacifikamerikaner	Queera personer med stillahavsöbakgrund som identifierar sig som amerikanska	Queera personer som identifierar sig som både amerikanska och som personer med ursprung i Stillahavsöarna.	
homoit0001942	Pacifikamerikanska intersexpersoner	Intersexpersoner med stillahavsöbakgrund som identifierar sig som amerikanska	Intersexpersoner som identifierar sig som både amerikanska och som personer med ursprung i Stillahavsöarna.	
homoit0001943	Lesbiska papuaner		Lesbiska som är papuanska eller tillhör något av Nya Guineas ursprungsfolk. Använd endast för personer som själva identifierar sig som papuanska.	
homoit0001944	Papuanska bögar		Bögar som är papuanska eller tillhör något av Nya Guineas ursprungsfolk. Använd endast för personer som själva identifierar sig som papuanska.	
homoit0001945	Bisexuella papuaner		Bisexuella personer som är papuanska eller tillhör något av Nya Guineas ursprungsfolk. Använd endast för personer som själva identifierar sig som papuanska.	
homoit0001946	Papuanska transpersoner		Transpersoner som är papuanska eller tillhör något av Nya Guineas ursprungsfolk. Använd endast för personer som själva identifierar sig som papuanska.	
homoit0001947	Queera papuaner		Queera personer som är papuanska eller tillhör något av Nya Guineas ursprungsfolk. Använd endast för personer som själva identifierar sig som papuanska.	
homoit0001948	Papuanska intersexpersoner		Intersexpersoner som är papuanska eller tillhör något av Nya Guineas ursprungsfolk. Använd endast för personer som själva identifierar sig som papuanska.	
homoit0001949	Lesbiska romer		Lesbiska som är romer.	
homoit0001950	Romska bögar		Bögar som är romer.	
homoit0001951	Bisexuella romer		Bisexuella personer som är romer.	
homoit0001952	Romska transpersoner		Transpersoner som är romer.	
homoit0001953	Queera romer		Queera personer som är romer.	
homoit0001954	Romska intersexpersoner		Intersexpersoner som är romer.	
homoit0001955	Kānaka Maoli (hbtq+)		Hbtq+-personer som tillhör det ursprungliga folket på Hawai‘i (Mokupuni o Hawai‘i). Används endast för personer som identifierar sig som Kānaka Maoli.	
homoit0001956	Lesbiska Kānaka Maoli		Lesbiska som tillhör det ursprungliga folket på Hawai‘i (Mokupuni o Hawai‘i). Används endast för personer som identifierar sig som Kānaka Maoli.	
homoit0001957	Bögar som är Kānaka Maoli		Bögar som tillhör det ursprungliga folket på Hawai‘i (Mokupuni o Hawai‘i). Används endast för personer som identifierar sig som Kānaka Maoli.	
homoit0001958	Bisexuella Kānaka Maoli		Bisexuella personer som tillhör det ursprungliga folket på Hawai‘i (Mokupuni o Hawai‘i). Används endast för personer som identifierar sig som Kānaka Maoli.	
homoit0001959	Transpersoner som är Kānaka Maoli		Transpersoner som tillhör det ursprungliga folket på Hawai‘i (Mokupuni o Hawai‘i). Används endast för personer som identifierar sig som Kānaka Maoli och som är transpersoner.	
homoit0001960	Queera Kānaka Maoli		Queera personer som tillhör det ursprungliga folket på Hawai‘i (Mokupuni o Hawai‘i). Används endast för personer som identifierar sig som Kānaka Maoli.	
homoit0001961	Intersexperson som är Kānaka Maoli		Intersexpersoner som tillhör det ursprungliga folket på Hawai‘i (Mokupuni o Hawai‘i). Används endast för personer som identifierar sig som Kānaka Maoli.	
homoit0001962	Inuitiska lesbiska		Lesbiska som är inuiter eller tillhör något av de urfolk som lever i inuiternas hemland i de arktiska och subarktiska regionerna på Grönland, i Kanada och i Alaska. Används endast för personer som själva identifierar sig som inuiter.	
homoit0001963	Inuituska bögar	Inuitiska homosexuella män	Bögar som är inuiter eller tillhör något av de urfolk som lever i inuiternas hemland i de arktiska och subarktiska regionerna på Grönland, i Kanada och i Alaska. Används endast för personer som själva identifierar sig som inuiter.	
homoit0001964	Bisexuella inuiter		Bisexuella personer som är inuiter eller tillhör något av de urfolk som lever i inuiternas hemland i de arktiska och subarktiska regionerna på Grönland, i Kanada och i Alaska. Används endast för personer som själva identifierar sig som inuiter.	
homoit0001965	Inuitiska transpersoner		Transpersoner som är inuiter eller tillhör något av de urfolk som lever i inuiternas hemland i de arktiska och subarktiska regionerna på Grönland, i Kanada och i Alaska. Används endast för personer som själva identifierar sig som inuiter.	
homoit0001966	Queera inuiter		Queera personer som är inuiter eller tillhör något av de urfolk som lever i inuiternas hemland i de arktiska och subarktiska regionerna på Grönland, i Kanada och i Alaska. Används endast för personer som själva identifierar sig som inuiter.	
homoit0001967	Inuituska intersexpersoner		Intersexpersoner som är inuiter eller tillhör något av de urfolk som lever i inuiternas hemland i de arktiska och subarktiska regionerna på Grönland, i Kanada och i Alaska. Används endast för personer som själva identifierar sig som inuiter.	
homoit0001968	Lesbiska från urfolk	Lesbiska från ursprungsbefolkningar	Lesbiska som tillhör ett urfolk eller en kulturellt särskiljbar etnisk grupp vars medlemmar härstammar direkt från de tidigast kända invånarna i ett visst område, och som till viss del bevarar språk och kultur. Används endast för personer som själva identifierar sig som urfolk. Använd mer specifika termer om möjligt.	
homoit0001969	Bögar från urfolk	Bögar från ursprungsbefolkningar||Homosexuella män från urfolk||Homosexuella män från ursprungsbefolkningar	Bögar som tillhör ett urfolk eller en kulturellt särskiljbar etnisk grupp vars medlemmar härstammar direkt från de tidigast kända invånarna i ett visst område, och som till viss del bevarar språk och kultur. Används endast för personer som själva identifierar sig som urfolk. Använd mer specifika termer om möjligt.	
homoit0001970	Bisexuella personer från urfolk	Bisexuella personer från ursprungsbefolkningar	Bisexuella personer som tillhör ett urfolk eller en kulturellt särskiljbar etnisk grupp vars medlemmar härstammar direkt från de tidigast kända invånarna i ett visst område, och som till viss del bevarar språk och kultur. Används endast för personer som själva identifierar sig som urfolk. Använd mer specifika termer om möjligt.	
homoit0001971	Transpersoner från urfolk	Transpersoner från ursprungsbefolkningar	Transpersoner som tillhör ett urfolk eller en kulturellt särskiljbar etnisk grupp vars medlemmar härstammar direkt från de tidigast kända invånarna i ett visst område, och som till viss del bevarar språk och kultur. Används endast för personer som själva identifierar sig som urfolk. Använd mer specifika termer om möjligt.	
homoit0001972	Queera personer från urfolk	Queera personer från ursprungsbefolkningar	Queera personer som tillhör ett urfolk eller en kulturellt särskiljbar etnisk grupp vars medlemmar härstammar direkt från de tidigast kända invånarna i ett visst område, och som till viss del bevarar språk och kultur. Används endast för personer som själva identifierar sig som urfolk. Använd mer specifika termer om möjligt.	
homoit0001973	Intersexpersoner från urfolk	Intersexpersoner från ursprungsbefolkningar	Intersexpersoner som tillhör ett urfolk eller en kulturellt särskiljbar etnisk grupp vars medlemmar härstammar direkt från de tidigast kända invånarna i ett visst område, och som till viss del bevarar språk och kultur. Används endast för personer som själva identifierar sig som urfolk. Använd mer specifika termer om möjligt.	
homoit0001974	Lesbiska aboriginer		Lesbiska som tillhör ett eller flera av de olika ursprungsfolken i Australien. Använd inte begreppet för att hänvisa till ursprungsbefolkningen på Torressundöarna, eftersom de utgör en egen etnisk och kulturell grupp. Det bör endast användas för att beskriva personer som identifierar sig som aboriginer.	
homoit0001975	Aborginska bögar		Bögar som tillhör ett eller flera av de olika ursprungsfolken i Australien. Använd inte begreppet för att hänvisa till ursprungsbefolkningen på Torressundöarna, eftersom de utgör en egen etnisk och kulturell grupp. Det bör endast användas för att beskriva personer som identifierar sig som aboriginer.	
homoit0001976	Bisexuella aboriginer		Bisexuella personer som tillhör ett eller flera av de olika ursprungsfolken i Australien. Använd inte begreppet för att hänvisa till ursprungsbefolkningen på Torressundöarna, eftersom de utgör en egen etnisk och kulturell grupp. Det bör endast användas för att beskriva personer som identifierar sig som aboriginer.	
homoit0001977	Aborginska transpersoner		Transpersoner som tillhör ett eller flera av de olika ursprungsfolken i Australien. Använd inte begreppet för att hänvisa till ursprungsbefolkningen på Torressundöarna, eftersom de utgör en egen etnisk och kulturell grupp. Det bör endast användas för att beskriva personer som identifierar sig som aboriginer.	
homoit0001978	Queera aboriginer		Queera personer som tillhör ett eller flera av de olika ursprungsfolken i Australien. Använd inte begreppet för att hänvisa till ursprungsbefolkningen på Torressundöarna, eftersom de utgör en egen etnisk och kulturell grupp. Det bör endast användas för att beskriva personer som identifierar sig som aboriginer.	
homoit0001979	Aborginska intersexpersoner		Intersexpersoner som tillhör ett eller flera av de olika ursprungsfolken i Australien. Använd inte begreppet för att hänvisa till ursprungsbefolkningen på Torressundöarna, eftersom de utgör en egen etnisk och kulturell grupp. Det bör endast användas för att beskriva personer som identifierar sig som aboriginer.	
homoit0001980	GRID (Gay-Related Immune Deficiency)	GRIDS	Det ursprungliga namnet för aids, som föreslogs efter att folkhälsovetare upptäckte kluster av Kaposis sarkom och Pneumocystis pneumoni bland bögar i Kalifornien och New York. Bör endast användas i historiska sammanhang.	
homoit0001981	Antiretroviral läkemedelsterapi	Antiretroviral läkemedelsbehandling	Behandling som kombinerar tre eller fler läkemedel för att behandla hiv genom att förhindra att viruset kopierar sig i kroppen. Kan minska skador på immunförsvaret, bromsa utvecklingen av aids och förhindra smittöverföring.	
homoit0001982	Hbtq+-hemmafilmer		Korta amatörfilmer eller videor som främst skapats för att bevara minnen. Används för hemmavideor skapade av eller med hbtq+-personer.	
homoit0001983	Vloggar (hbtq+)	Hbtq+-vloggar	En form av videoblogg där en person berättar om sitt liv i korta videoklipp. Används för vloggar skapade av hbtq+-personer eller med fokus på hbtq+-frågor.	
homoit0001984	Bröstvårtor		Den yttre delen av bröstet som ofta är känslig och kan reagera på beröring. Sitter centralt på vårtgården.	
homoit0001985	Demiromantiska personer		Personer som upplever romantisk attraktion till andra först efter att ha etablerat emotionella band.	
homoit0001986	Demiromantik		Romantisk orientering där romantisk attraktion till andra endast upplevs efter att emotionella band har etablerats.	
homoit0001987	Gråromantiker	Gråromantiska personer||Greyromatic-personer	Personer som upplever romantisk attraktion som är sällsynt, lågintensiv eller mycket sällan förekommande.	
homoit0001988	Gråromantik	Greyromanticism	Ett paraplybegrepp för romantiska läggningar som kännetecknas av sällsynt, lågintensiv eller mycket sällan förekommande romantisk attraktion.	
homoit0001989	Hbtq+-personer som är mobbningsoffer	Hbtq+-personer som utsatts för mobbning	Hbtq+-personer som har upplevt mobbning på grund av sin sexuella identitet och som kan ha överlevt eller inte. Följ individens preferens för att använda ”offer” eller ”överlevare” när det är möjligt.	
homoit0001990	Lesbiska mobbningsoffer	Lesbiska som utsatts för mobbning	Lesbiska som har upplevt mobbning på grund av sin sexuella identitet och som kan ha överlevt eller inte. Följ individens preferens för att använda ”offer” eller ”överlevare” när det är möjligt.	
homoit0001991	Bögar som är mobbningsoffer	Bögar som utsatts för mobbning||Homosexuella män som är mobbningsoffer	Bögar som har upplevt mobbning på grund av sin sexuella identitet och som kan ha överlevt eller inte. Följ individens preferens för att använda ”offer” eller ”överlevare” när det är möjligt.	
homoit0001992	Bisexuella mobbningsoffer	Bisexuella som utsatts för mobbning	Bisexuella personer som har upplevt mobbning på grund av sin sexuella identitet och som kan ha överlevt eller inte. Följ individens preferens för att använda ”offer” eller ”överlevare” när det är möjligt.	
homoit0001993	Transpersoner som är mobbningsoffer	Transpersoner som utsatts för mobbning	Transpersoner som har upplevt mobbning på grund av sin könsidentitet och som kan ha överlevt eller inte. Följ individens eget språkbruk om de föredrar offer eller överlevare.	
homoit0001994	Queera mobbningsoffer	Queera personer som utsatts för mobbning	Queera personer i åldern 12–18 år som har upplevt mobbning på grund av sin könsidentitet eller sexuella identitet och som kan ha överlevt eller inte. Följ individens eget språkbruk för begrepp som ”offer” eller ”överlevare”.	
homoit0001995	Asexuella mobbningsoffer	Asexuella som utsatts för mobbning	Asexuella personer som har upplevt mobbning på grund av sin sexuella identitet och som kan ha överlevt eller inte. Följ individens preferens för att använda ”offer” eller ”överlevare” när det är möjligt.	
homoit0001996	Intersexpersoner som är mobbningsoffer	Intersexpersoner som utsatts för mobbning	Intersexpersoner som har upplevt mobbning på grund av sin könsidentitet eller sexuella identitet och som kan ha överlevt eller inte. Följ individens preferens för att använda ”offer” eller ”överlevare” när det är möjligt.	
homoit0001997	Two-spirit-personer är mobbningsoffer	Two-spirit-personer som utsatts för mobbning	Two-spirit-personer som har upplevt mobbning på grund av sin könsidentitet eller sexuella identitet och som kan ha överlevt eller inte. Följ individens eget språkbruk om de föredrar offer eller överlevare.	
homoit0001998	Hbtq+-personer som överlevt mobbning	Hbtq+-personer som är mobbningsöverlevare	Hbtq+-personer som har upplevt och överlevt mobbning på grund av sin könsidentitet eller sexuella identitet. Följ individens preferens för att använda ”offer” eller ”överlevare” när det är möjligt.	
homoit0001999	Lesbiska som överlevt mobbning	Lesbiska mobbningsöverlevare	Lesbiska som har upplevt och överlevt mobbning på grund av sin könsidentitet eller sexuella identitet. Följ individens preferens för att använda ”offer” eller ”överlevare” när det är möjligt.	
homoit0002000	Bögar som överlevt mobbning	Bögar som är mobbningsöverlevare||Homosexuella män som överlevt mobbning	Bögar som har upplevt och överlevt mobbning på grund av sin könsidentitet eller sexuella identitet. Följ individens preferens för att använda ”offer” eller ”överlevare” när det är möjligt.	
homoit0002001	Bisexuella överlevare av mobbning	Bisexuella mobbningsöverlevare	Bisexuella personer som har upplevt och överlevt mobbning på grund av sin könsidentitet eller sexuella identitet. Följ individens preferens för att använda ”offer” eller ”överlevare” när det är möjligt.	
homoit0002002	Transpersoner som överlevt mobbning	Transpersoner som är mobbningsöverlevare	Transpersoner som har upplevt och överlevt mobbning på grund av sin könsidentitet. Följ individens preferens för att använda ”offer” eller ”överlevare” när det är möjligt.	
homoit0002003	Queera personer som överlevt mobbning	Queera mobbningsöverlevare	Queera personer som har upplevt och överlevt mobbning på grund av sin könsidentitet eller sexuella identitet. Följ individens preferens för att använda ”offer” eller ”överlevare” när det är möjligt.	
homoit0002004	Asexuella överlevare av mobbning	Asexuella mobbningsöverlevare	Asexuella personer som har upplevt och överlevt mobbning på grund av sin könsidentitet eller sexuella identitet. Följ individens preferens för att använda ”offer” eller ”överlevare” när det är möjligt.	
homoit0002005	Intersexpersoner som överlevt mobbning		Intersexpersoner som har upplevt och överlevt mobbning på grund av sin könsidentitet eller sexuella identitet. Följ individens preferens för att använda ”offer” eller ”överlevare” när det är möjligt.	
homoit0002006	Two-spirit-personer som överlevt mobbning	Two-spirit-personer som är mobbningsöverlevare	Two-spirit-personer som har upplevt och överlevt mobbning på grund av sin könsidentitet eller sexuella identitet. Följ individens preferens för att använda ”offer” eller ”överlevare” när det är möjligt.	
homoit0002007	Hbtq+-personer som är chicano/a/x		Hbtq+-personer av mexikanskt ursprung födda i USA. Används endast för personer som själva identifierar sig som chicano, chicana eller chicanx. Ska inte förväxlas med latino/a/x eller spansktalande personer.	
homoit0002008	Lesbiska chicano/a/x-personer		Lesbiska av mexikanskt ursprung födda i USA. Används endast för personer som själva identifierar sig som chicano, chicana eller chicanx. Ska inte förväxlas med latino/a/x eller spansktalande personer.	
homoit0002009	Arabiska hbtq+-personer		Hbtq+-personer som kommer från arabvärlden och/eller har arabiskt ursprung. Ska inte förväxlas med muslimer.	
homoit0002010	Lesbiska araber		Lesbiska som kommer från arabvärlden och/eller har arabiskt ursprung. Ska inte förväxlas med muslimer.	
homoit0002011	Arabiska bögar		Bögar som kommer från arabvärlden och/eller har arabiskt ursprung. Ska inte förväxlas med muslimer.	
homoit0002012	Bisexuella araber		Bisexuella personer som kommer från arabvärlden och/eller har arabiskt ursprung. Ska inte förväxlas med muslimer.	
homoit0002013	Arabiska transpersoner		Transpersoner som kommer från arabvärlden och/eller har arabiskt ursprung. Ska inte förväxlas med muslimer.	
homoit0002014	Queera araber		Queera personer som kommer från arabvärlden och/eller har arabiskt ursprung. Ska inte förväxlas med muslimer.	
homoit0002015	Asexuella araber		Asexuella personer som kommer från arabvärlden och/eller har arabiskt ursprung. Ska inte förväxlas med muslimer.	
homoit0002016	Arabiska intersexpersoner		Intersexpersoner som kommer från arabvärlden och/eller har arabiskt ursprung. Ska inte förväxlas med muslimer.	
homoit0002017	Bögar som är Chicano/a/x	Chicano/a/x-bögar	Bögar av mexikanskt ursprung födda i USA. Används endast för personer som själva identifierar sig som chicano, chicana eller chicanx. Ska inte förväxlas med latino/a/x eller spansktalande personer.	
homoit0002018	Bisexuella Chicano/a/x-personer		Bisexuella personer av mexikanskt ursprung födda i USA. Används endast för personer som själva identifierar sig som chicano, chicana eller chicanx. Ska inte förväxlas med latino/a/x eller spansktalande personer.	
homoit0002019	Chicano/a/x transpersoner		Transpersoner av mexikanskt ursprung födda i USA. Används endast för personer som själva identifierar sig som chicano, chicana eller chicanx. Ska inte förväxlas med latino/a/x eller spansktalande personer.	
homoit0002020	Queera chicano/a/x		Queera personer av mexikanskt ursprung födda i USA. Används endast för personer som själva identifierar sig som chicano, chicana eller chicanx. Ska inte förväxlas med latino/a/x eller spansktalande personer.	
homoit0002021	Intersexpersoner som är chicano/a/x		Intersexpersoner av mexikanskt ursprung födda i USA. Används endast för personer som själva identifierar sig som chicano, chicana eller chicanx. Ska inte förväxlas med latino/a/x eller spansktalande personer.	
homoit0002022	Hbtq+-personer som är hispanic		Hbtq+-personer som kommer från eller härstammar från Spanien eller andra regioner som tidigare varit under spanskt kolonialt styre och där spanska är det dominerande språket. Används endast för personer som själva identifierar sig som hispanic och ska inte sammanblandas med latino/a/x eller chicano/a/x.	
homoit0002023	Lesbiska hispanic		Lesbiska som kommer från eller härstammar från Spanien eller andra regioner som tidigare varit under spanskt kolonialt styre och där spanska är det dominerande språket. Används endast för personer som själva identifierar sig som hispanic och ska inte sammanblandas med latino/a/x eller chicano/a/x.	
homoit0002024	Bögar som är hispanic		Bögar som kommer från eller härstammar från Spanien eller andra regioner som tidigare varit under spanskt kolonialt styre och där spanska är det dominerande språket. Används endast för personer som själva identifierar sig som hispanic och ska inte sammanblandas med latino/a/x eller chicano/a/x.	
homoit0002025	Bisexuella hispanic		Bisexuella personer som kommer från eller härstammar från Spanien eller andra regioner som tidigare varit under spanskt kolonialt styre och där spanska är det dominerande språket. Används endast för personer som själva identifierar sig som hispanic och ska inte sammanblandas med latino/a/x eller chicano/a/x.	
homoit0002026	Transpersoner som är hispanic		Transpersoner som kommer från eller härstammar från Spanien eller andra regioner som tidigare varit under spanskt kolonialt styre och där spanska är det dominerande språket. Används endast för personer som själva identifierar sig som hispanic och ska inte sammanblandas med latino/a/x eller chicano/a/x.	
homoit0002027	Queera hispanic		Queera personer som kommer från eller härstammar från Spanien eller andra regioner som tidigare varit under spanskt kolonialt styre och där spanska är det dominerande språket. Används endast för personer som själva identifierar sig som hispanic och ska inte sammanblandas med latino/a/x eller chicano/a/x.	
homoit0002028	Intersexpersoner som är hispanic		Intersexpersoner som kommer från eller härstammar från Spanien eller andra regioner som tidigare varit under spanskt kolonialt styre och där spanska är det dominerande språket. Används endast för personer som själva identifierar sig som hispanic och ska inte sammanblandas med latino/a/x eller chicano/a/x.	
homoit0002029	Arbetslivsvillkor för hbtq+-personer		Hbtq+-personers situation på arbetsplatsen, inklusive acceptans, bemötande och villkor i arbetslivet.	
homoit0002030	Arbetslivsvillkor för lesbiska		Lesbiskas situation på arbetsplatsen, inklusive acceptans, bemötande och villkor i arbetslivet.	
homoit0002031	Arbetslivsvillkor för bögar	Arbetslivsvillkor för homosexuella män	Bögars situation på arbetsplatsen, inklusive acceptans, bemötande och villkor i arbetslivet.	
homoit0002032	Arbetslivsvillkor för bisexuella		Bisexuella personers situation på arbetsplatsen, inklusive acceptans, bemötande och villkor i arbetslivet.	
homoit0002033	Arbetslivsvillkor för transpersoner		Transpersoners situation på arbetsplatsen, inklusive acceptans, bemötande och villkor i arbetslivet.	
homoit0002034	Arbetslivsvillkor för queera personer		Queera personers situation på arbetsplatsen, inklusive acceptans, bemötande och villkor i arbetslivet.	
homoit0002035	Arbetslivsvillkor för Two-spirit-personer		Two-spirit-personers situation på arbetsplatsen, inklusive acceptans, bemötande och villkor i arbetslivet.	
homoit0002036	Arbetslivsvillkor för intersexpersoner		Intersexpersoners situation på arbetsplatsen, inklusive acceptans, bemötande och villkor i arbetslivet.	
homoit0002037	Arbetslivsvillkor för asexuella		Asexuella personers situation på arbetsplatsen, inklusive acceptans, bemötande och villkor i arbetslivet.	
homoit0002038	Rasism		Föreställningen att mänskliga grupper har medfödda beteenden kopplade till biologiska egenskaper, vilket ofta leder till hierarkier mellan raser. Inkluderar fördomar, diskriminering och fientlighet mot andra utifrån upplevd ras.	
homoit0002039	Feministisk teori		Utvidgning av feminismen till teoretiska, skönlitterära eller filosofiska diskurser, ofta med syftet att förstå könsrelaterad ojämlikhet.	
homoit0002040	Den kvinnliga blicken		En term som används för att beskriva hur kvinnor porträtteras i medier och konst som subjekt med egen vilja och perspektiv. Används ofta i kontrast till den manliga blicken.	
homoit0002041	Den manliga blicken		En term som används för att beskriva sexualiserade och objektifierande framställningar av kvinnor i medier och konst, ur ett manligt, heterosexuellt perspektiv och till för den manliga betraktaren. Termen användes ursprungligen enbart för den heterosexuella, ciskönade blicken men har sedan dess breddats.	
homoit0002042	Den queera blicken		Ett begrepp som beskriver hur hbtq+-personer skapar och förhåller sig till media och konst, i kontrast till den manliga, kvinnliga eller heterosexuella blicken.	
homoit0002043	Feminine of center		Nordamerikansk term som används för att beskriva individer vars könsuttryck är mer feminint än androgynt. Används i regel som en självbeskrivande term inom hbtq+-gemenskaper.	
homoit0002044	Sydasiatiska hbtq+-personer		Hbtq+-personer som tillhör eller härstammar från Sydasiens etnolingvistiska grupper (etnisk och språklig grupp).	
homoit0002045	Sydasiatiska lesbiska		Lesbiska som tillhör eller härstammar från Sydasiens etnolingvistiska grupper (etnisk och språklig grupp).	
homoit0002046	Sydasiatiska bögar		Bögar som tillhör eller härstammar från Sydasiens etnolingvistiska grupper (etnisk och språklig grupp).	
homoit0002047	Sydasiatiska bisexuella personer		Bisexuella personer som tillhör eller härstammar från Sydasiens etnolingvistiska grupper (etnisk och språklig grupp).	
homoit0002048	Sydasiatiska queera personer		Queera personer som tillhör eller härstammar från Sydasiens etnolingvistiska grupper (etnisk och språklig grupp).	
homoit0002049	Sydasiatiska intersexpersoner		Intersexpersoner som tillhör eller härstammar från Sydasiens etnolingvistiska grupper (etnisk och språklig grupp).	
homoit0002050	Sydasiatiska transpersoner		Transpersoner som tillhör eller härstammar från Sydasiens etnolingvistiska grupper (etnisk och språklig grupp).	
homoit0002051	Sydasiatiska asexuella personer		Asexuella personer som tillhör eller härstammar från Sydasiens etnolingvistiska grupper (etnisk och språklig grupp).	
homoit0002052	Indiska hbtq+-personer		Hbtq+-personer som är födda i Indien eller har indisk bakgrund.	
homoit0002053	Lesbiska indier		Lesbiska som är födda i Indien eller har indisk bakgrund.	
homoit0002054	Indiska bögar	Indiska homosexuella män	Bögar som är födda i Indien eller har indisk bakgrund.	
homoit0002055	Indiska bisexuella		Bisexuella personer som är födda i Indien eller har indisk bakgrund.	
homoit0002056	Queera indier		Queera personer som är födda i Indien eller har indisk bakgrund.	
homoit0002057	Indiska intersexpersoner		Intersexpersoner som är födda i Indien eller har indisk bakgrund.	
homoit0002058	Indiska transpersoner		Transpersoner som är födda i Indien eller har indisk bakgrund.	
homoit0002059	Indiska asexuella		Asexuella personer som är födda i Indien eller har indisk bakgrund.	
homoit0002060	Assamesiska hbtq+-personer		Hbtq+-personer som tillhör den socio-etniska gruppen assameser, talar assamesiska eller bor i den indiska delstaten Assam.	
homoit0002061	Masculine of center		Term som används för att beskriva personer vars könsuttryck är mer maskulint än androgynt. Används i regel som en självbeskrivning inom vissa hbtq+-gemenskaper.	
homoit0002062	Incestöverlevare (hbtq+)		Hbtq+-personer som har upplevt och överlevt incest. Följ individens eget språkbruk om de föredrar ”offer” eller ”överlevare”.	
homoit0002063	Lesbiska assameser		Lesbiska som tillhör den socio-etniska gruppen assameser, talar assamesiska eller bor i den indiska delstaten Assam.	
homoit0002064	Assamesiska bögar		Bögar som tillhör den socio-etniska gruppen assameser, talar assamesiska eller bor i den indiska delstaten Assam.	
homoit0002065	Bisexuella assameser		Bisexuella personer som tillhör den socio-etniska gruppen assameser, talar assamesiska eller bor i den indiska delstaten Assam.	
homoit0002066	Queera assameser		Queera personer som tillhör den socio-etniska gruppen assameser, talar assamesiska eller bor i den indiska delstaten Assam.	
homoit0002067	Assamesiska intersexpersoner		Intersexpersoner som tillhör den socio-etniska gruppen assameser, talar assamesiska eller bor i den indiska delstaten Assam.	
homoit0002068	Assamesiska transpersoner		Transpersoner som tillhör den socio-etniska gruppen assameser, talar assamesiska eller bor i den indiska delstaten Assam.	
homoit0002069	Asexuella assameser		Asexuella personer som tillhör den socio-etniska gruppen assameser, talar assamesiska eller bor i den indiska delstaten Assam.	
homoit0002070	Awadhiska hbtq+-personer		Hbtq+-personer som talar awadhi och bor i eller härstammar från personer som bodde i Awadh-regionen i Uttar Pradesh.	
homoit0002071	Lesbiska awadhier		Lesbiska som talar awadhi och bor i eller härstammar från personer som bodde i Awadh-regionen i Uttar Pradesh.	
homoit0002072	Awadhiska bögar		Bögar som talar awadhi och bor i eller härstammar från personer som bodde i Awadh-regionen i Uttar Pradesh.	
homoit0002073	Bisexuella awadhier		Bisexuella personer som talar awadhi och bor i eller härstammar från personer som bodde i Awadh-regionen i Uttar Pradesh.	
homoit0002074	Queera awadhier		Queera personer som talar awadhi och bor i eller härstammar från personer som bodde i Awadh-regionen i Uttar Pradesh.	
homoit0002075	Awadhiska transpersoner		Transpersoner som talar awadhi och bor i eller härstammar från personer som bodde i Awadh-regionen i Uttar Pradesh.	
homoit0002076	Awadhiska intersexpersoner		Intersexpersoner som talar awadhi och bor i eller härstammar från personer som bodde i Awadh-regionen i Uttar Pradesh.	
homoit0002077	Asexuella awadhier		Asexuella personer som talar awadhi och bor i eller härstammar från personer som bodde i Awadh-regionen i Uttar Pradesh.	
homoit0002078	Bhojpuriska hbtq+-personer		Hbtq+-personer som talar bhojpuri och bor i eller härstammar från personer som levde i Bhojpuri-Purvanchal-regionen i Indien och Nepal.	
homoit0002079	Lesbiska bhojpurier		Lesbiska som talar bhojpuri och bor i eller härstammar från personer som levde i Bhojpuri-Purvanchal-regionen i Indien och Nepal.	
homoit0002080	Bhojpuriska bögar		Bögar som talar bhojpuri och bor i eller härstammar från personer som levde i Bhojpuri-Purvanchal-regionen i Indien och Nepal.	
homoit0002081	Bisexuella bhojpurier		Bisexuella personer som talar bhojpuri och bor i eller härstammar från personer som levde i Bhojpuri-Purvanchal-regionen i Indien och Nepal.	
homoit0002082	Queera bhojpurier		Queera personer som talar bhojpuri och bor i eller härstammar från personer som levde i Bhojpuri-Purvanchal-regionen i Indien och Nepal.	
homoit0002083	Bhojpuriska transpersoner		Transpersoner som talar bhojpuri och bor i eller härstammar från personer som levde i Bhojpuri-Purvanchal-regionen i Indien och Nepal.	
homoit0002084	Bhojpuriska intersexpersoner		Intersexpersoner som talar bhojpuri och bor i eller härstammar från personer som levde i Bhojpuri-Purvanchal-regionen i Indien och Nepal.	
homoit0002085	Asexuella bhojpurier		Asexuella personer som talar bhojpuri och bor i eller härstammar från personer som levde i Bhojpuri-Purvanchal-regionen i Indien och Nepal.	
homoit0002086	Bengaliska hbtq+-personer		Hbtq+-personer som talar bengali eller är av bengalisk härkomst.	
homoit0002087	Lesbiska bengaler		Lesbiska som talar bengali eller är av bengalisk härkomst.	
homoit0002088	Bengaliska bögar		Bögar som talar bengali eller är av bengalisk härkomst.	
homoit0002089	Bisexuella bengaler		Bisexuella personer som talar bengali eller är av bengalisk härkomst.	
homoit0002090	Queera bengaler		Queera personer som talar bengali eller är av bengalisk härkomst.	
homoit0002091	Bengaliska transpersoner		Transpersoner som talar bengali eller är av bengalisk härkomst.	
homoit0002092	Bengaliska intersexpersoner		Intersexpersoner som talar bengali eller är av bengalisk härkomst.	
homoit0002093	Asexuella bengaler		Asexuella personer som talar bengali eller är av bengalisk härkomst.	
homoit0002094	Bhiliska hbtq+-personer		Hbtq+-personer som talar bhili och tillhör eller härstammar från Bhil-folket.	
homoit0002095	Lesbiska bhiler		Lesbiska som talar bhili och tillhör eller härstammar från Bhil-folket.	
homoit0002096	Bhiliska bögar		Bögar som talar bhili och tillhör eller härstammar från den Bhil-folket.	
homoit0002097	Bisexuella bhiler		Bisexuella personer som talar bhili och tillhör eller härstammar från Bhil-folket.	
homoit0002098	Queera bhiler		Queera personer som talar bhili och tillhör eller härstammar från Bhil-folket.	
homoit0002099	Bhiliska transpersoner		Transpersoner som talar bhili och tillhör eller härstammar från Bhil-folket.	
homoit0002100	Bhiliska intersexpersoner		Intersexpersoner som talar bhili och tillhör eller härstammar från Bhil-folket.	
homoit0002101	Asexuella bhiler		Asexuella personer som talar bhili och tillhör eller härstammar från Bhil-folket.	
homoit0002102	Hbtq+-personer som är chakma		Hbtq+-personer som tillhör eller härstammar från chakma-folket.	
homoit0002103	Lesbiska chakma		Lesbiska som tillhör eller härstammar från chakma-folket.	
homoit0002104	Bögar som är chakma		Bögar som tillhör eller härstammar från chakma-folket.	
homoit0002105	Bisexuella chakma		Bisexuella personer som tillhör eller härstammar från chakma-folket.	
homoit0002106	Queera chakma		Queera personer som tillhör eller härstammar från chakma-folket.	
homoit0002107	Intersexpersoner som är chakma		Intersexpersoner som tillhör eller härstammar från chakma-folket.	
homoit0002108	Transpersoner som är chakma		Transpersoner som tillhör eller härstammar från chakma-folket.	
homoit0002109	Asexuella chakma		Asexuella personer som tillhör eller härstammar från chakma-folket.	
homoit0002110	Kho (hbtq+)	Chitraler (hbtq+)	Hbtq+-personer som tillhör eller härstammar från ursprungsbefolkningen i Chitral- och Ghizer-distrikten i nuvarande Pakistan.	
homoit0002111	Lesbiska kho	Lesbiska chitraler	Lesbiska som tillhör eller härstammar från ursprungsbefolkningen i Chitral- och Ghizer-distrikten i nuvarande Pakistan.	
homoit0002112	Bögar som är kho	Bögar som är chitraler	Bögar som tillhör eller härstammar från ursprungsbefolkningen i Chitral- och Ghizer-distrikten i nuvarande Pakistan.	
homoit0002113	Bisexuella kho	Bisexuella chitraler	Bisexuella personer som tillhör eller härstammar från ursprungsbefolkningen i Chitral- och Ghizer-distrikten i nuvarande Pakistan.	
homoit0002114	Transpersoner som är kho	Transpersoner som är kho	Transpersoner som tillhör eller härstammar från ursprungsbefolkningen i Chitral- och Ghizer-distrikten i nuvarande Pakistan.	
homoit0002115	Queera kho	Queera chitraler	Queera personer som tillhör eller härstammar från ursprungsbefolkningen i Chitral- och Ghizer-distrikten i nuvarande Pakistan.	
homoit0002116	Intersexpersoner som är kho	Intersexpersoner som är chitraler	Intersexpersoner som tillhör eller härstammar från ursprungsbefolkningen i Chitral- och Ghizer-distrikten i nuvarande Pakistan.	
homoit0002117	Asexuella kho	Asexuella chitraler	Asexuella personer som tillhör eller härstammar från ursprungsbefolkningen i Chitral- och Ghizer-distrikten i nuvarande Pakistan.	
homoit0002118	Maldiviska hbtq+-personer		Hbtq+-personer som tillhör eller härstammar från ursprungsbefolkningen på Maldiverna (inklusive ön Minicoy) och som talar maldiviska språk.	
homoit0002119	Lesbiska maldivier		Lesbiska som tillhör eller härstammar från ursprungsbefolkningen på Maldiverna (inklusive ön Minicoy) och som talar maldiviska språk.	
homoit0002120	Maldiviska bögar		Bögar som tillhör eller härstammar från ursprungsbefolkningen på Maldiverna (inklusive ön Minicoy) och som talar maldiviska språk.	
homoit0002121	Bisexuella maldivier		Bisexuella personer som tillhör eller härstammar från ursprungsbefolkningen på Maldiverna (inklusive ön Minicoy) och som talar maldiviska språk.	
homoit0002122	Queera maldivier		Queera personer som tillhör eller härstammar från ursprungsbefolkningen på Maldiverna (inklusive ön Minicoy) och som talar maldiviska språk.	
homoit0002123	Maldiviska transpersoner		Transpersoner som tillhör eller härstammar från ursprungsbefolkningen på Maldiverna (inklusive ön Minicoy) och som talar maldiviska språk.	
homoit0002124	Maldiviska intersexpersoner		Intersexpersoner som tillhör eller härstammar från ursprungsbefolkningen på Maldiverna (inklusive ön Minicoy) och som talar maldiviska språk.	
homoit0002125	Asexuella maldivier		Asexuella personer som tillhör eller härstammar från ursprungsbefolkningen på Maldiverna (inklusive ön Minicoy) och som talar maldiviska språk.	
homoit0002126	Hbtq+-personer som är dogra		Hbtq+-personer som tillhör Dografolket i Indien och Pakistan och talar dogri.	
homoit0002127	Lesbiska dogra		Lesbiska personer som tillhör Dografolket i Indien och Pakistan och talar dogri.	
homoit0002128	Bögar som är dogra		Bögar som tillhör Dografolket i Indien och Pakistan och talar dogri.	
homoit0002129	Bisexuella dogra		Bisexuella personer som tillhör Dografolket i Indien och Pakistan och talar dogri.	
homoit0002130	Queera dogra		Queera personer som tillhör Dografolket i Indien och Pakistan och talar dogri.	
homoit0002131	Transpersoner som är dogra		Transpersoner som tillhör Dografolket i Indien och Pakistan och talar dogri.	
homoit0002132	Intersexpersoner som är dogra		Intersexpersoner som tillhör Dografolket i Indien och Pakistan och talar dogri.	
homoit0002133	Asexuella dogra		Asexuella personer som tillhör Dografolket i Indien och Pakistan och talar dogri.	
homoit0002134	Hbtq+-personer som är garwhali		Hbtq+-personer som tillhör eller härstammar från ursprungsbefolkningen i Garhwal i Uttarakhand och som talar garhwali.	
homoit0002135	Lesbiska garwhali		Lesbiska som tillhör eller härstammar från ursprungsbefolkningen i Garhwal i Uttarakhand och som talar garhwali.	
homoit0002136	Bögar som är garwhali		Bögar som tillhör eller härstammar från ursprungsbefolkningen i Garhwal i Uttarakhand och som talar garhwali.	
homoit0002137	Bisexuella garwhali		Bisexuella personer som tillhör eller härstammar från ursprungsbefolkningen i Garhwal i Uttarakhand och som talar garhwali.	
homoit0002138	Queera garwhali		Queera personer som tillhör eller härstammar från ursprungsbefolkningen i Garhwal i Uttarakhand och som talar garhwali.	
homoit0002139	Transpersoner som är garwhali		Transpersoner som tillhör eller härstammar från ursprungsbefolkningen i Garhwal i Uttarakhand och som talar garhwali.	
homoit0002140	Intersexpersoner som är garwhali		Intersexpersoner som tillhör eller härstammar från ursprungsbefolkningen i Garhwal i Uttarakhand och som talar garhwali.	
homoit0002141	Asexuella garhwali		Asexuella personer som tillhör eller härstammar från ursprungsbefolkningen i Garhwal i Uttarakhand och som talar garhwali.	
homoit0002142	Actorfic		Fanfiction som fokuserar på, innehåller eller beskriver relationerna mellan verkliga skådespelare, ofta av samma kön.	
homoit0002143	Alternativa universum (fanfiction)		Alternativa universum till den ursprungliga världen i ett fiktivt verk där fanfiction kan utspelas.	
homoit0002144	Anime- och mangafandom		Fangemenskap som fokuserar på eller skildrar relationer mellan karaktärer från anime eller manga.	
homoit0002145	Aromantiska personer inom fandom		Aromantiska personers deltagande och inkludering i fangemenskaper.	
homoit0002146	Asexuella personer inom fandom		Asexuella personers deltagande och inkludering i fangemenskaper.	
homoit0002147	Band-slash		Fanfiction som fokuserar på eller beskriver romantiska eller sexuella relationer mellan musiker av samma kön eller könsidentitet som existerar i verkligheten, vanligtvis män.	
homoit0002148	Bara (genre)		En japansk konstgenre skapad främst av bögar för andra bögar, där maskulinitet, muskler, kroppsfett och kroppsbehåring betonas (liknande björn- och gym-subkulturen i USA).	
homoit0002149	Bara-fandom		Fankulturen som fokuserar på, inkluderar eller beskriver relationerna mellan karaktärer från bara-manga och anime.	
homoit0002150	Bisexuella personer inom fandom		Bisexuellas deltagande och inkludering i fangemenskaper.	
homoit0002151	Bishounen		Japanskt ord som betyder ”vacker pojke” och används för att beskriva en specifik estetik av androgyn manlig skönhet. I japanska används bishounen specifikt för unga män under 20 år, medan biseinen används för att beskriva vackra vuxna män. I engelsktalande anime- och mangagemenskaper används dock bishounen ofta för att referera till vilken snygg manlig karaktär som helst, oavsett ålder.	
homoit0002152	Boys' love (genre)		Manga- och animegenre med fiktiva manliga kärleksrelationer skapad för en primärt kvinnlig publik. I engelska sammanhang används termen ibland synonymt med ”yaoi”, men detta gäller inte på japanska.	
homoit0002153	Bury your gays		En trop inom fiktion som kräver att hbtq+-karaktärer dör eller möter ett olyckligt slut. Tropen kallas även ”dead lesbian syndrome” eftersom lesbiska och bisexuella kvinnliga karaktärer ofta är måltavlor. Transkaraktärer har också ofta utsatts för denna trop.	
homoit0002155	Fanart		Konst skapad av fans och som relaterar till populärkulturella verk eller andra ämnen inom fandom.	
homoit0002156	Fandom		Gemenskaper av personer som är fans av ett visst verk eller populärkulturellt fenomen. Deltagande i fandom kan omfatta att skriva och läsa fanfiction, skapa och titta på fanart, gå på konvent, cosplaya och/eller rollspela.	
homoit0002157	Fandom-konvent		Konvent som är tillägnade en viss fandom eller fandom som fenomen.	
homoit0002158	Fandom-terminologi		Jargong eller slang som ofta används i fangemenskaper, såsom ”slash” och ”shipping”.	
homoit0002159	Fanfiction		Skrivna skönlitterära verk skapade av fans som använder karaktärer, miljöer och/eller handlingar från andra medier på ett transformerande sätt.	
homoit0002160	Fanfiction troper och genrer		Berättelsetroper och genrer som ofta förekommer i fanfiction. Exempel är ”det fanns bara en säng” och ”fiender blir älskare”.	
homoit0002161	Fanverk	Fanworks	Verk, som fanfiction eller fanart, skapade av fans och som använder karaktärer, miljöer och/eller handlingar från andra medieverk.	
homoit0002162	Femslash		En genre av fanverk där två eller flera kvinnor placeras i en sexuell eller romantisk relation med varandra. Femslash-verk är ofta erotiska eller pornografiska. Med tanke på att termen ”slash” numera även omfattar andra hbtq+-relationer än de mellan män, bör slash-termer (t.ex. Slash-konst, Slash-rollspel, Slash-vidding) användas även för att beskriva specifika former av femslash.	
homoit0002164	Fujoshi		Japanskt ord som bokstavligen betyder ”rutten tjej” och används för att beskriva unga kvinnor som gillar media eller fanverk med romantiska eller sexuella relationer mellan män. Vissa fans identifierar sig själva som fujoshis, ofta som en form av lekfull självironi, men termen kan också uppfattas som nedsättande.	
homoit0002165	Furries	Pälsingar	Personer som är intresserade av antropomorfa djur samt fiktion och konst som innehåller sådana figurer. Många furries identifierar sig med en antropomorf djurversion av sig själva, kallad en fursona.	
homoit0002166	Furrykonvent		Konvent för furries med fokus på fanverk inom furrykulturen.	
homoit0002167	Furryfandom		Gemenskap av fans som fokuserar på, inkluderar eller skildrar antropomorfa djur.	
homoit0002168	Fursona		Antropomorfa djurversioner av människor. Fursonas, som skapas av medlemmar i furry-gemenskapen, är inte nödvändigtvis djur med päls, de kan också t.ex. vara reptiler, fåglar eller fiktiva djur.	
homoit0002169	Fursuit		Kostymer som bärs av personer inom furry-gemenskapen och som representerar deras fursonor (det vill säga antropomorfa djurversioner av dem själva).	
homoit0002170	Bögar inom fandom	Homosexuella män inom fandom	Bögars deltagande och inkludering i fangemenskaper.	
homoit0002171	Kön och genus inom fandom		Frågor och diskussioner om kön i fangemenskaper och fanverk.	
homoit0002172	Hentai		En genre inom anime och manga som kännetecknas av explicit sexuellt innehåll. Kan även inkludera hentai-datorspel.	
homoit0002173	Hentai fandom		Fangemenskap som fokuserar på, innehåller eller utforskar relationerna mellan karaktärer i hentai – det vill säga sexuellt explicita anime- och mangaserier.	
homoit0002174	Homofobi inom fandom		Frågor och diskussioner om förekomsten av homofobi i fangemenskaper och fanverk.	
homoit0002175	Intersexpersoner inom fandom		Intersexpersoners deltagande och inkludering i fangemenskaper.	
homoit0002176	Kink inom fandom		Skildringar av icke-konventionella eller marginaliserade sexuella praktiker i fanfiction.	
homoit0002177	Kirk/Spock		Den homoerotiska fanskapade parrelationen mellan Kirk och Spock från Star Trek: The Original Series. Kirk/Spock-fandomen gav upphov till mycket av den terminologi och de praktiker som präglar fandom i dag. Till exempel kommer ordet ”slash” från snedstrecket i beteckningen Kirk/Spock.	
homoit0002178	Lesbiska inom fandom		Lesbiskas deltagande och inkludering i fangemenskaper.	
homoit0002179	Hbtq+-fanfiction		Fanfiction som i första hand fokuserar på hbtq+-personer, gemenskaper och relationer, ofta med karaktärer som inte är hbtq+ i originalberättelsen.	
homoit0002180	Headcanon (hbtq+)	Huvudkanon (hbtq+)	Personliga tolkningar av medieinnehåll och berättelser av fans, särskilt kring karaktärers personlighet och beteende. Används för att beskriva headcanons om att vissa karaktärer eller relationer är hbtq+, samt tolkningar av hbtq+-personer och frågor i det fiktiva universumet.	
homoit0002181	Hbtq+-personer inom fandom		Hbtq+-personers deltagande och inkludering i fangemenskaper.	
homoit0002182	Män inom fandom		Mäns deltagande och inkludering i fangemenskaper.	
homoit0002183	Misogyni inom fandom		Frågor och diskussioner om förekomsten av misogyni i fangemenskaper och fanverk.	
homoit0002184	Mpreg		En fanfiction-trop där cismän kan bli gravida. Termen ska inte användas för att beskriva gravida transmän.	
homoit0002185	Ickebinära personer inom fandom		Ickebinära personers deltagande och inkludering i fangemenskaper.	
homoit0002186	Omegaverse		En fanfiction-trop där samhället är indelat i tre kategorier: alfa, beta och omega. Fanverk i omegaverse innehåller ofta karaktärer med könsorgan och fortplantningsbeteenden (till exempel löpcykler) som påminner om vargars. Används för att beskriva fanverk inom omegaverse som fokuserar på hbtq+-personer och teman.	
homoit0002187	One true pairing	OTP	Slangterm som syftar på en fans främsta favoritrelation inom en fandom, ofta kallad ”ship”.	
homoit0002188	Original slash fiction		Originalverk inom skönlitteratur som fokuserar på samkönade relationer och som använder berättargrepp hämtade från fanfiction. Inkluderar även så kallad femslash-litteratur.	
homoit0002189	Pairings inom fandom		Relationer, främst romantiska eller sexuella, mellan karaktärer i fanverk. Inkluderar även relationer som inte förekommer i originalmaterialet.	
homoit0002190	Icke-vita inom fandom	POC inom fandom||People of color inom fandom	Icke-vita personers delaktighet och representation i fancommunityn.	
homoit0002191	Queerbaiting		Marknadsföringsstrategi där skapare av media medvetet antyder queera relationer eller representation för att locka en hbtq+-publik, utan att faktiskt visa eller fullfölja dem i innehållet. Queerbaiting skiljer sig från queerkodning, som vanligtvis inte används i marknadsföringssyfte.	
homoit0002192	Queerkoda		Avsiktlig undertextuell kodning av en karaktär eller relation i ett verk som queer. Queerkodning skiljer sig från queerbaiting genom att den är medvetet inlagd snarare än falskt antydd, och används vanligtvis inte som en marknadsföringsstrategi.	
homoit0002193	Queera personer inom fandom		Queera personers deltagande i och inkludering i fangemenskaper.	
homoit0002194	Rasism inom fandom		Frågor och diskussioner om förekomst av rasism i fangemenskaper och fanverk.	
homoit0002195	Våldtäkt/övergrepp (innehållsvarning)	Rape/non-con (Content warning)	Innehållsvarning som används för fanverk som innehåller våldtäkt, icke-samtyckande sex eller situationer där samtycke är tveksamt.	
homoit0002196	Fanfiction om verkliga personer		Fanfiction som handlar om verkliga personer, till exempel kändisar, ofta med fokus på verkliga eller påhittade samkönade relationer.	
homoit0002197	Seme (Yaoi)		Term som används inom yaoi och yaoi-fandom för att beskriva den givande eller dominanta parten i en fiktiv relation mellan två män.	
homoit0002198	Ship-namn inom fandom	Shipnames inom fandom	Namn som används för att beskriva vanliga parbildningar i fandom. Ship-namn är ofta teleskopord av två (eller flera) karaktärers namn i parbildningen, till exempel Spirk för Spock och Kirk.	
homoit0002199	Shippning inom fandom	Shipping inom fandom	Term som beskriver fans önskan att se vissa karaktärer i sexuella eller romantiska relationer samt praktiken att para ihop dem i fanverk. Termerna shipping och ship kommer från relationship.	
homoit0002200	Slash (genre)		En genre av fanverk där två eller flera karaktärer av samma kön eller könsidentitet placeras i sexuella eller romantiska sammanhang med varandra. Slash-fanverk är ofta erotiska eller pornografiska. Termen slash användes historiskt för man/man-par men har senare utvidgats till att även omfatta andra hbtq+-relationer.	
homoit0002201	Slash-konst	Slash art	Konstverk som skildrar samkönade eller samkönsidentifierade par och som oftast är erotiska eller pornografiska. Termen användes ursprungligen för man/man-par men används numera i bredare bemärkelse och inkluderar även femslash-konst.	
homoit0002202	Slash-konvent		Konvent med fokus på slash eller fanverk som skildrar samkönade eller samkönsidentifierade par i erotiska eller pornografiska sammanhang. Termen användes ursprungligen för man/man-par men används numera i bredare bemärkelse och inkluderar även femslash-konvent.	
homoit0002203	Slash fandom		Fangemenskap som fokuserar på eller beskriver relationer mellan två karaktärer av samma kön eller könsidentitet, vanligtvis fiktiva men ibland verkliga (till exempel i så kallad real person fiction). Termen användes ursprungligen för man/man-par men används nu bredare och inkluderar femslash-fandom.	
homoit0002204	Slashfan-verk	Slash fanwork	Fanverk som fokuserar på romantiska eller sexuella relationer mellan karaktärer av samma kön eller könsidentitet. Dessa är ofta erotiska eller pornografiska. Termen användes ursprungligen för man/man-par men har senare breddats till att inkludera andra hbtq+-relationer som till exempel femslash.	
homoit0002205	Slash-fiktion	Slash fiction	Fanfiction som fokuserar på sexuella eller romantiska relationer mellan karaktärer av samma kön eller könsidentitet. Verken är vanligtvis erotiska eller pornografiska. Termen användes ursprungligen för man/man-par men inkluderar numera även femslash-fiktion.	
homoit0002206	Slash manips		Fanproducerade fotomanipulationer eller deepfakes som visar sexuella eller romantiska relationer mellan karaktärer från olika medier. Dessa är vanligtvis erotiska eller pornografiska. Termen användes historiskt för man/man-par men inkluderar numera även femslash-manips.	
homoit0002207	Slash-rollspel		Att agera som en karaktär i en sexuell eller romantisk relation med en annan karaktär av samma kön eller könsidentitet, ibland för att utveckla idéer till fanverk. Ofta erotiskt eller pornografiskt. Termen användes historiskt för man/man-par men används nu bredare och inkluderar även femslash-rollspel.	
homoit0002208	Slash-terminologi		Slang relaterad till fanverk om sexuella eller romantiska relationer mellan karaktärer av samma kön eller könsidentitet. Termen användes ursprungligen för man/man-par men används numera bredare och inkluderar femslash-termer.	
homoit0002209	Slash-vidding		Att skapa videor om sexuella eller romantiska relationer mellan samkönade eller samkönsidentifierade par med hjälp av scener från tv, film eller datorspel. Termen användes historiskt för man/man-par men inkluderar numera även femslash-vidding.	
homoit0002210	Transfic		Term som beskriver fanfiction om transkaraktärer, vanligtvis karaktärer som i originaltexten inte beskrivs som transpersoner, transsexuella eller könsöverskridande.	
homoit0002211	Transpersoner inom fandom		Transpersoners deltagande och inkludering i fangemenskaper.	
homoit0002212	Transfobi inom fandom		Frågor och diskussioner om förekomsten av transfobi i fangemenskaper och fanverk.	
homoit0002213	Two-spirit-personer inom fandom		Two-spirit-personers deltagande och inkludering i fangemenskaper.	
homoit0002214	Uke (Yaoi)		Term som används i yaoi och yaoi-fangemenskaper för att beskriva den mottagande eller undergivna parten i en fiktiv relation mellan män.	
homoit0002215	Minderårig (innehållsvarning)		Innehållsvarning som används i fanverk för att signalera att minderåriga personer förekommer i sexuella situationer, antingen med andra minderåriga eller med vuxna.	
homoit0002216	Kvinnor inom fandom		Kvinnors deltagande i och inkludering i fangemenskaper.	
homoit0002217	Yaoi		Japanskt ord som används av engelsktalande anime- och mangafans för att beskriva explicita eller pornografiska verk med man/man-par som vanligtvis skapas av heterosexuella kvinnliga författare för en heterosexuell kvinnlig läsekrets. Observera att den japanska betydelsen och användningen av ”yaoi” och relaterade termer skiljer sig avsevärt.	
homoit0002218	Yaoi-fandom		Fangemenskap som fokuserar på, innehåller eller beskriver sexuella eller romantiska relationer mellan manliga karaktärer i anime och manga.	
homoit0002219	Yiff		Slangterm som används inom furryfandom för att beskriva sexuell aktivitet.	
homoit0002220	Yuri		En genre som fokuserar på romantiska eller sexuella relationer mellan kvinnliga karaktärer i anime och manga.	
homoit0002221	Yuri fandom		Fangemenskap som fokuserar på, innehåller eller beskriver romantiska eller sexuella relationer mellan kvinnliga karaktärer i anime och manga.	
homoit0002222	Ickebinära barn		Ickebinära personer som ännu inte har nått tonåren.	
homoit0002223	Unga ickebinära		Ickebinära personer mellan barndom och vuxen ålder.	
homoit0002224	Föräldrar till hbtq+-personer		Personer som har ett eller flera hbtq+-barn.	
homoit0002225	Föräldrar till ickebinära		Personer som har ett eller flera ickebinära barn.	
homoit0002226	Hbtq+-personer med substansbrukssyndrom	Substansmissbruk (hbtq+)	Hbtq+-personer som har diagnostiserats med eller själva uppfattar sig ha ett substansbrukssyndrom, ett medicinskt tillstånd som innebär ett substansbruk som är svårt att kontrollera, påverkar individens liv negativt och kan leda till abstinenssymtom vid avbrott. Används endast för personer som själva beskriver sig som att de har ett substansbrukssyndrom. Följ individens eget språkbruk när det gäller om de föredrar termen substansbrukssyndrom eller beroende.	
homoit0002227	Hbtq+-personer i stödgrupper		Hbtq+-personer som är medlemmar i stödgrupper, det vill säga frivilliga sammanslutningar av personer som befinner sig i återhämtning från substansbrukssyndrom, skadligt bruk eller beroendeproblematik.	
homoit0002228	Nyktra hbtq+-personer		Hbtq+-personer som medvetet avstår från att använda substanser (vanligtvis alkohol eller droger). Följ individens eget språkbruk om de föredrar ”nykterhet” eller ”återhämtning”.	
homoit0002229	Hbtq+-personer som använder substanser i medicinskt syfte		Hbtq+-personer som använder substanser (såsom alkohol eller droger) för att hantera smärta och andra symtom kopplade till en sjukdom eller funktionsnedsättning.	
homoit0002230	Fairies (bögkultur)		Nedsättande term som främst används i Nordamerika för att förlöjliga bögar (eller män som antas vara homosexuella) och deras upplevda femininitet. Vissa bögar har återtagit termen och använder den för att beskriva sig själva. Ska inte förväxlas med Faeries, den queera andliga rörelsen.	
homoit0002231	Gujarater (hbtq+)		Hbtq+-personer som bor i eller härstammar från ursprungsbefolkningen i den indiska delstaten Gujarat.	
homoit0002232	Lesbiska gujarater		Lesbiska som bor i eller härstammar från ursprungsbefolkningen i den indiska delstaten Gujarat.	
homoit0002233	Gujaratiska bögar		Bögar som bor i eller härstammar från ursprungsbefolkningen i den indiska delstaten Gujarat.	
homoit0002234	Bisexuella gujarater		Bisexuella personer som bor i eller härstammar från ursprungsbefolkningen i den indiska delstaten Gujarat.	
homoit0002235	Gujaratiska transpersoner		Transpersoner som bor i eller härstammar från ursprungsbefolkningen i den indiska delstaten Gujarat.	
homoit0002236	Asexuella gujarater		Asexuella personer som bor i eller härstammar från ursprungsbefolkningen i den indiska delstaten Gujarat.	
homoit0002237	Queera gujarater		Queera personer som bor i eller härstammar från ursprungsbefolkningen i den indiska delstaten Gujarat.	
homoit0002238	Gujaratiska intersexpersoner		Intersexpersoner som bor i eller härstammar från ursprungsbefolkningen i den indiska delstaten Gujarat.	
homoit0002239	Haryanvi (hbtq+)		Hbtq+-personer som tillhör eller härstammar från ursprungsbefolkningen i det som i dag är den indiska delstaten Haryana. Termen kan även användas för personer som i dag är bosatta i Haryana.	
homoit0002240	Lesbiska haryanvi		Lesbiska som tillhör eller härstammar från ursprungsbefolkningen i det som i dag är den indiska delstaten Haryana. Termen kan även användas för personer som i dag är bosatta i Haryana.	
homoit0002241	Bögar som är haryanvi		Bögar som tillhör eller härstammar från ursprungsbefolkningen i det som i dag är den indiska delstaten Haryana. Termen kan även användas för personer som i dag är bosatta i Haryana.	
homoit0002242	Bisexuella haryanvi		Bisexuella personer som tillhör eller härstammar från ursprungsbefolkningen i det som i dag är den indiska delstaten Haryana. Termen kan även användas för personer som i dag är bosatta i Haryana.	
homoit0002243	Transpersoner som är haryanvi		Transpersoner som tillhör eller härstammar från ursprungsbefolkningen i det som i dag är den indiska delstaten Haryana. Termen kan även användas för personer som i dag är bosatta i Haryana.	
homoit0002244	Queera haryanvi		Queera personer som tillhör eller härstammar från ursprungsbefolkningen i det som i dag är den indiska delstaten Haryana. Termen kan även användas för personer som i dag är bosatta i Haryana.	
homoit0002245	Intersexpersoner som är haryanvi		Intersexpersoner som tillhör eller härstammar från ursprungsbefolkningen i det som i dag är den indiska delstaten Haryana. Termen kan även användas för personer som i dag är bosatta i Haryana.	
homoit0002246	Asexuella haryanvi		Asexuella personer som tillhör eller härstammar från ursprungsbefolkningen i det som i dag är den indiska delstaten Haryana. Termen kan även användas för personer som i dag är bosatta i Haryana.	
homoit0002247	Kalash (hbtq+)		Hbtq+-personer som tillhör det ursprungliga Kalashafolket och bor i Chitral-distriktet i Khyber-Pakhtunkhwa, Pakistan.	
homoit0002248	Lesbiska kalash		Lesbiska som tillhör det ursprungliga Kalashafolket och bor i Chitral-distriktet i Khyber-Pakhtunkhwa, Pakistan.	
homoit0002249	Bögar som är kalash		Bögar som tillhör det ursprungliga Kalashafolket och bor i Chitral-distriktet i Khyber-Pakhtunkhwa, Pakistan.	
homoit0002250	Bisexuella kalash		Bisexuella personer som tillhör det ursprungliga Kalashafolket och bor i Chitral-distriktet i Khyber-Pakhtunkhwa, Pakistan.	
homoit0002251	Transpersoner som är kalash		Transpersoner som tillhör det ursprungliga Kalashafolket och bor i Chitral-distriktet i Khyber-Pakhtunkhwa, Pakistan.	
homoit0002252	Queera kalash		Queera personer som tillhör det ursprungliga Kalashafolket och bor i Chitral-distriktet i Khyber-Pakhtunkhwa, Pakistan.	
homoit0002253	Intersexpersoner som är kalash		Intersexpersoner som tillhör det ursprungliga Kalashafolket och bor i Chitral-distriktet i Khyber-Pakhtunkhwa, Pakistan.	
homoit0002254	Asexuella kalash		Asexuella personer som tillhör det ursprungliga Kalashafolket och bor i Chitral-distriktet i Khyber-Pakhtunkhwa, Pakistan.	
homoit0002255	Polygama personer		Personer som ingår i relationer där den dominerande partnern har flera makar, även om dessa äktenskap vanligtvis inte erkänns juridiskt eller socialt.	
homoit0002256	Könseufori		Den starka känslan av glädje och trygghet en individ upplever när det tilldelade könet, könsuttrycket och/eller hur könet uppfattas av personen själv och andra överensstämmer med könsidentiteten. Även om könseufori ofta förknippas med transpersoner, kan personer med vilken könsidentitet som helst uppleva könseufori när de känner sig sedda och bekräftade i sin könsidentitet, eller när kroppen och könsuttrycket upplevs som ”rätt”.	
homoit0002257	Antisvarthet	Antisvart rasism	Term som erkänner de specifika uttrycken av rasism riktad mot svarta personer. Antisvarthet inkluderar föreställningen att svarta människor innehar inneboende beteendemässiga egenskaper kopplade till ärftliga attribut och att dessa är underlägsna jämfört med andra raser, särskilt vita. Antisvarthet omfattar även fördomar, diskriminering och antagonism (både individuell och systemisk) riktad mot svarta personer på grund av deras hudfärg och dess upplevda underlägsenhet.	
homoit0002258	Aids - döden och döende		Erfarenheter relaterade till personer med aids som närmar sig eller har nått slutet av sina liv.	
homoit0002259	Könsneutralt språk		Språkbruk som undviker könsspecifika ord, antingen för att inkludera ickebinära, agender och andra könsdiversa personer, eller för att undvika könsbias.	
homoit0002260	Hbtq+-historia		Historiska händelser eller uppgifter som rör hbtq+-personer, eller personer som i dag skulle kunna uppfattas som hbtq+-personer.	
homoit0002261	Lesbisk historia		Historiska händelser eller uppgifter som rör lesbiska personer, eller personer som i dag skulle kunna uppfattas som lesbiska.	
homoit0002262	Böghistoria	Gay historia||Homosexuell manlig historia	Historiska händelser eller uppgifter som rör bögar, eller män som i dag skulle kunna uppfattas som homosexuella.	
homoit0002263	Bisexuell historia		Historiska händelser eller uppgifter som rör bisexuella personer, eller personer som i dag skulle kunna uppfattas som bisexuella.	
homoit0002264	Transhistoria		Historiska händelser eller uppgifter som rör transpersoner, eller personer som i dag skulle kunna uppfattas som transpersoner.	
homoit0002265	Queer historia		Historiska händelser eller uppgifter som rör queera personer, eller personer som i dag skulle kunna uppfattas som queera.	
homoit0002266	Intersexhistoria		Historiska händelser eller uppgifter som rör intersexpersoner, eller personer som i dag skulle kunna uppfattas som intersex.	
homoit0002267	Asexuell historia	Ace-history	Historiska händelser eller uppgifter som rör asexuella personer, eller personer som i dag skulle kunna uppfattas som asexuella.	
homoit0002268	Ickebinär historia		Historiska händelser eller uppgifter som rör ickebinära personer, eller personer som i dag skulle kunna uppfattas som ickebinära.	
homoit0002269	Antirasism		Samlingsterm för idéer, policys och politiska åtgärder som syftar till att motverka rasism och rasistiskt förtryck, både individuellt och strukturellt, samt främja jämlikhet och rättvisa mellan grupper.	
homoit0002270	Svart feminism		En form av feminism som utvecklades som en reaktion på att mainstreamfeminism och medborgarrättsrörelsen misslyckades med att erkänna hur vit överhöghet och patriarkatet samverkar och påverkar svarta kvinnors särskilda livserfarenheter.	
homoit0002271	Vit feminism		Term som används för att beskriva (och kritisera) former av feminism som fokuserar på vita kvinnors behov på bekostnad av kvinnor som rasifieras som icke-vita.	
homoit0002272	Womanism		En samhällsteori som bygger på svarta kvinnors historia och levda erfarenheter. Womanism uppstod ur upplevelsen att den feministiska rörelsen var likgiltig inför svarta kvinnors behov, då dessa ofta utesluts från kategorierna ”kvinna” och ”femininitet” såsom de definieras av vita feminister. Womanism bygger på tanken att mainstreamfeminism leds av vita kvinnor och tjänar deras syften, vilka kan vara likgiltiga eller till och med motverka svarta kvinnors behov.	
homoit0002273	QTPOC		Akronym som används för att beteckna queera och transpersoner som people of color som grupp. Används för att synliggöra de särskilda erfarenheter som queera och transpersoner som people of color har, samt de sammanflätade formerna av queerfobi, transfobi och rasism som riktas mot dem.	
homoit0002274	Transfeminism		Enligt Emi Koyamas definition är transfeminism en rörelse av och för transkvinnor som ser transkvinnors frigörelse som avgörande för alla kvinnors frigörelse.	
homoit0002275	Tredje vågen-feminism		En period av feministisk politisk aktivism som inleddes i början av 1990-talet och som betonade mångfald och individualism bland kvinnor samt ville omdefiniera vad det innebär att vara feminist. Den tredje vågen kännetecknas av framväxten av nya feministiska rörelser och teorier såsom intersektionalitet, sexpositivism, ekofeminism, transfeminism och postmodern feminism.	
homoit0002276	Sapfisk identitet		Sexuell identitet eller läggning som används för att beskriva kvinnor och, i vissa definitioner, ickebinära personer som är sapfiska, det vill säga attraherade av kvinnor. Används endast för personer som själva beskriver sin identitet som sapfisk.	
homoit0002277	Sapfister		Kvinnor och, i vissa definitioner, ickebinära personer oavsett sexuell identitet eller läggning som är attraherade av kvinnor. Vissa, men inte alla, använder termen ”sapfisk” för att beskriva sin identitet. Används endast för personer som själva identifierar sig som sapfiska.	
homoit0002278	MLM (Men Loving Men)		Amerikansk slangterm som används för att beskriva män som har romantiska och/eller sexuella relationer med andra män. Används ofta som alternativ till ”män som har sex med män”. Kan avse män som enbart eller främst attraheras av män, men också män med intresse för andra kön. Används endast för personer som själva identifierar sig med termen MLM.	
homoit0002279	WLW (Women Loving Women)	WLW	Amerikansk slangterm som används för att beskriva kvinnor som har romantiska och/eller sexuella relationer med andra kvinnor. Kan användas för kvinnor som uteslutande eller främst är intresserade av kvinnor, såväl som kvinnor som även är intresserade av personer av andra eller alla kön. Bör endast användas för personer som själva identifierar sig som WLW.	
homoit0002280	Mammor till queera personer	Mödrar till queera personer	En person som intar en modersroll i relation till en queer person. Används endast för personer som själva identifierar sig som mammor.	
homoit0002281	Cisungdomar		Cispersoner i åldern mellan barndom och vuxenliv.	
homoit0002282	Cisbarn		CIspersoner som ännu inte har nått tonåren.	
homoit0002283	Cispojkar		Pojkar, vanligtvis barn eller ungdomar under 18 år, som är cis-personer.	
homoit0002284	Cisflickor	Cistjejer	Flickor (vanligtvis barn eller ungdomar under 18 år) som är cis-personer.	
homoit0002285	Heterosexuella barn		Heterosexuella som ännu inte har nått tonåren.	
homoit0002286	Yan daudu		Nigeriansk term som direkt översätts till ”feminina män” men som inte enkelt kan förstås genom euro-amerikanska könsbegrepp. Termen har använts för att beskriva personer som kan identifiera sig som feminina män, bögar, både man och kvinna (eller tredje kön) och/eller som trans. Vissa identifierar sig själva som yan daudu, medan andra betraktar termen som nedsättande. Bör endast användas om personer som själva identifierar sig som yan daudu.	
homoit0002287	Mustacher		Ansiktsbehåring på överläppen. Inkluderar både naturlig mustasch och lös- eller dragmustascher.	
homoit0002288	Moppemusche	Cookie dusters	Slangterm för mustasch eller ansiktsbehåring på överläppen, särskilt hos lesbiska.	
homoit0002289	Kemsex	Chemsex	Sexuella aktiviteter som inkluderar användning av droger, vanligtvis för att framkalla sexuell upphetsning, öka sexuell njutning och/eller möjliggöra sexuella möten som varar i flera timmar eller dagar.	
homoit0002290	Jämställdhet		Ett tillstånd där alla har lika god tillgång till resurser och möjligheter oavsett kön, inklusive ekonomiskt deltagande och beslutsfattande, samt ett erkännande av att olika beteenden, ambitioner och behov är lika mycket värda oavsett kön.	
homoit0002291	Inkludering		En praxis eller policy som syftar till att erbjuda lika tillgång och stöd till grupper som annars riskerar att uteslutas eller marginaliseras, såsom hbtq+-personer, personer med funktionsnedsättning eller personer från underordnat rasifierade grupper.	
homoit0002292	Asexuella ungdomar		Asexuella personer i åldern mellan barndom och vuxenliv.	
homoit0002293	Föräldrasyskon	Försyskon	Könsneutral term för syskon till en förälder eller dennas partner. Ett alternativ till “mostrar”, “farbröder”, “faster” och liknande.	
homoit0002294	Syskonbarn		Könsneutral term för barn till ens syskon. Ett alternativ till ”brorsbarn” eller ”systersbarn”.	
homoit0002295	Kashmirier (hbtq+)		Hbtq+-personer som bor i eller härstammar från Kashmirdalen i Indien.	
homoit0002296	Lesbiska kashmirier		Lesbiska som bor i eller härstammar från Kashmirdalen i Indien.	
homoit0002297	Kashmiriska bögar		Bögar som bor i eller härstammar från Kashmirdalen i Indien.	
homoit0002298	Bisexuella kashmirier		Bisexuella personer som bor i eller härstammar från Kashmirdalen i Indien.	
homoit0002299	Queera kashmirier		Queera personer som bor i eller härstammar från Kashmirdalen i Indien.	
homoit0002300	Kashmiriska transpersoner		Transpersoner som bor i eller härstammar från Kashmirdalen i Indien.	
homoit0002301	Kashmiriska intersexpersoner		Intersexpersoner som bor i eller härstammar från Kashmirdalen i Indien.	
homoit0002302	Asexuella kashmirier		Asexuella personer som bor i eller härstammar från Kashmirdalen i Indien.	
homoit0002303	Konkanis (hbtq+)		Hbtq+-personer som kommer från eller härstammar från Konkanregionen i Indien och som talar någon form av konkani.	
homoit0002304	Lesbiska konkanis		Lesbiska som kommer från eller härstammar från Konkanregionen i Indien och som talar någon form av konkani.	
homoit0002305	Bögar som är konkanis	Homosexuella män som är konkani	Bögar som kommer från eller härstammar från Konkanregionen i Indien och som talar någon form av konkani.	
homoit0002306	Bisexuella konkanis		Bisexuella personer som kommer från eller härstammar från Konkanregionen i Indien och som talar någon form av konkani.	
homoit0002307	Queera konkanis		Queera personer som kommer från eller härstammar från Konkanregionen i Indien och som talar någon form av konkani.	
homoit0002308	Transpersoner som är konkais		Transpersoner som kommer från eller härstammar från Konkanregionen i Indien och som talar någon form av konkani.	
homoit0002309	Intersexpersoner som är konkanis		Intersexpersoner som kommer från eller härstammar från Konkanregionen i Indien och som talar någon form av konkani.	
homoit0002310	Asexuella konkanis		Asexuella personer som kommer från eller härstammar från Konkanregionen i Indien och som talar någon form av konkani.	
homoit0002311	Kumaoni (hbtq+)		Hbtq+-personer som främst bor i Kumaonregionen i Indiens Himalaya och som eventuellt har kumaoni som modersmål.	
homoit0002312	Lesbiska kumaoni		Lesbiska som främst bor i Kumaonregionen i Indiens Himalaya och som eventuellt har kumaoni som modersmål.	
homoit0002313	Bögar som är kumaoni	Homosexuella män som är kumaoni	Bögar som främst bor i Kumaonregionen i Indiens Himalaya och som eventuellt har kumaoni som modersmål.	
homoit0002314	Bisexuella kumaoni		Bisexuella personer som främst bor i Kumaonregionen i Indiens Himalaya och som eventuellt har kumaoni som modersmål.	
homoit0002315	Transpersoner som är kumaoni		Transpersoner som främst bor i Kumaonregionen i Indiens Himalaya och som eventuellt har kumaoni som modersmål.	
homoit0002316	Queera kumaoni		Queera personer som främst bor i Kumaonregionen i Indiens Himalaya och som eventuellt har kumaoni som modersmål.	
homoit0002317	Intersexpersoner som är kumaoni		Intersexpersoner som främst bor i Kumaonregionen i Indiens Himalaya och som eventuellt har kumaoni som modersmål.	
homoit0002318	Asexuella kumaoni		Asexuella personer som främst bor i Kumaonregionen i Indiens Himalaya och som eventuellt har kumaoni som modersmål.	
homoit0002319	Kutchi (hbtq+)		Hbtq+-personer som kommer från eller härstammar från Kutchdistriktet i indiska Gujarat och Sindhregionen i Pakistan.	
homoit0002320	Lesbiska kutchi		Lesbiska som kommer från eller härstammar från Kutchdistriktet i indiska Gujarat och Sindhregionen i Pakistan.	
homoit0002321	Bögar som är kutchi	Homosexuella män som är kutchi	Bögar som kommer från eller härstammar från Kutchdistriktet i indiska Gujarat och Sindhregionen i Pakistan.	
homoit0002322	Bisexuella kutchi		Bisexuella personer som kommer från eller härstammar från Kutchdistriktet i indiska Gujarat och Sindhregionen i Pakistan.	
homoit0002323	Queera kutchi		Queera personer som kommer från eller härstammar från Kutchdistriktet i indiska Gujarat och Sindhregionen i Pakistan.	
homoit0002324	Intersexpersoner som är kutchi		Intersexpersoner som kommer från eller härstammar från Kutchdistriktet i indiska Gujarat och Sindhregionen i Pakistan.	
homoit0002325	Transpersoner som är kutchi		Transpersoner som kommer från eller härstammar från Kutchdistriktet i indiska Gujarat och Sindhregionen i Pakistan.	
homoit0002326	Asexuella kutchi		Asexuella personer som kommer från eller härstammar från Kutchdistriktet i indiska Gujarat och Sindhregionen i Pakistan.	
homoit0002327	Hbtq+-film	Queerfilm||Film (hbtq+)	Term som omfattar hbtq+-filmskapande, filmindustrin och filmen som konstform inom hbtq+-kultur. För specifika filmer skapade av eller som representerar hbtq+-personer, använd termen ”Hbtq+-filmer”.	
homoit0002328	Lesbisk film		Term som omfattar lesbiskas filmskapande, filmindustrin och filmen som konstform inom lesbisk kultur. För specifika filmer skapade av eller som representerar lesbiska, använd termen ”Filmer om lesbiska”.	
homoit0002329	Lesbiska filmer	Flatfilmer	Filmer skapade av lesbiska regissörer, som skildrar lesbiska eller som betraktas som betydelsefulla inom lesbisk kultur.	
homoit0002330	Bögfilm	Gayfilm	Term som omfattar bögars filmskapande, filmindustrin och filmen som konstform inom bögkultur. För specifika filmer skapade av eller som representerar bögar, använd termen ”Bögfilmer”.	
homoit0002331	Bögfilmer	Gayfilmer||Homosexuella manliga filmer	Filmer skapade av homosexuella manliga regissörer, med bögar eller som betraktas som viktiga inom bögkultur.	
homoit0002332	Two-spirit-historia		Historiska händelser eller uppgifter som rör Two-spirit-personer, eller personer som i dag skulle kunna uppfattas som Two-spirit-personer.	
homoit0002333	Hbtq+-personer inom den afrikanska diasporan	Hbtq+-personer från den afrikanska diasporan	Hbtq+-personer av ursprung från den afrikanska kontinenten som lever utanför Afrika. Termen används ofta för att beskriva ättlingar till afrikaner som förslavades och fördes till Amerika under den transatlantiska slavhandeln (1500–1800-talet), men kan också avse ättlingar till personer som frivilligt utvandrade. Blanda inte ihop med svarta hbtq+-personer eller afroamerikanska hbtq+-personer. Följ individens egen preferens när det är möjligt.	
homoit0002334	Svarta asexuella personer		Svarta personer som är asexuella. Används endast för individer som själva identifierar sig som svarta. Följ individens preferens för att använda svart eller diasporaidentitet som t.ex. afroeuropé när det är möjligt.	
homoit0002335	Asexuella afroamerikaner		Asexuella personer av afrikansk härkomst födda i USA eller asexuella personer födda i afrikanska länder som bor i eller har en stark anknytning till USA. Används för individer som identifierar sig som afroamerikaner. Följ individens preferens för afroamerikan eller svart när det är möjligt.	
homoit0002336	Adopterade hbtq+-personer	Adopterade (hbtq+)	Hbtq+-personer som blivit adopterade, oavsett om de blivit adopterade av hbtq+-föräldrar eller inte.	
homoit0002337	Hbtq+-pappor	Hbtq+-fäder	Hbtq+-personer som är pappor.	
homoit0002338	Bisexuella pappor	Bisexuella fäder	Bisexuella personer som är pappor.	
homoit0002339	Bögpappor	Bögfäder||Gaypappor||Gayfäder||Homosexuella män som är pappor	Bögar som är pappor.	
homoit0002340	Lesbiska pappor	Lesbiska fäder	Lesbiska som är pappor. Detta inkluderar ickebinära personer och transkvinnor som har barn och som själva identifierar sig som pappor. Används endast för föräldrar som själva identifierar sig så.	
homoit0002341	Queera pappor	Queera fäder	Queera personer som är pappor.	
homoit0002342	Pappor till hbtq+-personer	Fäder till hbtq+-personer	Personer som har rollen som pappa till en eller flera hbtq+-personer. För pappor som själva är hbtq+, använd termen ”Hbtq+-pappor”.	
homoit0002343	Hbtq+-mammor	Hbtq+-mödrar||Mammor (hbtq+)	Hbtq+-personer som är mammor.	
homoit0002344	Bisexuella mammor	Bisexuella mödrar	Bisexuella personer som är mammor.	
homoit0002345	Bögmammor	Bögmödrar||Homosexuella manliga mammor||Homosexuella manliga mödrar	Bögar som är mammor. Detta inkluderar transmän som fick barn innan de påbörjade sin transition och som fortfarande identifierar sig som mammor till sina barn. Använd inte för att beskriva homosexuella manliga föräldrar om de inte själva identifierar sig som mammor.	
homoit0002346	Lesbiska mammor	Lesbiska mödrar	Lesbiska som är mammor.	
homoit0002347	Queera mammor	Queera mödrar	Queera personer som är mammor.	
homoit0002348	Mammor till hbtq+-personer	Mödrar till hbtq+-personer	Personer som intar en modersroll i relation till en eller flera hbtq+-personer. För mammor som själva är hbtq+-personer, använd termen ”Hbtq+-mammor”.	
homoit0002349	Syskon (hbtq+)		Hbtq+-personer som har syskon.	
homoit0002350	Syskon till hbtq+-personer		Personer som är syskon till en eller flera hbtq+-personer. För syskon som själva är hbtq+ används termen ”Syskon (hbtq+)”.	
homoit0002351	Döttrar		Personer som är döttrar.	
homoit0002352	Döttrar till hbtq+-personer		Döttrar som har en eller flera hbtq+-föräldrar. För döttrar som själva är hbtq+, använd termen ”Döttrar (hbtq+)”.	
homoit0002353	Söner		Personer som är söner.	
homoit0002355	Söner till hbtq+-personer		Söner som har en eller flera hbtq+-föräldrar. För söner som själva är hbtq+ används termen ”Hbtq+-söner”.	
homoit0002356	Hbtq+-barnbarn	Barnbarn (hbtq+)	Hbtq+-personer som är barnbarn.	
homoit0002357	Barnbarn till hbtq+-personer		Personer som har en eller flera hbtq+-personer som mor- eller farförälder. För barnbarn som själva är hbtq+, använd termen ”Hbtq+-barnbarn”.	
homoit0002358	Mor- och farföräldrar (hbtq+)		Hbtq+-personer som är mor- eller farföräldrar.	
homoit0002359	Mor- och farföräldrar till hbtq+-personer		Personer som har ett eller flera barnbarn som är hbtq+. För mor- och farföräldrar som själva är hbtq+, använd termen ”Mor- och farföräldrar (hbtq+)”.	
homoit0002360	Familjemedlemmar (hbtq+)		Familjemedlemmar som är hbtq+-personer.	
homoit0002361	Familjemedlemmar till hbtq+-personer		Personer som har en eller flera hbtq+-familjemedlemmar. För familjemedlemmar som själva är hbtq+, använd termen ”Familjemedlemmar (hbtq+)”.	
homoit0002362	Lesbiska barn		Lesbiska som ännu inte har nått tonåren.	
homoit0002363	Bögbarn	Gaybarn	Homosexuella pojkar som ännu inte har nått tonåren.	
homoit0002365	Partners		Personer som har en romantisk, sexuell eller kinkbaserad relation med en eller flera andra personer.	
homoit0002366	Partners till hbtq+-personer		Personer som har en eller flera partner som identifierar sig som hbtq+.	
homoit0002367	Lesbiska partners		Lesbiska som har en romantisk, sexuell eller kinkbaserad relation med en eller flera andra personer.	
homoit0002368	Bögpartners	Gaypartners||Homosexuella manliga partners	Bögar som har en romantisk, sexuell eller kinkbaserad relation med en eller flera andra personer.	
homoit0002369	Bisexuella partners		Bisexuella personer som har en romantisk, sexuell eller kinkbaserad relation med en eller flera andra personer.	
homoit0002370	Partners som är transpersoner	Transpartner	Transpersoner som har en romantisk, sexuell eller kinkbaserad relation med en eller flera andra personer.	
homoit0002371	Queera partners		Queera personer som har en romantisk, sexuell eller kinkbaserad relation med en eller flera andra personer.	
homoit0002372	Föräldrar		Personer som fungerar som föräldrar till en eller flera personer.	
homoit0002373	Polisens interaktioner med hbtq+-personer		Paraplyterm för olika typer av interaktion mellan polis och hbtq+-personer eller hbtq+-gemenskaper.	
homoit0002374	Brottsprovokationer mot hbtq+-personer		En metod där polisen eller andra statliga aktörer förmår en hbtq+-person att begå ett brott som hen annars inte skulle ha begått. Juridiska definitioner av ”provokation” varierar mellan jurisdiktioner, men i vardagsspråk används termen ofta för att beskriva situationer där polis agerar oärligt, i ond tro eller med syfte att framkalla snarare än att reagera på anmälda brott.	
homoit0002375	Polistrakasserier mot hbtq+-personer		Olämpligt uppförande, olagliga handlingar eller maktmissbruk från polis gentemot hbtq+-personer. Det kan inkludera rasprofilering, övervakning utan grund, olagliga husrannsakningar och beslag, selektiv rättstillämpning, övervåld, sexuella övergrepp, hot, bevisförfalskning, tvingade erkännanden, felaktiga gripanden eller fängslanden samt mutor eller otillbörlig påverkan.	
homoit0002376	Polistrakasserier mot svart hbtq+-personer		Olämpligt uppförande, olagliga handlingar eller maktmissbruk från polis gentemot svarta hbtq+-personer. Det kan inkludera rasprofilering, övervakning utan grund, olagliga husrannsakningar och beslag, selektiv rättstillämpning, övervåld, sexuella övergrepp, hot, bevisförfalskning, tvingade erkännanden, felaktiga gripanden eller fängslanden samt mutor eller otillbörlig påverkan.	
homoit0002377	Polistrakasserier mot hbtq+-personer från urfolk		Olämpligt uppförande, olagliga handlingar eller maktmissbruk från polis gentemot hbtq+-personer från urfolk. Det kan inkludera rasprofilering, övervakning utan grund, olagliga husrannsakningar och beslag, selektiv rättstillämpning, övervåld, sexuella övergrepp, hot, bevisförfalskning, tvingade erkännanden, felaktiga gripanden eller fängslanden samt mutor eller otillbörlig påverkan.	
homoit0002378	Polisvåld mot hbtq+-personer		Olika former av polisvåld riktat mot hbtq+-personer.	
homoit0002379	Kriminalisering (hbtq+)	Hbtq+-kriminalisering	Kriminalisering av att vara eller identifiera sig som hbtq+-person, att uppfattas som hbtq+, eller att delta i handlingar som kopplas till hbtq+.	
homoit0002380	Kriminalisering av homosexualitet		Kriminalisering av handlingar som anses vara sexuella eller romantiska mellan individer som i en given sociokulturell kontext uppfattas tillhöra samma könskategori.	
homoit0002381	Polisräder mot hbtq+-relaterade verksamheter	Polisrazzior mot hbtq+-relaterade verksamheter	Oannonserade och oväntade intrång i och genomsökningar av lokaler som ägs av eller frekventeras av hbtq+-personer, genomförda av poliser i syfte att överraska för att beslagta bevis eller gripa misstänkta. Polisräder kan genomföras lagligt med stöd av husrannsakan eller genom påstådda brådskande omständigheter, till exempel sannolika skäl, vilket är subjektivt och ofta ger begränsade möjligheter för civila att överklaga olagliga räder.	
homoit0002382	Polisräder mot bastuklubbar	Polisrazzior mot bastuklubbar	Oannonserade och oväntade intrång i och genomsökningar av badhus, bastur eller spa som ägs av eller frekventeras av hbtq+-personer, genomförda av poliser i syfte att överraska för att beslagta bevis eller gripa misstänkta. Polisräder kan genomföras lagligt med stöd av husrannsakan eller genom påstådda brådskande omständigheter, till exempel sannolika skäl, vilket är subjektivt och ofta ger begränsade möjligheter för civila att överklaga olagliga räder.	
homoit0002383	Polisräder mot hbtq+-personers mötesplatser	Polisrazzior mot hbtq+-personers mötesplatser	Oannonserade och oväntade intrång i och genomsökningar av mötesplatser som ägs av eller frekventeras av hbtq+-personer, inklusive individers bostäder, verksamheter och andra institutioner, genomförda av poliser i syfte att överraska för att beslagta bevis eller gripa misstänkta. Polisräder kan genomföras lagligt med stöd av husrannsakan eller genom påstådda brådskande omständigheter, till exempel sannolika skäl, vilket är subjektivt och ofta ger begränsade möjligheter för civila att överklaga olagliga räder.	
homoit0002384	Polisräder mot hbtq+-barer	Polisrazzior mot hbtq+-barer	Oannonserade och oväntade intrång i och genomsökningar av uteställen som ägs av eller frekventeras av hbtq+-personer, genomförda av poliser i syfte att överraska för att beslagta bevis eller gripa misstänkta. Polisräder kan genomföras lagligt med stöd av husrannsakan eller genom påstådda brådskande omständigheter, till exempel sannolika skäl, vilket är subjektivt och ofta ger begränsade möjligheter för civila att överklaga olagliga räder.	
homoit0002385	Polisräder mot hbtq+-klubbar	Polisrazzior mot hbtq+-klubbar	Oannonserade och oväntade intrång i och genomsökningar av nattklubbar som ägs av eller frekventeras av hbtq+-personer, genomförda av poliser i syfte att överraska för att beslagta bevis eller gripa misstänkta. Polisräder kan genomföras lagligt med stöd av husrannsakan eller genom påstådda brådskande omständigheter, till exempel sannolika skäl, vilket är subjektivt och ofta ger begränsade möjligheter för civila att överklaga olagliga räder.	
homoit0002386	No Police at Pride		En främst kanadensisk och amerikansk rörelse där poliser förbjöds från att delta i hbtq+-prideevenemang i vissa städer, som en reaktion på historisk och pågående diskriminering av hbtq+-personer, särskilt svarta och urfolk. I nutid har detta varit ett svar på seriemorden i Toronto 2010–2017 och det kritiserade sätt som Toronto-polisen hanterade utredningen.	
homoit0002387	Ickebinära föräldrar		Ickebinära personer som är föräldrar.	
homoit0002388	Kriminalisering av könsöverskridande		Kriminalisering av könsuttryck som i en given sociokulturell kontext anses vara normbrytande.	
homoit0002389	Kriminalisering av crossdressing		Kriminalisering av alla former av könsuttryck som i en given sociokulturell kontext anses vara könsöverskridande klädsel.	
homoit0002390	Defund the police-rörelsen		Främst en amerikansk och kanadensisk rörelse som förespråkar att minska eller avskaffa finansieringen av polismyndigheter (och ofta även polisiära strukturer generellt) och omfördela resurserna till andra former av offentlig verksamhet och samhällsstöd, såsom socialtjänst, ungdomsverksamhet, bostäder, utbildning, sjukvård och andra samhällsresurser.	
homoit0002391	Polisavskaffningsrörelsen	Police abolitionist movement	En huvudsakligen amerikansk och kanadensisk politisk rörelse som verkar för att ersätta polisverksamhet med andra system för allmän säkerhet. Förespråkare menar att polisväsendet som system är i grunden bristfälligt och inte kan reformeras. I stället eftersträvas en genomgripande omvandling genom att frånta polisen makt, avveckla och avväpna polisen. Rörelsen utgår från en förståelse av polisens rötter i vit överhöghet och bosättarkolonialism samt dess koppling till en rasistisk kapitalistisk samhällsordning, och menar därför att reforminriktade lösningar alltid kommer att misslyckas.	
homoit0002392	Polisiär identifiering av hbtq+-personer		Identifiering av hbtq+-personer, eller personer som tros vara hbtq+, av polis med hjälp av olika metoder, varav många saknar vetenskaplig grund. Informationen används för att övervaka, gripa eller lagföra hbtq+-personer, särskilt i regioner där hbtq+-identiteter är kriminaliserade.	
homoit0002393	Digital identifiering av hbtq+-personer		Identifiering av hbtq+-personer, eller personer som antas vara hbtq+, av polis med hjälp av digitala verktyg såsom telefonuppgifter, mobilapplikationer, ansiktsigenkänningsalgoritmer och artificiell intelligens. Uppgifterna används därefter för att locka, gripa och lagföra hbtq+-personer, särskilt i områden där det fortfarande är kriminaliserat att vara hbtq+.	
homoit0002394	Hbtq+-personers attityd till polisen		Attityder till och erfarenheter från kontakter, relationer och interaktioner mellan hbtq+-personer och polisen.	
homoit0002395	Polisskjutningar av hbtq+-personer		Skjutningar av hbtq+-personer eller personer som uppfattas som hbtq+ utförda av polis.	
homoit0002396	Performativ hbtq+-aktivism hos polisen	Pinkwashing hos polisen	Hbtq+-aktivism som utförs av polismyndigheter och närliggande institutioner i syfte att förbättra sitt rykte snarare än att faktiskt stödja hbtq+-personer.	
homoit0002397	Vit makt inom polisväsendet	Vit dominans inom polisväsendet||Vit överhöghet inom polisväsendet	Historiska och nutida kopplingar mellan vit makt-ideologier och moderna polisinstitutioner, främst diskuterade i Kanada och USA.	
homoit0002398	Black Lives Matter-rörelsen		En decentraliserad politisk och social rörelse, främst i USA och Kanada, som förespråkar civil olydnad i protest mot polisbrutalitet och allt rasistiskt våld riktat mot svarta personer. Rörelsen och dess relaterade organisationer verkar vanligtvis mot polisvåld mot svarta personer samt för policyförändringar som anses kopplade till svart frigörelse.	
homoit0002399	Black Trans Lives Matter-rörelsen		En del av Black Lives Matter-rörelsen som specifikt förespråkar rättigheter för svarta transpersoner (särskilt svarta transkvinnor) och kämpar mot rasism och för svart frigörelse.	
homoit0002400	Aromantiska tecknade serier		Verk som består av bilder i följd, ofta tillsammans med text. Används för serier som skildrar aromantiska karaktärer eller teman.	
homoit0002401	Aromantisk poesi	Aromantisk lyrik	Lyriska verk med fokus på aromantiska karaktärer, teman eller identitet.	
homoit0002402	Tecknade serier om intersexpersoner		Verk som består av bilder i följd, ofta tillsammans med text, Används för serier med intersexkaraktärer eller intersexteman.	
homoit0002403	Intersexpoesi	Intersexlyrik	Lyriska verk med fokus på intersexkaraktärer, teman eller identitet.	
homoit0002404	Asexuella tecknade serier		Verk som består av bilder i följd, ofta tillsammans med text. Används för serier som skildrar asexuella karaktärer eller teman.	
homoit0002405	Asexuell poesi	Asexuell lyrik	Lyriska verk med fokus på asexuella karaktärer, teman eller identitet.	
homoit0002406	Demisexuella tecknade serier		Verk som består av bilder i följd, ofta tillsammans med text. Används för serier med demisexuella karaktärer eller teman.	
homoit0002407	Demisexuell skönlitteratur		Litterära verk som beskriver fiktiva händelser eller personer. Används för skönlitteratur med demisexuella karaktärer eller teman.	
homoit0002408	Demisexuell poesi	Demisexuell lyrik	Lyriska verk med fokus på demisexuella karaktärer, teman eller identitet.	
homoit0002413	Asexuell erotisk litteratur		Litterära verk med erotiska eller sexuella inslag. Används för erotisk litteratur med asexuella karaktärer eller teman.	
homoit0002415	Intersex-erotisk litteratur		Litterära verk med erotiska eller sexuella inslag. Används för erotisk litteratur med intersexkaraktärer eller intersexteman.	
homoit0002416	Demisexuell erotisk litteratur		Litterära verk med erotiska eller sexuella inslag. Används för erotisk litteratur med demisexuella karaktärer eller teman.	
homoit0002417	Asexuell fantasy	Ace-fantasy	Genre som använder magi och andra övernaturliga fenomen som centrala inslag i handling, tema och/eller miljö. Används för fantasy med asexuella karaktärer eller teman.	
homoit0002418	Aromantisk fantasy		Genre som använder magi och andra övernaturliga fenomen som centrala inslag i handling, tema och/eller miljö. Används för fantasy med aromantiska karaktärer eller teman.	
homoit0002419	Intersex-fantasy		Genre som använder magi och andra övernaturliga fenomen som centrala inslag i handling, tema och/eller miljö. Används för fantasy med intersexkaraktärer eller teman.	
homoit0002420	Demisexuell fantasy		Genre som använder magi och andra övernaturliga fenomen som centrala inslag i handling, tema och/eller miljö. Används för fantasy med demisexuella karaktärer eller teman.	
homoit0002421	Asexuella serieromaner	Ace-serieromaner	Verk bestående av sekventiella bilder, ofta tillsammans med text, som vanligtvis innehåller fristående berättelser. Används för grafiska romaner som fokuserar på asexuella karaktärer eller teman.	
homoit0002422	Demisexuella serierromaner		Verk som består av sekventiella bilder, ofta ackompanjerade av text, som generellt innehåller fristående berättelser. Används för grafiska romaner med demisexuella karaktärer eller teman.	
homoit0002423	Aromantiska serieromaner		Verk bestående av sekventiella bilder, ofta tillsammans med text, som vanligtvis innehåller fristående berättelser. Används för grafiska romaner som fokuserar på aromantiska karaktärer eller teman.	
homoit0002424	Intersex-serieromaner		Verk bestående av sekventiella bilder, ofta tillsammans med text, som vanligtvis innehåller fristående berättelser. Används för grafiska romaner som fokuserar på intersexkaraktärer eller intersexteman.	
homoit0002426	Demisexuell skräck		Skönlitterära verk skrivna för att skrämma, oroa eller äckla. Används för skräcklitteratur med demisexuella karaktärer eller teman.	
homoit0002427	Aromantisk skräck		Skönlitterära verk skrivna för att skrämma, oroa eller äckla. Används för skräcklitteratur med aromantiska karaktärer eller teman.	
homoit0002428	Intersexskräck		Skönlitterära verk som syftar till att skrämma, chocka eller väcka avsky. Används för skräcklitteratur med intersexkaraktärer eller intersexteman.	
homoit0002429	Asexuella deckare	Ace-deckare	Skönlitterära verk om brottsutredningar eller detektivarbete. Används för deckare och mysterielitteratur med asexuella karaktärer eller teman.	
homoit0002430	Demisexuella deckare		Skönlitterära verk om brottsutredningar eller detektivarbete. Används för deckare och mysterielitteratur med demisexuella karaktärer eller teman.	
homoit0002431	Aromantiska deckare		Skönlitterära verk om brottsutredningar eller detektivarbete. Används för deckare och mysterielitteratur med aromantiska karaktärer eller teman.	
homoit0002432	Intersexdeckare		Skönlitterära verk om brottsutredningar eller detektivarbete. Används för deckare och mysterielitteratur med intersexkaraktärer eller teman.	
homoit0002433	Asexuella kärleksromaner	Ace-kärleksromaner||Asexuella kärleksskildringar||Asexuell romance||Ace-kärleksskildringar||Ace-romance	Skönlitterära verk som kretsar kring romantiska och/eller sexuella relationer mellan huvudkaraktärerna. Används för kärleksromaner med megasexuella karaktärer.	
homoit0002434	Aromantiska kärleksromaner	Aromantiska kärleksskildringar||Aromantisk romance	Skönlitterära verk som kretsar kring romantiska och/eller sexuella relationer mellan huvudkaraktärerna. Används för kärleksromaner med aromantiska karaktärer.	
homoit0002435	Intersexkärleksromaner		Skönlitterära verk som kretsar kring romantiska och/eller sexuella relationer mellan huvudkaraktärerna. Används för kärleksromaner med intersexkaraktärer.	
homoit0002436	Demisexuella kärleksromaner	Demisexuella kärleksskildringar||Demisexuell romance	Skönlitterära verk som kretsar kring romantiska och/eller sexuella relationer mellan huvudkaraktärerna. Används för kärleksromaner med fokus på demisexuella karaktärer.	
homoit0002437	Asexuell science fiction	Ace-science fiction||Asexuell sf||Asexuell sci fi	Skönlitterära verk om imaginära eller futuristiska koncept som involverar vetenskap, teknologi, rymden, tidsresor och andra spekulativa element. Används för science fiction med asexuella karaktärer eller teman.	
homoit0002438	Demisexuell science fiction	Demisexuell sci fi||Demisexuell sf	Skönlitterära verk om imaginära eller futuristiska koncept som involverar vetenskap, teknologi, rymden, tidsresor och andra spekulativa element. Används för science fiction med demisexuella karaktärer eller teman.	
homoit0002439	Aromantisk science fiction	Aromantisk sci fi||Aromantisk sf	Skönlitterära verk om imaginära eller futuristiska koncept som involverar vetenskap, teknologi, rymden, tidsresor och andra spekulativa element. Används för science fiction med aromantiska karaktärer eller teman.	
homoit0002440	Intersex-science fiction	Intersex-sf||Intersex-sci fi	Skönlitterära verk om imaginära eller futuristiska koncept som involverar vetenskap, teknologi, rymden, tidsresor och andra spekulativa element. Används för science fiction med intersexkaraktärer eller teman.	
homoit0002441	Asexuella noveller	Ace-noveller	Skönlitterära verk som är korta till formatet och skildrar en avslutad händelse eller idé. Används för noveller med fokus på asexuella karaktärer eller teman.	
homoit0002442	Aromantiska noveller		Skönlitterära verk som är korta till formatet och skildrar en avslutad händelse eller idé. Används för noveller med fokus på aromantiska karaktärer eller teman.	
homoit0002443	Intersexnoveller		Skönlitterära verk som är korta till formatet och skildrar en avslutad händelse eller idé. Används för noveller med fokus på intersexkaraktärer eller teman.	
homoit0002444	Demisexuella noveller		Skönlitterära verk som är korta till formatet och skildrar en avslutad händelse eller idé. Används för noveller med fokus på demisexuella karaktärer eller teman.	
homoit0002445	Transfilm		Filmer skapade av transregissörer, som skildrar transpersoner eller som betraktas som betydelsefulla inom transkulturen.	
homoit0002446	Queer film		Filmer skapade av queera regissörer, som skildrar queera personer eller som betraktas som betydelsefulla inom queer kultur.	
homoit0002447	Bisexuell film		Filmer skapade av bisexuella regissörer, föreställande bisexuella personer eller betraktade som viktiga inom bisexuell kultur.	
homoit0002449	Aromantisk litteratur		Skrivna litterära verk om aromantik, aromantiska karaktärer eller aromantiska teman.	
homoit0002451	Aromantisk erotisk litteratur		Litterära verk med erotiska eller sexuella inslag. Används för erotisk litteratur med aromantiska karaktärer eller teman.	
homoit0002452	Aromantisk dramatik	Aromantisk scenkonst	Fiktion avsedd för sceniskt framförande med aromantiska gestalter eller teman.	
homoit0002453	Aromantisk teater		Scenkonstverk som fokuserar på aromantiska karaktärer, gemenskaper eller frågor.	
homoit0002460	Unga aromantiker		Aromantiska personer i åldern mellan barndom och vuxenliv.	
homoit0002461	Aromantisk ungdomslitteratur	Aromantisk YA	Litterära verk för läsare mellan 12 och 18 år, även kallat YA. Används för ungdomslitteratur med aromantiska karaktärer eller teman.	
homoit0002462	Aromantisk historia		Historiska händelser eller uppgifter som rör aromantiska personer, eller personer som i dag skulle kunna uppfattas som aromantiska.	
homoit0002463	Aromantiska självbiografier		Berättelser om aromantiska personers liv skrivna av dem själva. För skrivna berättelser om aromantiska personers liv som inte är skrivna av dem själva, använd ”Aromantiska biografier.”	
homoit0002464	Aromantiska biografier		Skrivna berättelser om aromantiska personers liv. För berättelser om aromantiska personers liv skrivna av dem själva, använd ”Aromantiska självbiografier.”	
homoit0002466	Aromantiska litteraturstudier		Studier, analyser och tolkningar av litterära verk med aromantiska karaktärer eller teman. Kan även innefatta tolkning av litteratur utifrån teorier inom aromantiska studier.	
homoit0002467	Asexuell litteratur	Ace-litteratur	Skrivna litterära verk om asexualitet, asexuella karaktärer eller asexuella teman.	
homoit0002468	Asexuell dramatik	Asexuell scenkonst	Fiktion avsedd för sceniskt framförande med asexuella gestalter eller teman.	
homoit0002469	Asexuell teater	Ace-teater	Scenkonstverk som fokuserar på asexuella karaktärer, gemenskaper eller frågor.	
homoit0002470	Asexuell fiktion		Litterära verk som beskriver fiktiva händelser eller personer. Används för skönlitteratur med asexuella karaktärer eller teman.	
homoit0002473	Asexuell skräck	Ace-skräck	Skönlitterära verk skrivna för att skrämma, oroa eller äckla. Används för skräcklitteratur med asexuella karaktärer eller teman.	
homoit0002478	Asexuell ungdomslitteratur	Asexuell YA	Litterära verk för läsare mellan 12 och 18 år, även kallat YA. Används för ungdomslitteratur med fokus på asexuella karaktärer eller teman.	
homoit0002479	Asexuell historia		Historiska händelser eller uppgifter som rör asexuella personer, eller personer som i dag skulle kunna uppfattas som asexuella.	
homoit0002480	Asexuella självbiografier	Ace-självbiografier	Berättelser om asexuella personers liv skrivna av dem själva. För skrivna berättelser om asexuella personers liv som inte är skrivna av dem själva, använd ”Asexuella biografier.”	
homoit0002481	Asexuella biografier	Ace-biografier	Skrivna berättelser om asexuella personers liv. För berättelser om asexuella personers liv skrivna av dem själva, använd ”Asexuella självbiografier.”	
homoit0002483	Asexuella litteraturstudier		Studier, analyser och tolkningar av litterära verk med asexuella karaktärer eller teman. Kan även innefatta tolkning av litteratur utifrån teorier inom asexuella studier.	
homoit0002484	Demisexuell litteratur		Skrivna litterära verk om demisexualitet, demisexuella karaktärer eller demisexuella teman.	
homoit0002485	Demisexuell dramatik	Demisexuell scenkonst	Fiktion avsedd för sceniskt framförande med demisexuella gestalter eller teman.	
homoit0002486	Demisexuell teater		Scenkonstverk som fokuserar på demisexuella karaktärer, gemenskaper eller frågor.	
homoit0002487	Demisexuella författare		Demisexuella skapare av skrivna verk.	
homoit0002488	Demisexuell historia		Historiska händelser eller uppgifter som rör demisexuella personer, eller personer som i dag skulle kunna uppfattas som demisexuella.	
homoit0002489	Unga Demisexuella		Demisexuella personer i åldern mellan barndom och vuxenliv.	
homoit0002490	Demisexuell ungdomslitteratur		Litterära verk för läsare mellan 12 och 18 år, även kallat YA. Används för ungdomslitteratur med fokus på demisexuella karaktärer eller teman.	
homoit0002491	Demisexuella självbiografier		Berättelser om demisexuella personers liv skrivna av dem själva. För skrivna berättelser om demisexuella personers liv som inte är skrivna av dem själva, använd ”Demisexuella biografier”.	
homoit0002492	Demisexuella biografier		Skrivna berättelser om demisexuella personers liv. För berättelser om demisexuella personers liv skrivna av dem själva, använd ”Demisexuella självbiografier”.	
homoit0002493	Demisexuella litteraturstudier		Studier, analyser och tolkningar av litterära verk med demisexuella karaktärer eller teman. Kan även innefatta tolkning av litteratur utifrån teorier inom demisexuella studier.	
homoit0002494	Megasexuell erotisk litteratur		Litterära verk med erotiska eller sexuella inslag. Används för erotisk litteratur med megasexuella karaktärer eller teman.	
homoit0002495	Megasexuell fantasy		Genre som använder magi och andra övernaturliga fenomen som centrala inslag i handling, tema och/eller miljö. Används för fantasy med megasexuella karaktärer eller teman.	
homoit0002496	Megasexuell skräck		Skönlitterära verk skrivna för att skrämma, oroa eller äckla. Används för skräcklitteratur med megasexuella karaktärer eller teman.	
homoit0002497	Megasexuella deckare		Skönlitterära verk om brottsutredningar eller detektivarbete. Används för deckare och mysterielitteratur med megasexuella karaktärer eller teman.	
homoit0002498	Megasexuella kärleksromaner	Megasexuella kärleksskildringar||Megasexuell romance	Skönlitterära verk som kretsar kring romantiska och/eller sexuella relationer mellan huvudkaraktärerna. Används för kärleksromaner med megasexuella karaktärer.	
homoit0002499	Megasexuell science fiction	Megasexuell sci fi||Megasexuell sf	Skönlitterära verk om imaginära eller futuristiska koncept som involverar vetenskap, teknologi, rymden, tidsresor och andra spekulativa element. Används för science fiction med megasexuella karaktärer eller teman.	
homoit0002500	Megasexuella noveller		Skönlitterära verk som är korta till formatet och skildrar en avslutad händelse eller idé. Används för noveller med fokus på megasexuella karaktärer eller teman.	
homoit0002501	Megasexuell dramatik	Megasexuell scenkonst	Fiktion avsedd för sceniskt framförande med megasexuella gestalter eller teman.	
homoit0002502	Megasexuell teater		Scenkonstverk som fokuserar på megasexuella karaktärer, gemenskaper eller frågor.	
homoit0002503	Megasexuella tecknade serier		Verk som består av bilder i följd, ofta tillsammans med text. Används för serier som skildrar megasexuella karaktärer eller teman.	
homoit0002504	Megasexuell historia		Historiska händelser eller uppgifter som rör megasexuella personer, eller personer som i dag skulle kunna uppfattas som megasexuella.	
homoit0002505	Megasexuella författare		Megasexuella skapare av skrivna verk.	
homoit0002506	Megasexuell skönlitteratur		Litterära verk som beskriver fiktiva händelser eller personer. Används för skönlitteratur med megasexuella karaktärer eller teman.	
homoit0002507	Megasexuell litteratur		Skrivna litterära verk om megasexualitet, megasexuella karaktärer eller megasexuella teman.	
homoit0002508	Megasexuell poesi	Megasexuell lyrik	Lyriska verk med fokus på megasexuella karaktärer, teman eller identitet.	
homoit0002509	Unga Megasexuella		Megasexuella personer mellan barndom och vuxen ålder.	
homoit0002510	Megasexuell ungdomslitteratur		Litterära verk för läsare mellan 12 och 18 år, även kallat YA. Används för ungdomslitteratur med fokus på megasexuella karaktärer eller teman.	
homoit0002511	Megasexuella självbiografier		Skildringar av megasexuella personers liv skrivna av dem själva. För skildringar som inte är skrivna av personen själv, använd termen ”Biografier om megasexuella personer”.	
homoit0002512	Megasexuella biografier		Skrivna skildringar av megasexuella personers liv. För skildringar skrivna av personerna själva, använd termen ”Självbiografier av megasexuella personer”.	
homoit0002513	Megasexuell litteraturstudier		Studier, analyser och tolkningar av litterära verk med megasexuella karaktärer eller teman. Kan även innefatta tolkning av litteratur utifrån teorier inom megasexuella studier.	
homoit0002514	Romantiska relationer		Fortlöpande relationer mellan två eller flera personer som kännetecknas av romantiska handlingar eller engagemang.	
homoit0002515	Gråromantisk erotisk litteratur	Greyromantic erotisk litteratur	Litterära verk med erotiska eller sexuella inslag. Används för erotisk litteratur med gråromantiska karaktärer eller teman.	
homoit0002516	Gråromantisk fantasy	Greyromantic-fantasy	Genre som använder magi och andra övernaturliga fenomen som centrala inslag i handling, tema och/eller miljö. Används för fantasy med gråromantiska karaktärer eller teman.	
homoit0002517	Gråromantisk skräck	Greyromantic-skräck	Skönlitterära verk som syftar till att skrämma, chocka eller väcka avsky. Används för skräcklitteratur med gråromantiska karaktärer eller teman.	
homoit0002518	Gråromantiska deckare	Greyromantic-deckare	Skönlitterära verk om brottsutredningar eller detektivarbete. Används för deckare och mysterielitteratur med gråromantiska karaktärer eller teman.	
homoit0002519	Gråromantiska kärleksromaner	Greyromantic-kärleksromaner||Gråromantiska kärleksskildringar||Gråromantisk romance||Greyromantic romance||Greyromantic-kärleksskildringar	Skönlitterära verk som kretsar kring romantiska och/eller sexuella relationer mellan huvudkaraktärerna. Används för kärleksromaner med gråromantiska karaktärer.	
homoit0002520	Gråromantisk science fiction	Greyromantic-science fiction||Gråromantisk sf||Gråromantisk sci fi||Greyromantic-sci fi||Greyromantic-sf	Skönlitterära verk om imaginära eller futuristiska koncept som involverar vetenskap, teknologi, rymden, tidsresor och andra spekulativa element. Används för science fiction med gråromantiska karaktärer eller teman.	
homoit0002521	Gråromantiska noveller	Greyromantic-noveller	Skönlitterära verk som är korta till formatet och skildrar en avslutad händelse eller idé. Används för noveller med fokus på gråromantiska karaktärer eller teman.	
homoit0002522	Gråromantisk dramatik	Dramatik om greyromantic : Gråromantisk scenkonst||Scenkonst om greyromantic	Fiktion avsedd för sceniskt framförande med gråromantiska gestalter eller teman.	
homoit0002523	Gråromantisk teater	Greyromantic-teater	Scenkonstverk som fokuserar på gråromantiska karaktärer, gemenskaper eller frågor.	
homoit0002524	Gråromantiska tecknade serier	Greyromantic-serier	Verk som består av bilder i följd, ofta tillsammans med text. Används för serier med gråromantiska karaktärer eller teman.	
homoit0002525	Gråromantisk historia	Greyromantic-historia	Historiska händelser eller uppgifter som rör gråomantiska personer, eller personer som i dag skulle kunna uppfattas som gråromantiska.	
homoit0002526	Armeniska hbtq+-personer		Hbtq+-personer med armeniskt ursprung.	
homoit0002527	Armeniska bögar		Bögar med armeniskt ursprung.	
homoit0002528	Lesbiska armenier		Lesbiska med armeniskt ursprung.	
homoit0002529	Bisexuella armenier		Bisexuella personer med armeniskt ursprung.	
homoit0002530	Queera armenier		Queera personer med armeniskt ursprung.	
homoit0002531	Armeniska transpersoner		Transpersoner med armeniskt ursprung.	
homoit0002532	Armeniska intersexpersoner		Intersexpersoner med armeniskt ursprung.	
homoit0002533	Asexuella armenier		Asexuella personer med armeniskt ursprung.	
homoit0002534	Gråromantiska författare	Greyromantic-författare	Gråromantiska skapare av skrivna verk.	
homoit0002535	Gråromantisk skönlitteratur	Greyromantic-skönlitteratur	Litterära verk som beskriver fiktiva händelser eller personer. Används för skönlitteratur med gråromantiska karaktärer eller teman.	
homoit0002536	Gråromantisk poesi	Greyromatic-poesi||Gråromantisk lyrik||Greyromantic-lyrik	Lyriska verk med fokus på gråromantiska karaktärer, teman eller identitet.	
homoit0002537	Gråromantisk litteratur	Greyromantic-litteratur	Skrivna litterära verk om gråromantik, gråromantiska karaktärer eller gråromantiska teman.	
homoit0002538	Unga gråromantiker	Unga greyromantic-personer	Gråromantiska personer mellan barndom och vuxen ålder.	
homoit0002539	Gråromantisk ungdomslitteratur	Greyromantic-ungdomslitteratur	Litterära verk för läsare mellan 12 och 18 år, även kallat YA. Används för ungdomslitteratur med fokus på gråromantiska karaktärer eller teman.	
homoit0002540	Självbiografier av gråromantiker	Självbiografier av greyromantic-personer	Skildringar av gråromantiska personers liv skrivna av dem själva. För skildringar som inte är skrivna av personen själv, använd termen ”Biografier om gråromantiska personer”.	
homoit0002541	Biografier om gråromantiker	Biografier om greyromantic-personer	Skrivna skildringar av gråromantiska personers liv. För skildringar skrivna av personerna själva, använd termen ”Självbiografier av gråromantiska personer”.	
homoit0002542	Gråromantiska litteraturstudier	Greyromantic-litteraturstudier	Studier, analyser och tolkningar av litterära verk med gråromantiska karaktärer eller teman. Kan även innefatta tolkning av litteratur utifrån teorier inom gråromantiska studier.	
homoit0002544	Hbtq+-erotisk film	Erotisk film (hbtq+)	Erotiska filmer skapade av hbtq+-regissörer, som skildar hbtq+-personer eller som betraktas som betydelsefulla inom hbtq+-kultur. Använd mer specifik term vid behov.	
homoit0002545	Two-spirit-erotisk film		Erotiska filmer eller filmer skapade av Two-spirit-regissörer, som skildrar Two-spirit-personer eller som betraktas som betydelsefulla inom Two-spirit-kultur.	
homoit0002546	Lesbisk erotisk film		Erotiska filmer skapade av lesbiska regissörer, som skildrar lesbiska eller som betraktas som betydelsefulla inom lesbisk kultur.	
homoit0002547	Gay erotisk film	Homosexuell manlig erotisk film	Erotiska filmer skapade av homosexuella manliga regissörer, med bögar eller som betraktas som viktiga inom bögkultur.	
homoit0002548	Bisexuell erotisk film		Erotiska filmer skapade av bisexuella regissörer, föreställande bisexuella personer eller betraktade som viktiga inom bisexuell kultur.	
homoit0002549	Erotiska transfilmer		Erotiska filmer skapade av transregissörer, som skildrar transpersoner eller som betraktas som betydelsefulla inom transkultur.	
homoit0002550	Queer erotisk film		Erotiska filmer, skapade av queera regissörer, som skildrar queera personer eller som betraktas som betydelsefulla inom queer kultur.	
homoit0002551	Intersex-erotisk film		Erotiska filmer skapade av intersexregissörer, som skildrar intersexpersoner eller som betraktas som viktiga inom intersexkultur.	
homoit0002552	Aromantisk erotisk film		Erotiska filmer skapade av aromantiska regissörer, föreställande aromantiska personer eller betraktade som viktiga inom aromantisk kultur.	
homoit0002553	Asexuell erotisk film		Erotiska filmer skapade av asexuella regissörer, föreställande asexuella personer eller betraktade som viktiga inom asexuell kultur.	
homoit0002554	Demisexuell erotisk film		Erotiska filmer skapade av demisexuella regissörer, föreställande demisexuella personer eller betraktade som viktiga inom demisexuell kultur.	
homoit0002555	Two-spirit-porrfilm		Erotiska eller sexuellt explicita filmer där Two-spirit-personer medverkar.	
homoit0002556	Intersexporrfilm		Erotiska eller sexuellt explicita filmer där intersexpersoner medverkar.	
homoit0002557	Aromantisk porrfilm		Erotiska eller sexuellt explicita filmer med aromantiska personer.	
homoit0002558	Asexuell porrfilm		Erotiska eller sexuellt explicita filmer där asexuella personer medverkar.	
homoit0002559	Demisexuell porrfilm		Erotiska eller sexuellt explicita filmer där demisexuella personer medverkar.	
homoit0002560	Two-spirit-filmer		Filmer skapade av Two-spirit-regissörer, som skildrar Two-spirit-personer eller som betraktas som betydelsefulla inom Two-spirit-kulturen.	
homoit0002561	Intersexfilmer		Filmer skapade av intersexregissörer, som skildrar intersexpersoner eller som betraktas som betydelsefulla inom intersexkulturen.	
homoit0002562	Aromantisk film		Filmer skapade av aromantiska regissörer, föreställande aromantiska personer eller betraktade som viktiga inom aromantisk kultur.	
homoit0002563	Asexuell film	Ace-film	Filmer skapade av asexuella regissörer, föreställande asexuella personer eller betraktade som viktiga inom asexuell kultur.	
homoit0002564	Demisexuell film		Filmer skapade av demisexuella regissörer, föreställande demisexuella personer eller betraktade som viktiga inom demisexuell kultur.	
homoit0002565	Ickebinär skönlitteratur		Litterära verk som beskriver fiktiva händelser eller personer. Används för skönlitteratur med ickebinära karaktärer eller teman.	
homoit0002566	Ickebinära kärleksromaner	Ickebinära kärleksskildringar||Ickebinär romance	Skönlitterära verk som kretsar kring romantiska och/eller sexuella relationer mellan huvudkaraktärerna. Används för kärleksromaner med ickebinära karaktärer.	
homoit0002567	Ickebinära deckare		Skönlitterära verk om brottsutredningar eller detektivarbete. Används för deckare och mysterielitteratur med ickebinära karaktärer eller teman.	
homoit0002568	Ickebinär skräck		Skönlitterära verk skrivna för att skrämma, oroa eller äckla. Används för skräcklitteratur med ickebinära karaktärer eller teman.	
homoit0002569	Ickebinära serierromaner		Verk bestående av sekventiella bilder, ofta tillsammans med text, som vanligtvis innehåller fristående berättelser. Används för grafiska romaner som fokuserar på ickebinära karaktärer eller teman.	
homoit0002570	Ickebinär science fiction	Ickebinär sci fi||Ickebinär sf	Skönlitterära verk om imaginära eller futuristiska koncept som involverar vetenskap, teknologi, rymden, tidsresor och andra spekulativa element. Används för science fiction med ickebinära karaktärer eller teman.	
homoit0002571	Ickebinär fantasy		Genre som använder magi och andra övernaturliga fenomen som centrala inslag i handling, tema och/eller miljö. Används för fantasy med ickebinära karaktärer eller teman.	
homoit0002572	Ickebinär erotisk litteratur		Litterära verk med erotiska eller sexuella inslag. Används för erotisk litteratur med ickebinära karaktärer eller teman.	
homoit0002573	Ickebinär porrfilm		Erotiska eller sexuellt explicita filmer där ickebinära personer medverkar.	
homoit0002574	Ickebinära noveller		Skönlitterära verk som är korta till formatet och skildrar en avslutad händelse eller idé. Används för noveller med fokus på ickebinära karaktärer eller teman.	
homoit0002575	Ickebinära tecknade serier		Verk som består av bilder i följd, ofta tillsammans med text. Används för serier med ickebinära karaktärer eller teman.	
homoit0002576	Ickebinär poesi	Ickebinär lyrik	Lyriska verk med fokus på ickebinära karaktärer, teman eller identitet.	
homoit0002577	Queercrip	Cripqueer	Ett sammanslaget ord av queer och crip, använt för att beskriva personer eller fenomen som tillhör både queer- och funktionsnedsattas gemenskaper. Kan också skrivas som ”cripqueer” när funktionsnedsättningsidentiteten betonas först.	
homoit0002578	69:an		69:an avser en akt av delat oralsex där två personer samtidigt ger och tar emot oralsex, vilket sägs likna siffran 69.	
homoit0002579	Erotisk konst (hbtq+)	Hbtq+-erotisk konst	Paraplyterm för erotisk konst i olika uttrycksformer (visuell, materiell och scenkonst) med hbtq+‑teman: skapad av hbtq+‑konstnärer, som avbildar hbtq+‑personer eller som anses betydelsefull inom hbtq+‑gemenskaper och ‑kulturer. Använd en mer specifik term om möjligt.	
homoit0002580	Appropriering av amerikanska urfolksidentiteter		En form av kulturell appropriering som innebär falska påståenden om medborgarskap, tillhörighet och/eller härkomst från ursprungsbefolkningar i Nordamerika. Ska inte förväxlas med avlägsna eller återknytande ättlingar.	
homoit0002581	Appropriering av two spirit-identitet		En form av kulturell appropriering där personer som inte kan göra anspråk på medborgarskap, tillhörighet och/eller härkomst från ursprungsbefolkningar i Nordamerika identifierar sig som Two-spirit.	
homoit0002582	Appropriering av marginaliserade identiteter		Falska påståenden om tillhörighet till en marginaliserad grupp (inklusive, men inte begränsat till, funktionsvariationer, etnicitet, ras och sexualitet).	
homoit0002583	Queerspawn		Personer med en eller flera queera föräldrar eller vårdnadshavare. Används ofta som en självbeskrivning. Begreppet queerspawn myntades omkring 1995 av Stefan Lynch i ett zine från organisationen COLAGE.	
homoit0002584	Bothies		Personer som har två eller flera hbtq+-föräldrar eller vårdnadshavare. Inkluderar individer som fötts eller adopterats av personer i en heterosexuell relation som senare kom ut som hbtq+, samt individer födda eller adopterade av hbtq+-personer som tillsammans skapade sina egna familjer, exempelvis lesbiska par som valt att skaffa barn med bögar. Används i en kanadensisk och amerikansk kontext.	
homoit0002585	Hbtq+-barn med hbtq+-föräldrar		Term som används för att beskriva hbtq+-personer som har minst en hbtq+-förälder eller vårdnadshavare.	
homoit0002586	Familjegenerationer (hbtq+)		Avser familjer där det finns hbtq+-personer i flera generationer.	
homoit0002587	Barn till transpersoner		Personer som har en eller flera transpersoner som föräldrar eller vårdnadshavare.	
homoit0002588	Kulturellt queer	Queersocialiserad	Term som används för att beskriva den känsla som många personer med queera föräldrar eller vårdnadshavare delar av att ha vuxit upp omgiven av queer kultur, inklusive queera traditioner, högtider, media och språk.	
homoit0002589	Stereotypa könsroller		Allmänt spridda men förenklade och ofta kränkande föreställningar om könsroller – det vill säga socialt definierade regler eller normer för könskodade beteenden. Använd termen ”könsroller” för att beskriva könsroller generellt, snarare än stereotyper kring dem.	
homoit0002590	Internaliserat förtryck		Företeelsen att en person som tillhör en marginaliserad grupp internaliserar eller anammar förtryckande föreställningar – det vill säga negativa uppfattningar om och intolerans mot marginaliserade identiteter som personen själv har – till följd av att ha vuxit upp eller socialiserats i en förtryckande miljö eller kultur.	
homoit0002591	Internaliserad lesbofobi		Företeelsen att lesbiska internaliserar eller anammar lesbofobiska föreställningar – det vill säga negativa uppfattningar om och intolerans mot lesbiska och lesbiskhet – till följd av att ha vuxit upp eller socialiserats i en lesbofobisk miljö eller kultur.	
homoit0002592	Internaliserad bifobi		Företeelsen att bisexuella personer internaliserar eller anammar bifobiska föreställningar – det vill säga negativa uppfattningar om och intolerans mot bisexuella personer och bisexualitet – till följd av att ha vuxit upp eller socialiserats i en bifobisk miljö eller kultur.	
homoit0002593	Internaliserad transfobi		Företeelsen att transpersoner internaliserar eller anammar transfobiska föreställningar – det vill säga negativa uppfattningar om och intolerans mot transpersoner och transidentiteter – till följd av att ha vuxit upp eller socialiserats i en transfobisk miljö eller kultur.	
homoit0002594	Internaliserad queerfobi		Företeelsen att queera personer internaliserar eller anammar queerfobiska föreställningar – det vill säga negativa uppfattningar om och intolerans mot queera personer och queerness – till följd av att ha vuxit upp eller socialiserats i en queerfobisk miljö eller kultur.	
homoit0002595	Internaliserad intersexfobi		Företeelsen att intersexpersoner internaliserar eller anammar intersexfobiska föreställningar – det vill säga negativa uppfattningar om och intolerans mot intersexpersoner och intersexvariationer – till följd av att ha vuxit upp eller socialiserats i en intersexfobisk miljö eller kultur.	
homoit0002596	Transkonst		Olika former av konstnärligt skapande, inklusive bildkonst, materiell konst och scenkonst, skapade av transkonstnärer eller som skildrar transgemenskaper och teman.	
homoit0002597	Two-spirit-konst		Olika former av konstnärligt skapande, inklusive bildkonst, materiell konst och scenkonst, skapade av Two-spirit-konstnärer eller som skildrar Two-spirit-gemenskaper och teman.	
homoit0002598	Bögkonst	Gaykonst	Paraplyterm för olika former av konstnärligt skapande, inklusive bildkonst, materiell konst och scenkonst, skapade av homosexuella manliga konstnärer eller som skildrar bögars gemenskaper och teman. Använd en mer specifik term om möjligt.	
homoit0002599	Lesbisk konst		Olika former av konstnärligt skapande, inklusive bildkonst, materiell konst och scenkonst, skapade av lesbiska konstnärer eller som skildrar lesbiska gemenskaper och teman.	
homoit0002600	Bisexuell konst		Olika former av konstnärligt skapande, inklusive bildkonst, materiell konst och scenkonst, skapade av bisexuella konstnärer eller som skildrar bisexuella gemenskaper och teman.	
homoit0002601	Queer konst		Olika former av konstnärligt skapande, inklusive bildkonst, materiell konst och scenkonst, skapade av queera konstnärer eller som skildrar queera gemenskaper och teman.	
homoit0002602	Intersexkonst		Olika former av konstnärligt skapande, inklusive bildkonst, materiell konst och scenkonst, skapade av intersexkonstnärer eller med teman och gemenskaper som rör intersexpersoner.	
homoit0002603	Aromantisk konst		Olika former av konstnärligt skapande, inklusive bildkonst, materiell konst och scenkonst, skapade av aromantiska konstnärer eller som skildrar aromantiska gemenskaper och teman.	
homoit0002604	Asexuell konst	Ace-konst	Olika former av konstnärligt skapande, inklusive bildkonst, materiell konst och scenkonst, skapade av asexuella konstnärer eller som skildrar asexuella gemenskaper och teman.	
homoit0002605	Demisexuell konst		Olika former av konstnärligt skapande, inklusive bildkonst, materiell konst och scenkonst, skapade av demisexuella konstnärer eller som skildrar demisexuella gemenskaper och teman.	
homoit0002606	Two-spirit-erotisk konst		Erotisk konst skapad av konstnärer som är Two‑Spirit, som avbildar Two‑Spirit‑personer eller som anses betydelsefull inom Two‑Spirit‑kulturen.	
homoit0002607	Lesbisk erotisk konst		Erotisk konst skapad av konstnärer som är lesbiska, som avbildar lesbiska personer eller som anses betydelsefull inom lesbisk kultur.	
homoit0002608	Gay erotisk konst	Homosexuell manlig erotisk konst	Erotisk konst skapad av konstnärer som är bögar, som avbildar bögar eller som anses betydelsefull inom bögkulturen.	
homoit0002609	Bisexuell erotisk konst		Erotisk konst skapad av konstnärer som är bisexuella, som avbildar bisexuella personer eller som anses betydelsefull inom bisexuell kultur.	
homoit0002610	Erotisk transkonst		Erotisk konst skapad av transpersoner, som avbildar transpersoner eller som betraktas som betydelsefull inom transkulturen.	
homoit0002611	Queer erotisk konst		Erotisk konst skapad av konstnärer som är queera, som avbildar queera personer eller som anses betydelsefull inom queerkulturen.	
homoit0002612	Intersex-erotisk konst		Erotisk konst skapad av konstnärer som är intersex, som avbildar intersexpersoner eller som anses betydelsefull inom intersexkulturen.	
homoit0002613	Aromantisk erotisk konst		Erotisk konst skapad av konstnärer som är aromantiska, som avbildar aromantiska personer eller som anses betydelsefull inom aromantisk kultur.	
homoit0002614	Asexuell erotisk konst		Erotisk konst skapad av konstnärer som är asexuella, som avbildar asexuella personer eller som anses betydelsefull inom asexuell kultur.	
homoit0002615	Demisexuell erotisk konst		Erotisk konst skapad av konstnärer som är demisexuella, som avbildar demisexuella personer eller som anses betydelsefull inom demisexuell kultur.	
homoit0002616	Anonyma donatorer (reproduktion)		Personer som donerat sina könsceller med vilkoret att deras identitet skulle förbli okänd för eventuella barn som tillkommit genom donation.	
homoit0002617	Konstgjord befrukning		Införande av sädesvätska i livmodermunnen, livmodern eller äggledaren med hjälp av assisterad reproduktionsteknik. Vissa väljer att inte använda denna term på grund av ordet ”konstgjord” och dess implikationer.	
homoit0002618	Assisterad befruktning		Processen där ett foster blir till genom donatorinsemination, äggdonation, surrogatmoderskap, IVF och/eller andra reproduktionstekniker.	
homoit0002619	Teknik för assisterad befruktning		Ett paraplybegrepp som används för att beskriva alla metoder för befruktning utöver samlag, inklusive men inte begränsat till donatorinsemination, assisterad insemination, surrogatmoderskap, äggdonation och IVF.	
homoit0002620	Inseminering med donerade spermier		Processen där donerade spermier förs in i en person med livmoder för att framkalla graviditet.	
homoit0002621	Donatorssyskon		Personer som är biologiskt besläktade med varandra genom en gemensam donator.	
homoit0002622	Äggdonation		Processen där en person donerar sina ägg för reproduktion.	
homoit0002623	Halvsyskon		Syskon som är biologiskt släkt genom endast en av föräldrarna.	
homoit0002624	Kända donatorer (reproduktion)		Donatorer vars identitet är känd för de personer som de har donerat könsceller till och/eller för de barn som fötts till följd av donationen.	
homoit0002625	Kända donatorer (reproduktion)		Donatorer som donerat könsceller med villkoret att deras identitet och/eller kontaktuppgifter ska lämnas ut till barn som tillkommit genom donationen. Åldern då barnet får tillgång till informationen varierar beroende på nationell lagstiftning och/eller donatorns önskemål.	
homoit0002626	Spermadonation		Processen där en person donerar sin sperma i syfte att möjliggöra reproduktion.	
homoit0002627	Gestationellt surrogatskap		Processen där en person blir gravid genom användning av ett donerat ägg.	
homoit0002628	Surrobarn	Surrobebisar||Surrbarn	Personer som fötts genom surrogatarrangemang.	
homoit0002629	Provrörsbarn		Personer som blivit till genom IVF, det vill säga in vitro-fertilisering.	
homoit0002630	Māhū-poesi	Māhū-lyrik	Lyriska verk med fokus på māhū-karaktärer, teman eller identitet.	
homoit0002631	Māhū-tecknade serier		Verk som består av bilder i följd, ofta tillsammans med text. Används för serier med māhū-karaktärer eller teman.	
homoit0002632	Māhū-skönlitteratur		Litterära verk som beskriver fiktiva händelser eller personer. Används för skönlitteratur med māhū-karaktärer eller teman.	
homoit0002633	Māhū-noveller		Skönlitterära verk som är korta till formatet och skildrar en avslutad händelse eller idé. Används för noveller med fokus på Māhū-karaktärer eller teman.	
homoit0002634	Māhū-porrfilm		Erotiska eller sexuellt explicita filmer där māhū-personer medverkar.	
homoit0002635	Māhū erotisk litteratur		Litterära verk med erotiska eller sexuella inslag. Används för erotisk litteratur med māhū-karaktärer eller teman.	
homoit0002636	Māhū-fantasy		Genre som använder magi och andra övernaturliga fenomen som centrala inslag i handling, tema och/eller miljö. Används för fantasy med māhū-karaktärer eller teman.	
homoit0002637	Māhū-science fiction	Māhū-sci fi||Māhū-sf	Skönlitterära verk om imaginära eller futuristiska koncept som involverar vetenskap, teknologi, rymden, tidsresor och andra spekulativa element. Används för science fiction med māhū-karaktärer eller teman.	
homoit0002638	Māhū-serieromaner		Verk bestående av sekventiella bilder, ofta tillsammans med text, som vanligtvis innehåller fristående berättelser. Används för grafiska romaner som fokuserar på māhū-karaktärer eller teman.	
homoit0002639	Māhū-skräck		Skönlitterära verk skrivna för att skrämma, oroa eller äckla. Används för skräcklitteratur med māhū-karaktärer eller teman.	
homoit0002640	Māhū-deckare		Skönlitterära verk om brottsutredningar eller detektivarbete. Används för deckare och mysterielitteratur med māhū-karaktärer eller teman.	
homoit0002641	Māhū-kärleksromaner	Māhū-kärleksskildringar||Māhū-romance	Skönlitterära verk som kretsar kring romantiska och/eller sexuella relationer mellan huvudkaraktärerna. Används för kärleksromaner med māhū-karaktärer.	
homoit0002642	Two-spirit-poesi	Two-spirit-lyrik	Lyriska verk med fokus på Two-spirit-personer, teman eller identitet.	
homoit0002643	Tecknade serier om Two-spirit-personer		Verk som består av bilder i följd, ofta tillsammans med text. Används för serier som skildrar Two-spirit-karaktärer eller teman.	
homoit0002644	Two-spirit-erotisk litteratur		Litterära verk med erotiska eller sexuella inslag. Används för erotisk litteratur med Two-spirit-karaktärer eller teman.	
homoit0002646	Two-spirit-fantasy		Genre som använder magi och andra övernaturliga fenomen som centrala inslag i handling, tema och/eller miljö. Används för fantasy med Two-spirit-karaktärer eller teman.	
homoit0002647	Two-spirit-science fiction	Two-spirit-sci fi||Two-spirit-sf	Skönlitterära verk om imaginära eller futuristiska koncept som involverar vetenskap, teknologi, rymden, tidsresor och andra spekulativa element. Används för science fiction med Two-spirit-personer eller teman.	
homoit0002648	Two-spirit-serieromaner		Verk bestående av sekventiella bilder, ofta tillsammans med text, som vanligtvis innehåller fristående berättelser. Används för grafiska romaner som fokuserar på Two-spirit-personer eller Two-spirit-teman.	
homoit0002649	Two-spirit-skräck		Skönlitterära verk skrivna för att skrämma, oroa eller äckla. Används för skräcklitteratur med Two-spirit-karaktärer eller teman.	
homoit0002650	Two-spirit-deckare		Skönlitterära verk om brottsutredningar eller detektivarbete. Används för deckare och mysterielitteratur med Two-spirit-karaktärer eller teman.	
homoit0002651	Two-spirit-kärleksromaner	Two-spirit-kärleksskildringar||Two-spirit-romance	Skönlitterära verk som kretsar kring romantiska och/eller sexuella relationer mellan huvudkaraktärerna. Används för kärleksromaner med Two-spirit-karaktärer.	
homoit0002652	Funktionsnedsatta ickebinära	Funktionshindrade ickebinära personer	Ickebinära personer med funktionsnedsättning/funktionsnedsättningar.	
homoit0002653	MVPFAFF+		Akronym som används för att beskriva könsvariationer hos personer från Stillahavsöarna (Pasifika). Akronymen inkluderar māhū (Hawai'i och Tahiti), vaka sa lewa lewa (Fiji), palopa (Papua Nya Guinea), fa’afafine (Samoa), akava’ine (Rarotonga), fakaleitī (Tonga), fakafifine (Niue) och fler.	
homoit0002654	Māhūkāne		Term som myntades av queera Kānaka Maoli (ur-hawaiianer) i början av 2000-talet. Den kombinerar Māhū (för tredje kön-urfolkspersoner i Hawai‘i och Tahiti) med kāne (man).	
homoit0002655	Māhūwahine		Term som myntades av queera Kānaka Maoli (ur-hawaiianer) i början av 2000-talet. Den kombinerar Māhū (för tredje kön-urfolkspersoner i Hawai‘i och Tahiti) med wahine (kvinna).	
homoit0002656	Two-spirit-aktivism		Direktaktion och organisering i syfte att uppnå politisk eller social förändring och ökad acceptans för Two-spirit-personer.	
homoit0002657	Politiska Two-spirit-aktivister		Two-spirit-personer som verkar för politisk eller social förändring genom offentlig organisering och mobilisering.	
homoit0002658	Neurodivergenta hbtq+-personer		Hbtq+-personer vars kognition, sensoriska bearbetning, emotionalitet eller sociala förmåga skiljer sig från normen. Dessa variationer kan för vissa innebära funktionsnedsättningar eller medicinska tillstånd, medan de för andra är egenskaper som ingår i deras identitet.	
homoit0002659	Neurodivergenta bögar	Neurodivergenta homosexuella män	Bögar vars kognition, sensoriska bearbetning, emotionalitet eller sociala förmåga skiljer sig från normen. Dessa variationer kan för vissa innebära funktionsnedsättningar eller medicinska tillstånd, medan de för andra är egenskaper som ingår i deras identitet.	
homoit0002660	Lesbiska neurodivergenta		Lesbiska personer vars kognition, sensoriska bearbetning, emotionalitet eller sociala förmåga skiljer sig från normen. Dessa variationer kan för vissa innebära funktionsnedsättningar eller medicinska tillstånd, medan de för andra är egenskaper som ingår i deras identitet.	
homoit0002661	Bisexuella neurodivergenta personer		Bisexuella personer vars kognition, sensoriska bearbetning, emotionalitet eller sociala förmåga skiljer sig från normen. Dessa variationer kan för vissa innebära funktionsnedsättningar eller medicinska tillstånd, medan de för andra är egenskaper som ingår i deras identitet.	
homoit0002662	Neurodivergenta transpersoner		Transpersoner vars kognition, sensoriska bearbetning, emotionalitet eller sociala förmåga skiljer sig från normen. Dessa variationer kan för vissa innebära funktionsnedsättningar eller medicinska tillstånd, medan de för andra är egenskaper som ingår i deras identitet.	
homoit0002663	Queera neurodivergenta personer		Queera personer vars kognition, sensoriska bearbetning, emotionalitet eller sociala förmåga skiljer sig från normen. Dessa variationer kan för vissa innebära funktionsnedsättningar eller medicinska tillstånd, medan de för andra är egenskaper som ingår i deras identitet.	
homoit0002664	Asexuella neurodivergenta personer		Asexuella personer vars kognition, sensoriska bearbetning, emotionalitet eller sociala förmåga skiljer sig från normen. Dessa variationer kan för vissa innebära funktionsnedsättningar eller medicinska tillstånd, medan de för andra är egenskaper som ingår i deras identitet.	
homoit0002665	Neurodivergenta intersexpersoner		Intersexpersoner vars kognition, sensoriska bearbetning, emotionalitet eller sociala förmåga skiljer sig från normen. Dessa variationer kan för vissa innebära funktionsnedsättningar eller medicinska tillstånd, medan de för andra är egenskaper som ingår i deras identitet.	
homoit0002666	Neurodivergenta Two-spirit-personer		Two-spirit-personer vars kognition, sensoriska bearbetning, emotionalitet eller sociala förmåga skiljer sig från normen. Dessa variationer kan för vissa innebära funktionsnedsättningar eller medicinska tillstånd, medan de för andra är egenskaper som ingår i deras identitet.	
homoit0002667	Hbtq+-personer med autism	Autistiska hbtq+-personer	Hbtq+-personer som är autistiska.	
homoit0002668	Lesbiska med autism	Lesbiska autister	Lesbiska som är autistiska.	
homoit0002669	Bögar med autism	Autistiska bögar	Bögar som är autistiska.	
homoit0002670	Bisexuella personer med autism	Bisexuella autister	Bisexuella personer som är autistiska.	
homoit0002671	Transpersoner med autism	Transautister	Transpersoner som är autistiska.	
homoit0002672	Queera personer med autism	Queera autister	Queera personer som är autistiska.	
homoit0002673	Ickebinära med autism	Ickebinära autister	Ickebinära personer som är autistiska.	
homoit0002674	Intersexpersoner med autism	Intersexautister	Intersexpersoner som är autistiska.	
homoit0002675	Asexuella personer med autism		Asexuella personer som är autistiska.	
homoit0002676	Two-spirit-personer med autism	Autistiska Two-spirit-personer	Two-spirit-personer som är autistiska.	
homoit0002677	Two-spirit-arkiv		Samlingar av arkivmaterial och dokument relaterade till Two-spirit-personer eller Two-spirit-gemenskaper. Kan omfatta arkiv hos allt från lokala gemenskaper till statliga institutioner.	
homoit0002678	Kulturutövare som är Two-spirit		Two-spirit-personer som utövar någon form av konstnärlig verksamhet.	
homoit0002679	Självbiografier av Two-spirit-personer		Skildringar av Two-spirit-personers liv skrivna av dem själva. För skildringar som skrivits av någon annan används termen ”Biografier om Two-spirit-personer”.	
homoit0002680	Biografier om Two-spirit-personer		Skrivna skildringar av Two-spirit-personers liv. För skildringar skrivna av personen själv används termen ”Självbiografier av Two-spirit-personer”	
homoit0002681	Two-spirit-bokhandlar		Bokhandlar som säljer material riktat till Two-spirit-personer eller som behandlar ämnen relaterade till Two-spirit-erfarenheter.	
homoit0002682	Funktionsnedsatta Two-spirit-personer	Funktionshindrade Two-spirit-personer	Two-spirit-personer med funktionsnedsättning/funktionsnedsättningar.	
homoit0002683	Blinda Two-spirit-personer		Two-spirit-personer med betydande eller total synnedsättning.	
homoit0002684	Döva Two-spirit-personer		Two-spirit-personer med betydande eller total hörselnedsättning.	
homoit0002686	Two-spirit-noveller		Skönlitterära verk som är korta till formatet och skildrar en avslutad händelse eller idé. Används för noveller med fokus på Two-spirit-personer eller teman.	
homoit0002687	Two-spirit-karaktärer		Karaktärer i kreativa verk som är Two-spirit-personer.	
homoit0002689	Community centers för Two-spirit-personer	Föreningslokaler för Two-spirit-personer||Träffpunkter för Two-spirit-personer	Mötesplatser för Two-spirit-gemenskaper där personer träffas för sociala, utbildningsrelaterade, rekreationella eller organisatoriska aktiviteter.	
homoit0002690	Two-spirit-par		Parrelationer där båda personerna är Two-spirit-personer.	
homoit0002691	Two-spirit-dramatik	Two-spirit-scenkonst	Fiktion avsedd för sceniskt framförande med Two-spirit-gestalter eller teman.	
homoit0002692	Two-spirit-personer på arbetsmarknaden	Arbetsmarknadsvillkor för Two-spirit-personer	Sysselsättning och arbetsliv för Two-spirit-personer.	
homoit0002693	Hörselskadade Two-spirit-personer		Two-spirit-personer med betydande eller total hörselförlust.	
homoit0002694	Two-spirit-personer med kronisk sjukdom	Kroniskt sjuka Two-spirit-personer	Two-spirit-personer med långvariga hälsotillstånd som kräver kontinuerlig medicinsk behandling och/eller har en betydande påverkan på eller begränsar det dagliga livet. Vissa, men inte alla, personer med kroniska sjukdomar identifierar sig som personer med funktionsnedsättning.	
homoit0002695	Rullstolsburna Two-spirit-personer		Two-spirit-personer som använder rullstol.	
homoit0002696	Two-spirit-informationscentrum	Informationscentrum för Two-spirit-personer	Institutioner som erbjuder utbildning, stöd och information om Two-spirit-frågor och Two-spirit-gemenskaper till Two-spirit-personer.	
homoit0002697	Two-spirit-bibliotek		Bibliotek som samlar material som främst rör Two-spirit-personer eller är avsett att användas av Two-spirit-personer.	
homoit0002698	Two-spirit-litteraturstudier		Studier, analyser och tolkningar av litterära verk med Two-spirit-personer eller Two-spirit-teman. Kan även innefatta tolkning av litteratur utifrån teorier inom Two-spirit-studier.	
homoit0002699	Könsdysfori hos barn		En psykologisk diagnos (som ersätter den föråldrade och stigmatiserande ”könsidentitetsstörning”) som beskriver den obehagskänsla eller otillfredsställelse ett barn upplever på grund av att könsidentiteten inte stämmer överens med det tilldelade könet, könsuttrycket och/eller hur omgivningen uppfattar könet. Termen används också informellt av barn för att beskriva det obehag och den stress som uppstår i detta glapp.	
homoit0002700	Könsdysfori hos unga		En psykologisk diagnos (som ersätter den föråldrade och stigmatiserande ”könsidentitetsstörning”) som beskriver den obehagskänsla eller otillfredsställelse en ungdom (person i åldern mellan barndom och vuxenliv) upplever på grund av att könsidentiteten inte stämmer överens med det tilldelade könet, könsuttrycket och/eller hur omgivningen uppfattar könet. Termen används också informellt av ungdomar för att beskriva det obehag och den stress som uppstår i detta glapp.	
homoit0002701	Hbtq+-komiker		Hbtq+-personer som underhåller en publik genom att få dem att skratta, till exempel med hjälp av skämt, fysisk komik, rekvisita eller andra humoristiska uttryck.	
homoit0002702	Bögkomiker	Gaykomiker||Homosexuella manliga komiker	Bögar som underhåller en publik genom att få dem att skratta, till exempel med hjälp av skämt, fysisk komik, rekvisita eller andra humoristiska uttryck.	
homoit0002703	Lesbiska komiker		Lesbiska som underhåller en publik genom att få dem att skratta, till exempel med hjälp av skämt, fysisk komik, rekvisita eller andra humoristiska uttryck.	
homoit0002704	Bisexuella komiker		Bisexuella personer som underhåller en publik genom att få dem att skratta, till exempel med hjälp av skämt, fysisk komik, rekvisita eller andra humoristiska uttryck.	
homoit0002705	Komiker som är transpersoner		Transpersoner som underhåller en publik genom att få dem att skratta, till exempel med hjälp av skämt, fysisk komik, rekvisita eller andra humoristiska uttryck.	
homoit0002706	Queera komiker		Queera personer som underhåller en publik genom att få dem att skratta, till exempel med hjälp av skämt, fysisk komik, rekvisita eller andra humoristiska uttryck.	
homoit0002707	Intersexkomiker		Intersexpersoner som underhåller en publik genom att få dem att skratta, till exempel med hjälp av skämt, fysisk komik, rekvisita eller andra humoristiska uttryck.	
homoit0002708	Asexuella komiker	Ace-komiker	Asexuella personer som underhåller en publik genom att få dem att skratta, till exempel med hjälp av skämt, fysisk komik, rekvisita eller andra humoristiska uttryck.	
homoit0002709	Two-spirit-komiker		Two-spirit-personer som underhåller en publik genom att få dem att skratta, till exempel med hjälp av skämt, fysisk komik, rekvisita eller andra humoristiska uttryck.	
homoit0002710	Two-spirit-litteratur		Skrivna litterära verk om Two-spirit-personer eller Two-spirit-teman.	
homoit0002711	Unga Two-spirit-personer		Two-spirit-personer i åldern mellan barndom och vuxenliv.	
homoit0002712	Two-spirit-ungdomslitteratur		Litterära verk för läsare mellan 12 och 18 år, även kallat YA. Används för ungdomslitteratur med fokus på Two-spirit-personer eller Two-spirit-teman.	
homoit0002713	Two-spirit-rörelser		Samlingsterm för aktivism med fokus på Two-spirit-personers rättigheter och frågor som påverkar Two-spirit-personers gemenskaper.	
homoit0002714	Two-spirit-nyhetsbrev		Seriella tryckta eller digitala tidskrifter skapade av eller för Two-spirit-personer, ofta i syfte att dela nyheter och information relaterad till Two-spirit-frågor och Two-spirit-gemenskaper.	
homoit0002715	Two-spirit-tidningar		Seriella tryckta eller digitala publikationer om Two-spirit-personer eller Two-spirit-frågor (vanligtvis producerade av Two-spirit-personer eller organisationer) som innehåller nyheter, artiklar, krönikor, korrespondens och annonser.	
homoit0002716	Two-spirit-museum		Institutioner som ägnar sig åt insamling, utställning, bevarande och konservering av material som rör Two-spirit-personer och Two-spirit-historia.	
homoit0002717	Two-spirit-partners		Two-spirit-personersom har en romantisk, sexuell eller kinkbaserad relation med en eller flera andra personer.	
homoit0002718	Two-spirit-personer i militären		Two-spirit-personer som tjänstgör inom nationella försvarsstyrkor.	
homoit0002719	Two-spirit-press		Tidningar, tidskrifter eller andra publikationer riktade till en Two-spirit-personer och/eller drivna av Two-spirit-personer.	
homoit0002720	Two-spirit-förlag		Företag och organisationer som ger ut material för Two-spirit-gemenskaper eller som behandlar frågor som rör Two-spirit-personer.	
homoit0002721	Two-spirit-radio		Ljudinnehåll som sänds i radio, analog eller digital, och som handlar om Two-spirit-personer eller Two-spirit-frågor.	
homoit0002722	Two-spirit-relationer		Pågående relationer, romantiska, sexuella eller platoniska, mellan två eller flera Two-spirit-personer.	
homoit0002723	Two-spirit-rättigheter		Juridiska, sociala eller etiska principer om frihet eller rättigheter för Two-spirit-personer.	
homoit0002724	Two-spirit-slang		Vardagligt eller informellt språkbruk relaterat till Two-spirit-identitet eller som används av Two-spirit-personer.	
homoit0002725	Two-spirit-studier		Akademiskt forskningsfält som studerar Two-spirit-personer, Two-spirit-identitet och Two-spirit-gemenskaper.	
homoit0002726	Two-spirit-personer som överlevt hatbrott		Two-spirit-personer som har upplevt hatbrott och som har överlevt. Följ individens preferens för att använda ”offer” eller ”överlevare” när det är möjligt.	
homoit0002727	Two-spirit-personer som överlevt våldtäkt		Two-spirit-personer som har utsatts för våldtäkt och som har överlevt. Följ individens preferens för att använda ”offer” eller ”överlevare” när det är möjligt.	
homoit0002728	Two-spirit-personer som överlevt sexuella övergrepp		Two-spirit-personer som har utsatts för och överlevt sexuella övergrepp. Följ individens preferens för att använda ”offer” eller ”överlevare” när det är möjligt.	
homoit0002729	Two-spirit-personer som överlevt krig		Two-spirit-personer som har upplevt krig och som har överlevt. Följ individens preferens för att använda ”offer” eller ”överlevare” när det är möjligt.	
homoit0002730	Two-spirit-tv		Tv-program med Two-spirit-personer eller Two-spirit-teman.	
homoit0002731	Two-spirit-teater		Scenkonstverk som fokuserar på Two-spirit-karaktärer, gemenskaper eller frågor.	
homoit0002732	Two-spirit-personer som är hatbrottsoffer	Two-spirit-personer som är offer för hatbrott	Two-spirit-personer som har upplevt hatbrott och som kan ha överlevt eller inte. Följ individens preferens för att använda ”offer” eller ”överlevare” när det är möjligt.	
homoit0002733	Two-spirit-personer som är våldtäktsoffer		Two-spirit-personer som har utsatts för våldtäkt och som kan ha överlevt eller inte. Följ individens preferens för att använda ”offer” eller ”överlevare” när det är möjligt.	
homoit0002734	Two-spirit-personer som är offer för sexuella övergrepp	Two-spirit-personer som utsatts för sexuella övergrepp	Two-spirit-personer som har utsatts för sexuella övergrepp och som kan ha överlevt eller inte. Följ individens preferens för att använda ”offer” eller ”överlevare” när det är möjligt.	
homoit0002735	Two-spirit-personer som är krigsoffer		Two-spirit-personer som har upplevt krig och som kan ha överlevt eller inte. Följ individens preferens för att använda ”offer” eller ”överlevare” när det är möjligt.	
homoit0002736	Two-spirit-personers rättigheter som brottsoffer		Two-spirit-personers juridiska rättigheter som brottsoffer att få information, närvara och komma till tals inom rättsväsendet efter att ha utsatts för brott, olycka eller annan händelse som orsakat skada.	
homoit0002737	Företag riktade till Two-spirit-personer		Företag med fokus på Two-spirit-personer som kunder och produkter relaterade till Two-spirit-gemenskaper.	
homoit0002738	Företag ägda av Two-spirit-personer		Företag ägda av Two-spirit-personer.	
homoit0002739	Intersexdramatik	Intersexscenkonst	Fiktion avsedd för sceniskt framförande med intersexgestalter eller teman.	
homoit0002740	Intersexpersoner på arbetsmarknaden	Arbetsmarknadsvillkor för intersexpersoner	Sysselsättning och arbetsliv för intersexpersoner.	
homoit0002741	Intersexpappor	Intersexfäder	Intersexpersoner som är pappor. Används endast för personer som själva identifierar sig som pappor.	
homoit0002742	Föräldrar till intersexpersoner		Personer som fungerar som föräldrar till en eller flera intersexpersoner. För föräldrar som själva är intersex, använd termen ”Intersexföräldrar”.	
homoit0002743	Partners till intersexpersoner		Personer som har en romantisk, sexuell eller kinkbaserad relation med en intersexperson.	
homoit0002744	Förföljelse av intersexpersoner		Systematisk förföljelse av intersexpersoner på grund av deras kön eller könsidentitet.	
homoit0002745	Söner till intersexpersoner		Söner som har en eller flera intersexföräldrar. För söner som själva är intersexpersoner används termen ”Intersexsöner”.	
homoit0002746	Vita intersexpersoner		Intersexpersoner som är vita.	
homoit0002747	Informationscentrum för intersexpersoner		Institutioner som erbjuder utbildning, stöd och information om intersexfrågor och intersexgemenskaper till intersexpersoner.	
homoit0002748	Intersexbibliotek		Bibliotek som samlar material som främst rör intersexpersoner eller är avsett att användas av intersexpersoner.	
homoit0002749	Intersex-litteraturstudier		Studier, analyser och tolkningar av litterära verk med intersexkaraktärer eller teman. Kan även innefatta tolkning av litteratur utifrån teorier inom intersexstudier.	
homoit0002750	Intersexlitteratur		Skrivna litterära verk om intersexpersoner eller intersexteman.	
homoit0002751	Intersexaktivism		Direct action and organizing to achieve political or social change, bodily autonomy, and acceptance for intersex people.	
homoit0002755	Ickevita intersexpersoner	POC intersexpersoner||Intersexpersoner som är people of color	Intersexpersoner som inte är vita och som identifierar sig som icke-vita/people of color.	
homoit0002756	Asiatisk-amerikanska intersexpersoner		Intersexpersoner av asiatisk härkomst, födda i USA eller i asiatiska länder, som bor i eller har en stark koppling till USA. Används endast för individer som själva identifierar sig som asiat-amerikaner.	
homoit0002757	Asiatiska intersexpersoner		Intersexpersoner av asiatisk härkomst, boende i Asien eller en del av den asiatiska diasporan. Används endast för personer som själva identifierar sig som asiatiska.	
homoit0002758	Asexuell aktivism	Ace-aktivism	Direkt aktion och organisering för att uppnå politisk eller social förändring och acceptans för asexuella personer.	
homoit0002759	Asexuella arkiv	Ace-arkiv	Samlingar av arkivmaterial och dokument relaterade till asexuella personer eller asexuella gemenskaper. Kan omfatta arkiv hos allt från lokala gemenskaper till statliga institutioner.	
homoit0002760	Asexuella kulturutövare		Asexuella personer som utövar någon form av konstnärlig verksamhet.	
homoit0002761	Asexuella idrottare		Asexuella personer som ägnar sig åt professionell eller rekreationell idrott.	
homoit0002763	Asexuella bokaffärer		Bokhandlar som säljer material riktat till asexuella personer eller som behandlar ämnen relaterade till asexuella.	
homoit0002764	Svarta intersexpersoner		Svarta personer som är intersexpersoner. Används endast för individer som själva identifierar sig som svarta. Följ individens preferens för att använda svart eller diasporaidentitet som t.ex. afroeuropé när det är möjligt.	
homoit0002765	Döttrar till intersexpersoner		Döttrar som har en eller flera intersexföräldrar.	
homoit0002766	Pappor till intersexpersoner	Fäder till intersexpersoner	Personer som har rollen som pappa till intersexpersoner. Används endast för personer som själva identifierar sig som pappor.	
homoit0002767	Judiska intersexpersoner		Intersexpersoner som är judar.	
homoit0002769	Intersexpersoner som är latines	Latino/a/x intersexpersoner	Intersexpersoner som är latinamerikaner och som själva identifierar sig som latines (latino, latina eller latinx). Blanda inte ihop med chicano/a/x eller hispanic.	
homoit0002770	Asexuella karaktärer	Ace-karaktärer	Karaktärer i kreativa verk som är asexuella.	
homoit0002771	Asexuella kökschefer		Asexuella personer som är utbildade, professionella kockar, vanligtvis i ledande positioner i köket där de arbetar.	
homoit0002772	Asexuella barn	Ace-barn	Asexuella som ännu inte har nått tonåren.	
homoit0002773	Asexuella gemenskaper	Asexuella communityn||Ace-gemenskaper	Grupper av personer som delar erfarenheten av att vara asexuella.	
homoit0002775	Asexuella community centers	Föreningslokaler för asexuella personer||Träffpunkter för asexuella personer	Mötesplatser för asexuella gemenskaper där personer träffas för sociala, utbildningsrelaterade, fritids- eller organisatoriska aktiviteter.	
homoit0002776	Intersexarkiv		Samlingar av arkivmaterial och dokument relaterade till intersexpersoner eller intersexgemenskaper. Kan omfatta arkiv hos allt från lokala gemenskaper till statliga institutioner.	
homoit0002777	Intersexpersoner som är kulturutövare		Intersexpersoner som utövar någon form av konstnärlig eller kreativ verksamhet.	
homoit0002778	Självbiografier av intersexpersoner	Intersexpersoners självbiografier	Skildringar av intersexpersoners liv skrivna av dem själva. För skildringar som inte är skrivna av personen själv, använd termen ”Biografier om intersexpersoner”.	
homoit0002779	Biografier om intersexpersoner		Skrivna skildringar av intersexpersoners liv. För skildringar skrivna av personerna själva, använd termen ”Självbiografier av intersexpersoner”.	
homoit0002780	Asexuella par		Parrelationer där båda parterna är asexuella.	
homoit0002781	Asexuella döttrar		Döttrar som identifierar sig som asexuella.	
homoit0002782	Funktionedsatta asexuella personer		Asexuella personer med funktionsnedsättning/funktionsnedsättningar.	
homoit0002783	Blinda asexuella		Asexuella personer med betydande eller total synnedsättning.	
homoit0002784	Döva asexuella	Asexuella döva personer	Asexuella personer med betydande eller total hörselförlust.	
homoit0002785	Asexuella hörselskadade personer		Asexuella personer med betydande eller total hörselförlust.	
homoit0002786	Asexuella personer med kronisk sjukdom	Kroniskt sjuka asexuella personer	Asexuella personer med långvariga hälsotillstånd som kräver kontinuerlig medicinsk behandling och/eller har en betydande påverkan på eller begränsar det dagliga livet. Vissa, men inte alla, personer med kroniska sjukdomar identifierar sig som personer med funktionsnedsättning.	
homoit0002787	Rullstolsburna asexuella personer		Asexuella personer som använder rullstol.	
homoit0002788	Asexuell kultur	Ace-kultur	Kulturella erfarenheter som delas av medlemmar i asexuella gemenskaper eller produkter av asexuell kultur, till exempel konst och media skapade av och för asexuella personer, aktivism fokuserad på asexuella frågor, och slang som används i asexuella gemenskaper.	
homoit0002789	Asexuell slang	Ace-slang	Vardagligt eller informellt språkbruk relaterat till asexuell identitet eller som används av asexuella personer.	
homoit0002790	Asexuella söner		Söner som identifierar sig som asexuella.	
homoit0002791	Asexuella på arbetsmarknaden	Arbetsmarknadsvillkor för asexuella	Sysselsättning och arbetsliv för asexuella personer.	
homoit0002792	Asexuella pappor	Asexuella fäder	Asexuella personer som är pappor.	
homoit0002793	Asexuella informationscentrum	Informationscentrum för asexuella	Institutioner som tillhandahåller utbildning, stöd och information om asexuella frågor och asexuella gemenskaper för asexuella personer.	
homoit0002794	Asexuella bibliotek	Ace-bibliotek	Bibliotek som samlar material som främst rör asexuella personer eller är avsett att användas av asexuella personer.	
homoit0002795	Asexuella mammor	Asexuella mödrar	Asexuella personer som är mammor.	
homoit0002796	Asexuella rörelser	Ace-rörelser	Samlingsterm för aktivism med fokus på asexuella personers rättigheter och frågor som påverkar asexuella personers gemenskaper.	
homoit0002797	Asexuella nyhetsbrev	Ace-nyhetsbrev	Seriella tryckta eller digitala tidskrifter skapade av eller för asexuella personer, ofta med syfte att dela nyheter och information relaterad till asexuella gemenskaper och frågor.	
homoit0002798	Asexuella tidningar	Asexuella tidskrifter||Ace-tidningar	Seriella tryckta eller digitala publikationer om asexualitet eller asexuella frågor (vanligtvis producerade av asexuella personer eller organisationer) som innehåller nyheter, artiklar, krönikor, korrespondens och annonser.	
homoit0002799	Asexuella museum	Ace-museum	Institutioner som ägnar sig åt insamling, utställning, bevarande och konservering av material som rör asexualitet, asexuella personer eller asexuell historia.	
homoit0002800	Asexuella partners		Asexuella personer som har en romantisk, sexuell eller kinkbaserad relation med en eller flera andra personer.	
homoit0002801	Asexuella i militären		Asexuella personer som tjänstgör inom nationella försvarsstyrkor.	
homoit0002802	Icke-vita asexuella	Asexuella POC||Asexuella people of color	Asexuella som inte är vita och som identifierar sig som icke-vita/people of color.	
homoit0002803	Asexuella politiska aktivister		Asexuella personer som verkar för politisk eller social förändring genom offentlig organisering och mobilisering.	
homoit0002804	Asexuell press		Tidningar, magasin eller andra publikationer riktade till asexuella och/eller drivna av asexuella personer.	
homoit0002805	Asexuella förlag	Ace-förlag	Företag och organisationer som publicerar material för asexuella gemenskaper eller som behandlar asexuella frågor.	
homoit0002806	Asexuell radio	Ace-radio	Ljudinnehåll som sänds i radio, analog eller digital, och som handlar om asexuella personer eller asexuella frågor.	
homoit0002807	Asexuella relationer	Ace-relationer	Pågående relationer, romantiska, sexuella eller platoniska, mellan två eller flera asexuella personer.	
homoit0002808	Asexuellas rättigheter	Ace-rättigheter	Juridiska, sociala eller etiska principer om frihet eller rättigheter för asexuella personer.	
homoit0002809	Hbtq+-politiker		Hbtq+-personer som är kandidater till politiska uppdrag, som innehar eller har innehaft politiska uppdrag. Politiker kan vara folkvalda eller utsedda genom andra former av tillsättning.	
homoit0002810	Bögpolitiker	Homosexuella manliga politiker	Bögar som är kandidater till politiska uppdrag, som innehar eller har innehaft politiska uppdrag. Politiker kan vara folkvalda eller utsedda genom andra former av tillsättning.	
homoit0002811	Lesbiska politiker		Lesbiska som är kandidater till politiska uppdrag, som innehar eller har innehaft politiska uppdrag. Politiker kan vara folkvalda eller utsedda genom andra former av tillsättning.	
homoit0002812	Bisexuella politiker		Bisexuella personer som är kandidater till politiska uppdrag, som innehar eller har innehaft politiska uppdrag. Politiker kan vara folkvalda eller utsedda genom andra former av tillsättning.	
homoit0002813	Queera politiker		Queera personer som är kandidater till politiska uppdrag, som innehar eller har innehaft politiska uppdrag. Politiker kan vara folkvalda eller utsedda genom andra former av tillsättning.	
homoit0002814	Politiker som är transpersoner	Transpolitiker	Transpersoner som är kandidater till politiska uppdrag, som innehar eller har innehaft politiska uppdrag. Politiker kan vara folkvalda eller utsedda genom andra former av tillsättning.	
homoit0002815	Intersexpolitiker		Intersexpersoner som är kandidater till politiska uppdrag, som innehar eller har innehaft politiska uppdrag. Politiker kan vara folkvalda eller utsedda genom andra former av tillsättning.	
homoit0002816	Asexuella politiker	Ace-politiker	Asexuella personer som är kandidater till politiska uppdrag, som innehar eller har innehaft politiska uppdrag. Politiker kan vara folkvalda eller utsedda genom andra former av tillsättning.	
homoit0002817	Two-spirit-politiker		Two-spirit-personer som är kandidater till politiska uppdrag, som innehar eller har innehaft politiska uppdrag. Politiker kan vara folkvalda eller utsedda genom andra former av tillsättning.	
homoit0002818	17β-HSD-3-brist	17-beta-HSD-3-brist	Människor med 17β-HSD-3-brist, har en X- och en Y-kromosom (46XY) och testiklar, men deras kroppar saknar ett av de enzym som behövs för att syntetisera testosteron. De flesta personer med 17β-HSD-3-brist föds med vulva och vagina, och deras testiklar brukar vara kvar i bukhålan eller ljumskarna eftersom de oftast inte har vandrat ner i pungen. Vissa personer med 17β-HSD-3-brist föds med könsorgan som inte tydligt liknar en typisk penis eller en typisk vulva. Vissa kommer att ha en penis som kan vara mindre än vanligt (så kallad mikropenis), och urinröret kan öppna sig på undersidan av penis snarare än vid spetsen (så kallad hypospadi). Under tonåren utvecklar personer med 17β-HSD-3-brist ofta några sekundära könskarakteristika som är förknippade med en typisk testosteronpubertet.	
homoit0002819	Oklart kön	Genital anomali||Atypiska könsorgan	En medicinsk term som används för att beskriva en medfödd variation där de yttre könsorganen inte har det typiska utseendet för vare sig pojkar eller flickor. Detta är ofta det första tecknet som läkare och föräldrar ser på att ett barn har en intersexvariation. Detta kan ha olika orsaker och kräver sällan omedelbar kirurgisk intervention, så länge barnet kan kissa och bajsa utan komplikationer. Många intersexpersoner upplever denna term som stigmatiserande och den bör därför inte användas om inte individen själv använder den för att beskriva sig själv.	
homoit0002820	Androgener		Könshormon som huvudsakligen produceras i testiklar, äggstockar och binjuren och som främst avser testosteron och dihydrotestosteron men även andra förstadier till olika könshormon.	
homoit0002821	Anorki	Testikelagenesi	En person med anorki har en X- och en Y-kromosom (46XY) men föds utan testiklar. Som ett resultat producerar de inte typiska nivåer av testosteron. En person med anorki har oftast ett förväntat utseende på penis och pung, eftersom dessa organ redan har bildats vid det fosterutvecklingsstadium då testiklarna försvinner.	
homoit0002822	Aromatasbrist		Personer med aromatasbrist saknar enzymet som omvandlar androgener till östrogen. Vid födseln kan en person med aromatasbrist och två X-kromosomer (46XX) ha en större klitoris än vanligt och delvis eller helt sammanvuxna blygdläppar (vilket kan likna en pung). Under puberteten kan de få utebliven bröstutveckling, avsaknad av menstruation och utveckla vissa sekundära könskarakteristika som vanligtvis hör ihop med en testosteronstyrd pubertet. De kan också utveckla flera cystor på äggstockarna. Personer med en X- och en Y-kromosom (46XY) kan också ha aromatasbrist, men de upplever oftast inga variationer i sina könskarakteristika. Däremot kan de bli längre än genomsnittet, eftersom östrogen vanligtvis är ansvarigt för att stänga benens tillväxtplattor. Aromatasbrist kan vara partiell eller komplett, enzymet kan saknas eller produceras i en icke funktionell variant, eller så är produktionen nedsatt.	
homoit0002823	Aromatase excess syndrome	Aromatasöverskottssyndrom||AES	Personer med aromatase excess syndrome (AES) har en ökad produktion av enzymet aromatas, vilket omvandlar androgener (som testosteron) till östrogen. Personer med en X- och en Y-kromosom (46XY) och AES har därför mer aktivt östrogen i kroppen än vad som är typiskt. Som ett resultat slutar de ofta växa vid en kortare längd och/eller utvecklar bröst under tonåren, samtidigt som de får andra drag som associeras med en testosteronstyrd pubertet. Personer med två X-kromosomer (46XX) kan också ha aromatasöverskott, men det orsakar vanligtvis inte några avvikelser i deras könskarakteristika. Däremot kan de uppleva bröstförstoring, kortare längd samt oregelbundna menstruationer.	
homoit0002824	Blåsexstrofi		Personer med blåsexstrofi föds med urinblåsan exponerad (genom en öppen bukvägg) eller placerad utanför kroppen. De kan också ha en öppen bäckenstruktur (eftersom pubisbenen inte är sammanfogade), vilket leder till genitala variationer. Personer med blåsexstrofi och en X- och en Y-kromosom (46XY) har ofta en kortare än genomsnittlig penis med epispadi (vilket innebär att urinrörsöppningen är placerad på ovansidan av penis istället för vid spetsen) och testiklar som inte har vandrat ner. Personer med två X-kromosomer (46XX) och blåsexstrofi har ofta en urinrörsöppning placerad ovanför klitoris, brett isärsittande blygdläppar (på grund av det breda avståndet mellan pubisbenen) och en klitoris som är uppdelad i två halvor.	
homoit0002825	Chimär		Chimärer, eller personer med chimärism, har två olika uppsättningar genetiskt material (DNA). Det innebär att en person kan bära både könskromosomerna XX och XY. Detta sker när en person är gravid med tvåäggstvillingar och embryona smälter samman till ett foster.	
homoit0002826	Chimärism		Term som används för att beskriva en variation där en person föds med två eller flera olika uppsättningar genetiskt material (DNA). Detta kan ske när flera zygoter (såsom tvåäggstvillingar) smälter samman och utvecklas till ett foster. Kromosomvariationer mellan könskromosomer (XX/XY-chimärism) uppstår när minst ett embryo med två X-kromosomer (46XX) smälter samman med minst ett embryo med en X- och en Y-kromosom (46XY). En person som utvecklas på detta sätt skulle ha både två X- och en X- och en Y-kromosom (46XY), eller ett kromosommönster av 46XX/46XY, och kan ha en mängd olika möjliga könskarakteristika. Många personer med chimärism och XX/XY-kromosomer har både ovarievävnad och testikelvävnad, medan andra enbart har testiklar eller enbart äggstockar, och vissa har gonaddysgenes (avsaknad av gonader/könskörtlar). Vissa har synliga genitala variationer, medan andra inte har det.	
homoit0002827	Binjurebarkshyperplasi, medfödd	Adrenal hyperplasi	Personer med klassisk medfödd binjurehyperplasi (CAH), en undertyp av CAH, har mer uttalade problem med produktionen av kortisol och/eller aldosteron. Denna variation brukar upptäckas vid födseln eller kort därefter.	
homoit0002828	Kloakekstrofi	Cloacal exstrophy	Personer med kloakekstrofi föds med en öppen bukvägg orsakat av att bukväggen inte slutits normalt under fosterstadiet. Bukorganen kan vara synliga eller placerade utanför kroppen vid födseln. Urinblåsan är ofta delad i två halvor, och tjocktarmen och urinblåsan kan vara sammanlänkade. Analöppningen kan vara blockerad eller saknas helt. Blygdbenen växer inte samman, vilket leder till en öppen bäckenstruktur med tydliga genitala variationer. Personer med en X- och en Y-kromosom (46XY) och kloakekstrofi kan ha en mindre än genomsnittlig penis som är platt eller delad i två halvor med en epispadisk urinrörsöppning (belägen på ovansidan av penisen i stället för vid spetsen) och testiklar som inte har vandrat ner. En person med två X-kromosomer (46XX) och kloakekstrofi har oftast en klitoris som är delad i två halvor och kan ha två vaginalöppningar.	
homoit0002829	Fullständig androgenokänslighetssyndrom	Fullständig androgen insensitivitets syndrom	Personer med fullständig androgenokänslighetssyndrom (CAIS) har ingen respons på androgener och föds med en vulva och klitoris, samt en kortare än genomsnittlig vagina och inre testiklar. Under tonåren utvecklar de bröst och andra drag som typiskt förknippas med en östrogendominant pubertet på grund av kroppens naturliga omvandling av testosteron till östrogen. Personer med CAIS menstruerar dock inte, eftersom de saknar livmoder och äggstockar.	
homoit0002830	Complete gonadal dysgenesis	Komplett gonadaldysgenesi	Personer med complete gonadal dysgenesis föds med två X-kromosomer (46XX) eller en X- och en Y-kromosom (46XY) och gonadvävnad som inte har utvecklats till testiklar eller äggstockar (även kallat strim-gonader). De föds vanligtvis med en vulva och vagina och utvecklar sällan sekundära könskaraktäristika vid puberteten eftersom strim-gonaderna inte producerar hormoner.	
homoit0002831	Kongenital chordee	Korda	Personer som föds med kongenital chordee har en penis som är krökt uppåt, nedåt eller åt sidan, oftast på grund av bindvävsband som drar penisen i en viss riktning. Personer med kongenital chordee har ofta hypospadi, vilket innebär att urinrörsöppningen inte är placerad vid spetsen av penisen.	
homoit0002832	Kryptorkism	Testikelretention	En intersexvariation där en eller båda testiklarna inte vandrar ner från bukhålan till pungen. Om ingen av testiklarna ävandrat ner kallas det ”bilateral kryptorkism”, medan ”unilateral kryptorkism” används när endast en testikel inte har vandrat ner.	
homoit0002833	de la Chapelles syndrom	XX-male type||XX-male syndrom	De la Chapelle-syndrom gör att personer med två X-kromosomer (46XX) föds med penis och testiklar. Detta sker vanligtvis eftersom en specifik gen som normalt finns på Y-kromosomen (känd som SRY-genen) hamnar på en av deras X-kromosomer och får deras könsorgan och inre reproduktiva organ att utvecklas på ett sätt som vanligtvis förknippas med personer med en X- och en Y-kromosom (46XY). Personer med de la Chapelle-syndrom kan ha mindre testiklar än genomsnittet eller testiklar som inte har vandrat ner, och de är ofta infertila. Under tonåren kan de utveckla bröst, och de utvecklar ibland inte de karakteristika som vanligtvis är förknippade med en typisk testosteronstyrd pubertet.	
homoit0002835	Tidig genitalkirurgi	Early genital surgery model	Modell för patientvård utvecklad av John Money, en nyzeeländsk psykolog som menade att kön enbart beror på ”miljö”. Modellen förespråkar att intersexbarn ska genomgå genital kirurgi i spädbarnsåldern och uppfostras som flickor. Moneys teorier har lett till att många barn har blivit kirurgiskt felkönade och fått leva med livslång könsdysfori, depression, sexuell dysfunktion, tarm- och urininkontinens samt nervsmärtor. Idag föredras en patientcentrerad modell där ett barn med intersexvariation får växa upp och själv fatta beslut om könstillhörighet och eventuell kirurgi.	
homoit0002836	Epispadi		Personer med epispadi föds med urinrörets mynning på ovansidan av penis i stället för i spetsen (liknande men motsatt tillstånd som hypospadi). Personer med vulva kan också födas med epispadi, då är urinrörsöppningen vidare och placerad högre upp än vanligt. Klitoris kan också vara delad i två delar. Epispadi förekommer ofta tillsammans med blåsexstrofi eller kloakexstrofi, men kan också uppträda isolerat.	
homoit0002837	E. I. S.	Estrogen insensitivity syndrome||Östrogenokänslighetssyndrom||Östrogenresistens	Personer med EIS (Estrogen insensitivity syndrome) har en genetisk variation som gör att kroppen inte reagerar på östrogen. Personer med två X-kromosomer (46XX) och EIS föds vanligtvis med vulva och vagina, kan ha en liten livmoder och förstorade äggstockar som senare utvecklar många cystor, och kan producera mycket höga nivåer av östrogen som kroppen inte uppfattar. Under puberteten upplever de flesta inte typiska östrogenrelaterade förändringar som bröstutveckling eller menstruation, utan kan istället utveckla pubeshår och akne på grund av androgener. Personer med en X- och en Y-kromosom (46XY) kan också födas med EIS och kan ha varierande hormonproduktion, testikelutveckling och utveckling av sekundära könskarakteristika.	
homoit0002838	FSH-resistens	FSH-okänslighet	Personer med resistens eller okänslighet mot follikelstimulerande hormon (FSH) har en genetisk variation som gör att gonaderna/könskörtlarna inte reagerar på FSH, beroende på en defekt i FSH-receptorn på de gonadala cellerna. Personer med två X-kromosomer (46XX) och FSH-resistens/okänslighet föds vanligtvis med vulva, vagina och äggstockar. Deras äggstockar kan producera lägre mängder östrogen än vad som anses typiskt och de producerar eventuellt inte fertila folliklar (ägg). Under puberteten kan de sakna sekundära könskarakteristika som normalt förknippas med östrogenstyrd pubertet och menstruation kan utebli. Personer med en X- och en Y-kromosom (46XY) och FSH-resistens/okänslighet kan utveckla mindre testiklar än vanligt, producera färre spermier och vara infertila.	
homoit0002839	Frasers syndrom		Personer med Fraser syndrom föds vanligtvis med avvikelser i utvecklingen av ögonlock, fingrar och tår. De kan också ha variationer i sina könskarakteristika, såsom en större än typisk klitoris eller testiklar som inte har vandrat ner. De kan kan ha gonaddysgenesi eller strimgonader, sakna en eller båda njurarna, och andra delar av urinvägarna kan också vara påverkade. De har en typisk genetik och avvikelserna är strukturella, inte hormonella.	
homoit0002840	Gonadektomi		Kirurgiskt ingrepp för att avlägsna könskörtlarna, inklusive testiklar och äggstockar.	
homoit0002841	Hopkins modell		En vårdmodell som fick spridning på 1950-talet. I denna modell uppmuntrades föräldrar att snabbt välja ett kön för sitt intersexbarn i tron att barnet skulle identifiera sig med det kön det uppfostrades som. Om barnet senare avvek från det tilldelade könet uppmanades föräldrar att korrigera barnet med både ord och handlingar. I praktiken ledde modellen till livsavgörande, onödiga könskirurgiska ingrepp, oåterkalleliga hormonbehandlingar, könsdysfori och bristande ärlighet från föräldrarnas sida. I dag förespråkas en patientcentrerad modell där det intersexbarnet får växa upp och själv fatta beslut om kön och kirurgiska ingrepp.	
homoit0002842	Hyperandrogenism		Personer med hyperandrogenism har högre nivåer av testosteron och/eller andra androgener än vad som är typiskt. Hos personer med två X-kromosomer (46XX) kan det leda till att sekundära könskarakteristika som förknippas med testosteron (som kropps- och ansiktsbehåring) utvecklas i varierande grad. Hyperandrogenism kan bero på en intersexvariation, men inte alltid. Det är vanligt vid tillstånd som medfödd binjurebarkshyperplasi (CAH) och polycystiskt ovarialsyndrom (PCOS). Personer med hyperandrogenism som inte är intersex kan ändå ha liknande erfarenheter, särskilt i könssegregerade sammanhang som sport.	
homoit0002843	Hypogonadism		Personer med hypogonadism har hormonproduktion av testosteron och östrogen. Det kan påverka utvecklingen av sekundära könskarakteristika och fertilitet. Hypogonadism kan bero på att hjärnan inte signalerar till könskörtlarna att producera hormoner, eller på att könskörtlarna själva inte fungerar som väntat. Hypogonadism är inte alltid kopplat till intersexvariationer men förekommer vid till exempel Klinefelters syndrom, Turners syndrom och flera andra variationer.	
homoit0002844	Informerat samtycke		Praxis där alla alternativ vägs in och där evidens, alternativ och möjliga risker beaktas för att möjliggöra ett verkligt informerat medicinskt beslut. Sådana beslut fattas bäst över tid snarare än under press.	
homoit0002847	Intersexkirurgi	Intersexplastik	Icke livsnödvändiga kosmetiska ingrepp som syftar till att förändra och ”normalisera” naturliga variationer i genitaliers utseende och/eller reproduktiv anatomi. Intersexkirurgi utvecklades i början av 1900-talet, då läkare utan forskningsstöd påstod att dessa operationer var akuta.	
homoit0002848	Isolerad 17,20lyasbrist		Personer med isolerad 17,20-lyasbrist (ILD) har en av flera specifika variationer i sina gener som gör att kroppen producerar lägre nivåer av testosteron än vad som är typiskt. De kan födas med könsorgan som inte helt överensstämmer med en typisk penis, och testiklarna kan vara nedstigna eller icke nedstigna. Under puberteten kan de sakna vissa av de förändringar som vanligtvis är förknippade med en testosterondominerad pubertet, eftersom variationen påverkar hormonproduktionen.	
homoit0002849	Asexualitetsstudier	Ace-studier	Akademiskt forskningsfält om asexuella personer, asexuell identitet och asexuella gemenskaper.	
homoit0002850	Asexuella hatbrottsöverlevare		Asexuella personer som har upplevt och överlevt hatbrott. Följ individens preferens för att använda ”offer” eller ”överlevare” när det är möjligt.	
homoit0002851	Asexuella våldtäktsöverlevare		Asexuella personer som har upplevt och överlevt våldtäkt. Följ individens preferens för att använda ”offer” eller ”överlevare” när det är möjligt.	
homoit0002852	Asexuella som överlevt sexuella övergrepp		Asexuella personer som har utsatts för och överlevt sexuella övergrepp. Följ individens preferens för att använda ”offer” eller ”överlevare” när det är möjligt.	
homoit0002853	Asexuella krigsöverlevare		Asexuella personer som har upplevt och överlevt krig. Följ individens preferens för att använda ”offer” eller ”överlevare” när det är möjligt.	
homoit0002854	Asexuell tv	Ace-tv	Tv-program med asexuella karaktärer eller teman.	
homoit0002855	Asexuella våldtäktsoffer		Asexuella personer som har upplevt våldtäkt och som kan ha överlevt eller inte. Följ individens preferens för att använda ”offer” eller ”överlevare” när det är möjligt.	
homoit0002856	Asexuella offer för sexuella övergrepp	Asexuella som utsatts för sexuella övergrepp	Asexuella personer som har utsatts för sexuella övergrepp och som kan ha överlevt eller inte. Följ individens preferens för att använda ”offer” eller ”överlevare” när det är möjligt.	
homoit0002857	Asexuella krigsoffer		Asexuella personer som har upplevt krig och som kan ha överlevt eller inte. Följ individens preferens för att använda ”offer” eller ”överlevare” när det är möjligt.	
homoit0002858	Asexuella brottsoffers rättigheter		Asexuella personers juridiska rättigheter som brottsoffer att få information, närvara och komma till tals inom rättsväsendet efter att ha utsatts för brott, olycka eller annan händelse som orsakat skada.	
homoit0002859	Företag riktade till asexuella		Företag med fokus på asexuella kunder och produkter relaterade till asexuella gemenskaper.	
homoit0002860	Företag ägda av asexuella		Företag ägda av asexuella personer.	
homoit0002861	XYY-syndrom	Jacobs syndrom	Personer med XYY-syndrom har en extra Y-kromosom (47,XYY). De flesta med XYY-syndrom är fertila och har en typisk testosteronproduktion, saknar tydliga fysiska variationer, men kan vara längre än genomsnittet eller ha andra synliga skillnader som inte rör könskarakteristika.	
homoit0002862	Kallmanns syndrom		Kallmanns syndrom kan förekomma hos personer med två X-kromosomer (46XX ) eller en X- och en Y-kromosom (46XY) och är en form av hypogonadism där hjärnan inte kan signalera önskad hormonproduktion av luteiniserande hormon (LH) och follikelstimulerande hormon (FSH) till hypofysen. Personer med Kallmanns syndrom och en X- och en Y-kromosom (46XY) föds ofta med en mindre penis än genomsnittet och med testiklar som inte vandrat ned. Under puberteten kan de sakna vissa förändringar om de inte får hormonbehandling, t.ex. skäggväxt eller röstförändring (XY) eller bröstutveckling och menstruation (XX). Hormonbehandling kan resultera i viss fertilitet. Tillståndet påverkar även luktsinnet.	
homoit0002863	Leydigcellshypoplasi	LCH	Personer med Leydigcellshypoplasi (LCH) har en X- och en Y-kromosom (46XY) och genetisk okänslighet för luteiniserande hormon. LCH kan vara komplett om receptorerna för luteiniserande hormon på Leydigcellerna i testiklarna helt saknas (LCH typ 1) eller partiell om receptorerna inte fungerar (LCH typ 2). Luteiniserande hormon ansvarar normalt för utvecklingen av leydigceller i testiklarna och signalerar till dessa celler att producera androgener som testosteron. En person med LCH utvecklar få eller inga leydigceller och producerar därför mindre testosteron än normalt. Personer med LCH kan ha mikroppenis, hypospadi och/eller kryptorkism.	
homoit0002864	Luteinizing hormone insensitivity	LH-resistens||Nedsatt känslighet för luteiniserande hormon	Personer med XY-kromosomer och genetisk okänslighet för luteiniserande hormon utvecklar variationen Leydigcellshypoplasi. Personer med XX-kromosomer producerar normalt inte Leydigceller och påverkas därför inte på samma sätt. En person med XX-kromosomer vars kropp inte svarar på luteiniserande hormon föds oftast utan synliga skillnader, men hos viss producerar inte äggstockarna fertila ägg och menstruation kan utebli.	
homoit0002865	Mayer-Rokitansky-Küster-Hauser-syndrom		Mayer-Rokitansky-Küster-Hauser-syndrom (MRKH) uppstår när en persons Müllerska gångar – som normalt utvecklas till livmoder och övre delen av slidan under fosterutvecklingen – inte utvecklas på ett typiskt sätt. Personer med MRKH har två X-kromosomer (46XX) och föds vanligtvis med vulva och en kort eller helt frånvarande vagina. De saknar ofta livmoderhals och har en ofullständig livmoder (livmoderstump) eller ingen livmoder alls. De menstruerar vanligtvis inte men kan ha cyklisk smärta om de har livmoderstump med livmoderslemhinna, och kan utveckla menstruationsrelaterade tillstånd som endometrios.	
homoit0002866	Mild androgen insensitivity syndrome (MAIS)	Mild androgenokänslighet (MAIS)	Personer med Mild androgen insensitivity syndrome (MAIS) reagerar på testosteron i något reducerad grad jämfört med det som är typiskt på grund av en mutation i androgenreceptorerna. De föds vanligtvis med penis (som kan vara mindre än genomsnittet) och utvecklar sekundära könskarakteristika i linje med testosteronstyrd pubertet. Eftersom kroppen omvandlar en del av de producerade androgenerna till östrogen kan vissa utveckla exempelvis mindre mängd kroppsbehåring eller muskler samt viss bröstutveckling under puberteten.	
homoit0002867	Gonaddysgenesi, blandad	Mixad gonaddysgenesi||MGD	Personer med blandad gonaddysgenesi har en kromosomuppsättning i mosaikform (vanligtvis har vissa celler 45X och andra celler 46XY trots samma genetiska ursprung) och kan utveckla både strimformig gonadvävnad och testikelvävnad. De kan födas med vulva, penis eller synliga genitala variationer. De har vanligtvis en delvis eller fullständigt utvecklad livmoder, och kan ha kombinationer av inre reproduktiva strukturer som äggledare på ena sidan och sädesledare på den andra. Under puberteten kan de utveckla viss mängd testosteronbaserade sekundära könskarakteristika, beroende på mängden testikelvävnad.	
homoit0002868	Müllers gångar, variationer	Variationer i Müllers gångar	Personer med två X-kromosomer (46XX) kan ha ett antal variationer i utvecklingen av Müllers gångar (vilka typiskt formar livmoder, äggledare, livmodertapp och den övre delen av vaginan). De kan ha variationer som gör att livmodern får en annan form än typiskt, eller dubblas. Andra kan ha variationer av vaginan så som ”hemivagina” (där ena sidan av vaginan är blockerad, vilken kan hindra menstruationsblod från att lämna vaginan), eller att vävnad delar vaginalkanalen (känt som vaginal septum). Variationer i Müllers gångar orsakar vanligen inte variationer i äggledare eller hormonproduktion.	
homoit0002869	Atypisk kongenital adrenal hyperplasi	Icke klassisk kongenital adrenal hyperplasi||NCAH	Atypisk kongenital adrenal hyperplasi är en undergrupp av adrenogenitalt syndrom (CAH). Till skillnad från CAH är enzymproduktionen nedsatt men inte obefintlig vilket resulterar i att symtomen blir framträdande senare i barndomen, tonåren eller i ung vuxen ålder. Symtomen beror på ett överskott av androgener.	
homoit0002870	Penoscrotal transposition		Personer med penoscrotal transposition föds med en ovanlig könskonfiguration där penis är placerad under eller mitt i pungen istället för ovanför. Pungen kan vara kluven i två delar, och andra variationer som hypospadi eller chordee kan också förekomma. Kan ingå i syndrom som PAIS elled DSD och är ofta associerat med kryptorkism, mikropenis, hypospadi eller chordee.	
homoit0002871	Persisterande Müllerian Duct Syndrome	Persisterande Müllerian duct syndrom||PMDS	Personer med Persisterande Müllerian Duct Syndrome (PMDS) har en X- och en Y-kromosom (46XY), typisk manlig reproduktiv anatomi och yttre könsorgan, men också komponenter av typisk kvinnlig inre fortplantningsanatomi såsom livmoder, äggledare och/eller övre delen av slidan. PMDS uppstår när Mülleriska gångarna inte bryts ned under fosterutvecklingen, vilket normalt sker hos XY-foster. Tillståndet upptäcks ofta inte vid födseln utan oftare i samband med kirurgi (t.ex. för kryptorkism som är vanligt förekommande), och personer med PMDS identifierar sig ofta som män.	
homoit0002872	Polycystiskt ovariesyndrom		Personer med denna variation har två X-kromosomer (46XX) och föds vanligtvis med vulva och vagina, en livmoder och äggstockar. Senare i livet producerar deras äggstockar ofta högre än normala nivåer av androgener som testosteron. Polycystiskt ovariesyndrom (PCOS) kan också leda till utveckling av exempelvis ansikts- och kroppshår samt påverka ägglossningen, vilket kan leda till oregelbunden eller utebliven menstruation och nedsatt fertilitet. Vissa personer med PCOS har små cystor (vätskefyllda blåsor) på äggstockarna, men inte alla. Symtomen visar sig vanligtvis först efter att personen börjat menstruera eller ännu senare i livet.	
homoit0002873	Pseudohermafroditism		Medicinsk term som tidigare användes för att beskriva olika intersexvariationer. Variationerna delades då ofta upp i ”manlig pseudohermafroditism” och ”kvinnlig pseudohermafroditism” beroende på personens kromosomer. Begreppen kan fortfarande förekomma i medicinska journaler eller äldre vetenskapliga texter, men anses idag vara starkt stigmatiserande samt vaga och missvisande. Använd inte termen för att beskriva en variation om inte individen själv gör det.	
homoit0002874	Medfödd binjureförstoring	Kongenital binjurebarkshyperplasi||Adrenogenitalt syndrom	Medfödd binjurebarkshyperplasi (CAH), en undergrupp av klassisk CAH innebär att binjuren inte producerar tillräckligt mycket av hormonet aldosteron. Personer med CAH kan drabbas av förlust av natrium och det kan medföra livshotande binjuresvikt, särskilt vid fysisk eller psykisk stress. Hormonbristen leder redan under fosterstadiet till ökad produktion av hormoner med androgen effekt vilket leder till virilisering av könsorganen och personens könstillhörighet kan vara svår att bestämma som manlig eller kvinnlig.	
homoit0002875	Gonaddysgenesi		En term som ibland används i medicinska sammanhang för att beskriva olika varianter där en person föds med en X- och en Y-kromosom (46XY) och en vulva och vagina eller två X-kromosomer (46XX) och en penis.	
homoit0002876	Steroidogenic factor 1 protein		Proteinet steroidogenic factor 1 (SF-1) är en transkriptionsfaktor som spelar en roll i könsbestämning. SF-1 styr aktiviteten hos gener relaterade till könskörtlarna och binjurarna.	
homoit0002877	Strimgonader	Streak gonads||Stränggonader	Minimalt utvecklad könskörtelvävnad som finns i stället för testiklar eller äggstockar. Strimgonaders är vanligare vid vissa intersexvariationer såsom Swyers syndrom.	
homoit0002878	Trisomi X	Trisomy X	Personer med trisomi X är födda med en extra könskromosom och har kromosomuppsättningen 47XXX istället för de vanliga 46XX. Om den extra X-kromosomen överförs från förälderns ursprungliga spermie eller äggcell kommer personen att ha 47XXX i alla sina celler. Om kromosomen tillkommer under embryots utveckling får personen en mosaik av celler med 47XXX. De flesta personer med 47XXX-kromosomer utvecklar inga variationer i andra könskarakteristika men vissa kan få äggstockar som slutar producera hormoner tidigare än förväntat och vissa får ingen menstruation.	
homoit0002879	Typ 1 Leydigcellshypoplasi	Type 1 Leydig cell hypoplasia	Personer med typ 1 Leydigcellshypoplasi (LCH typ 1) har en kraftigt nedsatt funktion i receptorerna för luteiniserande hormon (LH) och producerar därför nästan inget testosteron. Det drabbar genetiskt manliga personer (46XY) som vanligtvis föds med vulva och vagina samt testiklar som inte vandrat ned (kryptorkism). De tilldelas ofta kvinnligt kön vid födseln och variationen upptäcks först i puberteten, då de vanligtvis inte utvecklar några sekundära könskarakteristika eller andra pubertetsförändringar.	
homoit0002880	MRKH typ 1	Müllersk agenesi typ 1	Mayer-Rokitansky-Küster-Hauser (MRKH)-syndrom delas upp i typ 1 och typ 2 och uppstår när en persons Müllerska gångar – som normalt utvecklas till livmoder och övre delen av slidan under fosterutvecklingen – inte utvecklas på ett typiskt sätt. Personer med MRKH typ 1 har XX-kromosomer och föds vanligtvis med vulva och en kort eller helt frånvarande vagina. De saknar ofta livmoderhals och har en ofullständig livmoder (livmoderstump) eller ingen livmoder alls. De menstruerar vanligtvis inte men kan ha cyklisk smärta om de har livmoderstump med livmoderslemhinna, och kan utveckla menstruationsrelaterade tillstånd som endometrios.	
homoit0002881	Typ 2 Leydigcellshypoplasi	Type 2 Leydig cell hypoplasia||LCH typ 2	Personer med typ 2 Leydigcellshypoplasi (LCH typ 2) har viss respons på luteiniserande hormon och producerar mindre testosteron än vanligt, men mer än personer med typ 1 Leydigcellshypoplasi. Det drabbar genetiskt manliga personer (46XY) som vid födseln kan ha torkism (ej nedstigna testiklar), en penis som kan vara mindre än genomsnittet och ofta andra tydliga variationer såsom hypospadi. Under puberteten utvecklar de ofta vissa könskarakteristika kopplade till en testosteronstyrd pubertet.	
homoit0002882	MRKH typ 2	Müllersk agenesi typ 2	Personer med typ 2 Mayer-Rokitansky-Küster-Hauser (MRKH)-syndrom har både de anatomiska variationer som är typiska för MRKH och ytterligare avvikelser i andra delar av kroppen, till exempel äggledare, njurar, ryggrad eller hjärta. Ett specifikt exempel på MRKH typ 2 är Müllerian agenesis, Renal agenesis, Cervicothoracic Somite (MURCS)-association, där njurarna inte utvecklas som förväntat. Personen kan även ha skolios eller sammanväxta ryggkotor utöver de vanliga kännetecknen vid MRKH.	
homoit0002883	Vaginal atresi	Vaginal agenesi	Personer med denna variation kan vara födda utan slidöppning, med en grund fördjupning där en öppning normalt finns, eller med en slidöppning som är tillsluten eller blockerad av bindväv. Personer med vaginal atresi har ofta en typiskt utvecklad övre del av slidan (tillsammans med livmoder, livmodertapp, äggledare och äggstockar) men med variationer i den nedre delen.	
homoit0002884	X-könsmarkörer		Könsmarkörer som indikerar att en person inte är cis. X-markörer kan tilldelas eller användas av intersexpersoner eller transpersoner. Används inte i Sverige.	
homoit0002885	XXYY-syndrom		Personer med XXYY-syndrom föds med en extra kopia av både X- och Y-kromosomen, vilket ger kromosommönstret 48XXYY istället för det typiska 46XY. Personer med XXYY-kromosomer kan ha testiklar som inte har vandrat ner och producera mindre testosteron än genomsnittet, vilket kan göra att puberteten startar senare och att sekundära könskarakteristika som muskelmassa och skäggväxt blir mindre framträdande. De kan också uppleva bröstutveckling. Personer med XXYY-syndrom har ofta fysiska drag som liknar dem hos personer med Klinefelters syndrom (47XXY).	
homoit0002886	Opera (hbtq+)		Längre musikdramatiska verk som kombinerar sång, orkestermusik och ofta balett, vanligtvis baserade på en dramatisk berättelse eller ett libretto och framförda på teaterscen. Används för operor med hbtq+-karaktärer eller teman.	
homoit0002887	Bögoperor	Gayoperor||Homosexuella manliga operor	Operor skapade av homosexuella manliga regissörer, som skildrar bögar eller som betraktas som viktiga inom bögkultur.	
homoit0002888	Bisexuella operor		Operor skapade av bisexuella regissörer, som skildrar bisexuella personer eller som anses vara viktiga inom bisexuell kultur.	
homoit0002889	Transopera	Operor om transpersoner och transteman	Operor skapade av transregissörer, som skildrar transpersoner eller som betraktas som betydelsefulla inom transkulturen.	
homoit0002890	Asexuella operor	Ace-operor	Operor skapade av asexuella regissörer, som skildrar asexuella personer eller som anses vara viktiga inom asexuell kultur.	
homoit0002891	Intersexoperor		Operor skapade av intersexregissörer, som skildrar intersexpersoner eller som betraktas som viktiga inom intersexkulturen.	
homoit0002892	Asexuella aboriginer		Asexuella personer som tillhör ett eller flera av de olika ursprungsfolken i Australien. Använd inte begreppet för att hänvisa till ursprungsbefolkningen på Torressundöarna, eftersom de utgör en egen etnisk och kulturell grupp. Det bör endast användas för att beskriva personer som identifierar sig som aboriginer.	
homoit0002893	Asexuella afrokanadensare		Asexuella personer av afrikansk härkomst födda i Kanada eller asexuella personer födda i afrikanska länder som bor i eller har en stark anknytning till Kanada. Används för individer som identifierar sig som afrokanadensare.	
homoit0002894	Afrokaribiska asexuella		Asexuella personer av afrikansk härkomst födda i Karibien eller asexuella personer födda i afrikanska länder som bor i eller har en stark anknytning till Karibien. Används endast för personer som identifierar sig som afrokaribier.	
homoit0002895	Asexuella hatbrottsoffer	Asexuella offer för hatbrott	Asexuella personer som har upplevt hatbrott och som kan ha överlevt eller inte. Följ individens preferens för att använda ”offer” eller ”överlevare” när det är möjligt.	
homoit0002896	Asexuella afroeuropéer		Asexuella personer av afrikansk härkomst födda i europeiska länder eller asexuella personer födda i afrikanska länder som bor i eller har en stark anknytning till Europa. Använd endast för personer som identifierar sig som afroeuropéer.	
homoit0002897	Asexuella latines	Latino/a/x asexuella personer	Asexuella personer som är latinamerikaner och som själva identifierar sig som latines (latino, latina eller latinx). Blanda inte ihop med chicano/a/x eller hispanic.	
homoit0002898	Asexuella afrolatinos		Asexuella personer av afrikansk härkomst födda i latinamerikanska länder eller asexuella personer födda i afrikanska länder som bor i eller har en stark anknytning till Latinamerika. Använd endast för personer som identifierar sig som afrolatinos.	
homoit0002899	Diskriminering av asexuella		Systematiskt orättvist eller fördomsfull behandling av asexuella personer på grund av deras identitet, uttryck eller tillhörighet, vilket kan ta sig uttryck i begränsad tillgång till arbete, bostad eller rättsligt erkännande.	
homoit0002900	Våld mot asexuella		Beteenden som innefattar fysiskt våld avsett att skada eller döda asexuella personer på grund av deras identitet.	
homoit0002901	Asexuella asiater	Asiatiska asexuella personer	Asexuella personer av asiatisk härkomst, boende i Asien eller en del av den asiatiska diasporan. Används endast för personer som själva identifierar sig som asiatiska.	
homoit0002902	Asiat-amerikanska asexuella personer	Asiatisk-amerikanska asexuella	Asexuella personer av asiatisk härkomst, födda i USA eller i asiatiska länder, som bor i eller har en stark koppling till USA. Används endast för individer som själva identifierar sig som asiat-amerikaner.	
homoit0002903	Multirasiala asexuella personer		Asexuella personer som tillhör två eller flera rasliga grupper. Används endast för personer som själva identifierar sig som multirasiala.	
homoit0002904	Mixade asexuella personer	Blandade asexuella personer	Asexuella personer som tillhör två eller flera etniska grupper. Används endast för personer som själva identifierar sig som mixade.	
homoit0002905	Garderobsasexuella		Asexuella personer som inte identifierar sig som sådana inför andra.	
homoit0002906	Döttrar till asexuella		Döttrar som har en eller flera asexuella föräldrar.	
homoit0002907	Pappor till asexuella personer	Fäder till asexuella personer	Personer som har rollen som pappa till asexuella personer. Används endast för personer som själva identifierar sig som pappor.	
homoit0002908	Judiska asexuella	Asexuella judar	Asexuella personer som är judar.	
homoit0002909	Mammor till asexuella personer	Mödrar till asexuella personer	En person som intar en modersroll i relation till en asexuell person. Används endast för personer som själva identifierar sig som mammor.	
homoit0002910	Föräldrar till asexuella		Personer som fungerar som föräldrar till en eller flera asexuella personer. För föräldrar som själva är asexuella, använd termen ”Asexuella föräldrar”.	
homoit0002911	Partners till asexuella		Personer som har en romantisk, sexuell eller kinkbaserad relation med en asexuell person.	
homoit0002912	Förföljelse av asexuella		Systematisk förföljelse av asexuella personer på grund av deras sexuella identitet.	
homoit0002913	Asexuella romer		Asexuella personer som är romer.	
homoit0002914	Söner till asexuella personer		Söner som har en eller flera asexuella föräldrar. För söner som själva är asexuella används termen ”Asexuella söner”.	
homoit0002915	Vita asexuella personer		Asexuella personer som är vita.	
homoit0002916	Intersexmammor	Intersexmödrar	Intersexpersoner som är mammor. Används endast för personer som själva identifierar sig som mammor.	
homoit0002917	Intersexmuseum		Institutioner som ägnar sig åt insamling, utställning, bevarande och konservering av material som rör intersexpersoner eller intersexpersoners historia.	
homoit0002918	Intersex-nyhetsbrev		Seriella tryckta eller digitala tidskrifter skapade av eller för intersexpersoner, ofta i syfte att dela nyheter och information relaterad till intersexfrågor och intersexgemenskaper.	
homoit0002919	Intersextidningar		Seriella tryckta eller digitala publikationer om intersexfrågor (vanligtvis producerade av intersexpersoner eller organisationer) som innehåller nyheter, artiklar, krönikor, korrespondens och annonser.	
homoit0002920	Intersexpartners		Intersexpersoner som har en romantisk, sexuell eller kinkbaserad relation med en eller flera andra personer.	
homoit0002921	Intersexpersoner inom militären		Intersexpersoner som tjänstgör inom nationella försvarsstyrkor.	
homoit0002922	Asexuella personer från urfolk	Asexuella personer från ursprungsbefolkningar	Asexuella personer som tillhör ett urfolk eller en kulturellt särskiljbar etnisk grupp vars medlemmar härstammar direkt från de tidigast kända invånarna i ett visst område, och som till viss del bevarar språk och kultur. Används endast för personer som själva identifierar sig som urfolk. Använd mer specifika termer om möjligt.	
homoit0002923	Asexuella inuiter		Asexuella personer som är inuiter eller tillhör något av de urfolk som lever i inuiternas hemland i de arktiska och subarktiska regionerna på Grönland, i Kanada och i Alaska. Används endast för personer som själva identifierar sig som inuiter.	
homoit0002924	Asexuella Kānaka Maoli		Asexuella personer som tillhör det ursprungliga folket på Hawai‘i (Mokupuni o Hawai‘i). Används endast för personer som identifierar sig som Kānaka Maoli.	
homoit0002925	Asexuella ursprungsamerikaner		Personer som tillhör ursprungsfolken i det kontinentala USA och Kanada (exklusive inuiter) och som identifierar sig som asexuella. Använd mer specifika termer där det är möjligt.	
homoit0002926	Asexuella pacifikamerikaner	Asexuella personer med stillahavsöbakgrund som identifierar sig som amerikanska	Asexuella personer som identifierar sig som både amerikanska och som personer med ursprung i Stillahavsöarna.	
homoit0002927	Asexuella papuaner		Asexuella personer som är papuanska eller tillhör något av Nya Guineas ursprungsfolk. Använd endast för personer som själva identifierar sig som papuanska.	
homoit0002928	Intersexpersoner med kronisk sjukdom	Kroniskt sjuka intersexpersoner	Intersexpersoner med långvariga hälsotillstånd som kräver kontinuerlig medicinsk behandling och/eller har en betydande påverkan på eller begränsar det dagliga livet. Vissa, men inte alla, personer med kroniska sjukdomar identifierar sig som personer med funktionsnedsättning.	
homoit0002929	Funktionsnedsatta intersexpersoner	Funktionshindrade intersex-personer	Intersexpersoner med funktionsnedsättning/funktionsnedsättningar.	
homoit0002930	Döva intersexpersoner		Intersexpersoner med betydande eller total hörselförlust.	
homoit0002931	Intersexgemenskaper	Intersexcommunityn	Grupper av personer som delar erfarenheten av att vara intersex.	
homoit0002932	Blinda intersexpersoner		Intersexpersoner med betydande eller total synnedsättning.	
homoit0002933	Intersexpersoner som är politiska aktivister		Intersexpersoner som verkar för politisk eller social förändring genom offentlig organisering och mobilisering.	
homoit0002934	Intersexstudier		Akademiskt forskningsfält om intersexpersoner, intersexidentitet och intersexgemenskaper.	
homoit0002935	Afroamerikanska intersexpersoner		Intersexpersoner av afrikansk härkomst födda i USA eller intersexpersoner födda i afrikanska länder som bor i eller har en stark anknytning till USA. Används för individer som identifierar sig som afroamerikaner. Följ individens preferens för afroamerikan eller svart när det är möjligt.	
homoit0002936	Intersexpress		Tidningar, tidskrifter eller andra publikationer riktade till intersexpersoner och/eller drivna av intersexpersoner.	
homoit0002937	Intersexförlag		Företag och organisationer som publicerar material för intersexgemenskaper eller som behandlar intersexfrågor.	
homoit0002938	Intersexradio		Ljudinnehåll som sänds i radio, analog eller digital, och som handlar om intersexpersoner eller intersexfrågor.	
homoit0002939	Intersexrelationer		Pågående relationer, romantiska, sexuella eller platoniska, mellan två eller flera intersexpersoner.	
homoit0002940	Intersexslang		Vardagligt eller informellt språkbruk relaterat till intersexidentitet eller som används av intersexpersoner.	
homoit0002941	Intersexsöner		Söner som identifierar sig som intersex. Används endast för personer som själva identifierar sig som söner.	
homoit0002942	Intersexpersoner som överlevt hatbrott		Intersexpersoner som har upplevt och överlevt hatbrott. Följ individens preferens för att använda ”offer” eller ”överlevare” när det är möjligt.	
homoit0002943	Intersexpersoner som överlevt våldtäkt		Intersexpersoner som har upplevt och överlevt våldtäkt. Följ individens preferens för att använda ”offer” eller ”överlevare” när det är möjligt.	
homoit0002944	Intersexpersoner som överlevt sexuella övergrepp		Intersexpersoner som har utsatts för och överlevt sexuella övergrepp. Följ individens preferens för att använda ”offer” eller ”överlevare” när det är möjligt.	
homoit0002945	Intersexpersoner som är krigsöverlevare		Intersexpersoner som har upplevt och överlevt krig. Följ individens preferens för att använda ”offer” eller ”överlevare” när det är möjligt.	
homoit0002946	Intersex-tv		Tv-program med intersexkaraktärer eller teman som rör intersexpersoner.	
homoit0002947	Intersexteater		Scenkonstverk som fokuserar på intersex-karaktärer, gemenskaper eller frågor.	
homoit0002948	Intersexpersoner som är hatbrottsoffer	Intersexpersoner som är offer för hatbrott	Intersexpersoner som har upplevt hatbrott och som kan ha överlevt eller inte. Följ individens preferens för att använda ”offer” eller ”överlevare” när det är möjligt.	
homoit0002949	Intersexpersoner som är offer för sexuella övergrepp	Intersexpersoner som utsatts för sexuella övergrepp	Intersexpersoner som har utsatts för sexuella övergrepp och som kan ha överlevt eller inte. Följ individens preferens för att använda ”offer” eller ”överlevare” när det är möjligt.	
homoit0002950	Intersexpersoner som är krigsoffer		Intersexpersoner som har upplevt krig och som kan ha överlevt eller inte. Följ individens preferens för att använda ”offer” eller ”överlevare” när det är möjligt.	
homoit0002951	Intersexpersoners rättigheter som brottsoffer		Intersexpersoners juridiska rättigheter som brottsoffer att få information, närvara och komma till tals inom rättsväsendet efter att ha utsatts för brott, olycka eller annan händelse som orsakat skada.	
homoit0002952	Rullstorlsburna intersexpersoner		Intersexpersoner som använder rullstol.	
homoit0002953	Intersex-ungdomslitteratur		Litterära verk för läsare mellan 12 och 18 år, även kallat YA. Används för ungdomslitteratur med fokus på intersexkaraktärer eller teman.	
homoit0002954	Företag riktade till intersexpersoner		Företag med fokus på intersexkunder och produkter relaterade till intersexgemenskaper.	
homoit0002955	Företag ägda av intersexpersoner		Företag ägda av intersexpersoner.	
homoit0002957	Afrokanadensiska intersexpersoner		Intersexpersoner av afrikansk härkomst födda i Kanada eller intersexpersoner födda i afrikanska länder som bor i eller har en stark anknytning till Kanada. Används för individer som identifierar sig som afrokanadensare.	
homoit0002958	Afrokaribiska intersexpersoner		Intersexpersoner av afrikansk härkomst födda i Karibien eller intersexpersoner födda i afrikanska länder som bor i eller har en stark anknytning till Karibien. Används endast för personer som identifierar sig som afrokaribier.	
homoit0002959	Afroeuropeiska intersexpersoner		Intersexpersoner av afrikansk härkomst födda i europeiska länder eller intersexpersoner födda i afrikanska länder som bor i eller har en stark anknytning till Europa. Använd endast för personer som identifierar sig som afroeuropéer.	
homoit0002960	Afrolatinska intersexperson		Intersexpersoner av afrikansk härkomst födda i latinamerikanska länder eller intersexpersoner födda i afrikanska länder som bor i eller har en stark anknytning till Latinamerika. Använd endast för personer som identifierar sig som afrolatinos.	
homoit0002961	Mixade intersexpersoner	Blandade intersexpersoner	Intersexpersoner som tillhör två eller flera etniska grupper. Används endast för personer som själva identifierar sig som mixade.	
homoit0002962	Mammor till intersexpersoner	Mödrar till intersexpersoner	En person som intar en modersroll i relation till en intersexperson. Används endast för personer som själva identifierar sig som mammor.	
homoit0002963	Multirasiala intersexpersoner		Intersexpersoner som tillhör två eller flera rasliga grupper. Används endast för personer som själva identifierar sig som multirasiala.	
homoit0002964	Intersexpersoner som är ursprungsamerikaner		Personer som tillhör ursprungsfolken i det kontinentala USA och Kanada (exklusive inuiter) och som identifierar sig som intersexpersoner. Använd mer specifika termer där det är möjligt.	
homoit0002966	Intersexbokaffärer		Bokhandlar som säljer material riktat till intersexpersoner eller som behandlar ämnen relaterade till intersexerfarenheter.	
homoit0002967	Intersexkaraktärer		Karaktärer i kreativa verk som är intersexpersoner.	
homoit0002968	Intersex-community centers	Föreningslokaler för intersexpersoner||Träffpunkter för intersexpersoner	Platser där personer från intersexgemenskaper möts för sociala, utbildningsrelaterade, fritids- eller organisatoriska aktiviteter.	
homoit0002969	Intersexpar		Parrelationer där båda personerna är intersex.	
homoit0002970	Intersexkultur		Kulturella erfarenheter som delas av medlemmar i intersexgemenskaper eller produkter av intersexkultur, till exempel konst och medier skapade av och för intersexpersoner, aktivism med fokus på intersexfrågor eller slang som används inom intersexgemenskaper.	
homoit0002971	Döttrar som är intersexpersoner		Döttrar som identifierar sig som intersex. Används endast för personer som själva identifierar sig som döttrar.	
homoit0002973	Intersexateister		Intersexpersoner som är ateister.	
homoit0002974	Kristna intersexpersoner		Intersexpersoner som är kristna.	
homoit0002975	Religiösa ledare som är intersexpersoner	Intersexpersoner med religiösa ämbeten	Intersexpersoner som är prästvigda eller innehar religiösa ämbeten, särskilt inom kristendomen.	
homoit0002976	Intersexmuslimer		Intersexpersoner som är muslimer.	
homoit0002977	Hedniska intersexpersoner	Nyhedniska intersexpersoner	Intersexpersoner som tillhör polyteistiska religioner, eller andra religioner utanför den dominerande kulturen, som ofta innefattar naturdyrkan och/eller det heliga feminina, såsom wicca, druidism, hednisk tro m.m. Används för intersexpersoner som själva identifierar sig som hedningar.	
homoit0002978	Protestantiska intersexpersoner	Intersexprotestanter	Intersexpersoner som är medlemmar i protestantiska kyrkor.	
homoit0002979	Asexuella ateister		Asexuella personer som är ateister.	
homoit0002980	Asexuella kristna		Asexuella personer som är kristna.	
homoit0002981	Asexuella religiösa ledare	Asexuella med religiösa ämbeten	Asexuella personer som är prästvigda eller innehar religiösa ämbeten, särskilt inom kristendomen.	
homoit0002982	Asexuella muslimer		Asexuella personer som är muslimer.	
homoit0002983	Asexuella hedningar	Asexuella nyhedningar	Asexuella som tillhör polyteistiska religioner, eller andra religioner utanför den dominerande kulturen, som ofta innefattar naturdyrkan och/eller det heliga feminina, såsom wicca, druidism, hednisk tro m.m. Används för asexuella som själva identifierar sig som hedningar.	
homoit0002984	Asexuella protestanter		Asexuella personer som är medlemmar i protestantiska kyrkor.	
homoit0002985	Asexuella häxor		Asexuella personer som utövar wicca eller andra hedniska religioner och som identifierar sig som häxor.	
homoit0002986	Romersk-katolska asexuella		Asexuella personer som är medlemmar i den romersk-katolska kyrkan.	
homoit0002987	Romersk-katolska intersexpersoner		Intersexpersoner som är medlemmar i den romersk-katolska kyrkan.	
homoit0002988	Asexuella buddister		Asexuella personer som är buddister.	
homoit0002989	Intersexbuddister		Intersexpersoner som är buddister.	
homoit0002990	Asexuella dominatrixer	Asexuella dominor	Asexuella personer som intar en dominant roll inom BDSM och/eller i maktutbytesrelationer med en dominant/underordnad dynamik. Termen används främst av feminint identifierade personer.	
homoit0002991	Asexuella dominanta		Asexuella personer som intar en dominant roll inom BDSM och/eller i maktutbytesrelationer med en dominant/underordnad dynamik.	
homoit0002992	Asexuella härskarinnor	Asexuella mistresses	Asexuella personer som intar en dominerande roll inom BDSM och/eller i maktutbytesrelationer med en härskarinna/undergiven-dynamik. Termen används främst av feminint identifierade personer.	
homoit0002993	Funktionsnedsatta demisexuella personer	Funktionshindrade demisexuella personer	Demisexuella personer med funktionsnedsättning/funktionsnedsättningar.	
homoit0002994	Funktionsnedsatta lesbiska personer	Funktionshindrade megasexuella personer	Megasexuella personer med funktionsnedsättning/funktionsnedsättningar.	
homoit0002995	Funktionsnedsatta aromantiska personer		Aromantiska personer med funktionsnedsättning/funktionsnedsättningar.	
homoit0002996	Funktionsnedsatta gråromantiska personer	Funktionsnedsatta greyromantic-personer||Funktionshindrade greyromantic-personer||Funktionshindrade gråromantiska personer	Gråromantiska personer med funktionsnedsättning/funktionsnedsättningar.	
homoit0002997	Demisexuella personer med autism	Demisexuella autister	Demisexuella personer som är autistiska.	
homoit0002998	Megasexuella personer med autism	Megasexuella autister	Megasexuella personer som är autistiska.	
homoit0002999	Aromantiska personer med autism	Aromantiska autister	Aromantiska personer som är autistiska.	
homoit0003000	Gråromantiska med autism	Greyromantic-personer med autism||Autistiska gråromantiska||Autistiska greyromantic-personer	Gråromantiska personer som är autistiska.	
homoit0003001	Demisexuella neurodivergenta personer		Demisexuella personer vars kognition, sensoriska bearbetning, emotionalitet eller sociala förmåga skiljer sig från normen. Dessa variationer kan för vissa innebära funktionsnedsättningar eller medicinska tillstånd, medan de för andra är egenskaper som ingår i deras identitet.	
homoit0003002	Megasexuella neurodivergenta personer		Megasexuella personer vars kognition, sensoriska bearbetning, emotionalitet eller sociala förmåga skiljer sig från normen. Dessa variationer kan för vissa innebära funktionsnedsättningar eller medicinska tillstånd, medan de för andra är egenskaper som ingår i deras identitet.	
homoit0003003	Aromantiska neurodivergenta personer		Aromantiska personer vars kognition, sensoriska bearbetning, emotionalitet eller sociala förmåga skiljer sig från normen. Dessa variationer kan för vissa innebära funktionsnedsättningar eller medicinska tillstånd, medan de för andra är egenskaper som ingår i deras identitet.	
homoit0003004	Gråromantiska neurodivergenta personer	Neurodivergenta greyromantic-personer	Gråromantiska personer vars kognition, sensoriska bearbetning, emotionalitet eller sociala förmåga skiljer sig från normen. Dessa variationer kan för vissa innebära funktionsnedsättningar eller medicinska tillstånd, medan de för andra är egenskaper som ingår i deras identitet.	
homoit0003005	Ickebinära neurodivergenta personer		Ickebinära personer vars kognition, sensoriska bearbetning, emotionalitet eller sociala förmåga skiljer sig från normen. Dessa variationer kan för vissa innebära funktionsnedsättningar eller medicinska tillstånd, medan de för andra är egenskaper som ingår i deras identitet.	
homoit0003007	Demisexuella blinda personer; Blinda Demisexuella		Demisexuella personer med betydande eller total synnedsättning.	
homoit0003008	Blinda megasexuella		Megasexuella personer med betydande eller total synnedsättning.	
homoit0003009	Blinda aromantiska		Aromantiska personer med betydande eller total synnedsättning.	
homoit0003010	Blinda gråromantiker	Blinda greyromantic-personer	Gråromantiska personer med betydande eller total synnedsättning.	
homoit0003011	Ickebinära blinda personer	Blinda Ickebinära	Ickebinära personer med betydande eller total synnedsättning.	
homoit0003012	Demisexuella hörselskadade personer		Demisexuella personer med betydande eller total hörselförlust.	
homoit0003013	Megasexuella hörselskadade personer		Megasexuella personer med betydande eller total hörselförlust.	
homoit0003014	Aromantiska hörselskadade personer		Aromantiska personer med betydande eller total hörselförlust.	
homoit0003015	Gråromantiska med hörselnedsättning	Greyromatic-personer med hörselnedsättning	Gråromantiska personer med betydande eller total hörselförlust.	
homoit0003016	Ickebinära hörselskadade personer		Ickebinära personer med betydande eller total hörselförlust.	
homoit0003017	Demisexuella döva		Demisexuella personer med betydande eller total hörselförlust.	
homoit0003018	Döva megasexuella		Megasexuella personer med betydande eller total hörselförlust.	
homoit0003019	Aromantiska döva		Aromantiska personer med betydande eller total hörselförlust.	
homoit0003020	Döva gråromantiker	Döva greyromantic-personer	Gråromantiska personer med betydande eller total hörselförlust.	
homoit0003021	Döva ickebinära personer		Ickebinära personer med betydande eller total hörselförlust.	
homoit0003022	Demisexuella personer med kronisk sjukdom	Kroniskt sjuka demisexuella personer	Demisexuella personer med långvariga hälsotillstånd som kräver kontinuerlig medicinsk behandling och/eller har en betydande påverkan på eller begränsar det dagliga livet. Vissa, men inte alla, personer med kroniska sjukdomar identifierar sig som personer med funktionsnedsättning.	
homoit0003023	Megasexuella personer med kronisk sjukdom	Kroniskt sjuka megasexuella personer	Megasexuella personer med långvariga hälsotillstånd som kräver kontinuerlig medicinsk behandling och/eller har en betydande påverkan på eller begränsar det dagliga livet. Vissa, men inte alla, personer med kroniska sjukdomar identifierar sig som personer med funktionsnedsättning.	
homoit0003024	Aromantiska personer med kronisk sjukdom	Kroniskt sjuka aromantiska personer	Aromantiska personer med långvariga hälsotillstånd som kräver kontinuerlig medicinsk behandling och/eller har en betydande påverkan på eller begränsar det dagliga livet. Vissa, men inte alla, personer med kroniska sjukdomar identifierar sig som personer med funktionsnedsättning.	
homoit0003025	Gråromantiker med kronisk sjukdom	Kronisk sjuka gråromantiker||Kroniskt sjuka greyromantic-personer	Gråromantiska personer med långvariga hälsotillstånd som kräver kontinuerlig medicinsk behandling och/eller har en betydande påverkan på eller begränsar det dagliga livet. Vissa, men inte alla, personer med kroniska sjukdomar identifierar sig som personer med funktionsnedsättning.	
homoit0003026	Ickebinära personer med kronisk sjukdom	Kroniskt sjuka Ickebinära personer	Ickebinära personer med långvariga hälsotillstånd som kräver kontinuerlig medicinsk behandling och/eller har en betydande påverkan på eller begränsar det dagliga livet. Vissa, men inte alla, personer med kroniska sjukdomar identifierar sig som personer med funktionsnedsättning.	
homoit0003027	Rullstolsburna ickebinära personer		Ickebinära personer som använder rullstol.	
homoit0003028	Rullstolsburna demisexuella personer		Demisexuella personer som använder rullstol.	
homoit0003029	Rullstolsburna megasexuella personer		Megasexuella personer som använder rullstol.	
homoit0003030	Rullstolsburna aromantiska personer		Aromantiska personer som använder rullstol.	
homoit0003031	Rullstolsburna gråromantiker	Rullstolsburna greyromantic-personer	Gråromantiska personer som använder rullstol.	
homoit0003032	Alumnigrupper (hbtq+)		Alumninätverk eller föreningar där medlemmarna specifikt består av hbtq+-personer som tidigare studerat vid samma universitet, högskola eller skola.	
homoit0003033	Aromantiska collegestudenter		Aromantiska personer som studerar vid college.	
homoit0003034	Asexuella collegestudenter		Asexuella personer som studerar vid college.	
homoit0003035	Bisexuella collegestudenter		Bisexuella personer som studerar vid college.	
homoit0003036	Demisexuella collegestudenter		Demisexuella personer som studerar vid college.	
homoit0003037	Bögar som är collegestudenter	Homosexuella män som är collegestudenter	Bögar som studerar vid college.	
homoit0003038	Gråromantiska collegestudenter	Greyromatic-personer som är college-elever	Gråromantiska personer som studerar vid college.	
homoit0003039	Intersexpersoner som är collegestudenter		Intersexpersoner som studerar vid college.	
homoit0003040	Lesbiska collegestudenter		Lesbiska som studerar vid college.	
homoit0003041	Hbtq+-collegestudenter		Hbtq+-personer som studerar vid college.	
homoit0003042	Megasexuella collegestudenter		Megasexuella personer som studerar vid college.	
homoit0003043	Ickebinära collegestudenter		Ickebinära personer som studerar vid college.	
homoit0003044	Queera collegestudenter		Queera personer som studerar vid college.	
homoit0003045	Transpersoner som är collegestudenter		Transpersoner som studerar vid college.	
homoit0003046	Two-spirit-personer som är collegestudenter		Two-spirit-personer som studerar vid college.	
homoit0003047	Wrestling		En tävlingsinriktad, social eller erotisk aktivitet där två eller flera personer brottas med varandra i försök att kasta eller tvinga ner motståndaren på marken.	
homoit0003048	Piskning	Whipping	Användning av piskor, floggers eller liknande reskap för smärtlek på kroppen under samtycke	
homoit0003049	Vaxlekar	Wax play	Applicering av flytande vax på kroppen som en del av erotisk eller sensuell lek.	
homoit0003050	Violet wands		Ett redskap som används för att applicera elektrisk ström på kroppen.	
homoit0003051	Muskeldyrkan		Praktik där muskler vördas eller beundras, vanligtvis i ett sexuellt sammanhang.	
homoit0003052	Maktutbyte		Ömsesidigt samtyckt maktutbyte mellan två eller fler personer som en del av deras relation eller under erotiska aktiviteter.	
homoit0003053	Impact play	Våldslekar	En aktivitet där en person upprepade gånger blir slagen, med eller utan redskap, i syfte att väcka erotisk upphetsning.	
homoit0003054	Temperaturlekar	Temperature play	Olika former av sensuell eller sexuell lek där föremål eller substanser används för att stimulera kroppen med värme eller kyla.	
homoit0003055	Eldlekar	Fire play	Användning av eld i sexuella eller erotiska sammanhang.	
homoit0003056	Islekar	Ice play	En form av erotisk eller sensuell lek där is eller andra kalla föremål används mot kroppen.	
homoit0003057	El-lekar	Electrical play||Electro play	Olika former av sexuell lek som involverar användning av elektricitet.	
homoit0003058	Vakuumpumpar		Ett sexuellt hjälpmedel eller tillbehör som placeras över och runt könsorganen. Redskapet skapar ett sug som gör att könsorganen sväller och förstoras.	
homoit0003059	Kink-accessoarer		Föremål som används under kinklekar eller bärs som modeaccessoarer för att signalera tillhörighet till kink- eller lädergemenskaper.	
homoit0003060	TPE	Total power exchange||24/7	Ömsesidigt samtyckt maktutbyte mellan två eller fler personer som utgör en del av deras relation och praktiseras oavbrutet.	
homoit0003061	Kroppsvätskor		Naturligt förekommande vätskor som produceras av människokroppen.	
homoit0003062	Blöjor (erotiskt)	Diapers (erotiskt)	Absorberande material som lindas runt stjärten och mellan benen för att ta upp urin och avföring. Används ofta inom ageplay.	
homoit0003063	Uniformsfetischism	Uniform fetish	Erotisering av uniformer.	
homoit0003064	Kängfetischism	Bootfetischism||Stövelfetischism	Användandet av kängor för att skapa sexuell upphetsning och/eller njutning.	
homoit0003065	Läderfetischism		Erotisering av läder, särskilt läderplagg och accessoarer som är kopplade till läder- och kinkgemenskaperna.	
homoit0003066	Hbtq+-mode	Mode (hbtq+)	Mode, kläder och accessoarer förknippade med hbtq+-subkulturer och uttryck.	
homoit0003067	Medical play	Doktorslekar	Erotiska rollspel och kinkaktiviteter som involverar medicinska redskap, miljöer, uniformer och procedurer.	
homoit0003068	Psykologiska lekar	Mind play	Psykologiska lekar eller rollspel som utförs för att skapa sexuell upphetsning.	
homoit0003069	Förnedring (erotik)		Psykisk eller fysisk förödmjukelse som utförs i syfte att väcka erotisk upphetsning.	
homoit0003070	Erotisk hypnos		Användning av hypnos i ett sexuellt eller erotiskt sammanhang.	
homoit0003071	Mumifiering (erotik)		En form av bondage som innebär att kroppen lindas in i bandage, plastfolie eller annat material.	
homoit0003072	Kroppsdyrkan		Alla praktiker där en annan persons fysiska kropp dyrkas, oftast i ett sexuellt sammanhang.	
homoit0003073	Orgasmkontroll		Fysisk eller psykologisk kontroll av den egna eller partnerns orgasm.	
homoit0003074	Kyskhetslekar	Chastity play	Avhållsamhet från sexuell upphetsning, orgasm eller sex som en form av underkastelse, metod för erotisk disciplin eller för personlig tillfredsställelse.	
homoit0003075	Att slå/bli slagen med paddel	Paddling	Att slå en kropp med en paddel som en form av ”impact play”.	
homoit0003076	Kroppsmodifiering	Body modification	Modifikation av kroppen, såsom piercing eller märkning av huden genom att tatuera, bränna eller skära.	
homoit0003077	Piercinglekar	Piercing play||Needle play||Play piercing||Nållekar	Tillfällig kroppspiercing, oftast i estetiskt, erotiskt eller sexuellt syfte.	
homoit0003078	Blodlekar	Blood play	Användning av blod för erotisk eller sensuell njutning.	
homoit0003079	Lekrum (sex)	Play spaces, Lekspace	Ett utrymme eller rum avsett för kink och sexuella aktiviteter.	
homoit0003080	Kinkkonvent	Läder- och kinkmässor||Läder- och kinkfestivaler||Lädermässor||Kinkmässor||Läderfestivaler||Kinkfestivaler||Läderkonvent||Läder- och kinkkonvent||BDSM-event||BDSM-konferenser	Läder- och kinkkonvent hålls vanligtvis årligen. De innehåller ofta fester, uppträdanden, tävlingar om titlar, försäljning, lekområden samt kurser och workshops om kink, sex, relationer, aktivism och relaterade ämnen.	
homoit0003081	Ponyplay	Pony play	Rollspel där en person imiterar en häst, ibland med en partner som agerar tränare, ledare eller djurägare – kan utföras för nöje eller erotisk njutning.	
homoit0003082	Animal roleplay	Petplay||Djurrollspel	Att rollspela som ett djur eller en djurkaraktär, ibland tillsammans med någon som agerar tränare, skötare eller ägare, för nöjes skull eller för erotisk njutning.	
homoit0003083	Puppy play	Pup play	Rollspel där en person, för nöje eller erotisk njutning, iklär sig rollen som hund, ofta tillsammans med en person som agerar tränare, ägare eller handler.	
homoit0003084	Kinksters	BDSM-utövare	Personer som deltar i kink- och/eller maktutbytesrelationer.	
homoit0003085	Knivlekar	Knife play	Användning av knivar eller blad i kink- eller erotisk lek.	
homoit0003086	Läderpersoner		Personer som deltar i eller identifierar sig med lädergemenskaper.	
homoit0003087	Leatherboys	Leatherboys	Personer som deltar i lädergemenskaper och identifierar sig som leatherboys.	
homoit0003088	Leathergirls	Leathergirls	Personer som deltar i lädergemenskaper och identifierar sig som leathergirls.	
homoit0003089	Repbondage	Rope bondage	Användning av rep för att binda och begränsa kroppen i syfte att skapa sexuell eller sensuell njutning.	
homoit0003090	Munkavlar	Gags	Föremål eller redskap som används för att förhindra tal, vanligtvis genom att blockera eller fylla munnen. Används ofta inom vissa former av bondage.	
homoit0003091	Lateralt förtryck		Företeelsen att en person inom en marginaliserad grupp riktar våld eller förtryck mot andra i samma grupp, ofta genom att agera utifrån internaliserade förtryckande föreställningar – det vill säga negativa uppfattningar om och intolerans mot de marginaliserade identiteter personen själv har – som de tagit till sig genom uppväxt eller socialisering i en förtryckande miljö.	
homoit0003092	Lateral lesbofobi		Företeelsen att lesbiska riktar våld eller förtryck mot andra lesbiska, ofta genom att agera utifrån internaliserade lesbofobiska föreställningar – det vill säga negativa uppfattningar om och intolerans mot lesbiska och lesbiskhet – som de tagit till sig genom uppväxt eller socialisering i en lesbofobisk miljö.	
homoit0003093	Lateral homofobi		Termen används ofta för att beskriva lateral homofobi bland hbtq+-personer i allmänhet. Lateral homofobi syftar på företeelsen att bögar riktar våld eller förtryck mot andra bögar, ofta genom att agera utifrån internaliserade homofobiska föreställningar – det vill säga negativa uppfattningar om och intolerans mot homosexualitet – som de tagit till sig genom uppväxt eller socialisering i en homofob miljö.	
homoit0003094	Lateral bifobi		Företeelsen att bisexuella personer riktar våld eller förtryck mot andra bisexuella, ofta genom att agera utifrån internaliserade bifobiska föreställningar – det vill säga negativa uppfattningar om och intolerans mot bisexualitet – som de tagit till sig genom uppväxt eller socialisering i en bifobisk miljö.	
homoit0003095	Lateral transfobi		Företeelsen att transpersoner riktar våld eller förtryck mot andra transpersoner, ofta genom att agera utifrån internaliserade transfobiska föreställningar – det vill säga negativa uppfattningar om och intolerans mot transpersoner och transidentiteter – som de tagit till sig genom uppväxt eller socialisering i en transfobisk miljö.	
homoit0003096	Lateral queerfobi		Företeelsen att queera personer riktar våld eller förtryck mot andra queera personer, ofta genom att agera utifrån internaliserade queerfobiska föreställningar – det vill säga negativa uppfattningar om och intolerans mot queera personer och queer identitet – som de tagit till sig genom uppväxt eller socialisering i en queerfobisk miljö.	
homoit0003097	Lateral intersexfobi		Företeelsen att intersexpersoner riktar våld eller förtryck mot andra intersexpersoner, ofta genom att agera utifrån internaliserade intersexfobiska föreställningar – det vill säga negativa uppfattningar om och intolerans mot intersexpersoner och intersexvariationer – som de tagit till sig genom uppväxt eller socialisering i en intersexfobisk miljö.	
homoit0003098	Ballongkink	Balloon kink	Användning av ballonger i kläder, för sexuell upphetsning eller i erotisk lek.	
homoit0003099	Uppblåsning (erotik)	Inflation (erotik), Distension (erotik)	Sexuell upphetsning genom att blåsa upp kroppen, kroppsdelar, kläder eller uppblåsbara objekt med luft eller andra ämnen.	
homoit0003100	Suspensoar		Plagg med en påse för att stödja könsorganen, vanligtvis buren av idrottare eller i estetiskt eller sexuellt syfte.	
homoit0003101	Sexpositiv feminism		En bred feministisk rörelse, ofta kontrasterad mot anti-sex- eller antipornografiska feministiska rörelser, som stödjer sexuell frigörelse, sexarbetare, pornografi och friheten att uttrycka sexuell och könsöverskridande identitet.	
homoit0003102	Skofetishism	Shoe fetish	Erotisering av skor, till exempel högklackade och stövlar.	
homoit0003103	Fetischism för högklackat	High heel-fetishism	Sexuell upphetsning kopplad till högklackade skor.	
homoit0003104	Kinkklubbar	Kink- och läderklubbar||Läderklubbar||BDSM-klubbar	Sociala klubbar och andra typer av medlemsorganisationer inom läder-, kink- och närliggande gemenskaper.	
homoit0003105	Bootblacks		Inom läder- och kinkgemenskaper, en person som rengör och vårdar någon annans läderkängor, skor eller plagg.	
homoit0003106	Titeltävlingar		Ett årligt evenemang inom läder- och kinkgemenskaper där deltagare tävlar om en titel. Deltagarna bedöms utifrån scenframträdande, utseende, karisma och förmåga att vara ledare och aktivist i gemenskapen under titelåret.	
homoit0003107	Sexgungor		En typ av vilostol som hänger från ett stativ eller tak, vanligtvis använd för att positionera kroppen vid sexuell aktivitet.	
homoit0003108	Spott (sex)	Spitting (sex)	Att spotta, vanligtvis på någons kropp eller i någons mun.	
homoit0003109	Sounding (sex)		Införande av stavar i urinröret, vanligtvis för erotisk stimulans.	
homoit0003110	Genital tortyr	Genital torture	En kinkaktivitet där smärta, intensiv stimulans eller åtsnörning appliceras på könsorganen.	
homoit0003111	Handskar (erotik)		Ett plagg som täcker handen och används i kink- eller erotisk aktivitet.	
homoit0003112	Gasmasker (erotik)		Mask som traditionellt används för att skydda bäraren mot luftburna föroreningar och giftiga gaser, och som används i kink- eller erotisk lek.	
homoit0003113	Andningskontroll		Kontroll eller begränsning av andningen för att uppnå ökad njutning eller stimulans.	
homoit0003114	Fontänorgasm	Squirting	Utsöndring av vätska från urinröret under orgasm. Används sällan för att beskriva ejakulation från penis.	
homoit0003115	Tvångströja		En typ av jacka som används för att begränsa överkroppens rörelseförmåga.	
homoit0003116	Kittling		Kittling är att röra vid en kroppsdel på ett sätt som framkallar ofrivilliga ryckningar och/eller skratt.	
homoit0003117	Handfängsel	Cuffs	Olika typer av fasthållningsanordningar som är utformade för att fixera en individs handleder eller vrister vid bondage-lekar.	
homoit0003118	Bröstpartiet	Bröstkorg	En könsneutral term för den övre delen av överkroppen, kan användas oavsett om personen har bröst eller inte.	
homoit0003119	Caning		Att slå kroppen med en käpp som en form av impact play.	
homoit0003120	Flogging		Samtyckt smisklek med användning av en flogger, det vill säga en piskliknande anordning med flera remmar, vanligtvis tillverkad av läder.	
homoit0003121	Sexkrig	De feministiska sexkrigen||Feminist Sex Wars	En period av debatter som inleddes på 1970-talet mellan olika feministiska inriktningar kring sexuell frihet, sexarbete, pornografi, kink och sadomasochism, sexleksaker, butch/femme och transidentiteter.	
homoit0003122	Fotfetischismer		Sexuell upphetsning och attraktion kopplad till fötter.	
homoit0003123	Furrykultur		Kulturella erfarenheter som delas av medlemmar i furrygemenskaper eller produkter av furrykulturen, till exempel konst och media skapad av och för furries, aktivism kopplad till furryfrågor, slang som används i furrykretsar med mera.	
homoit0003124	Intimdusch	Douching	Användning av ett redskap (kallat dusch eller lavemang) för att föra in en vätskesström i ändtarmen eller slidan. Kan användas i sexuella eller erotiska syften.	
homoit0003125	Edge play	Gränslekar	BDSM-aktiviteter och kinks som anses ha en högre grad av risk eller tabu, eller som av subjektiva skäl upplevs som utmanande av deltagarna, exempelvis på grund av personliga rädslor eller gränser.	
homoit0003126	Dockifiering	Dollification, Bimbofication, Bimbofiering	En praktik där en person klär sig och agerar som en levande docka (genom smink, kläder med mera) i estetiskt eller sexuellt syfte.	
homoit0003127	Cum shot	Money shot	Skildring av ejakulation, särskilt när den riktas mot en annan person, ofta i pornografiska sammanhang.	
homoit0003128	Bukkake		En sexuell handling där flera personer ejakulerar på en person, vanligtvis i ansiktet.	
homoit0003129	Bugchasing		Handlingen eller fantasin om att ha sex i syfte att medvetet smittas med hiv/aids.	
homoit0003130	Brösttortyr		En sexuell aktivitet där intensiv sensorisk stimulans, smärta eller åtsnörning appliceras på brösten.	
homoit0003131	Bröstvårtstortyr	Nipple torture	En kinkaktivitet som innebär att bröstvårtorna utsätts för smärta, tryck eller annan intensiv stimulans.	
homoit0003132	Breast play	Bröstsex	Sexuella aktiviteter som involverar brösten, inklusive smekning eller beröring, kyssar, slickande, gnidning, nypande samt klämmande eller åtstramande beröring.	
homoit0003133	Chest play	Lek med bröstpartiet	En könsneutral term för all sexuell aktivitet som involverar den övre delen av överkroppen, inklusive smekningar, kyssar, slickningar, gnidning, nypning eller åtsnörning.	
homoit0003134	Kroppssäckar (erotiskt)	Body bags (erotiskt)	En helkroppsdräkt eller påse som används för att blockera sinnesintryck eller under kinkaktiviteter och sexuella lekar.	
homoit0003135	Ashing	Mänsklig askkopp	Att applicera cigarr- eller cigarettaska på någons mun eller kropp.	
homoit0003136	Cigarrlekar	Cigar play	En form av temperaturlek där cigarrer används, vanligtvis applicerade på huden.	
homoit0003137	Armhålor		Det ihåliga området under överarmen där axeln möter kroppen, känt för att vara kittligt och/eller sexuellt stimulerande.	
homoit0003138	Abduction play		En form av samtyckande BDSM-lek som innefattar iscensatt tillfångatagande, bondage, kamp och hotfull dominans mot en eller flera sexuella partner.	
homoit0003139	Tvångslekar	Consensual non-Consent, CNC, Att leka med tvång	En typ av samtyckesbaserad lek som involverar iscensatt tvång, skrämsel, maktutövning eller kamp mellan en eller flera parter.	
homoit0003140	Antikinkdiskriminering		Systematiskt orättvis eller fördomsfull behandling av individer eller gemenskaper på grund av deras kinks eller sexuella praktiker kopplat till kink, vilket kan ta sig uttryck i begränsad tillgång till arbete, bostad eller rättsligt erkännande.	
homoit0003141	Anti-sadomasochism	Sadomasochism-fientlighet	Motstånd mot olika praktiker eller fantasier som involverar sadomasochism eller maktutbyte.	
homoit0003142	Kyskhetsbälten	Chastity devices	Tillbehör eller anordningar som används för att spärra in eller hålla könsorganen inneslutna.	
homoit0003143	Klämmor (erotiskt)	Clamps (erotiskt)	En anordning utformad för att hålla något stadigt på plats eller för att fixera något (till exempel bröstvårtor) i syfte att ge sexuell njutning.	
homoit0003144	Klädnypor (sex)		En klädnypa, vanligtvis använd för att hänga upp kläder på tork, här använd som en sexleksak.	
homoit0003145	Hogtie		Position eller aktivitet där en persons handleder och fotleder binds samman bakom ryggen.	
homoit0003146	Huvor (erotik)		En huva som täcker huvudet, använd vid kink, erotisk lek eller som modeaccessoar.	
homoit0003147	Disciplin (erotik)		En rad praktiker där en person i en dominant roll fastställer regler för en person i en undergiven roll som förväntas följa dem, och där den dominanta personen utdelar bestraffningar, tillrättavisningar eller belöningar.	
homoit0003148	Intersex-fanzine		Små, självpublicerade tidskrifter med begränsad upplaga, ofta kopierade med kopiator. Används för fanzines skapade av intersexpersoner och/eller med fokus på intersexidentitet, frågor eller kultur.	
homoit0003149	Transfanzines	Transfansines||Transzines	Små, självpublicerade tidskrifter med begränsad upplaga, ofta kopierade med kopiator. Används för fanzines skapade av transpersoner och/eller som fokuserar på transidentitet, transfrågor eller transkultur.	
homoit0003150	Aromantiska fanzines	Aromantiska fansin||Aromantiska zines	Små, självpublicerade tidskrifter med begränsad upplaga, ofta kopierade med kopiator. Används för fanzines skapade av aromantiska personer och/eller med fokus på aromantisk identitet, frågor eller kultur.	
homoit0003151	Asexuella fanzines	Asexuella fansin||Asexuella zines||Ace-fanzines	Små, självpublicerade tidskrifter med begränsad upplaga, ofta kopierade med kopiator. Används för fanzines skapade av asexuella personer och/eller med fokus på asexuell identitet, frågor eller kultur.	
homoit0003152	Ickebinära fanzines	Ickebinära fansin||Ickebinära zine	Små, självpublicerade tidskrifter med begränsad upplaga, ofta kopierade med kopiator. Används för fanzines skapade av ickebinära personer och/eller med fokus på ickebinära identiteter, frågor eller kultur.	
homoit0003153	Two-spirit-fanzines	Two-spirit-fansin||Two-spirit-zines	Små, självpublicerade tidskrifter med begränsad upplaga, ofta kopierade med kopiator. Används för fanzines skapade av Two-spirit-personer och/eller som fokuserar på Two-spirit-identitet, frågor eller kultur.	
homoit0003154	Queera fanzines	Queera fansin||Queera zine	Små, självpublicerade tidskrifter med begränsad upplaga, ofta kopierade med kopiator. Används för fanzines skapade av queera personer och/eller med fokus på queera identiteter, frågor eller kulturer.	
homoit0003155	Lesbiska fanzines	Lesbiska fansin||Lesbiska zines	Små, självpublicerade tidskrifter med begränsad upplaga, ofta kopierade med kopiator. Används för fanzines skapade av lesbiska och/eller med fokus på lesbisk identitet, frågor eller kultur.	
homoit0003156	Bögfanzines	Bögfansin||Bögzines	Små, självpublicerade tidskrifter med begränsad upplaga, ofta kopierade med kopiator. Används för fanzines skapade av bögar och/eller med fokus på bögars identitet, kultur eller frågor.	
homoit0003157	Transexkluderande radikalfeminister		En person som förespråkar en transfobisk och transfientlig ideologi som förnekar transpersoners och könsöverskridande individers existens och rättigheter samt hävdar att erkännandet av dessa innebär diskriminering och förtryck av ciskvinnor. Rörelsen har historiskt förknippats med radikalfeminism men har knutit band till högerextrema och antifeministiska grupper. Används när material handlar om sådana personer eller om en individ identifierar sig som sådan.	
homoit0003158	Transexkluderande radikalfeminism		En transfobisk och transfientlig ideologi som förnekar transpersoners och könsöverskridande individers existens och rättigheter samt hävdar att erkännandet av dessa innebär diskriminering och förtryck av ciskvinnor. Även om rörelsen ursprungligen betraktades som en perifer gren av feminismen har grupper inom denna ideologi bildat allianser med högerextrema, antifeministiska och konservativa aktörer i syfte att sprida desinformation och driva transfientlig politik.	
homoit0003159	Countrymusik (hbtq+)		Musik inom countrygenren som uttrycker hbtq+-erfarenheter och perspektiv och som har producerats sedan 1930-talet.	
homoit0003160	Drag i film		Filmer med betydelsefulla karaktärer i drag. Ska inte förväxlas med filmer där en huvudrollsinnehavare spelar en karaktär som identifierar sig med ett annat kön än skådespelaren själv.	
homoit0003161	Bögmusikaler	Gaymusikaler	Musikaler skapade av homosexuella manliga regissörer, som skildrar bögar eller som betraktas som viktiga inom bögkultur.	
homoit0003162	Bisexuella musikaler		Musikaler skapade av bisexuella regissörer, som skildrar bisexuella personer eller som anses vara viktiga inom bisexuell kultur.	
homoit0003163	Transmusikaler		Musikaler skapade av transregissörer, som skildrar transpersoner eller som betraktas som betydelsefulla inom transkulturen.	
homoit0003164	Asexuella musikaler	Ace-musikaler	Musikaler skapade av asexuella regissörer, som skildrar asexuella personer eller betraktade som viktiga inom asexuell kultur.	
homoit0003165	Intersexmusikaler		Musikaler skapade av intersexregissörer, som skildrar intersexpersoner eller som betraktas som viktiga inom intersexkulturen.	
homoit0003166	Lesbisk opera		Operor skapade av lesbiska regissörer, som skildrar lesbiska eller som betraktas som viktiga inom lesbisk kultur.	
homoit0003167	Queera operor		Operor skapade av queera regissörer, som skildrar queera personer eller som anses viktiga inom queer kultur.	
homoit0003168	Two-spirit-operor		Operor skapade av Two-spirit-regissörer, som skildrar Two-spirit-personer eller som betraktas som betydelsefulla inom Two-spirit-kulturen.	
homoit0003169	Lesbiska feminister		En person som ansluter sig till lesbisk feminism, en ideologi som uppmuntrar kvinnor att fokusera sitt politiska engagemang, sitt sociala liv och sina relationer på andra kvinnor snarare än män och som ofta framhåller lesbiskhet som en logisk följd av feminism. Används när resurser handlar om lesbiska feminister eller när en individ identifierar sig som sådan.	
homoit0003170	Svarta feminister		En person som stödjer en form av feminism som utvecklades som en reaktion på att mainstreamfeminism och medborgarrättsrörelsen misslyckades med att erkänna hur vit överhöghet och patriarkatet samverkar och påverkar svarta kvinnors särskilda livserfarenheter. Används när resurser handlar om svarta feminister eller när en individ identifierar sig som sådan.	
homoit0003171	Ekofeminister		En person som stödjer den politiska och filosofiska rörelse som ser feminism och miljöengagemang som nära sammankopplade. Används för resurser om ekofeminister eller för individer som identifierar sig som sådana.	
homoit0003172	Första vågen-feminister		En person som var verksam inom kvinnorättsrörelsen under 1800-talet och början av 1900-talet, med främst fokus på juridiska rättigheter såsom kvinnors rösträtt. Används när resurser handlar om första vågens feminister.	
homoit0003173	Andra vågen-feminister		En person som deltog i eller identifierar sig med idéer som utvecklades under den andra feministiska vågen, en period av politisk aktivitet som inleddes på 1960-talet och som kritiserade patriarkala strukturer i samhället. Används för resurser om andra vågens feminister eller individer som själva identifierar sig som sådana.	
homoit0003174	Tredje vågen-feminister		En person som deltog i eller identifierar sig med idéer från en period av feministisk politisk aktivism som inleddes i början av 1990-talet och betonade mångfald och individualism bland kvinnor samt ville omdefiniera vad det innebär att vara feminist. Den tredje vågen kännetecknas av nya feministiska rörelser och teorier såsom intersektionalitet, sexpositivism, ekofeminism, transfeminism och postmodern feminism. Använd när material handlar om tredje vågens feminister eller när en individ identifierar sig som sådan.	
homoit0003175	Transfeminister		En person som tillhör eller identifierar sig med idéer från en rörelse av och för transkvinnor som ser transkvinnors frigörelse som avgörande för alla kvinnors frigörelse. Används när material handlar om transfeminister eller när en individ identifierar sig som sådan.	
homoit0003176	Womanists		En person som bekänner sig till womanism, en ideologi som uppstod ur upplevelsen att den feministiska rörelsen var likgiltig inför svarta kvinnors behov, då dessa ofta utesluts från kategorierna ”kvinna” och ”femininitet” såsom de förstås av vita feminister. Womanism bygger på tanken att mainstreamfeminism leds av vita kvinnor och tjänar deras syften, vilka kan vara likgiltiga eller till och med motverka svarta kvinnors behov. Används för resurser om womanister eller när en individ identifierar sig som sådan.	
homoit0003177	Radikalfeminister		En person som företräder en feministisk inriktning som eftersträvar en radikal omstrukturering av samhället där manlig överordning avskaffas i alla sociala och ekonomiska sammanhang. Ska inte förväxlas med transexkluderande radikalfeminister. Används för material om radikalfeminister eller för personer som identifierar sig som det, om inte termen transexkluderande radikalfeminister är mer relevant.	
homoit0003178	Masker (erotik)		Masker som bärs som sexuella accessoarer eller vid sensuell eller sexuell lek.	
homoit0003179	Hbtq+-urban fantasy	Urban fantasy (hbtq+)	En subgenre inom fantasy med magi och övernaturliga varelser i nutida urbana miljöer. Används för urban fantasy med hbtq+-karaktärer eller teman.	
homoit0003180	Urban fantasy om bögar	Urban fantasy om homosexuella män	En subgenre inom fantasy med magi och övernaturliga varelser i nutida urbana miljöer. Används för urban fantasy med bögar som karaktärer eller teman.	
homoit0003181	Lesbisk urban fantasy		En subgenre inom fantasy med magi och övernaturliga varelser i nutida urbana miljöer. Används för urban fantasy med lesbiska karaktärer eller teman.	
homoit0003182	Bisexuell urban fantasy		En subgenre inom fantasy med magi och övernaturliga varelser i nutida urbana miljöer. Används för urban fantasy med bisexuella karaktärer eller teman.	
homoit0003183	Queer urban fantasy		En subgenre inom fantasy med magi och övernaturliga varelser i nutida urbana miljöer. Används för urban fantasy med queera karaktärer eller teman.	
homoit0003184	Trans-urban fantasy	Urban fantasy om transpersoner och transteman	En subgenre inom fantasy med magi och övernaturliga varelser i nutida urbana miljöer. Används för urban fantasy med transkaraktärer eller transfokuserade teman.	
homoit0003185	Asexuell urban fantasy	Ace-urban fantasy	En subgenre inom fantasy med magi och övernaturliga varelser i nutida urbana miljöer. Används för urban fantasy med asexuella karaktärer eller teman.	
homoit0003186	Aromantisk urban fantasy		En subgenre inom fantasy med magi och övernaturliga varelser i nutida urbana miljöer. Används för urban fantasy med aromantiska karaktärer eller teman.	
homoit0003187	Megasexuell urban fantasy		En subgenre inom fantasy med magi och övernaturliga varelser i nutida urbana miljöer. Används för urban fantasy med megasexuella karaktärer eller teman.	
homoit0003188	Two-spirit-urban fantasy		En subgenre inom fantasy med magi och övernaturliga varelser i nutida urbana miljöer. Används för urban fantasy med Two-spirit-karaktärer eller Two-spirit-teman.	
homoit0003189	Demisexuell urban fantasy		En subgenre inom fantasy med magi och övernaturliga varelser i nutida urbana miljöer. Används för urban fantasy med demisexuella karaktärer eller teman.	
homoit0003190	Intersex-urban fantasy		En subgenre inom fantasy med magi och övernaturliga varelser i nutida urbana miljöer. Används för urban fantasy med intersexkaraktärer eller teman.	
homoit0003191	Ickebinär urban fantasy		En subgenre inom fantasy med magi och övernaturliga varelser i nutida urbana miljöer. Används för urban fantasy med ickebinära karaktärer eller teman.	
homoit0003192	Gråromantisk urban fantasy	Greyromantic-urban fantasy	En subgenre inom fantasy med magi och övernaturliga varelser i nutida urbana miljöer. Används för urban fantasy med gråromantiska karaktärer eller teman.	
homoit0003193	Queer glädje	Queer joy	En positiv känsla kopplad till queer gemenskap, aktivism och/eller kultur som fungerar som motkraft till ett samhälle präglat av diskriminering. Observera att queer här används som paraplyterm för hbtq+-gemenskapen.	
homoit0003194	Dominanta lesbiska		Lesbiska som intar en dominant roll inom BDSM och/eller i maktutbytesrelationer med en dominant/underordnad dynamik.	
homoit0003195	Hbtq+-solidaritet		En känsla av samhörighet och gemensamt syfte, politiskt engagemang och/eller gemenskap baserad på delade erfarenheter som hbtq+-personer.	
homoit0003196	Lesbisk solidaritet		En känsla av samhörighet och gemensamt syfte, politiskt engagemang och/eller gemenskap baserad på delade erfarenheter som lesbiska.	
homoit0003197	Bögsolidaritet	Gaysolidaritet||Homosexuell manlig solidaritet	En känsla av samhörighet och gemensamt syfte, politiskt engagemang och/eller gemenskap baserad på delade erfarenheter som bögar.	
homoit0003198	Bisexuell solidaritet		En känsla av samhörighet och gemensamt syfte, politiskt engagemang och/eller gemenskap baserad på delade erfarenheter som bisexuella personer.	
homoit0003199	Transsolidaritet		En känsla av samhörighet och gemensamt syfte, politiskt engagemang och/eller solidaritet baserat på delade erfarenheter som transpersoner.	
homoit0003200	Queer solidaritet		En känsla av samhörighet och gemensamt syfte, politiskt engagemang och/eller gemenskap baserad på delade erfarenheter som queera personer.	
homoit0003201	Intersexsolidaritet		En känsla av samhörighet och gemensamt syfte, politiskt engagemang och/eller gemenskap baserad på delade erfarenheter som intersexpersoner.	
homoit0003202	Asexuell solidaritet	Ace-solidaritet	En känsla av samhörighet och gemensamt syfte, politiskt engagemang och/eller gemenskap baserad på delade erfarenheter som asexuella personer.	
homoit0003203	Aromantisk solidaritet		En känsla av samhörighet och gemensamt syfte, politiskt engagemang och/eller gemenskap baserad på delade erfarenheter som aromantiska personer.	
homoit0003204	Demisexuell solidaritet		En känsla av samhörighet och gemensamt syfte, politiskt engagemang och/eller gemenskap baserad på delade erfarenheter som demisexuella personer.	
homoit0003205	Gråromantisk solidaritet	Greyromantic-solidaritet	En känsla av samhörighet och gemensamt syfte, politiskt engagemang och/eller gemenskap baserad på delade erfarenheter som gråromantiska personer.	
homoit0003206	Flatsolidaritet		En känsla av samhörighet och gemensamt syfte, politiskt engagemang och/eller gemenskap baserad på delade erfarenheter som självidentifierade flator.	
homoit0003207	Megasexuell solidaritet		En känsla av samhörighet och gemensamt syfte, politiskt engagemang och/eller gemenskap baserad på delade erfarenheter som megasexuella personer.	
homoit0003208	Ickebinär solidaritet		En känsla av samhörighet och gemensamt syfte, politiskt engagemang och/eller gemenskap baserad på delade erfarenheter som ickebinära personer.	
homoit0003209	Two-spirit-solidaritet		En känsla av samhörighet och gemensamt syfte, politiskt engagemang och/eller solidaritet baserat på delade erfarenheter som Two-spirit-personer.	
homoit0003210	Lesbiska webbsidor		Webbsidor som främst handlar om lesbiska gemenskaper och frågor, samt webbsidor som är avsedda att användas av lesbiska personer.	
homoit0003211	Bögwebbsidor	Homosexuella manliga webbsidor	Webbsidor som främst handlar om bögars gemenskaper och frågor, samt webbsidor som är avsedda att användas av bögar.	
homoit0003212	Bisexuella webbsidor		Webbsidor som främst handlar om bisexuella gemenskaper och frågor, samt webbsidor som är avsedda att användas av bisexuella personer.	
homoit0003213	Transwebbsidor		Webbsidor som främst handlar om transgemenskaper och frågor, samt webbsidor som är avsedda att användas av transpersoner.	
homoit0003214	Queera webbsidor		Webbsidor som främst handlar om queera gemenskaper och frågor, samt webbsidor som är avsedda att användas av queera personer.	
homoit0003215	Intersex-webbsidor		Webbsidor som främst handlar om intersex-gemenskaper och frågor, samt webbsidor som är avsedda att användas av intersexpersoner.	
homoit0003216	Aromantiska webbsidor		Webbsidor som främst handlar om aromantiska gemenskaper och frågor, samt webbsidor som är avsedda att användas av aromantiska personer.	
homoit0003217	Asexuella webbsidor		Webbsidor som främst handlar om asexuella gemenskaper och frågor, samt webbsidor som är avsedda att användas av asexuella personer.	
homoit0003218	Demisexuella webbsidor		Webbsidor som främst handlar om demisexuella gemenskaper och frågor, samt webbsidor som är avsedda att användas av demisexuella personer.	
homoit0003219	Gråromantiska webbsidor	Greyromantic-hemsidor	Webbsidor som främst handlar om gråromantiska gemenskaper och frågor, samt webbsidor som är avsedda att användas av gråromantiska personer.	
homoit0003220	Megasexuella webbsidor		Webbsidor som främst handlar om megasexuella gemenskaper och frågor, samt webbsidor som är avsedda att användas av megasexuella personer.	
homoit0003221	Ickebinära webbsidor		Webbsidor som främst handlar om ickebinära gemenskaper och frågor, samt webbsidor som är avsedda att användas av ickebinära personer.	
homoit0003222	Two-spirit-webbsidor		Webbsidor som främst handlar om Two-spirit-gemenskaper och frågor, samt webbsidor som är avsedda att användas av Two-spirit-personer.	
homoit0003223	Gravida män	Gravida transmän	Gravida personer som är transmän eller intersexpersoner. För fandomtroper om cis-män som blir gravida, använd termen ”Mpreg”.	
homoit0003224	Gravida kvinnor		Gravida personer som är kvinnor.	
homoit0003225	Gravida intersexpersoner		Gravida personer som är intersex.	
homoit0003226	Gravida transpersoner		Gravida personer som är transpersoner.	
homoit0003227	Gravida ickebinära		Gravida personer som är ickebinära.	
homoit0003228	Lesbiska musikaler		Musikaler skapade av lesbiska regissörer, som skildrar lesbiska eller som betraktas som betydelsefulla inom lesbisk kultur.	
homoit0003229	Polykyl	Polykluster	Nätverk av polyamorösa personer som är sammankopplade genom sina egna eller sina partners romantiska och/eller sexuella relationer. Medlemmar i en polykyl är inte nödvändigtvis romantiskt eller sexuellt involverade med alla andra i nätverket. Till exempel kan person A vara kopplad till person B genom att person B är i en relation med person A:s partner.	
homoit0003230	Gravida Two-spirit-personer		Gravida personer som är Two-spirit.	
homoit0003231	Gravida māhū		Gravida personer som är māhū.	
homoit0003232	Palestinska hbtq+-personer		Hbtq+-personer som är födda i, bor i och/eller har ursprung i Palestina. Använd endast för personer som identifierar sig som både hbtq+ och som har ursprung i Palestina.	
homoit0003233	Palestinska bögar		Bögar som är födda i, bor i och/eller har ursprung i Palestina. Använd endast för personer som identifierar sig som både bögar och som har ursprung i Palestina.	
homoit0003234	Lesbiska palestinier		Lesbiska som är födda i, bor i och/eller har ursprung i Palestina. Använd endast för personer som identifierar sig som både lesbiska och som har ursprung i Palestina.	
homoit0003235	Bisexuella palestinier		Bisexuella personer som är födda i, bor i och/eller har ursprung i Palestina. Använd endast för personer som identifierar sig som både bisexuella och som har ursprung i Palestina.	
homoit0003236	Queera palestinier		Queera personer som är födda i, bor i och/eller har ursprung i Palestina. Använd endast för personer som identifierar sig som både queera och som har ursprung i Palestina.	
homoit0003237	Palestinska transpersoner		Transpersoner som är födda i, bor i och/eller har ursprung i Palestina. Använd endast för personer som identifierar sig som både trans och som har ursprung i Palestina.	
homoit0003238	Ickebinära palestinier		Ickebinära personer som är födda i, bor i och/eller har ursprung i Palestina. Använd endast för personer som identifierar sig som både ickebinära och som har ursprung i Palestina.	
homoit0003239	Asexuella palestinier		Asexuella personer som är födda i, bor i och/eller har ursprung i Palestina. Använd endast för personer som identifierar sig som både asexuella och som har ursprung i Palestina.	
homoit0003240	Palestinska intersexpersoner		Intersexpersoner som är födda i, bor i och/eller har ursprung i Palestina. Använd endast för personer som identifierar sig som både intersex och som har ursprung i Palestina.	
homoit0003241	Two-spirit-döttrar		Two-spirit-personer som är döttrar. Används endast för personer som själva identifierar sig som döttrar.	
homoit0003242	Two-spirit-pappor	Two-spirit-fäder	Two-spirit-personer som är pappor. Används endast för personer som själva identifierar sig som pappor.	
homoit0003243	Two-spirit-mammor	Two-spirit-mödrar	Two-spirit-personer som är mammor. Används endast för personer som själva identifierar sig som mammor.	
homoit0003244	Two-spirit-söner		Two-spirit-personer som är söner. Används endast för personer som själva identifierar sig som söner.	
homoit0003245	Drag-tv	Drag TV-program	Tv-program som visar dragqueens och/eller dragkings och dragframträdanden.	
homoit0003246	Prideflaggor (hbtq+)	Flaggor (hbtq+)	Flaggor som representerar könsidentiteter, sexuella läggningar och romantiska orienteringar inom hbtq+-spektrumet, samt flaggor för olika subkulturer och grupper inom hbtq+-gemenskapen.	
homoit0003247	Lärare (hbtq+)	Hbtq+-lärare	Lärare som identifierar sig som hbtq+-personer.	
homoit0003248	Aromantiska lärare		Lärare som identifierar sig som aromantiska.	
homoit0003249	Asexuella lärare		Lärare som identifierar sig som asexuella.	
homoit0003250	Bisexuella lärare		Lärare som identifierar sig som bisexuella.	
homoit0003251	Demisexuella lärare		Lärare som identifierar sig som demisexuella.	
homoit0003252	Böglärare	Gaylärare||Homosexuella manliga lärare	Lärare som identifierar sig som bögar.	
homoit0003253	Gråromantiska lärare	Lärare som är greyromantic-personer	Lärare som identifierar sig som gråromantiska.	
homoit0003254	Intersexlärare		Lärare som identifierar sig som intersexpersoner.	
homoit0003255	Lesbiska lärare		Lärare som identifierar sig som lesbiska.	
homoit0003256	Māhū-lärare		Lärare som identifierar sig som Māhū.	
homoit0003257	Megasexuella lärare		Lärare som identifierar sig som megasexuella.	
homoit0003258	Ickebinära lärare		Lärare som identifierar sig som ickebinära.	
homoit0003259	Queera lärare		Lärare som identifierar sig som queera.	
homoit0003260	Lärare som är transpersoner		Lärare som identifierar sig som transpersoner.	
homoit0003261	Two-spirit-lärare		Lärare med urfolksbakgrund som identifierar sig som Two-spirit-personer.	
homoit0003262	Sexturism (hbtq+)		Praktiken att resa med avsikten att köpa sexuella handlingar, ofta för att hbtq+-personer eller personer som utforskar sin sexualitet ska kunna ha sexuella möten som är olagliga eller stigmatiserade i deras hemländer. Sexturism väcker ofta etiska frågor, såsom ekonomiska ojämlikheter mellan turister och lokalbefolkning, skillnader i lagstiftning kring samtyckesålder globalt samt selektiv tillämpning av lagar mot sexarbete från polisens sida.	
homoit0003263	Hbtq+-akademiker	Akademiker (hbtq+)	Hbtq+-personer som arbetar som forskare och/eller lärare verksamma inom högre utbildning.	
homoit0003264	Aromantiska akademiker		Aromantiska forskare och/eller lärare verksamma inom högre utbildning.	
homoit0003265	Asexuella akademiker	Ace-akademiker	Asexuella forskare och/eller lärare verksamma inom högre utbildning.	
homoit0003266	Bisexuella akademiker		Bisexuella forskare och/eller lärare verksamma inom högre utbildning.	
homoit0003267	Demisexuella akademiker		Demisexuella forskare och/eller lärare verksamma inom högre utbildning.	
homoit0003268	Bögakademiker	Homosexuella manliga akademiker	Bögar som arbetar som forskare eller lärare inom högre utbildning.	
homoit0003269	Gråromantiska akademiker	Greyromantic-akademiker	Gråromantiska forskare och/eller lärare verksamma inom högre utbildning.	
homoit0003270	Intersexakademiker		Intersexpersoner som arbetar som forskare eller lärare inom högre utbildning.	
homoit0003271	Lesbiska akademiker		Lesbiska forskare och/eller lärare verksamma inom högre utbildning.	
homoit0003272	Megasexuella akademiker		Megasexuella forskare och/eller lärare verksamma inom högre utbildning.	
homoit0003273	Ickebinära akademiker		Ickebinära forskare och/eller lärare verksamma inom högre utbildning.	
homoit0003274	Queera akademiker		Queera forskare och/eller lärare verksamma inom högre utbildning.	
homoit0003275	Transpersoner som är akademiker	Transakademiker	Transpersoner som arbetar som forskare och/eller lärare verksamma inom högre utbildning.	
homoit0003276	Two-spirit-personer som är akademiker		Two-spirit-personer som arbetar som forskare och/eller lärare verksamma inom högre utbildning.	
homoit0003277	Ickebinära araber		Ickebinära personer som kommer från arabvärlden och/eller har arabiskt ursprung. Ska inte förväxlas med muslimer.	
homoit0003278	Öppna äktenskap		En form av ömsesidigt överenskommen icke-monogami där makar kommer överens om att ha sexuella och/eller romantiska relationer med andra personer utan att detta betraktas som otrohet.	
homoit0003279	Reseguider (hbtq+)	Hbtq+-reseguider	Böcker eller andra informationskällor om platser som är utformade för hbtq+-besökare, ofta för att vägleda resenärer till verksamheter eller sevärdheter som ägs av, är öppna för eller ofta besöks av hbtq+-personer. Hbtq+-reseguider kan även inkludera tips om trygga platser eller företag i områden där hbtq+-personer annars riskerar utsatthet, samt platser som är kända för cruising.	
homoit0003280	Hbtq+-personer från centralamerikanska urfolk	Hbtq+-personer från centralamerikanska ursprungsfolk	Personer som tillhör Centralamerikas ursprungsfolk och identifierar sig som hbtq+. Använd mer specifika termer när det är möjligt.	
homoit0003281	Asexuella från centralamerikanska urfolk	Asexuella från centralamerikanska ursprungsfolk	Personer som tillhör Centralamerikas ursprungsfolk och identifierar sig som asexuella.	
homoit0003282	Bisexuella från centralamerikanska urfolk	Bisexuella från centralamerikanska ursprungsfolk	Personer som tillhör Centralamerikas ursprungsfolk och identifierar sig som bisexuella.	
homoit0003283	Bögar från centralamerikanska urfolk	Bögar från centralamerikanska ursprungsfolk	Män som tillhör Centralamerikas ursprungsfolk och identifierar sig som homosexuella.	
homoit0003284	Intersexpersoner från centralamerikanska urfolk	Intersexpersoner från centralamerikanska ursprungsfolk	Personer som tillhör Centralamerikas ursprungsfolk och identifierar sig som intersex.	
homoit0003285	Lesbiska från centralamerikanska urfolk	Lesbiska från centralamerikanska ursprungsfolk	Personer som tillhör Centralamerikas ursprungsfolk och identifierar sig som lesbiska.	
homoit0003286	Queera personer från centralamerikanska urfolk	Queera personer från centralamerikanska ursprungsfolk	Personer som tillhör Centralamerikas ursprungsfolk och identifierar sig som queera.	
homoit0003287	Transpersoner från centralamerikanska urfolk	Transpersoner från centralamerikanska ursprungsfolk	Personer som tillhör Centralamerikas ursprungsfolk och identifierar sig som transpersoner.	
homoit0003288	Ickebinära från centralamerikanska urfolk	Ickebinära från centralamerikanska ursprungsfolk	Personer som tillhör Centralamerikas ursprungsfolk och identifierar sig som ickebinära.	
homoit0003289	Demisexuella från centralamerikanska urfolk	Demisexuella från centralamerikanska ursprungsfolk	Personer som tillhör Centralamerikas ursprungsfolk och identifierar sig som demisexuella.	
homoit0003290	Megasexuella från centralamerikanska urfolk	Megasexuella från centralamerikanska ursprungsfolk	Personer som tillhör Centralamerikas ursprungsfolk och identifierar sig som megasexuella.	
homoit0003291	Gråromantiska från centralamerikanska urfolk	Greyromantic-personer från centralamerikanska urfolk||Gråromantiska från centralamerikanska ursprungsfolk	Personer som tillhör Centralamerikas ursprungsfolk och identifierar sig som gråromantiska.	
homoit0003292	Aromantiska från centralamerikanska urfolk	Aromantiska från centralamerikanska ursprungsfolk	Personer som tillhör Centralamerikas ursprungsfolk och identifierar sig som aromantiska.	
homoit0003293	Sydamerikanska urfolk (hbtq+)		Personer som tillhör urfolk i Sydamerika och identifierar sig som hbtq+. Använd mer specifika termer när det är möjligt.	
homoit0003294	Asexuella personer från sydamerikanska urfolk		Personer som tillhör urfolk i Sydamerika och identifierar sig som asexuella.	
homoit0003295	Bisexuella personer från sydamerikanska urfolk		Personer som tillhör urfolk i Sydamerika och identifierar sig som bisexuella.	
homoit0003296	Bögar från sydamerikanska urfolk		Män som tillhör urfolk i Sydamerika och identifierar sig som homosexuella.	
homoit0003297	Intersexpersoner från sydamerikanska urfolk		Personer som tillhör urfolk i Sydamerika och identifierar sig som intersexpersoner.	
homoit0003298	Lesbiska från sydamerikanska urfolk		Personer som tillhör urfolk i Sydamerika och identifierar sig som lesbiska.	
homoit0003299	Queera personer från sydamerikanska urfolk		Personer som tillhör urfolk i Sydamerika och identifierar sig som queera.	
homoit0003300	Ickebinära från sydamerikanska urfolk		Personer som tillhör urfolk i Sydamerika och identifierar sig som ickebinära.	
homoit0003301	Transpersoner från sydamerikanska urfolk		Personer som tillhör urfolk i Sydamerika och identifierar sig som transpersoner.	
homoit0003302	Demisexuella personer från sydamerikanska urfolk		Personer som tillhör urfolk i Sydamerika och identifierar sig som demisexuella.	
homoit0003303	Megasexuella från sydamerikanska urfolk		Personer som tillhör urfolk i Sydamerika och identifierar sig som megasexuella.	
homoit0003304	Gråromantiska personer från sydamerikanska urfolk	Greyromantic-personer från sydamerikanska urfolk	Personer som tillhör urfolk i Sydamerika och identifierar sig som gråromantiska.	
homoit0003305	Aromantiska personer från sydamerikanska urfolk		Personer som tillhör urfolk i Sydamerika och identifierar sig som aromantiska.	
homoit0003306	Belarusiska hbtq+-personer		Hbtq+-personer med belarusisk etnicitet eller nationalitet.	
homoit0003307	Asexuella belarusier		Asexuella personer med belarusisk etnicitet eller nationalitet.	
homoit0003308	Bisexuella belarusier		Bisexuella personer med belarusisk etnicitet eller nationalitet.	
homoit0003309	Belarusiska bögar		Bögar med belarusisk etnicitet eller nationalitet.	
homoit0003310	Belarusiska intersexpersoner		Intersexpersoner med belarusisk etnicitet eller nationalitet.	
homoit0003311	Lesbiska belarusier		Lesbiska med belarusisk etnicitet eller nationalitet.	
homoit0003312	Queera belarusier		Queera personer med belarusisk etnicitet eller nationalitet.	
homoit0003313	Ickebinära belarusier		Ickebinära personer med belarusisk etnicitet eller nationalitet.	
homoit0003314	Belarusiska transpersoner		Transpersoner med belarusisk etnicitet eller nationalitet.	
homoit0003315	Demisexuella belarusier		Demisexuella personer med belarusisk etnicitet eller nationalitet.	
homoit0003316	Belarusiska megasexuella personer		Megasexuella personer med belarusisk etnicitet eller nationalitet.	
homoit0003317	Belarusiska gråromantiska personer		Gråromantiska personer med belarusisk etnicitet eller nationalitet.	
homoit0003318	Aromantiska belarusier		Aromantiska personer med belarusisk etnicitet eller nationalitet.	
homoit0003319	Ryska hbtq+-personer		Hbtq+-personer som är etniskt ryska eller har rysk nationalitet.	
homoit0003320	Ryska asexuella personer	Asexuella ryssar	Asexuella personer som är etniskt ryska eller har rysk nationalitet.	
homoit0003321	Ryska bisexuella personer	Bisexuella ryssar	Bisexuella personer som är etniskt ryska eller har rysk nationalitet.	
homoit0003322	Ryska bögar	Ryska homosexuella män	Bögar som är etniskt ryska eller har rysk nationalitet.	
homoit0003323	Ryska intersexpersoner		Intersexpersoner som är etniskt ryska eller har rysk nationalitet.	
homoit0003324	Ryska lesbiska	Lesbiska ryssar	Lesbiska som är etniskt ryska eller har rysk nationalitet.	
homoit0003325	Ryska queera personer	Queera ryssar	Queera personer som är etniskt ryska eller har rysk nationalitet.	
homoit0003326	Ryska ickebinära personer	Ickebinära ryssar	Ickebinära personer som är etniskt ryska eller har rysk nationalitet.	
homoit0003327	Ryska transpersoner		Transpersoner som är etniskt ryska eller har rysk nationalitet.	
homoit0003328	Ryska demisexuella personer	Demisexuella ryssar	Demisexuella personer som är etniskt ryska eller har rysk nationalitet.	
homoit0003329	Ryska megasexuella personer	Megasexuella ryssar	Megasexuella personer som är etniskt ryska eller har rysk nationalitet.	
homoit0003330	Ryska gråromantiska personer	Gråromantiska ryssar||Greyromantic-ryssar||Ryska greyromantic-personer	Gråromantiska personer som är etniskt ryska eller har rysk nationalitet.	
homoit0003331	Ryska aromantiska personer	Aromantiska ryssar	Aromantiska personer som är etniskt ryska eller har rysk nationalitet.	
homoit0003333	Ickebinära personer från urfolk	Ickebinära personer från ursprungsbefolkningar	Ickebinära personer som tillhör ett urfolk eller en kulturellt särskiljbar etnisk grupp vars medlemmar härstammar direkt från de tidigast kända invånarna i ett visst område, och som till viss del bevarar språk och kultur. Används endast för personer som själva identifierar sig som urfolk. Använd mer specifika termer om möjligt.	
homoit0003334	Ukrainska hbtq+-personer		Hbtq+-personer som är etniskt ukrainska eller har ukrainskt medborgarskap.	
homoit0003335	Ukrainska asexuella personer	Asexuella ukrainare	Asexuella personer som är etniskt ukrainska eller har ukrainskt medborgarskap.	
homoit0003336	Ukrainska bisexuella personer	Bisexuella ukrainare	Bisexuella personer som är etniskt ukrainska eller har ukrainskt medborgarskap.	
homoit0003337	Ukrainska bögar		Bögar som är etniskt ukrainska eller har ukrainskt medborgarskap.	
homoit0003338	Ukrainska intersexpersoner		Intersexpersoner som är etniskt ukrainska eller har ukrainskt medborgarskap.	
homoit0003339	Ukrainska lesbiska personer	Lesbiska ukrainare	Lesbiska som är etniskt ukrainska eller har ukrainskt medborgarskap.	
homoit0003340	Ukrainska queera personer	Queera ukrainare	Queera personer som är etniskt ukrainska eller har ukrainskt medborgarskap.	
homoit0003341	Ukrainska ickebinära personer	Ickebinära ukrainare	Ickebinära personer som är etniskt ukrainska eller har ukrainskt medborgarskap.	
homoit0003342	Ukrainska transpersoner		Transpersoner som är etniskt ukrainska eller har ukrainskt medborgarskap.	
homoit0003343	Ukrainska demisexuella personer	Demisexuella ukrainare	Demisexuella personer som är etniskt ukrainska eller har ukrainskt medborgarskap.	
homoit0003344	Ukrainska megasexuella personer	Megasexuella ukrainare	Megasexuella personer som är etniskt ukrainska eller har ukrainskt medborgarskap.	
homoit0003345	Ukrainska gråromantiska personer	Gråromantiska ukrainare||Greyromantic ukrainare||Ukrainska greyromantic-personer	Gråromantiska personer som är etniskt ukrainska eller har ukrainskt medborgarskap.	
homoit0003346	Ukrainska aromantiska personer	Aromantiska ukrainare	Aromantiska personer som är etniskt ukrainska eller har ukrainskt medborgarskap.	
homoit0003347	Unitariska universalister (hbtq+)		Hbtq+-personer som är medlemmar i den främst amerikanska Unitarian Universalist-kyrkan.	
homoit0003348	Lesbiska unitariska universalister		Lesbiska som är medlemmar i den främst amerikanska Unitarian Universalist-kyrkan.	
homoit0003349	Bögar som är unitariska universalister	Homosexuella män som är unitariska universalister	Bögar som är medlemmar i den främst amerikanska Unitarian Universalist-kyrkan.	
homoit0003350	Bisexuella unitariska universalister		Bisexuella personer som är medlemmar i den främst amerikanska Unitarian Universalist-kyrkan.	
homoit0003351	Transpersoner som är unitariska universalister		Transpersoner som är medlemmar i den främst amerikanska Unitarian Universalist-kyrkan.	
homoit0003352	Queera unitariska universalister		Queera personer som är medlemmar i den främst amerikanska Unitarian Universalist-kyrkan.	
homoit0003353	Demisexuella unitariska universalister		Demisexuella personer som är medlemmar i den främst amerikanska Unitarian Universalist-kyrkan.	
homoit0003354	Megasexuella unitariska universalister		Megasexuella personer som är medlemmar i den främst amerikanska Unitarian Universalist-kyrkan.	
homoit0003355	Intersexpersoner som är unitariska universalister		Intersexpersoner som är medlemmar i den främst amerikanska Unitarian Universalist-kyrkan.	
homoit0003356	Aromantiska unitariska universalister		Aromantiska personer som är medlemmar i den främst amerikanska Unitarian Universalist-kyrkan.	
homoit0003357	Gråromantiska unitariska universalister	unitariska universalister som är greyromantic-personer	Gråromantiska som är medlemmar i den främst amerikanska Unitarian Universalist-kyrkan.	
homoit0003358	Ickebinära unitariska universalister		Ickebinära personer som är medlemmar i den främst amerikanska Unitarian Universalist-kyrkan.	
homoit0003359	Dragshower		Framträdanden av en eller flera dragartister som ofta innehåller sång eller mimande till sång, dansnummer och komiska sketcher.	
homoit0003360	Drag-skönhetstävlingar	Drag pageants	Evenemang utformade efter traditionella skönhetstävlingar eller tävlingsformat där deltagare, vanligtvis dragqueens, damimitatörer och transkvinnor, tävlar i olika kategorier för att vinna ett pris eller en titel.	
homoit0003361	Reproduktiv hälsovård för hbtq+-personer		Tillgång till och erfarenheter av reproduktiv hälsovård för hbtq+-personer. Reproduktiv hälsovård omfattar preventivmedel, abort, assisterad befruktning samt mödra- och förlossningsvård.	
homoit0003362	Reproduktiv hälsovård för ickebinära		Tillgång till och erfarenheter av reproduktiv hälsovård för ickebinära personer. Reproduktiv hälsovård omfattar preventivmedel, abort, assisterad befruktning samt mödra- och förlossningsvård.	
homoit0003363	Reproduktiv hälsovård för transpersoner		Tillgång till och erfarenheter av reproduktiv hälsovård för transpersoner. Reproduktiv hälsovård omfattar preventivmedel, abort, assisterad befruktning samt mödra- och förlossningsvård.	
homoit0003364	Gravida personer		Personer som är gravida, det vill säga som bär ett befruktat ägg i livmodern.	
homoit0003365	Abort		Avbrytande av graviditet.	
homoit0003366	Tillgång till abort för hbtq+-personer	Aborttillgång för HBTQ+-personer	Term som används för att beskriva olika faktorer som påverkar hbtq+-personers tillgång till abort i en viss kontext eller på en viss plats. Faktorer som påverkar tillgängligheten kan omfatta juridiska förutsättningar, säkerhet, integritet, ekonomiska kostnader och rörelsefrihet.	
homoit0003367	Kroppslig autonomi		En individs rätt att fatta informerade beslut om sin egen kropp utan yttre påverkan eller tvång.	
homoit0003368	Reproduktiv hälsovård för two spirit-personer		Tillgång till och erfarenheter av reproduktiv hälsovård för Two-spirit-personer. Reproduktiv hälsovård omfattar preventivmedel, abort, assisterad befruktning samt mödra- och förlossningsvård.	
homoit0003369	Reproduktiva rättigheter		Juridiska, sociala och etiska principer som rör frihet i beslut om reproduktiv hälsa och vård. Begreppet används ofta för att hänvisa till individens rätt till kroppslig autonomi och tillgång till laglig och säker preventivmedelsanvändning, abort, assisterad befruktning och mödravård.	
homoit0003370	Hbtq+-personer på landsbygden	Hbtq+-personer i glesbygden	Hbtq+-personer som bor på landsbygden eller glesbygd, eller har anknytning till landsbygd eller glesbygd.	
homoit0003371	Lesbiska på landsbygden	Lesbiska i glesbygden	Lesbiska som bor på landsbygden eller glesbygd, eller har anknytning till landsbygd eller glesbygd.	
homoit0003372	Bögar på landsbygden	Bögar i glesbygden||Homosexuella män på landsbygden||Homosexuella män i glesbygden	Bögar som bor på landsbygden eller glesbygd, eller har anknytning till landsbygd eller glesbygd.	
homoit0003373	Bisexuella på landsbygden	Bisexuella i glesbygden	Bisexuella personer som bor på landsbygden eller glesbygd, eller har anknytning till landsbygd eller glesbygd.	
homoit0003374	Transpersoner på landsbygden	Transpersoner i glesbygden	Transpersoner som bor på landsbygden eller glesbygd, eller har anknytning till landsbygd eller glesbygd.	
homoit0003375	Queera personer på landbygden	Queera personeri glesbygden||Glesbygdsqueers	Queera personer som bor på landsbygden eller glesbygd, eller har anknytning till landsbygd eller glesbygd.	
homoit0003376	Asexuella på landsbygden	Asexuella i glesbydgen	Asexuella personer som bor på landsbygden eller glesbygd, eller har anknytning till landsbygd eller glesbygd.	
homoit0003377	Aromantiska på landsbygden	Aromantiska i glesbygden	Aromantiska personer som bor på landsbygden eller glesbygd, eller har anknytning till landsbygd eller glesbygd.	
homoit0003378	Intersexpersoner på landsbygden	Intersexpersoner i glesbygden	Intersexpersoner som bor på landsbygden eller glesbygd, eller har anknytning till landsbygd eller glesbygd.	
homoit0003379	Ickebinära personer på landsbygden	Ickebinära personer i glesbygden	Ickebinära personer som bor på landsbygden eller glesbygd, eller har anknytning till landsbygd eller glesbygd.	
homoit0003380	Two spirit-personer på landsbygden	Two spirit-personer i glesbygden	Two-spirit-personer som bor på landsbygden eller glesbygd, eller har anknytning till landsbygd eller glesbygd.	
homoit0003381	Vita ickebinära personer		Ickebinära personer som är vita.	
homoit0003382	Arabamerikanska hbtq+-personer		Hbtq+-personer som har arabiskt ursprung och är födda i USA, eller hbtq+-personer födda i arabvärlden som bor i eller har en stark koppling till USA. Ska inte förväxlas med muslimer.	
homoit0003383	Lesbiska arabamerikaner		Lesbiska som har arabiskt ursprung och är födda i USA, eller lesbiska födda i arabvärlden som bor i eller har en stark koppling till USA. Ska inte förväxlas med muslimer.	
homoit0003384	Arabamerikanska bögar	Arabamerikanska bögar	Bögar som har arabiskt ursprung och är födda i USA, eller bögar födda i arabvärlden som bor i eller har en stark koppling till USA. Ska inte förväxlas med muslimer.	
homoit0003385	Bisexuella arabamerikaner		Bisexuella personer som har arabiskt ursprung och är födda i USA, eller bisexuella personer födda i arabvärlden som bor i eller har en stark koppling till USA. Ska inte förväxlas med muslimer.	
homoit0003386	Arabamerikanska transpersoner		Transpersoner som har arabiskt ursprung och är födda i USA, eller transpersoner födda i arabvärlden som bor i eller har en stark koppling till USA. Ska inte förväxlas med muslimer.	
homoit0003387	Queera arabamerikaner		Queera personer som har arabiskt ursprung och är födda i USA, eller queera personer födda i arabvärlden som bor i eller har en stark koppling till USA. Ska inte förväxlas med muslimer.	
homoit0003388	Ickebinära arabamerikaner		Ickebinära personer som har arabiskt ursprung och är födda i USA, eller ickebinära personer födda i arabvärlden som bor i eller har en stark koppling till USA. Ska inte förväxlas med muslimer.	
homoit0003389	Asexuella arabamerikaner		Asexuella personer som har arabiskt ursprung och är födda i USA, eller asexuella personer födda i arabvärlden som bor i eller har en stark koppling till USA. Ska inte förväxlas med muslimer.	
homoit0003390	Arabamerikanska intersexpersoner		Intersexpersoner som har arabiskt ursprung och är födda i USA, eller intersexpersoner födda i arabvärlden som bor i eller har en stark koppling till USA. Ska inte förväxlas med muslimer.	
homoit0003391	Aromantiska arabamerikaner		Aromantiska personer som har arabiskt ursprung och är födda i USA, eller aromantiska personer födda i arabvärlden som bor i eller har en stark koppling till USA. Ska inte förväxlas med muslimer.	
homoit0003392	Arabiska aromantiker		Aromantiska personer som kommer från arabvärlden och/eller har arabiskt ursprung. Ska inte förväxlas med muslimer.	
homoit0003393	Ickebinära aboriginer		Ickebinära personer som tillhör ett eller flera av de olika ursprungsfolken i Australien. Använd inte begreppet för att hänvisa till ursprungsbefolkningen på Torressundöarna, eftersom de utgör en egen etnisk och kulturell grupp. Det bör endast användas för att beskriva personer som identifierar sig som aboriginer.	
homoit0003394	Ickebinära assameser		Ickebinära personer som tillhör den socio-etniska gruppen assameser, talar assamesiska eller bor i den indiska delstaten Assam.	
homoit0003395	Ickebinära awadhier		Ickebinära personer som talar awadhi och bor i eller härstammar från personer som bodde i Awadh-regionen i Uttar Pradesh.	
homoit0003396	Ickebinära bengaler		Ickebinära personer som talar bengali eller är av bengalisk härkomst.	
homoit0003397	Ickebinära bhiler		Ickebinära personer som talar bhili och tillhör eller härstammar från Bhil-folket.	
homoit0003398	Ickebinära bhojpurier		Ickebinära personer som talar bhojpuri och bor i eller härstammar från personer som levde i Bhojpuri-Purvanchal-regionen i Indien och Nepal.	
homoit0003399	Mixade ickebinära	Blandade ickebinära	Ickebinära personer som tillhör två eller flera etniska grupper. Används endast för personer som själva identifierar sig som mixade.	
homoit0003400	Svarta ickebinära		Svarta personer som är ickebinära. Används endast för individer som själva identifierar sig som svarta. Följ individens preferens för att använda svart eller diasporaidentitet som t.ex. afroeuropé när det är möjligt.	
homoit0003401	Ickebinära chakma		Ickebinära personer som tillhör eller härstammar från chakma-folket.	
homoit0003402	Ickebinära chicano/a/x		Ickebinära personer av mexikanskt ursprung födda i USA. Används endast för personer som själva identifierar sig som chicano, chicana eller chicanx. Ska inte förväxlas med latino/a/x eller spansktalande personer.	
homoit0003403	Garderobsickebinära		Ickebinära personer som inte identifierar sig som sådana inför andra.	
homoit0003404	Döttrar till ickebinära		Döttrar som har en eller flera ickebinära föräldrar.	
homoit0003405	Ickebinära dogra		Ickebinära personer som tillhör Dografolket i Indien och Pakistan och talar dogri.	
homoit0003406	Pappor till ickebinära	Fäder till ickebinära	Personer som har rollen som pappa till ickebinära personer. Används endast för personer som själva identifierar sig som pappor.	
homoit0003407	Ickebinära garwhali		Ickebinära personer som tillhör eller härstammar från ursprungsbefolkningen i Garhwal i Uttarakhand och som talar garhwali.	
homoit0003408	Ickebinära gujarater		Ickebinära personer som bor i eller härstammar från ursprungsbefolkningen i den indiska delstaten Gujarat.	
homoit0003409	Ickebinära haryanvi		Ickebinära personer som tillhör eller härstammar från ursprungsbefolkningen i det som i dag är den indiska delstaten Haryana. Termen kan även användas för personer som i dag är bosatta i Haryana.	
homoit0003410	Ickebinära inuiter		Ickebinära personer som är inuiter eller tillhör något av de urfolk som lever i inuiternas hemland i de arktiska och subarktiska regionerna på Grönland, i Kanada och i Alaska. Används endast för personer som själva identifierar sig som inuiter.	
homoit0003411	Judiska icebinära	Ickebinära judar	Ickebinära personer som är judar.	
homoit0003412	Ickebinära kalash		Ickebinära personer som tillhör det ursprungliga Kalashafolket och bor i Chitral-distriktet i Khyber-Pakhtunkhwa, Pakistan.	
homoit0003413	Ickebinära Kānaka Maoli		Ickebinära personer som tillhör det ursprungliga folket på Hawai‘i (Mokupuni o Hawai‘i). Används endast för personer som identifierar sig som Kānaka Maoli.	
homoit0003414	Ickebinära kashmirier		Ickebinära personer som bor i eller härstammar från Kashmirdalen i Indien.	
homoit0003415	Ickebinära kho	Ickebinära chitraler	Ickebinära personer som tillhör eller härstammar från ursprungsbefolkningen i Chitral- och Ghizer-distrikten i nuvarande Pakistan.	
homoit0003416	Ickebinära konkanis		Ickebinära personer som kommer från eller härstammar från Konkanregionen i Indien och som talar någon form av konkani.	
homoit0003417	Ickebinära kumaoni		Ickebinära personer som främst bor i Kumaonregionen i Indiens Himalaya och som eventuellt har kumaoni som modersmål.	
homoit0003418	Ickebinära kutchi		Ickebinära personer som kommer från eller härstammar från Kutchdistriktet i indiska Gujarat och Sindhregionen i Pakistan.	
homoit0003419	Ickebinära latines	Latino/a/x ickebinära	Ickebinära personer som är latinamerikaner och som själva identifierar sig som latines (latino, latina eller latinx). Blanda inte ihop med chicano/a/x eller hispanic.	
homoit0003420	Ickebinära maldivier		Ickebinära personer som tillhör eller härstammar från ursprungsbefolkningen på Maldiverna (inklusive ön Minicoy) och som talar maldiviska språk.	
homoit0003421	Multirasiala ickebinära		Ickebinära personer som tillhör två eller flera rasliga grupper. Används endast för personer som själva identifierar sig som multirasiala.	
homoit0003422	Ickebinära ursprungsamerikaner		Personer som tillhör ursprungsfolken i det kontinentala USA och Kanada (exklusive inuiter) och som identifierar sig som ickebinära. Blanda inte ihop med Two-spirit-personer. Använd mer specifika termer där det är möjligt.	
homoit0003423	Ickebinära pacifikamerikaner	Ickebinära personer med stillahavsöbakgrund som identifierar sig som amerikanska	Ickebinära personer som identifierar sig som både amerikanska och som personer med ursprung i Stillahavsöarna.	
homoit0003424	Ickebinära papuaner		Ickebinära personer som är papuanska eller tillhör något av Nya Guineas ursprungsfolk. Använd endast för personer som själva identifierar sig som papuanska.	
homoit0003425	Romska ickebinära personer		Ickebinära personer som är romer.	
homoit0003426	Sydasiatiska ickebinära personer		Ickebinära personer som tillhör eller härstammar från Sydasiens etnolingvistiska grupper (etnisk och språklig grupp).	
homoit0003427	Bögserieromaner	Homosexuella manliga serieromaner	Verk som består av sekventiella bilder, ofta ackompanjerade av text, som generellt innehåller fristående berättelser. Används för grafiska romaner med homosexuella manliga karaktärer eller teman.	
homoit0003428	Lesbiska serieromaner		Verk bestående av sekventiella bilder, ofta tillsammans med text, som vanligtvis innehåller fristående berättelser. Används för grafiska romaner som fokuserar på lesbiska karaktärer eller teman.	
homoit0003429	Bisexuella serieromaner		Verk bestående av sekventiella bilder, ofta tillsammans med text, som vanligtvis innehåller fristående berättelser. Används för grafiska romaner som fokuserar på bisexuella karaktärer eller teman.	
homoit0003430	Megasexuella serieromaner		Verk bestående av sekventiella bilder, ofta tillsammans med text, som vanligtvis innehåller fristående berättelser. Används för grafiska romaner som fokuserar på megasexuella karaktärer eller teman.	
homoit0003431	Trans-serieromaner		Verk bestående av sekventiella bilder, ofta tillsammans med text, som vanligtvis innehåller fristående berättelser. Används för grafiska romaner som fokuserar på transpersoner eller transfokuserade teman.	
homoit0003432	Queera serieromaner		Verk bestående av sekventiella bilder, ofta tillsammans med text, som vanligtvis innehåller fristående berättelser. Används för grafiska romaner som fokuserar på queera karaktärer eller teman.	
homoit0003433	Dokumenterade sexuella övergrepp på barn	Barnpornografi	Bilder och videor som visar barn och ungdomar under samtyckesåldern engagerade i sexuella aktiviteter. Denna term ingår vanligtvis inte i Homosaurus-vokabulären men tillhandahålls som ett alternativ till ofta använda termer såsom ”barnpornografi” för att betona att produktionen av sådant material är en direkt produkt av och bidrar till sexuella övergrepp mot barn.	
homoit0003434	Queera målare		Queera personer som målar, professionellt eller som hobby.	
homoit0003435	Intersexmålare		Intersexpersoner som målar, antingen professionellt eller som hobby.	
homoit0003436	Two-spirit-målare		Two-spirit-personer som målar, antingen professionellt eller som hobby.	
homoit0003437	Ickebinära målare		Ickebinära personer som målar, antingen professionellt eller som hobby.	
homoit0003438	Aromantiska målare		Aromantiska personer som målar, antingen professionellt eller som hobby.	
homoit0003439	Asexuella målare		Asexuella personer som målar, antingen professionellt eller som hobby.	
homoit0003440	Demisexuella målare		Demisexuella personer som målar, antingen professionellt eller som hobby.	
homoit0003441	Gråromantiska målare	Greyromantic-målare	Gråromantiska personer som målar, antingen professionellt eller som hobby.	
homoit0003442	Megasexuella målare		Megasexuella personer som målar, antingen professionellt eller som hobby.	
homoit0003443	Ickebinära idrottare		Ickebinära personer som ägnar sig åt professionell eller rekreationell idrott.	
homoit0003444	Våldtäktskultur		Begrepp som används inom genusvetenskap och feministisk teori för att beskriva kulturer där sexuellt våld är utbrett och normaliserat genom attityder kring kön och sexualitet.	
homoit0003445	Bi-nyfiken	Binyfiken||Bicuriosity	En term som används för att beskriva fenomenet där heterosexuella eller personer som uppfattas som heterosexuella uttrycker nyfikenhet på att utforska sexuella relationer eller upplevelser med personer av samma kön.	
homoit0003446	Hbtq+-fotografer		Hbtq+-personer som fotograferar, antingen professionellt eller som hobby.	
homoit0003447	Lesbiska fotografer		Lesbiska som fotograferar, antingen professionellt eller som hobby.	
homoit0003448	Bögfotografer	Gayfotografer||Homosexuella manliga fotografer	Bögar som fotograferar, antingen professionellt eller som hobby.	
homoit0003449	Bisexuella fotografer		Bisexuella personer som fotograferar, antingen professionellt eller som hobby.	
homoit0003450	Fotografer som är transpersoner	Transfotografer	Transpersoner som fotograferar, antingen professionellt eller som hobby.	
homoit0003451	Queera fotografer		Queera personer som fotograferar, professionellt eller som hobby.	
homoit0003452	Intersexfotografer		Intersexpersoner som fotograferar, antingen professionellt eller som hobby.	
homoit0003453	Two-spirit-fotografer		Two-spirit-personer som fotograferar, antingen professionellt eller som hobby.	
homoit0003454	Ickebinära fotografer		Ickebinära personer som fotograferar, antingen professionellt eller som hobby.	
homoit0003455	Aromantiska fotografer		Aromantiska personer som fotograferar, antingen professionellt eller som hobby.	
homoit0003456	Asexuella fotografer	Ace-fotografer	Asexuella personer som fotograferar, antingen professionellt eller som hobby.	
homoit0003457	Demisexuella fotografer		Demisexuella personer som fotograferar, antingen professionellt eller som hobby.	
homoit0003458	Gråromantiska fotografer	Fotografer som är greyromantic-personer	Gråromantiska personer som fotograferar, antingen professionellt eller som hobby.	
homoit0003459	Megasexuella fotografer		Megasexuella personer som fotograferar, antingen professionellt eller som hobby.	
homoit0003460	Unga hbtq+-personer som överlevt mobbning	Unga hbtq+-personer som är mobbningsöverlevare	Hbtq+-ungdomar mellan 12 och 18 år som har upplevt och överlevt mobbning på grund av sin könsidentitet eller sexuella identitet. Följ individens preferens för att använda ”offer” eller ”överlevare” när det är möjligt.	
homoit0003461	Unga bögar som överlevt mobbning	Unga bögar som är mobbningsöverlevare||Unga homosexuella män som överlevt mobbning	Unga bögar/pojkar mellan 12 och 18 år som har upplevt och överlevt mobbning på grund av sin könsidentitet eller sexuella identitet. Följ individens preferens för att använda ”offer” eller ”överlevare” när det är möjligt.	
homoit0003462	Unga lesbiska som överlevt mobbning	Unga lesbiska mobbningsöverlevare	Lesbiska ungdomar mellan 12 och 18 år som har upplevt och överlevt mobbning på grund av sin könsidentitet eller sexuella identitet. Följ individens preferens för att använda ”offer” eller ”överlevare” när det är möjligt.	
homoit0003463	Unga bisexuella överlevare av mobbning	Unga bisexuella mobbningsöverlevare	Bisexuella ungdomar mellan 12 och 18 år som har upplevt och överlevt mobbning på grund av sin könsidentitet eller sexuella identitet. Följ individens preferens för att använda ”offer” eller ”överlevare” när det är möjligt.	
homoit0003464	Unga queera personer som överlevt mobbning	Unga queera mobbningsöverlevare	Queera ungdomar mellan 12 och 18 år som har upplevt och överlevt mobbning på grund av sin könsidentitet eller sexuella identitet. Följ individens preferens för att använda ”offer” eller ”överlevare” när det är möjligt.	
homoit0003465	Unga intersexpersoner som överlevt mobbning	Unga intersexpersoner som är mobbningsöverlevare	Intersexungdomar mellan 12 och 18 år som har upplevt och överlevt mobbning på grund av sin könsidentitet eller sexuella identitet. Följ individens preferens för att använda ”offer” eller ”överlevare” när det är möjligt.	
homoit0003466	Unga ickebinära som överlevt mobbning	Unga ickebinära mobbningsöverlevare	Ickebinära ungdomar mellan 12 och 18 år som har upplevt och överlevt mobbning på grund av sin könsidentitet eller sexuella identitet. Följ individens preferens för att använda ”offer” eller ”överlevare” när det är möjligt.	
homoit0003467	Unga transpersoner som överlevt mobbning	Unga transpersoner som är mobbningsöverlevare	Transungdomar mellan 12 och 18 år som har upplevt och överlevt mobbning på grund av sin könsidentitet eller sexuella identitet. Följ individens preferens för att använda ”offer” eller ”överlevare” när det är möjligt.	
homoit0003468	Unga asexuella överlevare av mobbning	Unga asexuella mobbningsöverlevare	Asexuella ungdomar mellan 12 och 18 år som har upplevt och överlevt mobbning på grund av sin könsidentitet eller sexuella identitet. Följ individens preferens för att använda ”offer” eller ”överlevare” när det är möjligt.	
homoit0003469	Unga aromantiska överlevare av mobbning	Unga aromantiska mobbningsöverlevare	Aromantiska ungdomar mellan 12 och 18 år som har upplevt och överlevt mobbning på grund av sin könsidentitet eller sexuella identitet. Följ individens preferens för att använda ”offer” eller ”överlevare” när det är möjligt.	
homoit0003470	Gråromantiska ungdomar som överlevt mobbning	Greyromantic-ungdomar som överlevt mobbning||Unga gråromantiska mobbningsöverlevare||Greyromantic-ungdomar som är mobbningsöverlevare	Gråromantiska ungdomar mellan 12 och 18 år som har upplevt och överlevt mobbning på grund av sin könsidentitet eller sexuella identitet. Följ individens preferens för att använda ”offer” eller ”överlevare” när det är möjligt.	
homoit0003473	Unga Two-spirit-personer som överlevt mobbning	Unga Two-spirit-personer som mobbningsöverlevare	Two-spirit-ungdomar mellan 12 och 18 år som har upplevt och överlevt mobbning på grund av sin könsidentitet eller sexuella identitet. Följ individens preferens för att använda ”offer” eller ”överlevare” när det är möjligt.	
homoit0003474	Unga hbtq+-personer som är mobbningsoffer	Unga hbtq+-personer som överlevt mobbning	Hbtq+-ungdomar mellan 12 och 18 år som har upplevt mobbning på grund av sin sexuella identitet och som kan ha överlevt eller inte. Följ individens preferens för att använda ”offer” eller ”överlevare” när det är möjligt.	
homoit0003475	Unga bögar som är mobbningsoffer	Unga bögar som utsatts för mobbning||Unga homosexuella män som är mobbningsoffer	Unga bögar/pojkar mellan 12 och 18 år som har upplevt mobbning på grund av sin sexuella identitet och som kan ha överlevt eller inte. Följ individens preferens för att använda ”offer” eller ”överlevare” när det är möjligt.	
homoit0003476	Unga lesbiska mobbningsoffer	Unga lesbiska som utsatts för mobbning	Lesbiska ungdomar mellan 12 och 18 år som har upplevt mobbning på grund av sin sexuella identitet och som kan ha överlevt eller inte. Följ individens preferens för att använda ”offer” eller ”överlevare” när det är möjligt.	
homoit0003477	Unga bisexuella mobbningsoffer	Unga bisexuella som utsatts för mobbning	Bisexuella ungdomar mellan 12 och 18 år som har upplevt mobbning på grund av sin sexuella identitet och som kan ha överlevt eller inte. Följ individens preferens för att använda ”offer” eller ”överlevare” när det är möjligt.	
homoit0003478	Unga queera mobbningsoffer	Unga queera som utsatts för mobbning	Queera ungdomar mellan 12 och 18 år som har upplevt och överlevt mobbning på grund av sin könsidentitet eller sexuella identitet. Följ individens preferens för att använda ”offer” eller ”överlevare” när det är möjligt.	
homoit0003479	Unga intersexpersoner som är mobbningsoffer	Unga intersexpersoner som utsatts för mobbning	Intersexungdomar mellan 12 och 18 år som har upplevt mobbning på grund av sin sexuella identitet och som kan ha överlevt eller inte. Följ individens preferens för att använda ”offer” eller ”överlevare” när det är möjligt.	
homoit0003480	Unga ickebinära som är mobbningsoffer	Unga ickebinära som utsatts för mobbning	Ickebinära ungdomar mellan 12 och 18 år som har upplevt och överlevt mobbning på grund av sin könsidentitet eller sexuella identitet. Följ individens preferens för att använda ”offer” eller ”överlevare” när det är möjligt.	
homoit0003481	Unga transpersoner som är mobbningsoffer	Unga transpersoner som utsatts för mobbning	Transungdomar mellan 12 och 18 år som har upplevt och överlevt mobbning på grund av sin könsidentitet eller sexuella identitet. Följ individens preferens för att använda ”offer” eller ”överlevare” när det är möjligt.	
homoit0003482	Unga asexuella mobbningsoffer	Unga asexuella som utsatts för mobbning	Asexuella ungdomar mellan 12 och 18 år som har upplevt mobbning på grund av sin sexuella identitet och som kan ha överlevt eller inte. Följ individens preferens för att använda ”offer” eller ”överlevare” när det är möjligt.	
homoit0003483	Unga aromantiska mobbningsoffer	Unga aromantiska som utsatts för mobbning	Aromantiska ungdomar mellan 12 och 18 år som har upplevt mobbning på grund av sin sexuella identitet och som kan ha överlevt eller inte. Följ individens preferens för att använda ”offer” eller ”överlevare” när det är möjligt.	
homoit0003484	Gråromantiska ungdomar som är mobbningsoffer	Greyromantic-ungdomar som utsatts för mobbning||Gråromantiska ungdomar som utsatts för mobbning	Gråromantiska ungdomar mellan 12 och 18 år som har upplevt mobbning på grund av sin sexuella identitet och som kan ha överlevt eller inte. Följ individens preferens för att använda ”offer” eller ”överlevare” när det är möjligt.	
homoit0003487	Unga Two-spirit-personer som är mobbningsoffer	Unga Two-spirit-personer som utsatts för mobbning	Two-spirit-ungdomar mellan 12 och 18 år som har upplevt och överlevt mobbning på grund av sin könsidentitet eller sexuella identitet. Följ individens preferens för att använda ”offer” eller ”överlevare” när det är möjligt.	
homoit0003488	Hbtq+-barnlitteratur		Litterära verk för läsare upp till 12 års ålder. Används för barnlitteratur med hbtq+-karaktärer eller teman.	
homoit0003489	Gay barnlitteratur	Barnlitteratur med homosexuella pojkar som karaktärer och/eller tema	Litterära verk för läsare upp till 12 års ålder. Används för barnlitteratur med homosexuella manliga karaktärer eller teman.	
homoit0003490	Lesbisk barnlitteratur		Litterära verk för läsare upp till 12 års ålder. Används för barnlitteratur med lesbiska karaktärer eller teman.	
homoit0003491	Bisexuell barnlitteratur		Litterära verk för läsare upp till 12 års ålder. Används för barnlitteratur med bisexuella karaktärer eller teman.	
homoit0003492	Barnlitteratur om transpersoner		Litterära verk för läsare upp till 12 års ålder. Används för barnlitteratur med transkaraktärer eller teman.	
homoit0003493	Queer barnlitteratur		Litterära verk för läsare upp till 12 års ålder. Används för barnlitteratur med queera karaktärer eller teman.	
homoit0003494	Ickebinär barnlitteratur		Litterära verk för läsare upp till 12 års ålder. Används för barnlitteratur med ickebinära karaktärer eller teman.	
homoit0003495	Asexuell barnlitteratur		Litterära verk för läsare upp till 12 års ålder. Används för barnlitteratur med asexuella karaktärer eller teman.	
homoit0003496	Aromantisk barnlitteratur		Litterära verk för en läsare upp till 12 års ålder. Används för barnlitteratur med aromantiska karaktärer eller teman.	
homoit0003497	Barnlitteratur om intersexpersoner		Litterära verk för läsare upp till 12 års ålder. Används för barnlitteratur med intersexkaraktärer eller intersexteman.	
homoit0003498	Two-spirit-barnlitteratur		Litterära verk för läsare upp till 12 års ålder. Används för barnlitteratur med Two-spirit-karaktärer eller teman.	
homoit0003499	Antitranslagstiftning		Insatser för att föreslå, införa, ändra eller upphäva lagar, i syfte att begränsa transpersoners juridiska rättigheter. Detta inkluderar lagstiftning rörande tillgång till könsbekräftande vård, deltagande i idrott, administrativa och rättsliga processer såsom juridiskt kön och namnbyte samt policyer som påverkar unga transpersoners medicinska behandling, utbildning och psykiska hälsa.	
homoit0003500	Danmei		En genre som fokuserar på romantiska eller sexuella relationer mellan manliga karaktärer i kinesiska romaner, serier, filmer, animationer och dramer.	
homoit0003501	Barn som blivit till genom heminsemination	Barn som blivit till genom självinsemination	Barn som blivit till genom heminsemination, i amerikansk kontext särskilt genom att injicera sperma i slidan med hjälp av en kalkonspruta. Det finns en omfattande historia av heminsemination inom hbtq+-gemenskaper, inklusive bögar som bidragit med sperma för att hjälpa lesbiska par att bli gravida.	
homoit0003502	Förbud mot könsbekräftande vård för barn och unga		Lagar eller policys som begränsar trans- och ickebinära barns möjligheter att ta del av medicinsk behandling och könsbekräftande vård, däribland kirurgi, hormonbehandling och insatser för psykisk hälsa.	
homoit0003503	Förbud mot ändring av juridiskt kön		Lagstiftning eller policyer som hindrar transpersoner och ickebinära personer från att ändra könsmarkören i födelseattester, körkort, pass eller andra juridiska dokument.	
homoit0003504	Förbud mot könsbekräftande vård		Lagar eller policys som begränsar transpersoners och ickebinära personers möjligheter att ta del av medicinsk behandling och könsbekräftande vård, däribland kirurgi, hormonbehandling och insatser för psykisk hälsa.	
homoit0003505	Kiki		Slangterm som beskriver en vänskaplig samling för att prata och skvallra. Termen uppstod i New Yorks ballroom-scen på 1990-talet och blev mer känd genom låten Let's Have a Kiki (2012) av Scissor Sisters. Bör inte förväxlas med termen Ky-ky (identitet) (ibland även stavat Kiki), som avser lesbiska som inte identifierar sig som butch eller femme.	
homoit0003506	Ky-ky (identitet)		Amerikansk slangterm som uppstod på 1940-talet för att beskriva lesbiska som inte identifierar sig som butch eller femme. Ska inte förväxlas med Kiki, som syftar på en vänskaplig träff.	
homoit0003507	Girls’ Love (genre)		En genre som fokuserar på romantiska eller sexuella relationer mellan kvinnliga karaktärer i anime, serier, romaner och filmer. Termen används oftast för media med ursprung i Asien.	
homoit0003508	Baihe		Genre som fokuserar på romantiska eller sexuella relationer mellan kvinnliga karaktärer i kinesiska romaner, serier, filmer, animationer och pjäser.	
homoit0003509	Utforskande (hbtq+)	Questioning	Term som beskriver personer som befinner sig i processen att utforska sin sexuella läggning och/eller könsidentitet.	
homoit0003510	Idrottsförbud	Förbud mot transidrottare	Lagar eller riktlinjer som syftar till att hindra transpersoner och ickebinära från att delta i könsuppdelade idrottsgrenar eller tävlingar. De tvingar ofta deltagare att tävla enligt det kön de tilldelats vid födseln snarare än enligt sin könsidentitet. Det kan handla om allt från att kriminalisera skolor och program som tillåter transungdomars deltagande till att förbjuda särskilt transkvinnor från att delta i könsuppdelade ligor eller tävlingar.	
homoit0003511	Målare (hbtq+)		Hbtq+-personer som målar, antingen professionellt eller som hobby.	
homoit0003512	Könsidentitetsomvändelseterapi	Gender conversion therapy	Försök att förändra könsidentiteten hos en transperson eller ickebinär person för att anpassa den till ciskönade normer, ofta grundade i föreställningen att personens identitet är farlig och/eller ett resultat av psykisk ohälsa eller trauma. De processer som ingår i omvändelseterapi omfattar styrda visualiseringsövningar, andliga interventioner och andra metoder som syftar till att framkalla obehag eller bestraffning.	
homoit0003513	Bögmålare	Homosexuella manliga målare	Bögar som målar, antingen professionellt eller som hobby.	
homoit0003514	Hälso- och sjukvård för transbarn och unga transpersoner		Organiserade insatser för att bevara eller förbättra den fysiska och psykiska hälsan hos transbarn och transungdomar. Inkluderar bland annat tillgång till trygg, laglig terapi och samtalsstöd, hormonbehandling och könsbekräftande kirurgi.	
homoit0003515	Lavendellingvistik		Studiet av språk som det används av personer i hbtq+-gemenskaper.	
homoit0003516	Lesbiska målare		Lesbiska som målar, antingen professionellt eller som hobby.	
homoit0003517	Bisexuella målare		Bisexuella personer som målar, antingen professionellt eller som hobby.	
homoit0003518	Målare som är transpersoner		Transpersoner som målar, antingen professionellt eller som hobby.	
homoit0003519	Patriarkat		Ett kulturellt system där makt och privilegier koncentreras till män, medan kvinnor och könsminoriteter till stor del exkluderas från tillgång till inflytande.	
homoit0003520	Queer lingvistik		Ett språkvetenskapligt forskningsfält som analyserar hur heteronormativitet påverkar uttrycket av sexuell identitet i språket.	
homoit0002688	Two sprit-barn		Two-spirit-personer som ännu inte har nått tonåren.	
homoit0003521	Politiska hbtq+-grupper		Organiserade grupper med fokus på politisk förändring och aktivism för hbtq+-personers rättigheter. Kan vara oberoende eller knutna till politiska partier.	
homoit0003522	Bisexuella politiska grupper		Organiserade grupper med fokus på politisk förändring och aktivism för bisexuella personers rättigheter.	
homoit0003523	Queera politiska grupper		Organiserade grupper med fokus på politisk förändring aktivism för queera personers rättigheter. Kan även inkludera arbete för hbtq+-personers rättigheter i bredare bemärkelse.	
homoit0003524	Megasexuella politiska grupper		Organiserade grupper med fokus på politisk förändring och aktivism för megasexuella personers rättigheter.	
homoit0003525	Demisexuella politiker		Organiserade grupper med fokus på politisk förändring och aktivism för demisexuellas rättigheter.	
homoit0003526	Politiska grupper för intersexfrågor		Organiserade grupper med fokus på politisk förändring och aktivism för intersexpersoners rättigheter.	
homoit0003527	Asexuella politiska grupper		Organiserade grupper med fokus på politisk förändring och aktivism för asexuella personers rättigheter.	
homoit0003528	Ickebinära politiska grupper		Organiserade grupper med fokus på politisk förändring och aktivism för ickebinära personers rättigheter.	
homoit0003529	Aromantiska politiska grupper		Organiserade grupper med fokus på politisk förändring och aktivism för aromantiska personers rättigheter.	
homoit0003530	Politiska transgrupper		Organiserade grupper med fokus på politisk förändring och aktivism för transpersoners rättigheter.	
homoit0003531	Two-spirit-politska grupper		Organiserade grupper med fokus på politisk förändring och aktivism för Two-spirit-personers rättigheter.	
homoit0003532	Gråromantiska politiska grupper	Greyromantic-politiska grupper	Organiserade grupper med fokus på politisk förändring och aktivism för gråromantiska personers rättigheter.	
homoit0003533	Elever (hbtq+)	Hbtq+-elever||Studenter (hbtq+)	Hbtq+-personer som formellt deltar i lärande vid någon form av institution för utbildning.	
homoit0003534	Aromantiska elever	Aromantiska studenter	Aromantiska personer som formellt deltar i lärande vid någon form av institution för utbildning.	
homoit0003535	Asexuella elever	Asexuella studenter	Asexuella personer som formellt deltar i lärande vid någon form av institution för utbildning.	
homoit0003536	Bisexuella elever	Bisexuella studenter	Bisexuella personer som formellt deltar i lärande vid någon form av institution för utbildning.	
homoit0003537	Demisexuella elever	Demisexuella studenter	Demisexuella personer som formellt deltar i lärande vid någon form av institution för utbildning.	
homoit0003538	Elever som är bögar	Homosexuella manliga studenter||Bögelever||Homosexuella manliga elever||Bögstudenter||Homosexuella manliga elever	Bögar som formellt deltar i lärande vid någon form av institution för utbildning.	
homoit0003539	Intersexelever	Intersexstudenter	Intersexpersoner som formellt deltar i lärande vid någon form av institution för utbildning.	
homoit0003540	Gråromantiska elever	Greyromantic-studenter||Gråromantiska studenter||Greyromantic-elever	Gråromantiska personer som formellt deltar i lärande vid någon form av institution för utbildning.	
homoit0003541	Lesbiska elever	Lesbiska studenter	Lesbiska personer som formellt deltar i lärande vid någon form av institution för utbildning.	
homoit0003542	Megasexuella elever	Megasexuella studenter	Megasexuella personer som formellt deltar i lärande vid någon form av institution för utbildning.	
homoit0003543	Ickebinära elever	Ickebinära studenter	Ickebinära personer som formellt deltar i lärande vid någon form av institution för utbildning.	
homoit0003544	Queera elever	Queera studenter	Queera personer som formellt deltar i lärande vid någon form av institution för utbildning.	
homoit0003545	Transelever	Transpersoner som är studenter||Transstudenter||Transpersoner som är elever	Transpersoner som formellt deltar i lärande vid någon form av institution för utbildning.	
homoit0003546	Two-spirit-elever	Two-spirit-studenter	Two-spirit-personer som formellt deltar i lärande vid någon form av institution för utbildning.	
homoit0003547	Hbtq+-arkivarier		Hbtq+-personer som bedömer, kuraterar, hanterar, bearbetar, bevarar, förvaltar och/eller tillgängliggör arkiv och dokument av bestående historiskt värde.	
homoit0003548	Lesbiska arkivarier		Lesbiska som bedömer, kuraterar, hanterar, bearbetar, bevarar, förvaltar och/eller tillgängliggör arkiv och dokument av bestående historiskt värde.	
homoit0003549	Bögarkivarier	Homosexuella manliga arkivarier	Bögar som bedömer, kuraterar, hanterar, bearbetar, bevarar, förvaltar och/eller tillgängliggör arkiv och dokument av bestående historiskt värde.	
homoit0003550	Bisexuella arkivarier		Bisexuella personer som bedömer, kuraterar, hanterar, bearbetar, bevarar, förvaltar och/eller tillgängliggör arkiv och dokument av bestående historiskt värde.	
homoit0003551	Arkivarier som är transpersoner	Transarkivarier	Transpersoner som bedömer, kuraterar, hanterar, bearbetar, bevarar, förvaltar och/eller tillgängliggör arkiv och dokument av bestående historiskt värde	
homoit0003552	Queera arkivarier		Queera personer som bedömer, kuraterar, hanterar, bearbetar, bevarar, förvaltar och/eller tillgängliggör arkiv och dokument av bestående historiskt värde.	
homoit0003553	Intersexakrivarier		Intersexpersoner som bedömer, kuraterar, hanterar, bearbetar, bevarar, förvaltar och/eller tillgängliggör arkiv och dokument av bestående historiskt värde.	
homoit0003554	Asexuella arkivarier		Asexuella personer som bedömer, kuraterar, hanterar, bearbetar, bevarar, förvaltar och/eller tillgängliggör arkiv och dokument av bestående historiskt värde.	
homoit0003555	Ickebinära arkivarier		Ickebinära personer som bedömer, kuraterar, hanterar, bearbetar, bevarar, förvaltar och/eller tillgängliggör arkiv och dokument av bestående historiskt värde.	
homoit0003556	Two-spirit-arkivarier		Two-spirit-personer som bedömer, kuraterar, hanterar, bearbetar, bevarar, förvaltar och/eller tillgängliggör arkiv och dokument av bestående historiskt värde.	
homoit0003557	Ickevita ickebinära	Ickebinära POC||Ickebinära people of color	Ickebinära som inte är vita och som identifierar sig som icke-vita/people of color.	
homoit0003558	Ickebinära afroamerikaner		Ickebinära personer av afrikanskt ursprung som är födda i USA eller ickebinära personer födda i afrikanska länder som bor i, eller har en stark koppling till, USA. Används för individer som identifierar sig som afroamerikaner. Följ individens preferens för afroamerikan eller svart när det är möjligt.	
homoit0003559	Ickebinära asiater		Ickebinära av asiatisk härkomst, boende i Asien eller en del av den asiatiska diasporan. Används endast för personer som själva identifierar sig som asiatiska.	
homoit0003561	High school-elever som är hbqt+-personer		Hbtq+-personer som går på high school, en amerikansk skolform som vanligtvis omfattar årskurs 9–12 och elever i åldern 14 till 18 år.	
homoit0003562	Lesbiska high school-elever		Lesbiska som går på high school, en amerikansk skolform som vanligtvis omfattar årskurs 9–12 och elever i åldern 14 till 18 år.	
homoit0003563	High school-elever som är bögar		Homosexuella pojkar som går på high school, en amerikansk skolform som vanligtvis omfattar årskurs 9–12 och elever i åldern 14 till 18 år.	
homoit0003564	Bisexuella high school-elever		Bisexuella personer som går på high school, en amerikansk skolform som vanligtvis omfattar årskurs 9–12 och elever i åldern 14 till 18 år.	
homoit0003565	High school-elever som är transpersoner		Transpersoner som går på high school, en amerikansk skolform som vanligtvis omfattar årskurs 9–12 och elever i åldern 14 till 18 år.	
homoit0003566	Queera high school-elever		Queera personer som går på high school, en amerikansk skolform som vanligtvis omfattar årskurs 9–12 och elever i åldern 14 till 18 år.	
homoit0003567	High school-elever som är intersexpersoner		Intersexpersoner som går på high school, en amerikansk skolform som vanligtvis omfattar årskurs 9–12 och elever i åldern 14 till 18 år.	
homoit0003568	Asexuella high school-elever		Asexuella personer som går på high school, en amerikansk skolform som vanligtvis omfattar årskurs 9–12 och elever i åldern 14 till 18 år.	
homoit0003569	Aromantiska high school-elever		Aromantiska personer som går på high school, en amerikansk skolform som vanligtvis omfattar årskurs 9–12 och elever i åldern 14 till 18 år.	
homoit0003570	Ickebinära high school-elever		Ickebinära personer som går på high school, en amerikansk skolform som vanligtvis omfattar årskurs 9–12 och elever i åldern 14 till 18 år.	
homoit0003571	High school-elever som är Two-spirit-personer		Two-spirit-personer som går på high school, en amerikansk skolform som vanligtvis omfattar årskurs 9–12 och elever i åldern 14 till 18 år.	
homoit0003572	Demisexuella high school-elever		Demisexuella personer som går på high school, en amerikansk skolform som vanligtvis omfattar årskurs 9–12 och elever i åldern 14 till 18 år.	
homoit0003573	Gråromantiska high school-elever	Greyromantic high school-elever	Gråromantiska personer som går på high school, en amerikansk skolform som vanligtvis omfattar årskurs 9–12 och elever i åldern 14 till 18 år.	
homoit0003574	Middle school-elever (hbtq+)		Hbtq+-personer som går på middle school, en amerikansk skolform som vanligtvis omfattar årskurs 6–8 och elever i åldern 11 till 14 år.	
homoit0003575	Lesbiska middle school-elever		Lesbiska som går på middle school, en amerikansk skolform som vanligtvis omfattar årskurs 6–8 och elever i åldern 11 till 14 år.	
homoit0003576	Middle school-elever som är bögar		Homosexuella pojkar som går på middle school, en amerikansk skolform som vanligtvis omfattar årskurs 6–8 och elever i åldern 11 till 14 år.	
homoit0003577	Bisexuella middle school-elever		Bisexuella personer som går på middle school, en amerikansk skolform som vanligtvis omfattar årskurs 6–8 och elever i åldern 11 till 14 år.	
homoit0003578	Transpersoner som är middle school-elever		Transpersoner som går på middle school, en amerikansk skolform som vanligtvis omfattar årskurs 6–8 och elever i åldern 11 till 14 år.	
homoit0003579	Queera middle school-elever		Queera personer som går på middle school, en amerikansk skolform som vanligtvis omfattar årskurs 6–8 och elever i åldern 11 till 14 år.	
homoit0003580	Intersexpersoner som är middle school-elever		Intersexpersoner som går på middle school, en amerikansk skolform som vanligtvis omfattar årskurs 6–8 och elever i åldern 11 till 14 år.	
homoit0003581	Asexuella middle school-elever		Asexuella personer som går på middle school, en amerikansk skolform som vanligtvis omfattar årskurs 6–8 och elever i åldern 11 till 14 år.	
homoit0003582	Aromantiska middle school-elever		Aromantiska personer som går på middle school, en amerikansk skolform som vanligtvis omfattar årskurs 6–8 och elever i åldern 11 till 14 år.	
homoit0003583	Ickebinära middle school-elever		Ickebinära personer som går på middle school, en amerikansk skolform som vanligtvis omfattar årskurs 6–8 och elever i åldern 11 till 14 år.	
homoit0003584	Demisexuella middle school-elever		Demisexuella personer som går på middle school, en amerikansk skolform som vanligtvis omfattar årskurs 6–8 och elever i åldern 11 till 14 år.	
homoit0003585	Gråromantiska middle school-elever	Greyromantic-middle school-elever	Gråromantiska personer som går på middle school, en amerikansk skolform som vanligtvis omfattar årskurs 6–8 och elever i åldern 11 till 14 år.	
homoit0003586	Two-spirit-personer som är middle school-elever		Two-spirit-personer som går på middle school, en amerikansk skolform som vanligtvis omfattar årskurs 6–8 och elever i åldern 11 till 14 år.	
homoit0003587	Hbtq+-elever i elementary school		Hbtq+-personer som går på elementary school (grundskolans tidigare år i USA), vanligen årskurs K–5 med elever i åldern 4 till 10.	
homoit0003588	Trans-elever i elementary school		Transpersoner som går på elementary school (grundskolans tidigare år i USA), vanligen årskurs K–5 med elever i åldern 4 till 10.	
homoit0003589	Intersex-elever i elementary school		Intersexpersoner som går på elementary school (grundskolans tidigare år i USA), vanligen årskurs K–5 med elever i åldern 4 till 10.	
homoit0003590	Ickebinära elever i elementary school		Ickebinära personer som går på elementary school (grundskolans tidigare år i USA), vanligen årskurs K–5 med elever i åldern 4 till 10.	
homoit0003591	Two-spirit-elever i elementary school		Two-spirit-personer som går på elementary school (grundskolans tidigare år i USA), vanligen årskurs K–5 med elever i åldern 4 till 10.	
homoit0003592	Queera platoniska relationer		En term som uppstod inom aromantiska och asexuella gemenskaper för att beskriva engagerade, intima, men inte romantiska, relationer.	
homoit0003593	Reproduktiv rättvisa		Organiserade insatser för att säkra reproduktiva rättigheter, inklusive juridiska, sociala och etiska principer kring frihet i beslut om reproduktiv hälsa och vård.	
homoit0003594	Lesbiska evenemang	Lesbiska event	Organiserade offentliga eller sociala tillställningar för lesbiska och lesbiska gemenskaper.	
homoit0003595	Bögevenemang	Bög-event||Manliga homosxuella evenemang	Organiserade offentliga eller sociala tillställningar för bögar och böggemenskaper.	
homoit0003596	Bisexuella evenemang	Bisexuella events	Organiserade offentliga eller sociala tillställningar för bisexuella personer och bisexuella gemenskaper.	
homoit0003597	Transevenemang	Trans-event	Organiserade offentliga eller sociala tillställningar för transpersoner och transgemenskaper.	
homoit0003598	Queera evenemang	Queera event	Organiserade offentliga eller sociala tillställningar för queera personer och queera gemenskaper.	
homoit0003599	Ickebinära evenemang	Ickebinära event	Organiserade offentliga eller sociala tillställningar för ickebinära personer och ickebinära gemenskaper.	
homoit0003600	Intersexevenemang	Intersex-event	Organiserade offentliga eller sociala tillställningar för intersexpersoner och intersexgemenskaper.	
homoit0003601	Two-spirit-evenemang	Two-spirit-event	Organiserade offentliga eller sociala tillställningar för Two-spirit-personer och Two-spirit-gemenskaper.	
homoit0003602	Asexuella evenemang	Asexuella event	Organiserade offentliga eller sociala tillställningar för asexuella personer och asexuella gemenskaper.	
homoit0003603	Aromantiska evenemang	Aromantiska event	Organiserade offentliga eller sociala tillställningar för aromantiska personer och aromantiska gemenskaper.	
homoit0003604	Demisexuella evenemang	Demisexuella events	Organiserade offentliga eller sociala tillställningar för demisexuella personer och demisexuella gemenskaper.	
homoit0003605	Gråromantiska evenemang	Greyromantic-evenemang	Organiserade offentliga eller sociala tillställningar för gråromantiska personer och gråromantiska gemenskaper.	
homoit0003606	Megasexuella evenemang	Megasexuella event	Organiserade offentliga eller sociala tillställningar för megasexuella personer och megasexuella gemenskaper.	
homoit0003607	Kvinnoevenemang	Kvinno-events	Organiserade offentliga eller sociala tillställningar för kvinnor.	
homoit0003608	Svarta queera arkiv		Samlingar av arkivmaterial och dokument relaterade till svarta queera personer och gemenskaper, eller samlingar av arkivmaterial och dokument relaterade till svarta personer och gemenskaper som kurateras, organiseras och presenteras ur ett queert perspektiv. Kan omfatta arkiv hos allt från lokala gemenskaper till statliga institutioner.	
homoit0003609	Hbtq+inkluderande religiösa sammankomster		Gudstjänster eller sammankomster för personer inom samma religiösa grupp eller trossystem som är inkluderande och bekräftande av hbtq+-personer och deras identiteter. Inkluderar även specifika sammankomster för hbtq+-personer inom samfund som annars inte är hbtq+-bekräftande.	
homoit0003610	Hbtq+-musik	Musik (hbtq+)	Musik skapad av hbtq+-artister, för hbtq+-publik och/eller med hbtq+-tematik eller uttryck.	
homoit0003611	Rap (hbtq+)	Rapmusik (hbtq+)	Rapmusik skapad av hbtq+-artister, för hbtq+-publik och/eller med ett hbtq+-uttryck.	
homoit0003612	Popmusik (hbtq+)	Populärmusik (hbtq+)	Popmusik skapad av hbtq+-artister, för hbtq+-publik och/eller med hbtq+-tematik eller känsla.	
homoit0003613	Kvinnors sexualitet		Term som beskriver hur kvinnor upplever och uttrycker sin sexualitet, inklusive vilka personer och praktiker de är sexuellt intresserade av.	
homoit0003614	Queer arkitektur		En arkitekturteoriinriktning som strävar efter att skapa rum som ifrågasätter normativa föreställningar om kön och sexualitet.	
homoit0003615	Queerekologi		Teoretisk inriktning inom ekologin som tolkar natur, biologi och sexualitet genom queer teori. Queer ekologi förkastar föreställningar om heterosexualitet och cisnormativitet som naturliga samt idéer om mänsklig exceptionalism och antropocentrism.	
homoit0003616	Dekolonial teori		En tankeskola som förkastar eurocentriska kunskapshierarkier och sätt att vara, inklusive den förmodade överlägsenheten hos vit västerländsk kultur.	
homoit0003617	Informationsspecialister (hbtq+)		Hbtq+-personer vars yrke innefattar informationshantering, inklusive insamling, organisering, lagring och spridning. Detta kan omfatta, men är inte begränsat till, bibliotekarier, arkivarier, metadata- och IT-specialister, webbutvecklare och informationschefer. Använd mer specifika termer där det är möjligt.	
homoit0003618	Hbtq+-bibliotekarier		Hbtq+-personer, vanligtvis med examen i biblioteks- och informationsvetenskap, som arbetar, leder eller assisterar i en biblioteksverksamhet.	
homoit0003619	Informationsspecialister som är Two-spirit		Two-spirit-personer vars yrke innebär att hantera information genom att samla in, organisera, lagra och sprida den. Detta kan inkludera men är inte begränsat till bibliotekarier, arkivarier, metadata- och IT-specialister, webbutvecklare och informationschefer. Använd mer specifika termer när det är möjligt.	
homoit0003620	Lesbiska bibliotekarier		Lesbiska, vanligtvis med examen i biblioteks- och informationsvetenskap, som arbetar, leder eller assisterar i en biblioteksverksamhet.	
homoit0003621	Bögbibliotekarier	Homosexuella manliga bibliotekarier	Bögar, vanligtvis med examen i biblioteks- och informationsvetenskap, som arbetar, leder eller assisterar i en biblioteksverksamhet.	
homoit0003622	Bisexuella bibliotekarier		Bisexuella personer, vanligtvis med examen i biblioteks- och informationsvetenskap, som arbetar, leder eller assisterar i en biblioteksverksamhet.	
homoit0003623	Transbibliotekarier		Transpersoner, vanligtvis med examen i biblioteks- och informationsvetenskap, som arbetar, leder eller assisterar i en biblioteksverksamhet.	
homoit0003624	Queera bibliotekarier		Queera personer, vanligtvis med examen i biblioteks- och informationsvetenskap, som arbetar, leder eller assisterar i en biblioteksverksamhet.	
homoit0003625	Ickebinära bibliotekarier		Ickebinära personer, vanligtvis med examen i biblioteks- och informationsvetenskap, som arbetar, leder eller assisterar i en biblioteksverksamhet.	
homoit0003626	Intersexbibliotekarier		Intersexpersoner, vanligtvis med examen i biblioteks- och informationsvetenskap, som arbetar, leder eller assisterar i en biblioteksverksamhet.	
homoit0003627	Two-spirit-bibliotekarier		Two-spirit-personer vanligtvis med examen i biblioteks- och informationsvetenskap, som arbetar, leder eller assisterar i en biblioteksverksamhet.	
homoit0003628	Asexuella bibliotekarier		Asexuella personer, vanligtvis med examen i biblioteks- och informationsvetenskap, som arbetar, leder eller assisterar i en biblioteksverksamhet.	
homoit0003629	Aromantiska bibliotekarier		Aromantiska personer, vanligtvis med examen i biblioteks- och informationsvetenskap, som arbetar, leder eller assisterar i en biblioteksverksamhet.	
homoit0003630	Demisexuella bibliotekarier		Demisexuella personer, vanligtvis med examen i biblioteks- och informationsvetenskap, som arbetar, leder eller assisterar i en biblioteksverksamhet.	
homoit0003631	Gråromantiska bibliotekarier	Greyromantic-bibliotekarier	Gråromantiska personer, vanligtvis med examen i biblioteks- och informationsvetenskap, som arbetar, leder eller assisterar i en biblioteksverksamhet.	
homoit0003632	Megasexuella bibliotekarier		Megasexuella personer, vanligtvis med examen i biblioteks- och informationsvetenskap, som arbetar, leder eller assisterar i en biblioteksverksamhet.	
homoit0003633	Aromantiska arkivarier		Aromantiska personer som bedömer, kuraterar, hanterar, bearbetar, bevarar, förvaltar och/eller tillgängliggör arkiv och dokument av bestående historiskt värde.	
homoit0003634	Demisexuella arkivarier		Demisexuella personer som bedömer, kuraterar, hanterar, bearbetar, bevarar, förvaltar och/eller tillgängliggör arkiv och dokument av bestående historiskt värde.	
homoit0003635	Gråromantiska arkivarier	Greyromantic-arkivarier	Gråromantiska personer som bedömer, kuraterar, hanterar, bearbetar, bevarar, förvaltar och/eller tillgängliggör arkiv och dokument av bestående historiskt värde.	
homoit0003636	Megasexuella arkivarier		Megasexuella personer som bedömer, kuraterar, hanterar, bearbetar, bevarar, förvaltar och/eller tillgängliggör arkiv och dokument av bestående historiskt värde.	
homoit0003637	Naturvetare (hbtq+)	Vetenskapare (hbtq+)	Hbtq+-personer som studerar eller har expertkunskap inom naturvetenskapliga discipliner, inklusive men inte begränsat till kemi, biologi, fysik, psykologi och tvärvetenskaplig forskning.	
homoit0003638	Lesbiska naturvetare	Lesbiska vetenskapare	Lesbiska som studerar eller har expertkunskap inom naturvetenskapliga discipliner, inklusive men inte begränsat till kemi, biologi, fysik, psykologi och tvärvetenskaplig forskning.	
homoit0003639	Naturvetare som är bögar	Vetenskapare som är bögar||Homosexuella manliga naturvetare	Bögar som studerar eller har expertkunskap inom naturvetenskapliga discipliner, inklusive men inte begränsat till kemi, biologi, fysik, psykologi och tvärvetenskaplig forskning.	
homoit0003640	Bisexuella naturvetare	Bisexuella vetenskapare	Bisexuella personer som studerar eller har expertkunskap inom naturvetenskapliga discipliner, inklusive men inte begränsat till kemi, biologi, fysik, psykologi och tvärvetenskaplig forskning.	
homoit0003641	Transpersoner som är naturvetare	Transpersoner som är vetenskapare	Transpersoner som studerar eller har expertkunskap inom naturvetenskapliga discipliner, inklusive men inte begränsat till kemi, biologi, fysik, psykologi och tvärvetenskaplig forskning.	
homoit0003642	Queera naturvetare	Queera vetenskapare	Queera personer som studerar eller har expertkunskap inom naturvetenskapliga discipliner, inklusive men inte begränsat till kemi, biologi, fysik, psykologi och tvärvetenskaplig forskning.	
homoit0003643	Naturvetare som är intersexpersoner	Vetenskapare som är intersexpersoner	Intersexpersoner som studerar eller har expertkunskap inom naturvetenskapliga discipliner, inklusive men inte begränsat till kemi, biologi, fysik, psykologi och tvärvetenskaplig forskning.	
homoit0003644	Asexuella naturvetare	Asexuella vetenskapare	Asexuella personer som studerar eller har expertkunskap inom naturvetenskapliga discipliner, inklusive men inte begränsat till kemi, biologi, fysik, psykologi och tvärvetenskaplig forskning.	
homoit0003645	Aromantiska naturvetare	Aromantiska vetenskapare	Aromantiska personer som studerar eller har expertkunskap inom naturvetenskapliga discipliner, inklusive men inte begränsat till kemi, biologi, fysik, psykologi och tvärvetenskaplig forskning.	
homoit0003646	Two-spirit-naturvetare	Two-spirit-personer som är vetenskapare	Two-spirit-personer som studerar eller har expertkunskap inom naturvetenskapliga discipliner, inklusive men inte begränsat till kemi, biologi, fysik, psykologi och tvärvetenskaplig forskning.	
homoit0003647	Ickebinära naturvetare	Ickebinära vetenskapare	Ickebinära personer som studerar eller har expertkunskap inom naturvetenskapliga discipliner, inklusive men inte begränsat till kemi, biologi, fysik, psykologi och tvärvetenskaplig forskning.	
homoit0003648	Gråromantiska naturvetare	Greyromantic-naturvetare||Gråromantiska vetenskapare||Greyromantic vetenskapare	Gråromantiska personer som studerar eller har expertkunskap inom naturvetenskapliga discipliner, inklusive men inte begränsat till kemi, biologi, fysik, psykologi och tvärvetenskaplig forskning.	
homoit0003649	Demisexuella naturvetare	Demisexuella vetenskapare	Demisexuella personer som studerar eller har expertkunskap inom naturvetenskapliga discipliner, inklusive men inte begränsat till kemi, biologi, fysik, psykologi och tvärvetenskaplig forskning.	
homoit0003650	Megasexuella naturvetare	Megasexuella vetenskapare	Megasexuella personer som studerar eller har expertkunskap inom naturvetenskapliga discipliner, inklusive men inte begränsat till kemi, biologi, fysik, psykologi och tvärvetenskaplig forskning.	
homoit0003651	Pride-evenemang		Evenemang som uppmärksammar och firar hbtq+-personer och hbtq+-kultur, och som bekräftar hbtq+-gemenskapernas synlighet, värdighet och mångfald.	
homoit0003652	Pride-parader		Offentliga parader som uppmärksammar och firar hbtq+-personer och hbtq+-kultur, och som bekräftar hbtq+-gemenskapernas synlighet, värdighet och mångfald.	
homoit0003653	Hbtq+-stolthet		Synliggörande och firande av hbtq+-personer och hbtq+-kultur, som bekräftar gemenskapens värdighet, mångfald och existens.	
homoit0003654	Pride-månad		En period av offentlig uppmärksamhet och firande av hbtq+-personer och hbtq+-kultur, vanligtvis organiserad under en månad med lokala evenemang, parader, marscher och demonstrationer. Pride äger rum vid olika tidpunkter under året i olika delar av världen, men hålls oftast i juni i USA till minne av Stonewallupproret.	
homoit0003655	Transstolthet		Uppmärksammandet och firandet av transpersoner och transkultur, som bekräftar synligheten, värdigheten och mångfalden inom transgemenskaper.	
homoit0003656	Hbtq+-historiemånad		En främst amerikansk företeelse med en årligen återkommande månadslångt uppmärksammande av hbtq+-historia och relaterade medborgarrättsrörelser. Vilken månad som hbtq+-historiemånaden infaller varierar beroende på land.	
homoit0003657	Könsbekräftande vård		Sociala, psykologiska, beteendemässiga och medicinska insatser som syftar till att stödja och bekräfta en individs könsidentitet. Könsbekräftande vård kan omfatta tillgång till hälso- och sjukvård, samtalsterapi, pubertetsblockerare, hormonterapi och könsbekräftande kirurgi. Det kan också inkludera stöd för social transition, såsom policies för namn- och pronomenbyte, tillgång till könsneutrala toaletter och andra anpassade utrymmen.	
homoit0003658	Intersexbekräftande vård		Sociala, psykologiska, beteenderelaterade och medicinska insatser som syftar till att stödja och bekräfta personer som tillhör intersexgemenskapen. Intersexbekräftande vård omfattar bland annat likvärdig tillgång till hälso- och sjukvård, tillgång till medicinska journaler och information om den egna intersexstatusen och intersexdrag, samt informerat samtycke vid medicinska ingrepp eller behandlingar som rör intersexdrag.	
homoit0003659	Transbekräftande vård		Sociala, psykologiska, beteendemässiga och medicinska insatser som syftar till att stödja och bekräfta en transpersons könsidentitet. Transbekräftande vård innefattar men begränsas inte till jämlik tillgång till vård, samtalsstöd, pubertetsblockerare, hormonbehandling och könsbekräftande kirurgi. Det kan också inkludera resurser för social transition såsom policyer för namn- och pronomenändring samt tillgång till könsneutrala toaletter och utrymmen.	
homoit0003660	Superhjältar (hbtq+)		Fiktiva karaktärer med övernaturliga krafter eller förmågor som används för att bekämpa ondska och hjälpa allmänheten. Används för superhjältar som är uttryckligen identifierade som hbtq+ i originalmaterialet.	
homoit0003661	Superskurkar (hbtq+)		Fiktiva skurkar med övernaturliga krafter eller förmågor som används för att skada allmänheten eller begå ondska. Används för superskurkar som är uttryckligen identifierade som hbtq+ i originalmaterialet.	
homoit0003662	Tv- och datorspel (hbtq+)	Tv-spel (hbtq+)||Datorspel (hbtq+)	Tv- och datorspel där bilder styrs elektroniskt via ett datorprogram på en skärm. Används för spel som riktar sig till hbtq+-publik eller har hbtq+-karaktärer och teman.	
homoit0003663	Hbtq+-poeter		Skapare av poesi som identifierar sig som hbtq+.	
homoit0003664	Lesbiska poeter		Skapare av poesi som identifierar sig som lesbiska.	
homoit0003665	Bögpoeter	Homosexuella manliga poeter	Skapare av poesi som identifierar sig som bögar.	
homoit0003666	Bisexuella poeter		Skapare av poesi som identifierar sig som bisexuella.	
homoit0003667	Transpoeter		Skapare av poesi som identifierar sig som transpersoner.	
homoit0003668	Queera poeter	Queerpoeter	Skapare av poesi som identifierar sig som queera.	
homoit0003669	Ickebinära poeter		Skapare av poesi som identifierar sig som ickebinära.	
homoit0003670	Intersexpoeter		Skapare av poesi som identifierar sig som intersexpersoner.	
homoit0003671	Two-spirit-poeter		Skapare av poesi som identifierar sig som Two-spirit-personer.	
homoit0003672	Asexuella poeter	Ace-poeter	Skapare av poesi som identifierar sig som asexuella.	
homoit0003673	Aromantiska poeter		Skapare av poesi som identifierar sig som aromantiska.	
homoit0003674	Demisexuella poeter		Skapare av poesi som identifierar sig som demisexuella.	
homoit0003675	Gråromantiska poeter	Greyromantic-poeter	Skapare av poesi som identifierar sig som gråromantiska.	
homoit0003676	Megasexuella poeter		Skapare av poesi som identifierar sig som megasexuella.	
homoit0003677	Tv-profiler (hbtq+)		Hbtq+-personer som är kända för allmänheten genom sina framträdanden i tv-program, vanligtvis som sig själva snarare än i manusbaserade roller.	
homoit0003678	Lesbiska tv-profiler		Lesbiska som är kända för allmänheten genom sina framträdanden i tv-program, vanligtvis som sig själva snarare än i manusbaserade roller.	
homoit0003679	Bögar som är tv-profiler	Homosexuella män som är tv-profiler	Bögar som är kända för allmänheten genom sina framträdanden i tv-program, vanligtvis som sig själva snarare än i manusbaserade roller.	
homoit0003680	Bisexuella tv-profiler		Bisexuella personer som är välkända för allmänheten genom sina framträdanden i tv-program, vanligtvis som sig själva snarare än i manusbaserade roller.	
homoit0003681	Transpersoner som är tv-profiler		Transpersoner som är kända för allmänheten genom sina framträdanden i tv-program, vanligtvis som sig själva snarare än i manusbundna roller.	
homoit0003682	Queera tv-profiler		Queera personer som är kända för allmänheten genom sina framträdanden i tv, oftast som sig själva och inte som fiktiva karaktärer.	
homoit0003683	Intersexpersoner som är tv-profiler		Intersexpersoner som är kända för allmänheten genom sina framträdanden i tv-program, vanligtvis som sig själva snarare än i manusbaserade roller.	
homoit0003684	Asexuella tv-profiler		Asexuella personer som är välkända för allmänheten genom sina framträdanden i tv-program, vanligtvis som sig själva snarare än i manusbaserade roller.	
homoit0003685	Aromantiska tv-profiler		Aromantiska personer som är välkända för allmänheten genom sina framträdanden i tv-program, vanligtvis som sig själva snarare än i manusbaserade roller.	
homoit0003686	Two-spirit-personer som är tv-profiler		Two-spirit-personer som är kända för allmänheten genom sina framträdanden i tv-program, vanligtvis som sig själva snarare än i manusbundna roller.	
homoit0003687	Ickebinära tv-profiler		Ickebinära personer som är kända för allmänheten genom sina framträdanden i tv-program, vanligtvis som sig själva snarare än i manusbaserade roller.	
homoit0003688	Demisexuella tv-profiler		Demisexuella personer som är kända för allmänheten genom sina framträdanden i tv-program, vanligtvis som sig själva snarare än i skrivna roller.	
homoit0003689	Gråromantiska tv-profiler	Tv-profiler som är greyromantic	Gråromantiska personer som är kända för allmänheten genom sina framträdanden i tv-program, vanligtvis som sig själva snarare än i manusbaserade roller.	
homoit0003690	Megasexuella tv-profiler		Megasexuella personer som är kända för allmänheten genom sina framträdanden i tv-program, vanligtvis som sig själva snarare än i manusbaserade roller.	
homoit0003691	Gentrifiering		En process av ekonomisk och demografisk förändring i ett område som tidigare varit ekonomiskt nedprioriterat, där fastighetsinvesteringar och inflyttning av mer välbärgade personer ofta leder till att långvariga boende med låg inkomst trängs bort.	
homoit0003692	Redlining		En diskriminerande praktik där finansiella tjänster nekas områden med många invånare från rasifierade eller etniska minoriteter. Redlining omfattar bland annat nekad kredit, försäkring och sjukvård, höga räntor samt skapande av områden utan tillgång till matbutiker. Termen kommer från New Deal-eran, då kartor färgkodades för att visa var det var ”säkert” att försäkra bostadslån. Svarta områden markerades i rött för att indikera att lån inte borde beviljas där.	
homoit0003693	Trygga platser (hbtq+)	Safe spaces (hbtq+)	Offentliga platser som utsetts till trygga för eller bekräftande av hbtq+-personer, ofta genom allierades stöd. Ofta märkta med dekaler eller skyltar.	
homoit0003694	Hbtq+-personer och covid-19-pandemins påverkan		Den särskilda påverkan som covid-19-pandemin haft på hbtq+-personer och gemenskaper, inklusive förändringar i tillgång till hälso- och sjukvård, intima relationer och säkrare sexpraktiker, ekonomisk stabilitet, social samhörighet och psykisk hälsa.	
homoit0003695	Filantropi (hbtq+)		Insatser för att förbättra välfärden för hbtq+-personer och gemenskaper, särskilt genom donationer av pengar eller resurser till välgörande ändamål.	
homoit0003696	Filantroper (hbtq+)		Hbtq+-personer som verkar för att förbättra andras välfärd, särskilt genom donationer av pengar eller resurser till välgörande ändamål.	
homoit0003697	Punkare (hbtq+)		Hbtq+-personer som är en del av punkgemenskapen, som uppstod på 1970-talet med punkrocken och i dag är kopplad till olika musikgenrer, stilar och ideologier.	
homoit0003698	Punkgemenskaper (hbtq+)	Punk-communityn (hbtq+)	En del av punkgemenskapen som omfattar hbtq+-personer och allierade. Punkkulturen uppstod på 1970-talet med punkrocken och är idag kopplad till olika musikstilar, modeuttryck och ideologier.	
homoit0003699	Hbtq+-platser		Platser som upprätthålls och är avsedda att användas av hbtq+-personer. Inkluderar både fysiska och digitala platser.	
homoit0003700	Filmkritik (hbtq+)		Analys och kritik av filmer med hbtq+-tematik, hbtq+-filmhistoria eller tolkningar ur ett hbtq+-perspektiv.	
homoit0003701	Lesbisk filmkritik		Analys och tolkning av filmer om lesbiska och lesbisk filmhistoria, eller filmkritik ur ett lesbiskt perspektiv.	
homoit0003702	Bögfilmkritik	Homosexuell manlig filmkritik	Analys och tolkning av filmer om bögar och bögfilmhistoria, eller filmkritik utifrån ett bögperspektiv.	
homoit0003703	Bisexuell filmkritik		Analys och tolkning av bisexuell film och filmhistoria eller filmkritik ur ett bisexuellt perspektiv.	
homoit0003704	Transfilmkritik		Analys och tolkning av filmer om transpersoner eller transfilmhistoria samt filmkritik utifrån ett transperspektiv.	
homoit0003705	Queer filmkritik		Analys och tolkning av queer film och queer filmhistoria, eller filmkritik ur ett queert perspektiv.	
homoit0003706	Feministisk filmkritik		Analys och tolkning av feministisk film och filmhistoria, eller filmkritik ur ett feministiskt perspektiv.	
homoit0003707	Dekolonial queerteori		Skärningspunkten mellan dekolonial teori och queerteori, som kritiserar eurocentriska uppfattningar om kön och sexualitet som ett kolonialt verktyg.	
homoit0003708	Transglädje	Transeufori	En positiv känsla kopplad till transidentitet, transnärvaro, gemenskap, aktivism och/eller kultur som motverkar effekterna av att leva i ett diskriminerande samhälle.	
homoit0003709	Sensation play		Handlingen att stimulera sina egna eller partners sinnen på olika sätt för att öka erotisk njutning.	
homoit0003710	Lesbiska filmfestivaler		Organiserade visningar av filmer på en plats, ofta med prisutdelningar i olika kategorier. Används för filmfestivaler med filmer skapade av lesbiska eller med lesbiska karaktärer och teman.	
homoit0003711	Bögfilmfestivaler		Organiserade visningar av filmer på en plats, ofta med prisutdelningar i olika kategorier. Används för filmfestivaler med filmer skapade av bögar eller med homosexuella manliga karaktärer och teman.	
homoit0003712	Bisexuella filmfestivaler		Organiserade visningar av filmer på en plats, ofta med prisutdelningar i olika kategorier. Används för filmfestivaler med filmer skapade av bisexuella personer eller som innehåller bisexuella karaktärer och teman.	
homoit0003713	Transfilmfestivaler		Organiserade visningar av filmer på en plats, ofta med prisutdelningar i olika kategorier. Används för filmfestivaler med filmer skapade av transpersoner eller som skildrar transpersoner och transfokuserade teman.	
homoit0003714	Queera filmfestivaler		Organiserade visningar av filmer på en plats, ofta med prisutdelningar i olika kategorier. Används för filmfestivaler med filmer skapade av queera personer eller filmer med queera karaktärer och teman.	
homoit0003715	Ickebinära filmfestivaler		Organiserade visningar av filmer på en plats, ofta med prisutdelningar i olika kategorier. Används för filmfestivaler med filmer skapade av ickebinära personer eller med ickebinära karaktärer och teman.	
homoit0003716	Intersex-filmfestivaler		Organiserade visningar av filmer på en plats, ofta med prisutdelningar i olika kategorier. Används för filmfestivaler med filmer skapade av intersexpersoner eller med intersexkaraktärer och teman.	
homoit0003717	Two-spirit-filmfestivaler		Organiserade visningar av filmer på en plats, ofta med prisutdelningar i olika kategorier. Används för filmfestivaler med filmer skapade av Two-spirit-personer eller som skildrar Two-spirit-personer och Two-spirit-teman.	
homoit0003718	Björnbarer		Barer eller uteställen som främst vänder sig till bögar som identifierar sig som björnar, det vill säga håriga och stora eller muskulösa.	
homoit0003719	Flatbarer	Flatklubbar	Barer eller uteställen som främst riktar sig till flator. För uteställen som riktar sig bredare till lesbiska, använd ”Lesbiska barer”.	
homoit0003720	Hbtq+-dokumentärer		Icke-fiktiva filmer som fokuserar på hbtq+-personer eller hbtq+-tematik och som skapats i syfte att utbilda, föra fram aktivism eller uttrycka personliga erfarenheter.	
homoit0003721	Lesbiska dokumentärer		Icke-fiktiva filmer som fokuserar på lesbiska eller lesbiskhet och som skapats i syfte att utbilda, föra fram aktivism eller uttrycka personliga erfarenheter.	
homoit0003722	Bögdokumentärer	Dokumentärer om homosexuella män	Icke-fiktiva filmer som fokuserar på bögar eller relaterade teman och som skapats i syfte att utbilda, föra fram aktivism eller uttrycka personliga erfarenheter.	
homoit0003723	Bisexuella dokumentärer		Icke-fiktiva filmer som fokuserar på bisexuella personer eller teman och som skapats i syfte att utbilda, föra fram aktivism eller uttrycka personliga erfarenheter.	
homoit0003724	Transdokumentärer		Icke-fiktiva filmer som fokuserar på transpersoner eller transrelaterade teman och som skapats i syfte att utbilda, föra fram aktivism eller uttrycka personliga erfarenheter.	
homoit0003725	Queera dokumentärer		Icke-fiktiva filmer som fokuserar på queera personer eller teman och som skapats i syfte att utbilda, föra fram aktivism eller uttrycka personliga erfarenheter.	
homoit0003726	Ickebinära dokumentärer		Icke-fiktiva filmer som fokuserar på ickebinära personer eller teman och som skapats i syfte att utbilda, föra fram aktivism eller uttrycka personliga erfarenheter.	
homoit0003727	Intersexdokumentärer		Icke-fiktiva filmer som fokuserar på intersexpersoner eller teman och som skapats i syfte att utbilda, föra fram aktivism eller uttrycka personliga erfarenheter.	
homoit0003728	Two-spirit-dokumentärer		Icke-fiktiva filmer som fokuserar på Two-spirit-personer eller teman och som skapats i syfte att utbilda, föra fram aktivism eller uttrycka personliga erfarenheter.	
homoit0003729	Asexuella dokumentärer	Ace-dokumentärer	Icke-fiktiva filmer som fokuserar på asexuella personer eller teman och som skapats i syfte att utbilda, föra fram aktivism eller uttrycka personliga erfarenheter.	
homoit0003730	Aromantiska dokumentärer		Icke-fiktiva filmer som fokuserar på aromantiska personer eller teman och som skapats i syfte att utbilda, föra fram aktivism eller uttrycka personliga erfarenheter.	
homoit0003731	Demisexuella dokumentärer		Icke-fiktiva filmer som fokuserar på demisexuella personer eller teman och som skapats i syfte att utbilda, föra fram aktivism eller uttrycka personliga erfarenheter.	
homoit0003732	Gråromantiska dokumentärer	Greyromantic-dokumentärer	Icke-fiktiva filmer som fokuserar på gråromantiska personer eller teman och som skapats i syfte att utbilda, föra fram aktivism eller uttrycka personliga erfarenheter.	
homoit0003733	Megasexuella dokumentärer		Icke-fiktiva filmer som fokuserar på megasexuella personer eller teman och som skapats i syfte att utbilda, föra fram aktivism eller uttrycka personliga erfarenheter.	
homoit0003734	Gatufestivaler (hbtq+)	Gatufester (hbtq+)	Festivaler som hålls på offentliga gator och som uppmärksammar och firar den omgivande stadsdelens eller gemenskapens karaktär. Används för gatufestivaler som särskilt firar den lokala hbtq+-gemenskapen.	
homoit0003735	Hbtq+-konferenser		Större formella möten eller sammankomster av hbtq+-personer.	
homoit0003736	Klitvridning		Vridning eller klämning av klitoris för att framkalla sexuell njutning.	
homoit0003737	Antigenusrörelsen	Genuskritiska rörelsen	En rörelse som motsätter sig det som benämns som ”genusideologi” eller uppfattningen att kön är en social konstruktion som existerar på ett spektrum. Medlemmar i antigenusrörelsen motsätter sig synligheten, acceptansen samt de civila och reproduktiva rättigheterna för transpersoner, ickebinära personer, intersexpersoner, Two-spirit-personer, könsvarierade och könsavvikande personer.	
homoit0003738	Sexuell fluiditet	Sexuell rörlighet	Idén att en persons sexuella läggning kan förändras över tid eller i olika situationer.	
homoit0003739	Uraniska personer	Uranic people	Personer som är attraherade av alla kön utom kvinnor, feminina personer och femininorienterade ickebinära personer, oavsett vilket kön de tilldelades vid födseln.	
homoit0003740	Neptuniska personer		Personer som attraheras av alla kön utom män, maskulina personer och maskulint kodade ickebinära, oavsett vilket kön de tilldelats vid födseln.	
homoit0003741	Saturniska personer		Personer som enbart är attraherade av androgyna ickebinära personer, snarare än av personer som är tydligt könskodade som man eller kvinna.	
homoit0003742	Människohandel	Trafficking	Handel med och utnyttjande av människor genom tvång, bedrägeri och/eller övertalning, ofta i syfte att tvinga personen till att sälja sexuella handlingar eller arbete mot sin vilja.	
homoit0003743	Människohandel för sexuella ändamål	Sextrafficking	Människohandel i syfte att utnyttja personer sexuellt, inklusive att rekrytera, hålla kvar, förflytta, lura och/eller tvinga människor till att erbjuda sexuella handlingar eller framträdanden utan att de har kunnat ge ett meningsfullt samtycke.	
homoit0003744	Människohandel för tvångsarbete	Traffickad arbetskraft	Människohandel i syfte att exploatera arbetskraft, inklusive rekrytering, förflyttning, frihetsberövande, bedrägeri och/eller tvång, till exempel genom skuldfällor eller ofrivilligt arbete.	
homoit0003745	Offer för människohandel (hbtq+)		Hbtq+-personer som har utsatts för människohandel och som kan ha överlevt eller inte. Följ individens eget språkbruk om de föredrar ”offer” eller ”överlevare”.	
homoit0003746	Hbtq+-personer som överlevt människohandel	Hbtq+-personer som överlevt trafficking	Hbtq+-personer som har upplevt och överlevt människohandel. Följ individens eget språkbruk om de föredrar ”offer” eller ”överlevare”.	
homoit0003747	Two-spirit-personer som varit offer för människohandel		Two-spirit-personer som har utsatts för människohandel och som kan ha överlevt eller inte. Följ individens eget språkbruk om de föredrar offer eller överlevare.	
homoit0003748	Two-spirit-personer som är brottsoffer		Two-spirit-personer som har utsatts för brott och som kan ha överlevt eller inte. Använd mer specifika termer när det är möjligt och följ individens eget språkbruk om de föredrar offer eller överlevare.	
homoit0003749	Two-spirit-personer som överlevt människohandel		Two-spirit-personer som har utsatts för människohandel och som har överlevt. Följ individens eget språkbruk om de föredrar offer eller överlevare.	
homoit0003750	Offer för människohandel för sexuella ändamål (hbtq+)	Offer för sextrafficking (hbtq+)	Hbtq+-personer som har utsatts för människohandel i form av sexuell exploatering och som kan ha överlevt eller inte. Följ individens eget språkbruk om de föredrar ”offer” eller ”överlevare”.	
homoit0003751	Hbtq+-personer som överlevt människohandel för sexuell exploatering	Hbtq+-personer som överlevt sextrafficking	Hbtq+-personer som har upplevt och överlevt människohandel i form av sexuell exploatering. Följ individens eget språkbruk om de föredrar ”offer” eller ”överlevare”.	
homoit0003752	Two-spirit-personer som varit offer för människohandel för sexuella ändamål		Two-spirit-personer som har utsatts för sexuell människohandel och som kan ha överlevt eller inte. Följ individens eget språkbruk om de föredrar offer eller överlevare.	
homoit0003753	Two-spirit-personer som överlevt människohandel för sexuell exploatering		Two-spirit-personer som har utsatts för sexuell människohandel och som har överlevt. Följ individens eget språkbruk om de föredrar offer eller överlevare.	
homoit0003754	Offer för människohandel för tvångsarbete (hbtq+)		Hbtq+-personer som har utsatts för människohandel i form av arbetskraftsexploatering och som kan ha överlevt eller inte. Följ individens eget språkbruk om de föredrar ”offer” eller ”överlevare”.	
homoit0003755	Hbtq+-personer som överlevt människohandel för tvångsarbete	Traffickad arbetskraft (hbtq+)	Hbtq+-personer som har upplevt och överlevt människohandel i form av arbetskraftsexploatering. Följ individens eget språkbruk om de föredrar ”offer” eller ”överlevare”.	
homoit0003756	Two-spirit-personer som varit offer för människohandel för tvångsarbete		Two-spirit-personer som har utsatts för människohandel i form av arbetskraftsexploatering och som kan ha överlevt eller inte. Följ individens eget språkbruk om de föredrar ”offer” eller ”överlevare”	
homoit0003757	Two-spirit-personer som överlevt människohandel för tvångsarbete		Two-spirit-personer som har upplevt och överlevt människohandel i form av arbetskraftsexploatering. Följ individens eget språkbruk om de föredrar ”offer” eller ”överlevare”.	
homoit0003758	Sexarbetare		Personer som tar emot pengar eller varor i utbyte mot sexuella handlingar, framträdanden eller sällskap. Används för att beskriva personer som är verksamma inom det breda spektrumet av sexarbete. Vissa anser termen sexarbetare som kränkade och politiserad, medan andra identifierar sig med den. Se även "Personer i prostitution".	
homoit0003759	Intersexpersoner som är sexarbetare	Sexarbetare som är intersexpersoner	Intersexpersoner som tar emot pengar eller varor i utbyte mot sexuella handlingar, framträdanden eller sällskap. Används för att beskriva intersexpersoner som är verksamma inom det breda spektrumet av sexarbete. Vissa anser termen sexarbetare som kränkade och politiserad, medan andra identifierar sig med den. Se även "Intersexpersoner i prostitution	
homoit0003760	Ickebinära sexarbetare		Ickebinära personer som tar emot pengar eller varor i utbyte mot sexuella handlingar, framträdanden eller sällskap. Används för att beskriva ickebinära personer som är verksamma inom det breda spektrumet av sexarbete. Vissa anser termen sexarbetare som kränkade och politiserad, medan andra identifierar sig med den. Se även "Ickebinära i prostitution".	
homoit0003761	Two-spirit-personer som är sexarbetare		Two-spirit-personer som tar emot pengar eller varor i utbyte mot sexuella handlingar, framträdanden eller sällskap. Används för att beskriva Two-spirit-personer som är verksamma inom det breda spektrumet av sexarbete. Vissa anser termen sexarbetare som kränkade och politiserad, medan andra identifierar sig med den. Se även "Two-spirit-personer i prostitution".	
homoit0003762	Māhū-sexarbetare		Māhū-personer som tar emot pengar eller varor i utbyte mot sexuella handlingar, framträdanden eller sällskap. Används för att beskriva māhū-personer som är verksamma inom det breda spektrumet av sexarbete. Vissa anser termen sexarbetare som kränkade och politiserad, medan andra identifierar sig med den. Se även "Māhū-personer i prostitution".	
homoit0003763	Telefonsexarbete		Sexarbete i realtid som sker via telefonsamtal, textmeddelanden eller röstsamtal online. Använd ”Cam-modellande” för sexarbete i realtid via videosamtal eller livestreamade videor.	
homoit0003764	Strippa	Strippning	En form av sexarbete som innebär att klä av sig till musik medan man utför dansrörelser vid en stång, antingen på en plats som en strippklubb eller som underhållning på privata tillställningar. Striptease kan även utföras av amatörer i privata sammanhang.	
homoit0003765	Sexarbeteskritisk feminism	Prostitutionskritisk feminism	En form av feminism som hävdar att sexarbete och prostitution per definition är tvingande och exploaterande. Även om inte alla sexarbetare/personer i prostitution är kvinnor och inte alla kunder är män, fokuserar sexarbetskritisk feminism i stor utsträckning på denna könsdynamik och ser sexarbete och prostitution som en följd av och något som förstärker och reproducerar patriarkatet.	
homoit0003766	SWERF		En akronym för ”sex work-exclusionary radical feminists”, en benämning på personer som tillhör en gren av radikalfeminism som avvisar sexarbetares rättigheter och solidaritet med sexarbetare, utifrån övertygelsen att sexarbete strider mot deras ideologi och i grunden upprätthåller kvinnoförtryck.	
homoit0003767	Antipornografisk feminism		En form av feminism som hävdar att pornografi är en följd av och förstärker patriarkatet och därför är per definition våldsam och exploaterande.	
homoit0003768	Cam-modellande		Förkortning för ”webcam-modellande”, en term som refererar till realtidsbaserat sexarbete via onlinevideosamtal och livestreaming.	
homoit0003769	Cam-modeller		Förkortning för ”webcam-modeller”, en term som refererar till sexarbetare som erbjuder sexuella handlingar, framträdanden eller sällskap via onlinevideosamtal och livestreaming.	
homoit0003770	Camboys		Förkortning för ”webcam boys”, en term som syftar på manliga sexarbetare som erbjuder sexuella handlingar, framträdanden eller sällskap via onlinevideosamtal och livestreaming. Används endast för personer som själva identifierar sig som camboys, annars används ”cam-modeller”.	
homoit0003771	Camgirls		Förkortning för ”webcam girls”, en term som syftar på kvinnliga sexarbetare som erbjuder sexuella handlingar, framträdanden eller sällskap via onlinevideosamtal och livestreaming. Används endast för personer som själva identifierar sig som camgirls, annars används ”cam-modeller”.	
homoit0003772	Prostitutionslagstiftning	Sexarbeteslagstiftning	Lagar och regler som reglerar utövande, uppsökande och/eller förmedling av sexarbete och/eller prostitution, inklusive dess rättsliga status. Lagstiftning kan rikta sig mot sexarbetare och/eller personer i prostitution, kunder, tredje parter eller andra personer som arbetar i närhet till eller bistår sexarbetare och/eller personer i prostitution.	
homoit0003773	Kriminalisering av sexarbete och prostitution	Kriminalisering av prostitution||Kriminalisering av sexarbete	Processen genom vilken utövandet och erbjudandet av sexarbete eller prostitution görs olagligt, vanligtvis genom införandet av lagar, regleringar och straffrättsliga påföljder. Försök att kriminalisera sexarbete/prostitution riktas ofta mot gatuprostitution och andra former av ”direkt” och synligt sexarbete.	
homoit0003774	Avkriminalisering av sexarbete och prostitution	Dekriminalisering av sexarbete||Avkriminalisering av sexarbete||Avkriminalisering av prostitution	Processen att minska eller avskaffa lagar, regler och eller straffrättsliga påföljder som riktar sig mot utövande av, erbjudande om och eller underlättande av sexarbete och prostitution. Avkriminaliseringsinsatser kan i varierande grad omfatta sexarbetare och/eller personer i prostitution, deras kunder, tredje parter och eller andra personer som arbetar i nära anslutning till eller söker stödja sexarbetare och personer i prostitution.	
homoit0003775	Legalisering av prostitution	Legalisering av sexarbete	Skapandet av en uppsättning lagar och regler som syftar till att legalisera utövandet och erbjudandet av sexuella handlingar mot ersättning – särskilt gatubaserat och annan synlig prostitution – inom vissa ramar. Det kan inkludera att legalisera sexarbetare/prostituerade, kunder, tredje parter och andra som arbetar nära eller stödjer sexarbetare och/eller prostituerade. Personer som agerar utanför regelverket kan fortfarande straffas.	
homoit0003776	Sexköpslagen		En lagstiftningsmodell för sexarbete som först infördes i Sverige 1999 och därefter i Norge 2009. Modellen fokuserar på att kriminalisera sexköpare.	
homoit0003777	Avskaffande av sexarbete och prostitution	Avskaffande av sexarbete||Avskaffande av prostitution	En rörelse som vill avskaffa sexarbete och/eller prostitution genom olika medel, inklusive att stödja lagar för att minska efterfrågan, de nordiska sexköpslagarna eller mer långtgående kriminalisering av sexarbete och/eller prostitution. Den organiserar sig kring och uttrycker motstånd mot sexarbete och/eller prostitution som något i grunden exploaterande och avvisar synen på sexarbete som arbete.	
homoit0003778	Curb crawling		Amerikanskt begrepp för praktiken att köra eller stå stilla i bil i områden kända för gatubaserat sexarbete i syfte att kontakta sexarbetare/prostituerade.	
homoit0003779	Köp av sexuella handlingar		Handling där en person erbjuder eller försöker erbjuda pengar eller varor i utbyte mot sexuella handlingar eller framträdanden.	
homoit0003780	Gatuprostitution		Säljande av sexuella handlingar på offentliga platser som gator, gatuhörn eller parker.	
homoit0003781	Sexarbete och prostitution för överlevnad	Sexarbete för överlevnad||Prostitution för överlevnad	En form av sexarbete eller prostitution som utförs i stället för annan försörjning eller för att tillgodose akuta behov såsom bostad, mat, kläder eller familjeomsorg.	
homoit0003782	Tredjeparter (sexarbete)	Mellanled (sexarbete)	Term för personer som organiserar, samordnar eller på annat sätt möjliggör sexarbete. I Sverige är många sådana handlingar kriminaliserade och kan utgöra koppleri eller liknande brott.	
homoit0003783	Bordellmammor	Kopplerskor	Personer som förmedlar kontakt mellan sexarbetare och kunder. Termen har historiskt använts för kvinnor, men kan användas för personer av alla kön baserat på deras egen benämning. Följ individens preferens för ”bordellmammor”, ”hallick” eller ”sexarbetesconcierge”.	
homoit0003784	Hallickar	Kopplare	Personer som förmedlar kontakt mellan sexarbetare och kunder. Termen har historiskt använts för män, men kan användas för personer av alla kön baserat på deras egen benämning. Följ individens preferens för ”bordellmammor”, ”hallick” eller ”sexarbetesconcierge”.	
homoit0003785	Sexarbetesconcierge		Personer som agerar mellanhand mellan sexarbetare och/eller personer i prostitution och klienter. Följ individens eget språkbruk om de föredrar termen sexarbetesconcierge, hallick eller bordellmamma. Sexarbetesconcierge används inte i en svensk kontext.	
homoit0003786	Diskriminering av sexarbetare	Diskriminering av prostituerade	Systematiskt orättvist eller fördomsfull behandling av sexarbetare och/eller personer i prostitution på grund av att de säljer sexuella handlingar eller att de identifierat sig som sexarbetare. Diskrimineringen kan ta sig uttryck i begränsad tillgång till arbete, bostad eller rättsligt erkännande. Inkluderar diskriminering av personer i prostitution.	
homoit0003787	Våld mot sexarbetare	Våld mot prostituerade	Beteende som involverar fysiskt våld med avsikt att skada eller döda sexarbetare/personer i prostitution på grund av deras arbete eller identitet som sexarbetare/personer i prostitution.	
homoit0003788	Mord på sexarbetare och personer i prostitution	Mord på sexarbetare||Mord på personer i prostitution	Avsiktligt dödande av sexarbetare och/eller personer i prostitution på grund av deras yrke eller identitet som sexarbetare och/eller personer i prostitution.	
homoit0003789	Skademinimering (sexarbete)		En uppsättning praktiska strategier och idéer för att minska de negativa konsekvenserna av sexarbete för sexarbetare samt en social rättviserörelse som förespråkar sexarbetares rättigheter.	
homoit0003790	Rättigheter för sexarbetare och personer i prostitution	Rättigheter för sexarbetare||Rättigheter för personer i prostitution	Juridiska, sociala eller etiska principer om frihet eller rättigheter för sexarbetare och/eller personer i prostitution. Det inkluderar bland annat mänskliga rättigheter, rätt till sjukvård, skydd mot diskriminering och fördomar samt arbetsrätt.	
homoit0003791	Sexarbetesaktivism		Direktaktion och organisering i syfte att uppnå politisk eller social förändring och acceptans för sexarbetare.	
homoit0003792	Sugardejtning	Sugardejting	En form av sexarbete där sällskap och sexuella handlingar utbyts mot pengar, gåvor eller andra materiella förmåner. Sugardejtning syftar oftast men inte alltid på relationer mellan en äldre kund och en yngre sexarbetare.	
homoit0003793	Sugarbabies		Personer som erbjuder sällskap och sexuella handlingar till sugarmamas eller sugardaddies i utbyte mot pengar, gåvor och andra materiella förmåner.	
homoit0003794	Sugardaddies		Personer som erbjuder pengar, gåvor och andra materiella förmåner till sugar babies i utbyte mot sällskap och sexuella handlingar. Följ individens eget språkbruk om de föredrar ”sugardaddies” eller ”sugarmamas”.	
homoit0003795	Sugarmamas		Personer som erbjuder pengar, gåvor och andra materiella förmåner till sugarbabies i utbyte mot sällskap och sexuella handlingar. Följ individens eget språkbruk om de föredrar ”sugarmamas” eller ”sugardaddies”.	
homoit0003796	Massageföretag som erbjuder sexuella handlingar		Massageverksamheter som erbjuder sexuella handlingar, antingen lagligt eller under täckmantel.	
homoit0003797	Strippor (hbtq+)		Hbtq+-sexarbetare som uppträder med pole dance och striptease till musik, antingen på klubb eller på privata tillställningar. För amatörstriptease i privata sammanhang, använd termen ”Striptease”.	
homoit0003798	Hbtq+-porrstjärnor		Hbtq+-skådespelare i erotiska eller sexuellt explicita filmer.	
homoit0003799	Red light districts		Områden som är avsedda (ibland men inte alltid juridiskt) för att möjliggöra eller utöva sexarbete.	
homoit0003800	Sex-drive-ins		Avgränsade bilgarage som finns i vissa europeiska länder, t.ex. Tyskland och Schweiz, och är utformade för att möjliggöra och underlätta sexarbete i bilar. Dessa sex-drive-ins skapas ofta av lokala myndigheter för att reglera var sexarbete får förekomma.	
homoit0003801	Ickevita sexarbetare	Sexarbetare som är POC||Sexarbetare som är people of color	Ickevita personer som tar emot pengar eller varor i utbyte mot sexuella handlingar, framträdanden eller sällskap. Används för att beskriva ickevita personer som är verksamma inom det breda spektrumet av sexarbete. Vissa anser termen sexarbetare som kränkade och politiserad, medan andra identifierar sig med den. Se även "Ickevita personer i prostitution".	
homoit0003802	Hbtq+-porr	Hbtq+-pornografi	Tryckt eller visuellt material som explicit skildrar sexuella handlingar. Används för att referera till pornografi med medverkande hbtq+-personer och/eller producerad för en hbtq+-publik.	
homoit0003803	Lesbisk pornografi	Lesbisk porr||Flatporr	Tryckt eller visuellt material som explicit skildrar sexuella handlingar. Används för att referera till pornografi med lesbiska medverkande och/eller producerad för en lesbisk publik.	
homoit0003804	Bögpornografi	Bögporr||Homosexuell manlig pornografi	Tryckt eller visuellt material som explicit skildrar sexuella handlingar. Används för att referera till pornografi med bögar som medverkande och/eller producerad för bögar.	
homoit0003805	Bisexuell pornografi		Tryckt eller visuellt material som explicit skildrar sexuella handlingar. Används för att referera till pornografi med bisexuella medverkande och/eller producerad för en bisexuell publik.	
homoit0003806	Transporrnografi	Transporr	Tryckt eller visuellt material som explicit skildrar sexuella handlingar. Används för att referera till pornografi med medverkande transpersoner och/eller producerad för en transpublik.	
homoit0003807	Queer pornografi		Tryckt eller visuellt material som explicit skildrar sexuella handlingar. Används för att referera till pornografi med queera medverkande och/eller producerad för en queer publik.	
homoit0003808	Intersexpornografi	Intersexporr	Tryckt eller visuellt material som explicit skildrar sexuella handlingar. Används för att referera till pornografi med intersexpersoner som medverkande och/eller producerad för en intersexpublik.	
homoit0003809	Ickebinär pornografi		Tryckt eller visuellt material som explicit skildrar sexuella handlingar. Används för att referera till pornografi med medverkande ickebinära personer och/eller producerad för en ickebinär publik.	
homoit0003810	Two-spirit-pornografi		Tryckt eller visuellt material som explicit skildrar sexuella handlingar. Används för att referera till pornografi med medverkande Two-spirit-personer och/eller producerad för en Two-spirit-publik.	
homoit0003815	Binders		Åtsittande tröjor, band eller liknande material som bärs för att platta till eller dölja bröstområdet, oftast använda av transmän och transmaskulina personer.	
homoit0003816	Damimitatörs-föreställningar		Teater- eller scenföreställningar med kvinnoimitatörer, en historisk benämning för artister (ofta personer som identifierar sig som män) som gestaltar kvinnliga personas i underhållningssyfte, vanligtvis för heterosexuell publik. Ska endast användas i historiska sammanhang.	
homoit0003817	Herrimitatörsföreställningar		Teater- eller scenföreställningar med herrimitatörer. Historisk term som avsåg artister, ofta kvinnor, som framförde manliga roller i underhållningssyfte, vanligtvis för heterosexuell publik. Används endast i historisk kontext.	
homoit0003818	Ickebinära hispanic		Ickebinära personer som kommer från eller härstammar från Spanien eller andra regioner som tidigare varit under spanskt kolonialt styre och där spanska är det dominerande språket. Används endast för personer som själva identifierar sig som hispanic och ska inte sammanblandas med latino/a/x eller chicano/a/x.	
homoit0003819	Asexuella hispanic		Asexuella personer som kommer från eller härstammar från Spanien eller andra regioner som tidigare varit under spanskt kolonialt styre och där spanska är det dominerande språket. Används endast för personer som själva identifierar sig som hispanic och ska inte sammanblandas med latino/a/x eller chicano/a/x.	
homoit0003820	Asexuella chicano/a/x		Asexuella personer av mexikanskt ursprung födda i USA. Används endast för personer som själva identifierar sig som chicano, chicana eller chicanx. Ska inte förväxlas med latino/a/x eller spansktalande personer.	
homoit0003821	Hbtq+-dejting	Dating (hbtq+)||Dejting (hbtq+)	Term som används för att beskriva personer som umgås regelbundet utifrån ömsesidigt romantiskt intresse. Används för dejting mellan hbtq+-personer eller hur det upplevs av hbtq+-personer.	
homoit0003822	Hbtq+-essäer		Korta prosatexter, vanligtvis analytiska eller tolkande, ur ett hbtq+-perspektiv eller som behandlar hbtq+-frågor.	
homoit0003823	Queera kroppar		Kroppar som undandrar sig definition genom att trotsa samhälleliga normer som heteronormativitet, cisnormativitet och annan essentialism – oavsett individens identitet.	
homoit0003824	Neurogender		Term som beskriver identiteten hos neurodivergenta personer vars neurodivergens påverkar könsidentiteten i sådan grad att de inte kan särskiljas från varandra. Används endast för personer som själva identifierar sig som neurogender.	
homoit0003825	Autigender		Term som används för att beskriva identiteten hos autistiska personer vars autism i hög grad påverkar och inte kan separeras från deras kön. Används endast för att beskriva autistiska personer som själva identifierar sig som autigender.	
homoit0003826	Queera begär		Begär som inte låter sig definieras inom ramarna för heteronormativitet, cisnormativitet och andra essentialistiska normsystem, oavsett individens identitet.	
homoit0003827	Hbtq+-person som är hispanoamerikaner		Hbtq+-personer som är födda i eller bosatta i USA och som härstammar från Spanien eller andra regioner som tidigare varit under spanskt kolonialt styre och där spanska är det dominerande språket. Används endast för personer som själva identifierar sig som hispanoamerikaner och ska inte sammanblandas med latino/a/x eller chicano/a/x.	
homoit0003828	Lesbiska hispanoamerikaner		Lesbiska som är födda i eller bosatta i USA och som härstammar från Spanien eller andra regioner som tidigare varit under spanskt kolonialt styre och där spanska är det dominerande språket. Används endast för personer som själva identifierar sig som hispanoamerikaner och ska inte sammanblandas med latino/a/x eller chicano/a/x.	
homoit0003829	Bögar som är hispanoamerikaner		Bögar som är födda i eller bosatta i USA och som härstammar från Spanien eller andra regioner som tidigare varit under spanskt kolonialt styre och där spanska är det dominerande språket. Används endast för personer som själva identifierar sig som hispanoamerikaner och ska inte sammanblandas med latino/a/x eller chicano/a/x.	
homoit0003830	Bisexuella hispanoamerikaner		Bisexuella personer som är födda i eller bosatta i USA och som härstammar från Spanien eller andra regioner som tidigare varit under spanskt kolonialt styre och där spanska är det dominerande språket. Används endast för personer som själva identifierar sig som hispanoamerikaner och ska inte sammanblandas med latino/a/x eller chicano/a/x.	
homoit0003831	Transpersoner som är hispanoamerikaner		Transpersoner som som är födda i eller bosatta i USA och som härstammar från Spanien eller andra regioner som tidigare varit under spanskt kolonialt styre och där spanska är det dominerande språket. Används endast för personer som själva identifierar sig som hispanoamerikaner och ska inte sammanblandas med latino/a/x eller chicano/a/x.	
homoit0003832	Queera hispanoamerikaner		Queera personer som är födda i eller bosatta i USA och som härstammar från Spanien eller andra regioner som tidigare varit under spanskt kolonialt styre och där spanska är det dominerande språket. Används endast för personer som själva identifierar sig som hispanoamerikaner och ska inte sammanblandas med latino/a/x eller chicano/a/x.	
homoit0003833	Ickebinära hispanoamerikaner		Ickebinära personer som är födda i eller bosatta i USA och som härstammar från Spanien eller andra regioner som tidigare varit under spanskt kolonialt styre och där spanska är det dominerande språket. Används endast för personer som själva identifierar sig som hispanoamerikaner och ska inte sammanblandas med latino/a/x eller chicano/a/x.	
homoit0003834	Intersexpersoner som är hispanoamerikaner		Intersexpersoner som är födda i eller bosatta i USA och som härstammar från Spanien eller andra regioner som tidigare varit under spanskt kolonialt styre och där spanska är det dominerande språket. Används endast för personer som själva identifierar sig som hispanoamerikaner och ska inte sammanblandas med latino/a/x eller chicano/a/x.	
homoit0003835	Asexuella hispanoamerikaner		Asexuella personer som är födda i eller bosatta i USA och som härstammar från Spanien eller andra regioner som tidigare varit under spanskt kolonialt styre och där spanska är det dominerande språket. Används endast för personer som själva identifierar sig som hispanoamerikaner och ska inte sammanblandas med latino/a/x eller chicano/a/x.	
homoit0003836	Lesbiska organisationer		Grupper eller klubbar för lesbiska som ägnar sig åt ett särskilt intresse eller en aktivitet.	
homoit0003837	Bögorganisationer	Organisationer för homosexuella män	Grupper eller klubbar för bögar som ägnar sig åt ett särskilt intresse eller en aktivitet.	
homoit0003838	Bisexuella organisationer		Grupper eller klubbar för bisexuella personer som ägnar sig åt ett särskilt intresse eller en aktivitet.	
homoit0003839	Transorganisationer		Grupper eller klubbar för transpersoner som ägnar sig åt ett särskilt intresse eller en aktivitet.	
homoit0003840	Queera organisationer		Grupper eller klubbar för queera personer som ägnar sig åt ett särskilt intresse eller en aktivitet.	
homoit0003841	Intersexorganisationer		Grupper eller klubbar för intersexpersoner som ägnar sig åt ett särskilt intresse eller en aktivitet.	
homoit0003842	Ickebinära organisationer		Grupper eller klubbar för ickebinära personer som ägnar sig åt ett särskilt intresse eller en aktivitet.	
homoit0003843	Two-spirit-organisationer		Grupper eller klubbar för Two-spirit-personer som ägnar sig åt ett särskilt intresse eller en aktivitet.	
homoit0003844	Reproduktiv hälsovård för intersexpersoner		Tillgång till och erfarenheter av reproduktiv vård för intersexpersoner. Reproduktiv hälsovård omfattar preventivmedel, abort, testning och behandling av könssjukdomar samt fertilitetsvård.	
homoit0003845	Gråromantiska kulturutövare	Greyromantic-artister	Gråromantiska personer som utövar någon form av konstnärlig eller kreativ verksamhet.	
homoit0003846	Demisexuella kulturutövare		Demisexuella personer som utövar någon form av konstnärlig verksamhet.	
homoit0003847	Megasexuella kulturutövare		Megasexuella personer som utövar någon form av konstnärlig eller kreativ verksamhet.	
homoit0003848	Aromantiska kulturutövare		Aromantiska personer som utövar olika konstnärliga verksamheter.	
homoit0003849	PVC (erotik)		PVC står för polyvinylklorid och är ett material som ofta används i subkulturellt sexuellt mode och till uppblåsbara produkter.	
homoit0003850	Sensory deprivation (erotik)	Sensorisk deprivation (erotik)	Att begränsa ett eller flera av kroppens sinnen genom användning av ögonbindel, öronproppar, huva eller bondage i syfte att uppnå erotisk eller sensuell njutning.	
homoit0003851	Avhumanisering (erotik)		Handlingar eller praktiker där en person beter sig som eller behandlas som ett objekt (t.ex. ett bord) för erotisk njutning, ibland som en form av förnedring.	
homoit0003853	Intervjuer med hbtq+-personer	Intervjuer (hbtq+)	Strukturerade konversationer där en deltagare ställer frågor och den/de andra ger svar. Termen används för intervjuer med hbtq+-personer publicerade i tryck form, i radio, tv etc.	
homoit0003854	Intervjuer med lesbiska		Strukturerade konversationer där en deltagare ställer frågor och den/de andra ger svar. Termen används för intervjuer med lesbiska publicerade i tryck form, i radio, tv etc.	
homoit0003855	Intervjuer med bögar		Strukturerade konversationer där en deltagare ställer frågor och den/de andra ger svar. Termen används för intervjuer med bögar publicerade i tryck form, i radio, tv etc.	
homoit0003856	Intervjuer med bisexuella		Strukturerade konversationer där en deltagare ställer frågor och den/de andra ger svar. Termen används för intervjuer med bisexuella personer publicerade i tryck form, i radio, tv etc.	
homoit0003857	Intervjuer med transpersoner		Strukturerade konversationer där en deltagare ställer frågor och den/de andra ger svar. Termen används för intervjuer med transpersoner publicerade i tryck form, i radio, tv etc.	
homoit0003859	Intervjuer med Two-spirit-personer		Strukturerade konversationer där en deltagare ställer frågor och den/de andra ger svar. Termen används för intervjuer med Two-spirit-personer publicerade i tryck form, i radio, tv etc.	
homoit0003860	Intervjuer med intersexpersoner		Strukturerade konversationer där en deltagare ställer frågor och den/de andra ger svar. Termen används för intervjuer med intersexpersoner publicerade i tryck form, i radio, tv etc.	
homoit0003861	Intervjuer med demisexuella personer		Strukturerade konversationer där en deltagare ställer frågor och den/de andra ger svar. Termen används för intervjuer med demisexuella personer publicerade i tryck form, i radio, tv etc.	
homoit0003862	Intervjuer med queera personer		Strukturerade konversationer där en deltagare ställer frågor och den/de andra ger svar. Termen används för intervjuer med queera personer publicerade i tryck form, i radio, tv etc.	
homoit0003863	Gatuintervjuer (hbtq+)	Enkätintervjuer (hbtq+)	Intervjuer där reportrar stoppar hbtq+-personer på gatan, ställer frågor och får svar i realtid.	
homoit0003864	Journalister (hbtq+)	Reportrar (hbtq+)	Hbtq-personer som samlar information i form av text, ljud eller bilder, bearbetar den till något med nyhetsvärde och sprider det till allmänheten.	
homoit0003865	Ickebinära författare		Ickebinära skapare av skrivna verk.	
homoit0003866	Hbtq+-personers texter		Texter skapade av hbtq+-personer.	
homoit0003867	Lesbiskas texter	Texter av lesbiska	Texter skapade av lesbiska.	
homoit0003868	Bögars texter	Texter av bögar	Texter skapade av bögar.	
homoit0003869	Bisexuellas texter	Texter av bisexuella	Texter skapade av bisexuella.	
homoit0003870	Transpersoners texter	Texter av transpersoner	Texter skapade av transpersoner.	
homoit0003871	Queera personers texter	Texter av queera personer	Texter skapade av queera personer.	
homoit0003872	Intersexpersoners texter	Texter av intersexpersoner	Texter skapade av intersexpersoner.	
homoit0003873	Ickebinäras texter	Texter av ickebinära	Texter skapade av ickebinära personer.	
homoit0003874	Asexuella personers texter	Texter av asexuella	Texter skapade av asexuella personer.	
homoit0003875	Aromantiska personers texter	Texter av aromantiska	Texter skapade av aromantiska personer.	
homoit0003876	Two-spirit-personers texter	Texter av Two-spirit-personer	Texter skapade av Two-spirit-personer.	
homoit0003877	Demisexuella personers texter	Texter av demisexuella	Texter skapade av demisexuella personer.	
homoit0003878	Gråromantiska personers texter	Greyromantic-personers texter||Texter av gråromantiska personer||Texter av greyromantic-personer	Texter skapade av gråromantiska personer.	
homoit0003879	Megasexuella personers texter	Texter av megasexuella personer	Texter skapade av megasexuella personer.	
homoit0003880	Överlevare av nätmobbning (hbtq+)	Hbtq+-personer som överlevt nätmobbning	Hbtq+-personer som har upplevt och överlevt nätmobbning, en form av mobbning eller trakasserier på internet. Följ individens preferens för att använda ”offer” eller ”överlevare” när det är möjligt.	
homoit0003881	Serietecknare (hbtq+)		Hbtq+-personer som ritar satirteckningar, serier eller grafiska romaner.	
homoit0003882	Lesbiska serietecknare		Lesbiska personer som ritar satirteckningar, serier eller grafiska romaner.	
homoit0003883	Bögar som är serietecknare	Bög-serietecknare	Bögar som ritar satirteckningar, serier eller grafiska romaner.	
homoit0003884	Bisexuella serietecknare		Bisexuella som ritar satirteckningar, serier eller grafiska romaner.	
homoit0003885	Trans-serietecknare	Serietecknare som är transpersoner	Transpersoner som ritar satirteckningar, serier eller grafiska romaner.	
homoit0003886	Queera serietecknare		Queera personer som ritar satirteckningar, serier eller grafiska romaner.	
homoit0003887	Ickebinära serietecknare		Ickebinära som ritar satirteckningar, serier eller grafiska romaner.	
homoit0003888	Intersexpersoner som är serietecknare		Intersexpersoner som ritar satirteckningar, serier eller grafiska romaner.	
homoit0003889	Asexuella serietecknare		Asexuella personer som ritar satirteckningar, serier eller grafiska romaner.	
homoit0003890	Aromantiska serietecknare		Aromantiska personer som ritar satirteckningar, serier eller grafiska romaner.	
homoit0003891	Demisexuella serietecknare		Demisexuella personer som ritar satirteckningar, serier eller grafiska romaner.	
homoit0003892	Gråromantiska serietecknare	Greyromantic-serietecknare	Gråromantiska personer som ritar satirteckningar, serier eller grafiska romaner.	
homoit0003893	Megasexuella serietecknare		Megasexuella personer som ritar satirteckningar, serier eller grafiska romaner.	
homoit0003894	Two-spirit-serietecknare		Two spirit-personer som ritar satirteckningar, serier eller grafiska romaner.	
homoit0003895	Hbtq+-kändisar	Kändisar (hbtq+)||Kända personer (hbtq+)	Hbtq+-personer som har uppnått berömmelse och brett offentligt erkännande genom uppmärksamhet i massmedia.	
homoit0003896	Lesbiska kändisar	Lesbiska kända personer	Lesbiska personer som har uppnått berömmelse och brett offentligt erkännande genom uppmärksamhet i massmedia.	
homoit0003897	Bög-kändisar	Bögar som är kända personer	Bögar som har uppnått berömmelse och brett offentligt erkännande genom uppmärksamhet i massmedia.	
homoit0003898	Bisexuella kändisar	Bisexuella kända personer	Bisexuella som har uppnått berömmelse och brett offentligt erkännande genom uppmärksamhet i massmedia.	
homoit0003899	Trans-kändisar	Transpersoner som är kända personer	Transpersoner som har uppnått berömmelse och brett offentligt erkännande genom uppmärksamhet i massmedia.	
homoit0003900	Queera kändisar	Queera kända personer	Queera personer som har uppnått berömmelse och brett offentligt erkännande genom uppmärksamhet i massmedia.	
homoit0003901	Ickebinära kändisar	Ickebinära kända personer	Ickebinära som har uppnått berömmelse och brett offentligt erkännande genom uppmärksamhet i massmedia.	
homoit0003902	Kändisar som är intersexpersoner	Kända intersexpersoner	Intersexpersoner som har uppnått berömmelse och brett offentligt erkännande genom uppmärksamhet i massmedia.	
homoit0003903	Kändisar som är Two-spirit-personer	Kända two-spirit-personer	Two-spirit-personer som har uppnått berömmelse och brett offentligt erkännande genom uppmärksamhet i massmedia.	
homoit0003904	Asexuella kändisar	Kända asexuella personer	Asexuella personer som har uppnått berömmelse och brett offentligt erkännande genom uppmärksamhet i massmedia.	
homoit0003905	Aromantiska kändisar	Kända aromantiska personer	Aromantiska personer som har uppnått berömmelse och brett offentligt erkännande genom uppmärksamhet i massmedia.	
homoit0003906	Demisexuella kändisar	Kända demisexuella personer	Demisexuella personer som har uppnått berömmelse och brett offentligt erkännande genom uppmärksamhet i massmedia.	
homoit0003907	Gråromantiska kändisar	Kända gråromantiska personer||Greyromantic-kändisar	Gråromantiska personer som har uppnått berömmelse och brett offentligt erkännande genom uppmärksamhet i massmedia.	
homoit0003908	Megasexuella kändisar	Kända megasexuella personer	Megasexuella personer som har uppnått berömmelse och brett offentligt erkännande genom uppmärksamhet i massmedia.	
homoit0003909	PEP (hiv)	Hiv – postexpositionsprofylax	Medicin som tas efter eventuell hiv-exponering för att förhindra infektion.	
homoit0003910	Transmedikalism		Övertygelsen att det att vara transperson främst är ett medicinskt problem och att både könsdysfori och önskan att genomgå en medicinsk övergång är nödvändiga för att betraktas som ”en riktig” transperson.	
homoit0003911	Överlevnadsguider (hbtq+)		Publikationer skapade för att stödja hbtq+-personer genom att dela råd och kunskap.	
homoit0003912	Överlevnadsguider för lesbiska		Publikationer skapade för att stödja lesbiska genom att dela råd och kunskap.	
homoit0003913	Överlevnadsguider för bögar		Publikationer skapade för att stödja bögar genom att dela råd och kunskap.	
homoit0003914	Överlevnadsguider för bisexuella		Publikationer skapade för att stödja bisexuella genom att dela råd och kunskap.	
homoit0003915	Överlevnadsguider för transpersoner		Publikationer skapade för att stödja transpersoner genom att dela råd och kunskap.	
homoit0003916	Överlevnadsguider för queera personer	Queera överlevnadsguider	Publikationer skapade för att stödja queera personer genom att dela råd och kunskap.	
homoit0003917	Överlevnadsguider för ickebinära		Publikationer skapade för att stödja ickebinära genom att dela råd och kunskap.	
homoit0003918	Överlevnadsguider för intersexpersoner		Publikationer skapade för att stödja intersexpersoner genom att dela råd och kunskap.	
homoit0003919	Överlevnadsguider för Two-spirit-personer		Publikationer skapade för att stödja two-spirit-personer genom att dela råd och kunskap.	
homoit0003920	Polyfamiljer	Polyamorösa familjer	Familjer – biologiska, adoptiva eller valda – där en eller flera individer identifierar sig som polyamorösa.	
homoit0003921	Bög-journalister	Journalister som är bögar	Bögar som samlar information i form av text, ljud eller bilder, bearbetar den till något med nyhetsvärde och sprider det till allmänheten.	
homoit0003922	Lesbiska journalister		Lesbiska som samlar information i form av text, ljud eller bilder, bearbetar den till något med nyhetsvärde och sprider det till allmänheten.	
homoit0003923	Asexuella journalister	Asex-journalister	Asexuella personer som samlar information i form av text, ljud eller bilder, bearbetar den till något med nyhetsvärde och sprider det till allmänheten.	
homoit0003924	Bisexuella journalister	Bi-journalister	Bisexuella som samlar information i form av text, ljud eller bilder, bearbetar den till något med nyhetsvärde och sprider det till allmänheten.	
homoit0003925	Intersexpersoner som är journalister	Intersex-journalister	Intersexpersoner som samlar information i form av text, ljud eller bilder, bearbetar den till något med nyhetsvärde och sprider det till allmänheten.	
homoit0003926	Two-spirit-personer som är journalister	Two spirit-journalister	Two-spirit-personer som samlar information i form av text, ljud eller bilder, bearbetar den till något med nyhetsvärde och sprider det till allmänheten.	
homoit0003927	Queera journalister	Queer-journalister	Queera personer som samlar information i form av text, ljud eller bilder, bearbetar den till något med nyhetsvärde och sprider det till allmänheten.	
homoit0003928	Trans-journalister	Transpersoner som är journalister	Transpersoner som samlar information i form av text, ljud eller bilder, bearbetar den till något med nyhetsvärde och sprider det till allmänheten.	
homoit0003930	Ickebinära journalister		Ickebinära som samlar information i form av text, ljud eller bilder, bearbetar den till något med nyhetsvärde och sprider det till allmänheten.	
homoit0003932	Lesbiska med bröstcancer		Lesbiska som har fått diagnosen bröstcancer, oavsett om de för närvarande genomgår behandling eller inte. Denna term kan även användas för de särskilda utmaningar som lesbiska och/eller deras partners möter när de får cancerbehandling på grund av diskriminering.	
homoit0003933	Journalism (hbtq+)	Hbtq+-journalism	Insamling och redigering av nyheter för presentation via massmedia. Termen inkluderar att intervjua personer, skriva och publicera artiklar, genomföra inspelning och sändning av nyheter etc. Används för journalistik skapad av eller med fokus på hbtq+-grupper.	
homoit0003934	Lesbiska demonstrationer		Marscher, demonstrationer och andra stora, offentliga sammankomster organiserade för att protestera mot diskriminering av lesbiska och förespråka lesbisk synlighet, lesbiskas rättigheter och frågor.	
homoit0003935	Bögdemonstrationer	Demonstrationer för homosexuella män	Marscher, demonstrationer och andra stora, offentliga sammankomster organiserade för att protestera mot diskriminering av bögar och förespråka bögar synlighet, bögar rättigheter och frågor.	
homoit0003936	Bisexuella demonstrationer		Marscher, demonstrationer och andra stora, offentliga sammankomster organiserade för att protestera mot diskriminering av bisexuella och förespråka bisexuellas synlighet, bisexuellas rättigheter och frågor.	
homoit0003937	Queer-demonstrationer	Queera demonstrationer	Marscher, demonstrationer och andra stora, offentliga sammankomster organiserade för att protestera mot diskriminering av queera personer och förespråka queera personers synlighet, queera personer rättigheter och frågor.	
homoit0003938	Intersexdemonstrationer		Marscher, demonstrationer och andra stora, offentliga sammankomster organiserade för att protestera mot diskriminering av intersexpersoner och förespråka intersexpersoners synlighet, intersexpersoners rättigheter och frågor.	
homoit0003939	Two-spirit-demonstrationer		Marscher, demonstrationer och andra stora, offentliga sammankomster organiserade för att protestera mot diskriminering av two-spirit-personer och förespråka two-spirit-personers synlighet, two-spirit-personers rättigheter och frågor.	
homoit0003940	Bisexuell stolthet	Bisexuell pride	Firande och synliggörande av bisexuella personer och bisexuell kultur, vilket därmed bekräftar synlighet, värdighet och mångfalden i bisexuella gemenskaper.	
homoit0003941	Queer stolthet	Queer-pride	Firande och synliggörande av queera personer och queer kultur, vilket därmed bekräftar synlighet, värdighet och mångfalden i queera gemenskaper.	
homoit0003942	Intersex-stolthet	Intersexuell pride||Intersexpride	Firande och synliggörande av intersexpersoner och intersexkultur, vilket därmed bekräftar synlighet, värdighet och mångfalden i intersexgemenskaper.	
homoit0003943	Ickebinär stolthet	Ickebinär pride	Firande och synliggörande av ickebinära personer och ickebinär kultur, vilket därmed bekräftar synlighet, värdighet och mångfalden i ickebinära gemenskaper.	
homoit0003944	Asexuell stolthet	Asexuell pride	Firande och synliggörande av asexuella personer och asexuell kultur, vilket därmed bekräftar synlighet, värdighet och mångfalden i queera gemenskaper.	
homoit0003945	Two-spirit-stolthet	Two-spirit-pride	Firande och synliggörande av two-spirit-personer och two-spirit-kultur, vilket därmed bekräftar synlighet, värdighet och mångfalden i two-spirit-gemenskaper.	
homoit0003946	Dansare (hbtq+)		Hbtq+-personer som dansar, professionellt eller som hobby.	
homoit0003947	Lesbiska dansare		Lesbiska som dansar, professionellt eller som hobby.	
homoit0003948	Bögdansare	Manliga homosexuella dansare	Bögar som dansar, professionellt eller som hobby.	
homoit0003949	Bisexuella dansare		Bisexuella som dansar, professionellt eller som hobby.	
homoit0003950	Transdansare	Transpersoner som är dansare	Transpersoner som dansar, professionellt eller som hobby.	
homoit0003951	Queera dansare		Queera personer som dansar, professionellt eller som hobby.	
homoit0003952	Ickebinära dansare		Ickebinära som dansar, professionellt eller som hobby.	
homoit0003953	Intersexpersoner som är dansare	Intersexdansare	Intersexpersoner som dansar, professionellt eller som hobby.	
homoit0003954	Two-spirit-dansare	Two-spirit-personer som är dansare	Two-spirit-personer som dansar, professionellt eller som hobby.	
homoit0003955	Makeupartister (hbtq+)	Sminkörer (hbtq+)	Hbtq+-personer som sminkar sig själva eller andra, antingen professionellt eller som hobby.	
homoit0003956	Lesbiska makeupartister	Lesbiska sminkörer	Lesbiska som sminkar sig själva eller andra, antingen professionellt eller som hobby.	
homoit0003957	Bögar som är makeupartister	Homosexuella manliga makeupartister||Bögar som är makeupartister	Bögar som sminkar sig själva eller andra, antingen professionellt eller som hobby.	
homoit0003958	Bisexuella makeupartister	Bisexuella sminkörer	Bisexuella personer som sminkar sig själva eller andra, antingen professionellt eller som hobby.	
homoit0003959	Trans-makeupartister	Transpersoner som är makeupartister||Transpersoner som är sminkörer||Trans-sminkörer	Transpersoner som sminkar sig själva eller andra, antingen professionellt eller som hobby.	
homoit0003960	Queera makeupartister	Queera sminkörer	Queera personer som sminkar sig själva eller andra, antingen professionellt eller som hobby.	
homoit0003961	Ickebinära makeupartister	Ickebinära sminkörer	Ickebinära personer som sminkar sig själva eller andra, antingen professionellt eller som hobby.	
homoit0003962	Intersexpersoner som är makeupartister	Intersexpersoner som är sminkörer||Intersex-makeupartister	Intersexpersoner som sminkar sig själva eller andra, antingen professionellt eller som hobby.	
homoit0003963	Two-spirit-makeupartister	Two-spirit-sminkörer	Two-spirit-personer som sminkar sig själva eller andra, antingen professionellt eller som hobby.	
homoit0003964	Smink (hbtq+)	Makeup och hbtq+-gemenskaper||Smink och hbtq+-gemenskaper||Makeup (hbtq+)	Förhållandet mellan hbtq+-grupper och makeupkonst, -varumärken och -industri. Inkluderar diskussioner om sminktekniker som uppstått i hbtq+-subkulturer, sminkets roll i köns- och sexuella uttryck, samt inkludering och representation av hbtq+-personer i kosmetikaindustrin.	
homoit0003965	Modedesigners (hbtq+)		Hbtq+-personer som designar och skapar kläder, accessoarer och skor.	
homoit0003966	Lesbiska modedesigners		Lesbiska som designar och skapar kläder, accessoarer och skor.	
homoit0003967	Bögar som är modedesigners	Homosexuella manliga modedesigners	Bögar som designar och skapar kläder, accessoarer och skor.	
homoit0003968	Bisexuella modedesigners		Bisexuella personer som designar och skapar kläder, accessoarer och skor.	
homoit0003969	Transpersoner som är modedesigners		Transpersoner som designar och skapar kläder, accessoarer och skor.	
homoit0003970	Queera modedesigners		Queera personer som designar och skapar kläder, accessoarer och skor.	
homoit0003971	Ickebinära modedesigners		Ickebinära som designar och skapar kläder, accessoarer och skor.	
homoit0003972	Intersexpersoner som är modedesigners		Intersexpersoner som designar och skapar kläder, accessoarer och skor.	
homoit0003973	Two-spirit-personer som är modedesigners		Two-spirit-personer som designar och skapar kläder, accessoarer och skor.	
homoit0003974	Warmipangui		Bland Canelos-Quichua, ett av de inhemska kichwa-folken i ecuadorianska delen av Amazonas, används denna term för att hänvisa till personer som tilldelades manligt kön vid födseln men har förmågan att växla mellan feminin och maskulin.	
homoit0003984	Transmedikalister		Personer som anser att trans främst är ett medicinskt problem och att både könsdysfori och önskan att genomgå en medicinsk övergång är nödvändiga för att betraktas som ”en riktig” transperson.	
homoit0003985	Krononormativitet		Term som används för att beskriva hur mänskliga liv och erfarenheter förväntas följa specifika, linjära mönster över tid i enlighet med normativa ramverk. Detta inkluderar förväntningar på hur länge och vilka timmar människor arbetar, i syfte att uppnå maximal produktivitet, samt förväntningar på att människor ska nå milstolpar i livet, såsom att ta studenten, gifta sig och skaffa barn, vid specifika åldrar och i en viss ordning.	
homoit0003986	Crip-tid	Crip tid||Crippad tid	Term som används för att beskriva hur personer med funktionshinder och kroniskt sjuka personer upplever och förhåller sig till tid på ett annat sätt än vad som förväntas enligt sociala normer. Enligt Alison Kafer, citerad i en artikel publicerad av Ellen Samuels, ”snarare än att böja funktionshindrade kroppar och sinnen för att möta klockan, böjer den crippade tiden klockan för att möta funktionshindrade kroppar och sinnen”.	
homoit0003987	Queer-tid	Queer tid	Term som används för att beskriva hur queera personer upplever och förhåller sig till tid på ett annat sätt än vad som förväntas enligt sociala normer. Detta kan inkludera försenad eller icke-linjär utveckling innan de kommer ut, splittrade livsbanor och en känsla av förestående dödlighet, särskilt under aidsepidemin.	
homoit0003988	Vit-tid	Vittid	Term som används för att beskriva rasifieringen av tid i ett samhälle med vit överhöghet, vilket resulterar i ojämlik tidsmässig tillgång till institutioner, resurser, makt etc. Denna term hänvisar också till hur icke-vita människor förväntas anpassa sig till specifika, linjära mönster över tid, såväl som beräkningen av tid och historia genom vita, västerländska förväntningar på framsteg och produktivitet.	
homoit0003989	Obligatorisk heterosexualitet	Compulsory heterosexuality||Tvångsheterosexualitet	Term myntad av Adrienne Rich 1980 för att beskriva idén att heterosexualitet antas och påtvingas människor i patriarkala samhällen för att säkerställa kvinnors fortsatta underkuvande. Således är heterosexualitet, och särskilt kvinnors sexuella intresse för män, inte alltid naturligt utan är istället inrotat som ett socialt krav från tidig ålder.	
homoit0003990	Psykologi (hbtq+)	Hbtq+-psykologi	Ett underområde inom psykologi som fokuserar på studier och vård av hbtq+-personer utifrån deras upplevelser, välbefinnande och mentala hälsa.	
homoit0003991	Konst och media (hbtq+)	Hbtq+-personer inom konst och media	Paraplyterm för skildringen av hbtq+-personer och hbtq+-grupper inom olika former av kreativ aktivitet och kulturell produktion, inklusive litteratur, bildkonst och populärmedia. Använd mer specifika termer om möjligt.	
homoit0003992	Lesbiska inom konst och media		Paraplyterm för skildringen av lesbiska och lesbiska grupper inom olika former av kreativ aktivitet och kulturell produktion, inklusive litteratur, bildkonst och populärmedia. Använd mer specifika termer om möjligt.	
homoit0003993	Bögar inom konst och media		Paraplyterm för skildringen av bögar och böggrupper inom olika former av kreativ aktivitet och kulturell produktion, inklusive litteratur, bildkonst och populärmedia. Använd mer specifika termer om möjligt.	
homoit0003994	Bisexuella inom konst och media		Paraplyterm för skildringen av bisexuella och bisexuella grupper i olika former av kreativ aktivitet och kulturell produktion, inklusive litteratur, bildkonst och populärmedia. Använd mer specifika termer om möjligt.	
homoit0003995	Transpersoner inom konst och media		Paraplyterm för skildringen av transpersoner och transgrupper i olika former av kreativ aktivitet och kulturell produktion, inklusive litteratur, bildkonst och populärmedia. Använd mer specifika termer om möjligt.	
homoit0003996	Queera personer inom konst och media		Paraplyterm för skildringen av queera personer och queera grupper i olika former av kreativ aktivitet och kulturell produktion, inklusive litteratur, bildkonst och populärmedia. Använd mer specifika termer om möjligt.	
homoit0003997	Intersexpersoner inom konst och media		Paraplyterm för skildringen av intersexpersoner och intersexgrupper i olika former av kreativ aktivitet och kulturell produktion, inklusive litteratur, bildkonst och populärmedia. Använd mer specifika termer om möjligt.	
homoit0003998	Ickebinära inom konst och media		Paraplyterm för skildringen av ickebinära och ickebinära grupper i olika former av kreativ aktivitet och kulturell produktion, inklusive litteratur, bildkonst och populärmedia. Använd mer specifika termer om möjligt.	
homoit0003999	Two-spirit-personer inom konst och media		Paraplyterm för skildringen av two-spirit-personer och two-spirit-grupper i olika former av kreativ aktivitet och kulturell produktion, inklusive litteratur, bildkonst och populärmedia. Använd mer specifika termer om möjligt.	
homoit0004000	Visuell konst (hbtq+)	Hbtq+-personer i bildkonst||Bildkonst (hbtq+)||Hbtq+-personer i visuell konst	Skildringen av hbtq+-personer och hbtq+-gemenskaper i bildkonst, inklusive måleri, performancekonst, skulptur, fotografi, film och andra visuella uttryck.	
homoit0004001	Lesbiska i visuell konst	Lesbiska i bildkonst	Skildringen av lesbiska och lesbiska gemenskaper i bildkonst, inklusive måleri, performancekonst, skulptur, fotografi, film och andra visuella uttryck.	
homoit0004002	Bögar i visuell konst	Bögar i bildkonst	Skildringen av bögar och böggemenskaper i bildkonst, inklusive måleri, performancekonst, skulptur, fotografi, film och andra visuella uttryck.	
homoit0004003	Bisexuella i visuell konst	Bisexuella i bildkonst	Skildringen av bisexuella och bisexuella gemenskaper i bildkonst, inklusive måleri, performancekonst, skulptur, fotografi, film och andra visuella uttryck.	
homoit0004004	Transpersoner i visuell konst	Transpersoner i bildkonst	Skildringen av transpersoner och transgemenskaper i bildkonst, inklusive måleri, performancekonst, skulptur, fotografi, film och andra visuella uttryck.	
homoit0004005	Queera personer i visuell konst	Queera personer i bildkonst	Skildringen av queera personer och queera gemenskaper i bildkonst, inklusive måleri, performancekonst, skulptur, fotografi, film och andra visuella uttryck.	
homoit0004006	Intersexpersoner i visuell konst	Intersexpersoner i bildkonst	Skildringen av intersexpersoner och intersexgemenskaper i bildkonst, inklusive måleri, performancekonst, skulptur, fotografi, film och andra visuella uttryck.	
homoit0004007	Ickebinära i visuell konst	Ickebinära i bildkonst	Skildringen av ickebinära och ickebinära gemenskaper i bildkonst, inklusive måleri, performancekonst, skulptur, fotografi, film och andra visuella uttryck.	
homoit0004008	Two-spirit-personer i visuell konst	Two-spirit-personer i bildkonst	Skildringen av two-spirit-personer och two-spirit-gemenskaper i bildkonst, inklusive måleri, performancekonst, skulptur, fotografi, film och andra visuella uttryck.	
homoit0004009	Hbtq+-personer i massmedia	Massmedia (hbtq+)	Skildringen av hbtq+-personer i olika kommunikationskanaler som når en stor publik samtidigt, inklusive tidningar, tv, radio, reklam och internet.	
homoit0004010	Lesbiska i massmedia		Skildringen av lesbiska i olika kommunikationskanaler som når en stor publik samtidigt, inklusive tidningar, tv, radio, reklam och internet.	
homoit0004011	Bögar i massmedia	Homosexuella män i massmedia	Skildringen av bögar i olika kommunikationskanaler som når en stor publik samtidigt, inklusive tidningar, tv, radio, reklam och internet.	
homoit0004012	Bisexuella personer i massmedia		Skildringen av bisexuella personer i olika kommunikationskanaler som når en stor publik samtidigt, inklusive tidningar, tv, radio, reklam och internet.	
homoit0004013	Transpersoner i massmedia		Skildringen av transpersoner i olika kommunikationskanaler som når en stor publik samtidigt, inklusive tidningar, tv, radio, reklam och internet.	
homoit0004014	Queera personer i massmedia		Skildringen av queera personer i olika kommunikationskanaler som når en stor publik samtidigt, inklusive tidningar, tv, radio, reklam och internet.	
homoit0004015	Intersexpersoner i massmedia		Skildringen av intersexpersoner i olika kommunikationskanaler som når en stor publik samtidigt, inklusive tidningar, tv, radio, reklam och internet.	
homoit0004016	Ickebinära i massmedia		Skildringen av ickebinära personer i olika kommunikationskanaler som når en stor publik samtidigt, inklusive tidningar, tv, radio, reklam och internet.	
homoit0004017	Two-spirit-personer i massmedia		Skildringen av two-spirit-personer i olika kommunikationskanaler som når en stor publik samtidigt, inklusive tidningar, tv, radio, reklam och internet.	
homoit0004018	Hbtq+-personer i litteraturen		Skildringen av hbtq+-personer i litteraturen.	
homoit0004019	Lesbiska i litteraturen		Skildringen av lesbiska i litteraturen.	
homoit0004020	Bögar i litteraturen		Skildringen av lesbiska i litteraturen.	
homoit0004021	Bisexuella i litteraturen		Skildringen av bisexuella i litteraturen.	
homoit0004022	Transpersoner i litteraturen		Skildringen av transpersoner i litteraturen.	
homoit0004023	Queera personer i litteraturen		Skildringen av queera personer i litteraturen.	
homoit0004024	Intersexpersoner i litteraturen		Skildringen av intersexpersoner i litteraturen.	
homoit0004025	Ickebinära i litteraturen		Skildringen av ickebinära i litteraturen.	
homoit0004026	Two-spirit-personer i litteraturen		Skildringen av two-spirit-personer i litteraturen.	
homoit0004144	Ainu (hbtq+)		Hbtq+-personer som tillhör ainufolket, ett urfolk med historisk hemvist i Ainu Mosir, ainufolkets traditionella landområde, i det som nu kallas Japan. Används endast för personer som identifierar sig som ainu.	
homoit0004145	Lesbiska ainu		Lesbiska som tillhör ainufolket, ett urfolk med historisk hemvist i Ainu Mosir, ainufolkets traditionella landområde, i det som nu kallas Japan. Används endast för personer som identifierar sig som ainu.	
homoit0004146	Bögar som är ainu	Homosexuella män som är ainu	Bögar som tillhör ainufolket, ett urfolk med historisk hemvist i Ainu Mosir, ainufolkets traditionella landområde, i det som nu kallas Japan. Används endast för personer som identifierar sig som ainu.	
homoit0004147	Bisexuella ainu		Bisexuella som tillhör ainufolket, ett urfolk med historisk hemvist i Ainu Mosir, ainufolkets traditionella landområde, i det som nu kallas Japan. Används endast för personer som identifierar sig som ainu.	
homoit0004148	Transpersoner som är ainu		Transpersoner som tillhör ainufolket, ett urfolk med historisk hemvist i Ainu Mosir, ainufolkets traditionella landområde, i det som nu kallas Japan. Används endast för personer som identifierar sig som ainu.	
homoit0004149	Queera ainu		Queera personer som tillhör ainufolket, ett urfolk med historisk hemvist i Ainu Mosir, ainufolkets traditionella landområde, i det som nu kallas Japan. Används endast för personer som identifierar sig som ainu.	
homoit0004150	Intersexpersoner som är ainu		Intersexpersoner som tillhör ainufolket, ett urfolk med historisk hemvist i Ainu Mosir, ainufolkets traditionella landområde, i det som nu kallas Japan. Används endast för personer som identifierar sig som ainu.	
homoit0004151	Ickebinära ainu		Ickebinära som tillhör ainufolket, ett urfolk med historisk hemvist i Ainu Mosir, ainufolkets traditionella landområde, i det som nu kallas Japan. Används endast för personer som identifierar sig som ainu.	
homoit0004152	Asexuella ainu		Asexuella personer som tillhör ainufolket, ett urfolk med historisk hemvist i Ainu Mosir, ainufolket traditionella landområde, i det som nu kallas Japan. Används endast för personer som identifierar sig som ainu.	
homoit0004153	Ryukyupersoner (hbtq+)		Hbtq+-personer som tillhör ryukyuanfolket, en etnisk grupp och urfolk från Ryukyuöarna, i det som nu kallas Japan. Används endast för personer som identifierar sig som ryukyuan.	
homoit0004154	Lesbiska ryukyupersoner		Lesbiska som tillhör ryukyuanfolket, en etnisk grupp och urfolk från Ryukyuöarna, i det som nu kallas Japan. Används endast för personer som identifierar sig som ryukyuan.	
homoit0004155	Ryukyupersoner som är bögar		Bögar som tillhör ryukyuanfolket, en etnisk grupp och urfolk från Ryukyuöarna, i det som nu kallas Japan. Används endast för personer som identifierar sig som ryukyuan.	
homoit0004156	Bisexuella ryukyupersoner		Bisexuella personer som tillhör ryukyuanfolket, en etnisk grupp och urfolk från Ryukyuöarna, i det som nu kallas Japan. Används endast för personer som identifierar sig som ryukyuan.	
homoit0004157	Ryukyupersoner som är trans		Transpersoner som tillhör ryukyuanfolket, en etnisk grupp och urfolk från Ryukyuöarna, i det som nu kallas Japan. Används endast för personer som identifierar sig som ryukyuan.	
homoit0004158	Queera ryukyupersoner		Queera personer som tillhör ryukyuanfolket, en etnisk grupp och urfolk från Ryukyuöarna, i det som nu kallas Japan. Används endast för personer som identifierar sig som ryukyuan.	
homoit0004159	Ryukyupersoner som är intersex		Intersexpersoner som tillhör ryukyuanfolket, en etnisk grupp och urfolk från Ryukyuöarna, i det som nu kallas Japan. Används endast för personer som identifierar sig som ryukyuan.	
homoit0004160	Ickebinära ryukyupersoner		Ickebinära personer som tillhör ryukyuanfolket, en etnisk grupp och urfolk från Ryukyuöarna, i det som nu kallas Japan. Används endast för personer som identifierar sig som ryukyuan.	
homoit0004161	Asexuella ryukyupersoner		Asexuella personer som tillhör ryukyuanfolket, en etnisk grupp och urfolk från Ryukyuöarna, i det som nu kallas Japan. Används endast för personer som identifierar sig som ryukyuan.	
homoit0004162	Samer (hbtq+)		Hbtq+-personer som tillhör det samiska urfolket i Sápmi, traditionellt förbundet med de samiska språken och områden som idag omfattar stora delar av Norge, Sverige, Finland och Kolahalvön i Ryssland. Används endast för personer som identifierar sig som samer.	
homoit0004163	Asexuella samer		Asexuella som tillhör det samiska urfolket i Sápmi, traditionellt förbundet med de samiska språken och områden som idag omfattar stora delar av Norge, Sverige, Finland och Kolahalvön i Ryssland. Används endast för personer som identifierar sig som samer.	
homoit0004164	Bisexuella samer		Bisexuella som tillhör det samiska urfolket i Sápmi, traditionellt förbundet med de samiska språken och områden som idag omfattar stora delar av Norge, Sverige, Finland och Kolahalvön i Ryssland. Används endast för personer som identifierar sig som samer.	
homoit0004165	Samiska bögar	Bögsamer||Homosexuella manliga samer||Samer som är bögar	Bögar som tillhör det samiska urfolket i Sápmi, traditionellt förbundet med de samiska språken och områden som idag omfattar stora delar av Norge, Sverige, Finland och Kolahalvön i Ryssland. Används endast för personer som identifierar sig som samer.	
homoit0004166	Lesbiska samer		Lesbiska som tillhör det samiska urfolket i Sápmi, traditionellt förbundet med de samiska språken och områden som idag omfattar stora delar av Norge, Sverige, Finland och Kolahalvön i Ryssland. Används endast för personer som identifierar sig som samer.	
homoit0004167	Samiska intersexpersoner	Samer som är intersexpersoner	Intersexpersoner som tillhör det samiska urfolket i Sápmi, traditionellt förbundet med de samiska språken och områden som idag omfattar stora delar av Norge, Sverige, Finland och Kolahalvön i Ryssland. Används endast för personer som identifierar sig som samer.	
homoit0004168	Ickebinära samer		Ickebinära som tillhör det samiska urfolket i Sápmi, traditionellt förbundet med de samiska språken och områden som idag omfattar stora delar av Norge, Sverige, Finland och Kolahalvön i Ryssland. Används endast för personer som identifierar sig som samer.	
homoit0004169	Queera samer		Queera personer som tillhör det samiska urfolket i Sápmi, traditionellt förbundet med de samiska språken och områden som idag omfattar stora delar av Norge, Sverige, Finland och Kolahalvön i Ryssland. Används endast för personer som identifierar sig som samer.	
homoit0004170	Samiska transpersoner		Transpersoner som tillhör det samiska urfolket i Sápmi, traditionellt förbundet med de samiska språken och områden som idag omfattar stora delar av Norge, Sverige, Finland och Kolahalvön i Ryssland. Används endast för personer som identifierar sig som samer.	
homoit0004225	Two-spirit-personer som använder substanser	Droganvändning hos two-spirit-personer||Two-spirit-personer som använder droger||Two-spirit-personer som knarkar||Two-spirit-personer som använder substanser	Paraplyterm för two-spirit-personer som använder substanser (ofta sådana som betraktas som skadliga eller är juridiskt reglerade, som alkohol eller droger), oavsett syfte. Använd mer specifika termer om möjligt.	
homoit0004226	Two-spirit-personer som använder substanser i medicinskt syfte		Two-spirit-personer som använder substanser (såsom alkohol eller droger) för att hantera smärta och andra symtom kopplade till en sjukdom eller funktionsnedsättning.	
homoit0004227	Two-spirit-personer som använder substanser i rekreationssyfte		Användning av substanser (som alkohol eller droger) av Two-spirit-personer i rekreationellt eller socialt syfte.	
homoit0004228	Two-spirit-personer med beroende		Paraplybegrepp för two-spirit-personer som upplever beroendeproblematik, beroende eller substansbrukssyndrom av något slag. Används endast för personer som själva beskriver sig som att de har ett beroende. Mer specifika termer bör användas när det är möjligt.	
homoit0004229	Two-spirit-personer med alkoholbrukssyndrom	Alkoholberoende hos Two-spirit-personer||Alkoholmissbruk hos Two-spirit-personer||Alkoholmissbrukande Two-spirit-personer||Two-spirit-personer med alkoholberoende||Two-spirit-personer med alkoholmissbruk||Two-spirit-personer som lever i alkoholberoende||Two-spirit-personer som lever i alkoholmissbruk||Two-spirit-personer som missbrukar alkohol||Two-spirit-personer som är beroende av alkohol	Two-spirit-personer som har diagnostiserats med eller själva uppfattar sig ha ett alkoholbrukssyndrom, ett medicinskt tillstånd som innebär ett alkoholanvändande som är svårt att kontrollera, påverkar individens liv negativt och kan leda till abstinenssymtom vid avbrott. Används endast för personer som själva beskriver sig som att de har ett alkoholbrukssyndrom. Följ individens eget språkbruk när det gäller om de föredrar att använda termen alkoholbrukssyndrom eller beroende.	
homoit0004230	Two-spirit-personer med substansbrukssyndrom		Two-spirit-personer som har diagnostiserats med eller själva uppfattar sig ha ett substansbrukssyndrom, ett medicinskt tillstånd som innebär ett substansbruk som är svårt att kontrollera, påverkar individens liv negativt och kan leda till abstinenssymtom vid avbrott. Används endast för personer som själva beskriver sig som att de har ett substansbrukssyndrom. Följ individens eget språkbruk när det gäller om de föredrar termen substansbrukssyndrom eller beroende.	
homoit0004231	Nyktra two-spirit-personer		Two-spirit-personer som medvetet avstår från att använda substanser (vanligtvis alkohol eller droger). Följ individens eget språkbruk om de föredrar ”nykterhet” eller ”återhämtning”.	
homoit0004232	Two-spirit-personer i återhämtning	Two-spirit-personer i 12-stegsprogram||Two-spirit-personer i avvänjning	Two-spirit-personer som befinner sig i återhämtning från substansbrukssyndrom, skadligt bruk eller beroendeproblematik. Följ individens eget språkbruk när det gäller om de föredrar att beskriva sin situation som återhämtning eller nykterhet.	
homoit0004233	Two-spirit-personer i stödgrupper		Two-spirit-personer som är medlemmar i stödgrupper, det vill säga frivilliga sammanslutningar av personer som befinner sig i återhämtning från substansbrukssyndrom, skadligt bruk eller beroendeproblematik.	
homoit0004234	Sexualitetsstudier		Ett tvärvetenskapligt område som studerar de sociala, kulturella och historiska dimensionerna av sex och sexualitet.	
homoit0004262	Socialt arbete med unga hbtq+-personer	Socialt arbete med hbtq+-ungdomar	Arbete där utbildade yrkesverksamma personer strävar efter att tillgodose hbtq+-ungdomars unika behov och upplevelser, till exempel genom bekräftande, stödjande och hbtq+-kulturellt kompetenta insatser. Detta inkluderar att stödja deras känslomässiga, psykiska och fysiska välbefinnande, samt att förespråka deras rättigheter och behov inom olika system, som skolor, familjer och gemenskaper.	
homoit0004291	Paragraf 175		§Paragraf 175, officiellt känd som §§ 175 StGB och även kallad Section 175 på engelska, var en bestämmelse i den tyska strafflag som antogs efter Tysklands enande 1871. Den kriminaliserade sexuella handlingar mellan män - förslag om att inkludera även sexuella handlingar mellan kvinnor infördes aldrig i lagstiftningen. Paragrafen utgjorde det främsta målet för de tidiga tyska sexualpolitiska rörelserna, med namninsamlingar för dess avskaffande i omlopp från 1897 och framåt. Ett avskaffningsförsök gjordes 1929, men den oroliga politiska situationen, med osäkra parlamentariska majoriteter och det växande nazipartiet, omöjligjorde genomförandet. Skärpningar i paragrafen införda av nazisterna ledde till att de som dömdes ofta internerades i koncentrationsläger. Efter andra världskriget användes paragrafen för fortsatt fängslande och förvägran av skadestånd till de som dömts. 1968 avskaffades paragrafen i Östtyskland, efter att i praktiken ha slutat tillämpas 1958. Västtyskland bibehöll de skärpta bestämmelserna från nazitiden, men efter successiva ändringar åtalades efter 1973 bara fall som involverade personer under 18 år. Paragrafen avskaffades slutligen 1994 i och med sammanslagningen av Öst- och Västtysklands lagstiftningar.§	
homoit0004292	Lesbiska romer		Lesbiska som är romer eller härstammar från detta traditionellt nomadiska indoeuropeiska folk. Används endast för personer som identifierar sig som romer.	
homoit0004293	Bögar som är romer		Bögar som är romer eller härstammar från detta traditionellt nomadiska indoeuropeiska folk. Används endast för personer som identifierar sig som romer.	
homoit0004294	Skyltar för hbtq+-barer		Visuella skyltar, banderoller och annan grafik som marknadsför barer och liknande som främst riktar sig till hbtq+-personer. Skyltarna kan vara placerade både utanför och inne i verksamheten.	
homoit0004295	Historiska skildringar (hbtq+)	Historiska romaner (hbtq+)	Skönlitterära verk där intriger vävs samman med verkliga historiska händelser och miljöer. Används för historiska skildringar med fokus på hbtq+-karaktärer eller teman.	
homoit0004296	Historiska skildringar om māhū	Historiska romaner om māhū	Skönlitterära verk som utspelar sig i historisk tid, med verkliga händelser och miljöer. Används för historiska skildringar med fokus på māhū-karaktärer eller teman.	
homoit0004297	Historiska skildringar om two-spirit-personer	Historiska romaner om two-spirit-personer	Skönlitterära verk som utspelar sig i historisk tid, med verkliga händelser och miljöer. Används för historiska skildringar med fokus på two-spirit-karaktärer eller teman.	
homoit0004298	Asexuella historiska skildringar	Asexuella historiska romaner	Skönlitterära verk som utspelar sig i historisk tid, med verkliga händelser och miljöer. Används för historiska skildringar med fokus på asexuella karaktärer eller teman.	
homoit0004299	Bisexuella historiska skildringar	Bisexuella historiska romaner	Skönlitterära verk som utspelar sig i historisk tid, med verkliga händelser och miljöer. Används för historiska skildringar med fokus på bisexuella karaktärer eller teman.	
homoit0004300	Historiska skildringar om bögar	Historiska skildringar om homosexuella män||Historiska romaner om bögar||Historiska romaner om homosexuella män	Skönlitterära verk som utspelar sig i historisk tid, med verkliga händelser och miljöer. Används för historiska skildringar med fokus på bögkaraktärer eller teman.	
homoit0004301	Historiska skildringar om intersexpersoner	Historiska romaner om intersexpersoner	Skönlitterära verk som utspelar sig i historisk tid, med verkliga händelser och miljöer. Används för historiska skildringar med fokus på intersex-karaktärer eller teman.	
homoit0004302	Lesbiska historiska skildringar	Lesbiska historiska romaner	Skönlitterära verk som utspelar sig i historisk tid, med verkliga händelser och miljöer. Används för historiska skildringar med fokus på lesbiska karaktärer eller teman.	
homoit0004303	Ickebinära historiska skildringar	Ickebinära historiska romaner	Skönlitterära verk som utspelar sig i historisk tid, med verkliga händelser och miljöer. Används för historiska skildringar med fokus på ickebinära karaktärer eller teman.	
homoit0004304	Queera historiska skildringar	Queera historiska romaner	Skönlitterära verk som utspelar sig i historisk tid, med verkliga händelser och miljöer. Används för historiska skildringar med fokus på queera karaktärer eller teman.	
homoit0004305	Historiska skildringar om transpersoner	Historiska romaner om transpersoner	Skönlitterära verk som utspelar sig i historisk tid, med verkliga händelser och miljöer. Används för historiska skildringar med fokus på transkaraktärer eller teman.	
homoit0004306	Vetenskapliga tidskrifter (hbtq+)		Vetenskapliga tidskrifter med fokus på hbtq+-identiteter, frågor eller kulturer. Använd mer specifik term om möjligt.	
homoit0004307	Lesbiska vetenskapliga tidskrifter		Vetenskapliga tidskrifter med fokus på lesbiska identiteter, frågor eller kulturer.	
homoit0004308	Vetenskapliga bögtidskrifter	Vetenskapliga tidskrifter om homosexuella män	Vetenskapliga tidskrifter med fokus på bögars identiteter, frågor eller kulturer.	
homoit0004309	Bisexuella vetenskapliga tidskrifter		Vetenskapliga tidskrifter med fokus på bisexuella identiteter, frågor eller kulturer.	
homoit0004310	Vetenskapliga transtidskrifter		Vetenskapliga tidskrifter med fokus på transidentiteter, frågor som rör transpersoner eller transkultur.	
homoit0004311	Queera vetenskapliga tidskrifter		Vetenskapliga tidskrifter med fokus på queera identiteter, frågor eller kulturer.	
homoit0004312	Vetenskapliga two-spirit-tidskrifter		Vetenskapliga tidskrifter med fokus på two-spirit-identiteter, frågor eller kulturer.	
homoit0004313	Vetenskapliga intersextidskrifter		Vetenskapliga tidskrifter med fokus på intersexpersoner, frågor eller kulturer.	
homoit0004314	Asexuella vetenskapliga tidskrifter		Vetenskapliga tidskrifter med fokus på asexuella identiteter, frågor eller kulturer.	
homoit0004315	Ickebinära vetenskapliga tidskrifter		Vetenskapliga tidskrifter med fokus på ickebinära identiteter, frågor eller kulturer.	
homoit0004316	Teckenspråkstecken (hbtq+)		Tecken använda i teckenspråk för att beskriva hbtq+-personer, -kulturer och relaterad terminologi.	
homoit0004317	Hbtq+-poddar	Hbtq+-podcaster	Inspelade radioprogram (inslag av video kan förekomma) med återkommande programledare och innehåll om/för hbtq+-personer och/eller hbtq+-frågor som är digitalt tillgängliga genom streaming eller nedladdning. Poddar är vanligen uppdelade i episoder och kan ha olika gäster.	
homoit0004318	Lesbiska poddar	Lesbiska podcaster	Inspelade radioprogram (inslag av video kan förekomma) med återkommande programledare och innehåll om/för lesbiska och/eller lesbiska frågor som är digitalt tillgängliga genom streaming eller nedladdning. Poddar är vanligen uppdelade i episoder och kan ha olika gäster.	
homoit0004319	Bögpoddar	Bögpodcaster	Inspelade radioprogram (inslag av video kan förekomma) med återkommande programledare och innehåll om/för bögar och/eller bögfrågor som är digitalt tillgängliga genom streaming eller nedladdning. Poddar är vanligen uppdelade i episoder och kan ha olika gäster.	
homoit0004320	Bisexuella poddar	Bisexuella podcaster	Inspelade radioprogram (inslag av video kan förekomma) med återkommande programledare och innehåll om/för bisexuella och/eller bisexuella frågor som är digitalt tillgängliga genom streaming eller nedladdning. Poddar är vanligen uppdelade i episoder och kan ha olika gäster.	
homoit0004321	Transpoddar	Transpodcaster||Transpodcasts	Inspelade radioprogram (inslag av video kan förekomma) med återkommande programledare och innehåll om/för transpersoner och/eller transfrågor som är digitalt tillgängliga genom streaming eller nedladdning. Poddar är vanligen uppdelade i episoder och kan ha olika gäster.	
homoit0004322	Queera poddar	Queera podcaster	Inspelade radioprogram (inslag av video kan förekomma) med återkommande programledare och innehåll om/för queera personer och/eller queera frågor som är digitalt tillgängliga genom streaming eller nedladdning. Poddar är vanligen uppdelade i episoder och kan ha olika gäster.	
homoit0004323	Ickebinära poddar	Ickebinära podcaster	Inspelade radioprogram (inslag av video kan förekomma) med återkommande programledare och innehåll om/för ickebinära personer och/eller ickebinära frågor som är digitalt tillgängliga genom streaming eller nedladdning. Poddar är vanligen uppdelade i episoder och kan ha olika gäster.	
homoit0004324	Asexuella poddar	Asexuella podcaster	Inspelade radioprogram (inslag av video kan förekomma) med återkommande programledare och innehåll om/för asexuella personer och/eller asexuella frågor som är digitalt tillgängliga genom streaming eller nedladdning. Poddar är vanligen uppdelade i episoder och kan ha olika gäster.	
homoit0004325	Two-spirit-poddar	Two-spirit-podcaster	Inspelade radioprogram (inslag av video kan förekomma) med återkommande programledare och innehåll om/för two-spirit-personer och/eller two-spirit-frågor som är digitalt tillgängliga genom streaming eller nedladdning. Poddar är vanligen uppdelade i episoder och kan ha olika gäster.	
homoit0004326	Intersexpoddar	Intersex-podcaster	Inspelade radioprogram (inslag av video kan förekomma) med återkommande programledare och innehåll om/för intersexpersoner och/eller intersexfrågor som är digitalt tillgängliga genom streaming eller nedladdning. Poddar är vanligen uppdelade i episoder och kan ha olika gäster.	
homoit0004327	Personer som detransitionerat	Detransitionerande personer||Detransitionerade personer||Detranspersoner	Personer som upphör med eller återgår från en könstransition, socialt och/eller medicinskt, oavsett skäl. Orsakerna kan inkludera hälsoskäl, bristande stöd, ekonomiska skäl, personlig säkerhet eller en förändrad förståelse för - eller relation till - den egna könstillhörigheten. Detransition kan vara tillfällig eller permanent. Detransitionerande personer kan fortfarande identifiera sig som trans eller under transparaplyet. Används endast för personer som identifierar sig som detrans eller detransitionerande.	
homoit0004328	Metadata för hbtq+-resurser		Verk som behandlar praxis och frågor kring katalogisering och andra beskrivande metadata för resurser av och/eller om hbtq+-personer, frågor och kulturer, i samlingsförvaltande institutioner som bibliotek, arkiv och museum.	
homoit0004329	Ickebinära politiska aktivister		Ickebinära personer som verkar för politisk eller social förändring genom offentlig organisering och mobilisering.	
homoit0004330	Ickebinär politisk aktivism		Direkt aktion och organisering för att uppnå politisk eller social förändring, kroppslig autonomi och acceptans för ickebinära personer.	
homoit0004331	Metadata för resurser om trans och könsdiversitet		Verk som behandlar praxis och frågor kring katalogisering och andra beskrivande metadata för resurser av och/eller om trans- och könsdiversa personer, frågor och kulturer, i samlingsförvaltande institutioner som bibliotek, arkiv och museum.	
homoit0004332	Lavendeläktenskap		Äktenskap mellan en man och en kvinna med olika sexuella läggningar med syfte att skapa trygghet och en möjlighet att förneka homosexualitet hos en eller båda medlemmarna i äktenskapet. Termen användes i början av 1900-talet för att beskriva kändisäktenskap, även om den senare har använts i bredare bemärkelse.	
homoit0004333	Användare av neopronomen		Personer som använder personliga pronomen som inte officiellt (i ordböcker etc.) erkänns av språket de används i.	
homoit0004334	Intervjuer med ickebinära personer		Strukturerade konversationer där en deltagare ställer frågor och den/de andra ger svar. Termen används för intervjuer med ickebinära personer publicerade i tryck form, i radio, tv etc.	
homoit0004335	Bibliotek och hbtq+-personer		Relationen mellan bibliotek och hbtq+-personer. Inkluderar diskussioner om bibliotekens behandling av hbtq+-personer, inkludering och representation av hbtq+-personer i bibliotek och hbtq+-personers upplevelse av bibliotek (som användare, anställda, volontärer m.m.).	
homoit0004336	Neurotrans		Term som används för att beskriva personer som är både neurodivergenta och trans eller för personer vars neurodivergens påverkar och ej kan frånkopplas från deras upplevelse och identitet som transpersoner. Används endast för neurodivergenta personer som själva identifierar sig som neurotrans.	
homoit0004337	Neuroqueer		Term som används för att beskriva personer som är både neurodivergenta och queera eller för personer vars neurodivergens påverkar och ej kan frånkopplas från deras sexualitet eller könsuttryck. Kan också referera till praktiken att queera neuronormativitet och heteronormativitet. Observera att användandet av ordet queer här refererar till en personers sociala identitet och beteende snarare än till någons könstillhörighet eller sexuella identitet. Används endast för neurodivergenta personer som själva identifierar sig som neuroqueer.	
homoit0004338	Transbröllop		Vigselcermonier och därtill hörande festligheter. Används för bröllop där båda parter är transpersoner.	
homoit0004339	Lesbiska bröllop		Vigselcermonier och därtill hörande festligheter. Används för bröllop där båda parter är lesbiska.	
homoit0004340	Bögbröllop	Bröllop mellan homosexuella män	Vigselcermonier och därtill hörande festligheter. Används för bröllop där båda parter är bögar.	
homoit0004341	Two-spirit-bröllop		Vigselcermonier och därtill hörande festligheter. Används för bröllop där båda parter är two-spirit-personer.	
homoit0004342	Bisexuella bröllop	Bibröllop	Vigselcermonier och därtill hörande festligheter. Används för bröllop där båda parter är bisexuella personer.	
homoit0004343	Ickebinära bröllop		Vigselcermonier och därtill hörande festligheter. Används för bröllop där båda parter är ickebinära.	
homoit0004344	Queera bröllop		Vigselcermonier och därtill hörande festligheter. Används för bröllop där båda parter är queera.	
homoit0004345	Intersexbröllop		Vigselcermonier och därtill hörande festligheter. Används för bröllop där båda parter är intersexpersoner.	
homoit0004346	Fonder för ömsesidig hjälp	Ömsesidig hjälp-fonder	Fonder som fördelar varor och pengar som samlats in med hjälp av en modell kring ömsesidig hjälp. Denna modell utgår från ett frivilligt samarbete kring utbyte av resurser och tjänster för gemensam nytta och äger rum mellan gemenskapsmedlemmar för att övervinna sociala, ekonomiska och politiska hinder för att möta gemensamma behov. Detta kan inkludera fonder som distribuerar resurser som mat, kläder eller medicin, såväl som de som ger ekonomiskt stöd för medicinska tjänster, hyresbetalningar och andra ekonomiska behov.	
homoit0004347	Barriärer till könsbekräftande vård		Institutionella och personliga hinder för att söka och/eller få könsbekräftande vård. Dessa kan inkludera finansiella hinder, juridiska hinder och förbud samt tryck från familj, samhälle och religion.	
homoit0004348	Religiösa synsätt på hbtq+-personer	Religiösa perspektiv på hbtq+-personer||Religiösa förhållningssätt gentemot hbtq+-personer	Övertygelser, seder och värderingar som individer eller grupper har gällande hbtq+-personer, och som härrör från gemensam religion eller religiösa sedvänjor. Detta kan inkludera storskaliga organiserade grupper, såsom samfund eller sekter, såväl som småskaliga grupper, såsom specifika kyrkor, moskéer, tempel eller församlingar.	
homoit0004349	Kanadensiska hbtq+-personer		Hbtq+-personer som är födda, uppvuxna eller för närvarande bor i Kanada, eller som har kanadensiskt medborgarskap. Används endast för personer som identifierar sig som kanadensare och hbtq+.	
homoit0004350	Lesbiska kanadensare		Lesbiska som är födda, uppvuxna eller för närvarande bor i Kanada, eller som har kanadensiskt medborgarskap. Används endast för personer som identifierar sig som kanadensare och lesbiska.	
homoit0004351	Kanadensiska bögar	Kanadensiska homosexuella män	Bögar som är födda, uppvuxna eller för närvarande bor i Kanada, eller som har kanadensiskt medborgarskap. Används endast för personer som identifierar sig som kanadensare och bögar.	
homoit0004352	Bisexuella kanadensare		Bisexuella personer som är födda, uppvuxna eller för närvarande bor i Kanada, eller som har kanadensiskt medborgarskap. Används endast för personer som identifierar sig som kanadensare och bisexuella.	
homoit0004353	Kanadensiska transpersoner		Transpersoner som är födda, uppvuxna eller för närvarande bor i Kanada, eller som har kanadensiskt medborgarskap. Används endast för personer som identifierar sig som kanadensare och transpersoner.	
homoit0004354	Queera kanadensare		Queera personer som är födda, uppvuxna eller för närvarande bor i Kanada, eller som har kanadensiskt medborgarskap. Används endast för personer som identifierar sig som kanadensare och queera.	
homoit0004355	Kanadensiska two-spirit-personer		Two-spirit-personer som är födda, uppvuxna eller för närvarande bor i Kanada, eller som har kanadensiskt medborgarskap. Används endast för personer som identifierar sig som kanadensare och two-spirit.	
homoit0004356	Ickebinära kanadensare		Ickebinära personer som är födda, uppvuxna eller för närvarande bor i Kanada, eller som har kanadensiskt medborgarskap. Används endast för personer som identifierar sig som kanadensare och ickebinära.	
homoit0004357	Kanadensiska intersexpersoner		Intersexpersoner som är födda, uppvuxna eller för närvarande bor i Kanada, eller som har kanadensiskt medborgarskap. Används endast för personer som identifierar sig som kanadensare och intersexpersoner.	
homoit0004358	Asexuella kanadensare		Asexuella personer som är födda, uppvuxna eller för närvarande bor i Kanada, eller som har kanadensiskt medborgarskap. Används endast för personer som identifierar sig som kanadensare och asexuella.	
homoit0004359	Aromantiska kanadensare		Aromantiska personer som är födda, uppvuxna eller för närvarande bor i Kanada, eller som har kanadensiskt medborgarskap. Används endast för personer som identifierar sig som kanadensare och aromantiska.	
homoit0004360	Brudar (hbtq+)		Hbtq+-personer som ska gifta sig och identifierar sig som brudar.	
homoit0004361	Brudgummar (hbtq+)		Hbtq+-personer som ska gifta sig och identifierar sig som brudgummar.	
homoit0004362	Transbrudgummar	Brudgummar som är transpersoner	Transpersoner som ska gifta sig och identifierar sig som brudgummar.	
homoit0004363	Transbrudar	Brudar som är transpersoner	Transpersoner som ska gifta sig och identifierar sig som brudar.	
homoit0004364	Lesbiska brudgummar		Lesbiska som ska gifta sig och identifierar sig som brudgummar.	
homoit0004365	Lesbiska brudar		Lesbiska som ska gifta sig och identifierar sig som brudar.	
homoit0004366	Bögbrudgummar	Brudgummar som är bögar||Brudgummar som är homosexuella män	Bögar som ska gifta sig och identifierar sig som brudgummar.	
homoit0004367	Bögbrudar	Brudar som är bögar||Brudar som är homosexuella män	Bögar som ska gifta sig och identifierar sig som brudar.	
homoit0004368	Two-spirit-brudar	Brudar som är two-spirit-personer	Two-spirit-personer som ska gifta sig och identifierar sig som brudar.	
homoit0004369	Two-spirit-brudgummar	Brudgummar som är two-spirit-personer	Two-spirit-personer som ska gifta sig och identifierar sig som brudgummar.	
homoit0004370	Bisexuella brudgummar		Bisexuella som ska gifta sig och identifierar sig som brudgummar.	
homoit0004371	Bisexuella brudar		Bisexuella som ska gifta sig och identifierar sig som brudar.	
homoit0004372	Asexuella brudgummar		Asexuella personer som ska gifta sig och identifierar sig som brudgummar.	
homoit0004373	Asexuella brudar		Asexuella personer som ska gifta sig och identifierar sig som brudar.	
homoit0004374	Ickebinära brudgummar		Ickebinära personer som ska gifta sig och identifierar sig som brudgummar.	
homoit0004375	Ickebinära brudar		Ickebinära som ska gifta sig och identifierar sig som brudar.	
homoit0004376	Queera brudgummar		Queera personer som ska gifta sig och identifierar sig som brudgummar.	
homoit0004377	Queera brudar		Queera personer som ska gifta sig och identifierar sig som brudar.	
homoit0004378	Brudgummar som är intersexpersoner	Brudgummar som är intersex	Intersexpersoner som ska gifta sig och identifierar sig som brudgummar.	
homoit0004379	Brudar som är intersexpersoner	Brudar som är intersex	Intersexpersoner som ska gifta sig och identifierar sig som brudar.	
homoit0004380	Herdar (hbtq+)	Fårvallare (hbtq+)	Hbtq+-personer som vallar får.	
homoit0004381	Herdar som är bögar	Bögherdar||Fårvallare som är bögar||Fårvallare som är homosexuella män||Herdar som är homosexuella män	Bögar som vallar får.	
homoit0004382	Lesbiska herdar	Lesbiska fårvallare	Lesbiska som vallar får.	
homoit0004383	Bisexuella herdar	Bisexuella fårvallare	Bisexuella som vallar får.	
homoit0004384	Herdar som är transpersoner	Transherdar||Fårvallare som är transpersoner	Transpersoner som vallar får.	
homoit0004385	Queera herdar	Queera fårvallare	Queera personer som vallar får.	
homoit0004386	Ickebinära herdar	Ickebinära fårvallare	Ickebinära som vallar får.	
homoit0004387	Herdar som är intersexpersoner	Intersexherdar||Fårvallare som är intersexpersoner	Intersexpersoner som vallar får.	
homoit0004388	Herdar som är two-spirit-personer		Two-spirit-personer som vallar får.	
homoit0004389	Asexuella herdar		Asexuella personer som vallar får.	
homoit0004390	Historiker (hbtq+)		Hbtq+-personer som studerar och tolkar historiska händelser.	
homoit0004391	Juridikstudenter (hbtq+)		Hbtq+-personer som studerar juridik vid en utbildningsinstitution som förberedelse för att bli jurister.	
homoit0004392	Queera juridikstudenter		Queera personer som studerar juridik vid en utbildningsinstitution som förberedelse för att bli jurister.	
homoit0004393	Bögar som är juridikstudenter	Homosexuella manliga juridikstudenter	Bögar som studerar juridik vid en utbildningsinstitution som förberedelse för att bli jurister.	
homoit0004394	Lesbiska juridikstudenter		Lesbiska som studerar juridik vid en utbildningsinstitution som förberedelse för att bli jurister.	
homoit0004395	Bisexuella juridikstudenter		Bisexuella personer som studerar juridik vid en utbildningsinstitution som förberedelse för att bli jurister.	
homoit0004396	Asexuella juridikstudenter		Asexuella personer som studerar juridik vid en utbildningsinstitution som förberedelse för att bli jurister.	
homoit0004397	Intersexpersoner som är juridikstudenter		Intersexpersoner som studerar juridik vid en utbildningsinstitution som förberedelse för att bli jurister.	
homoit0004398	Ickebinära juridikstudenter		Ickebinära personer som studerar juridik vid en utbildningsinstitution som förberedelse för att bli jurister.	
homoit0004399	Two-spirit-personer som är juridikstudenter		Two-spirit-personer som studerar juridik vid en utbildningsinstitution som förberedelse för att bli jurister.	
homoit0004400	Transpersoner som är juridikstudenter		Transpersoner som studerar juridik vid en utbildningsinstitution som förberedelse för att bli jurister.	
homoit0004401	Nötvallare (hbtq+)	Hbtq+-personer som vallar kor	Hbtq+-personer som vallar nötboskap.	
homoit0004402	Lesbiska nötvallare	Lesbiska som vallar kor	Lesbiska som vallar nötboskap.	
homoit0004403	Bögar som är nötvallare	Homosexuella män som vallar kor||Bögar som vallar kor	Bögar som vallar nötboskap.	
homoit0004404	Bisexuella nötvallare	Bisexuella som vallar kor	Bisexuella som vallar nötboskap.	
homoit0004405	Transpersoner som är nötvallare	Transpersoner som vallar kor	Transpersoner som vallar nötboskap.	
homoit0004406	Queera nötvallare	Queera personer som vallar kor	Queera personer som vallar nötboskap.	
homoit0004407	Ickebinära nötvallare	Ickebinära som vallar kor	Ickebinära som vallar nötboskap.	
homoit0004408	Intersexpersoner som är nötvallare	Intersexpersoner som som vallar kor	Intersexpersoner som vallar nötboskap.	
homoit0004409	Asexuella nötvallare	Asexuella som vallar kor	Asexuella som vallar nötboskap.	
homoit0004410	Two-spirit-personer som är nötvallare	Two-spirit-personer som vallar kor	Two-spirit-personer som vallar nötboskap.	
homoit0004411	Interrasiala hbtq+-äktenskap		Äktenskap mellan hbtq+-personer som inte identifierar sig med samma rasiala tillhörighet eller etnicitet. Används endast för äktenskap där personerna identifierar sig som att vara i ett interrasialt hbtq+-äktenskap.	
homoit0004412	Asexuella bröllop		Vigselcermonier och därtill hörande festligheter. Används för bröllop där båda parter är asexuella.	
homoit0004413	Abortrådgivning för hbtq+-personer		Olika former av rådgivning till hbtq+-personer med syfte att ge information och stöd gällande abort.	
homoit0004414	Jurister (hbtq+)	Advokater (hbtq+)	Hbtq+-personer som har juridisk examen och ger juridisk rådgivning, utarbetar juridiska dokument och företräder andra i juridiska frågor.	
homoit0004415	Jurister som är bögar	Homosexuella manliga jurister||Advokater som är bögar||Homosexuella manliga advokater||Bögjurister||Bögadvokater	Bögar som har juridisk examen och ger juridisk rådgivning, utarbetar juridiska dokument och företräder andra i juridiska frågor.	
homoit0004416	Lesbiska jurister	Lesbiska advokater	Lesbiska som har juridisk examen och ger juridisk rådgivning, utarbetar juridiska dokument och företräder andra i juridiska frågor.	
homoit0004417	Bisexuella jurister	Bisexuella advokater	Bisexuella personer som har juridisk examen och ger juridisk rådgivning, utarbetar juridiska dokument och företräder andra i juridiska frågor.	
homoit0004418	Asexuella jurister	Asexuella advokater	Asexuella personer som har juridisk examen och ger juridisk rådgivning, utarbetar juridiska dokument och företräder andra i juridiska frågor.	
homoit0004419	Jurister som är intersexpersoner	Advokater som är intersexpersoner||Intersexjurister||Intersexadvokater	Intersexpersoner som har juridisk examen och ger juridisk rådgivning, utarbetar juridiska dokument och företräder andra i juridiska frågor.	
homoit0004420	Ickebinära jurister	Ickebinära advokater	Ickebinära personer som har juridisk examen och ger juridisk rådgivning, utarbetar juridiska dokument och företräder andra i juridiska frågor.	
homoit0004421	Jurister som är two-spirit-personer	Advokater som är two-spirit-personer	Two-spirit-personer som har juridisk examen och ger juridisk rådgivning, utarbetar juridiska dokument och företräder andra i juridiska frågor.	
homoit0004422	Jurister som är transpersoner	Advokater som är transpersoner||Transjurister||Transadvokater	Transperser som har juridisk examen och ger juridisk rådgivning, utarbetar juridiska dokument och företräder andra i juridiska frågor.	
homoit0004423	Queera jurister	Queera advokater	Queera personer som har juridisk examen och ger juridisk rådgivning, utarbetar juridiska dokument och företräder andra i juridiska frågor.	
homoit0004424	Ickebinära mobbningsoffer	Ickebinära som utsatts för mobbning	Ickebinära personer som har upplevt mobbning på grund av sin könsidentitet eller sexuella identitet och som kan ha överlevt eller inte. Följ individens preferens för att använda ”offer” eller ”överlevare” när det är möjligt.	
homoit0004425	Ickebinära bibliotek		Bibliotek som samlar material som främst rör ickebinära personer eller är avsett att användas av ickebinära personer.	
homoit0004427	Homofilrörelsen		En samlingsterm som används för att beskriva filosofin och aktiviteterna hos många nordamerikanska och europeiska publikationer och organisationer för homosexuella och lesbiska på 1950- och 1960-talet. Termen ”homofil”, som myntades 1924, betonade den romantiska snarare än den sexuella aspekten av samkönade relationer. Den tidigaste organisationen inom homofilrörelsen var COC Nederländerna, grundad 1946. Andra exempel inkluderar RFSL (Sverige), Campaign for Homosexual Equality (Storbritannien), Mattachine Society (USA), ONE (USA) och Daughters of Bilitis (USA).	
homoit0004428	Abort för hbtq+-personer	Abort och hbtq+-personer	Olika former av abortmetoder för hbtq+-personer, inklusive kirurgisk abort och medicinsk abort.	
homoit0004429	Hbtq+-person som vill göra abort		Hbtq+-personer som vill göra abort, inklusive kirurgiska aborter och medicinska aborter.	
homoit0004430	Hbtq+-studier	HBTQ-studier	Akademiskt ämnesområde som behandlar hbtq+-personer, hbtq+-identiteter och hbtq+-gemenskaper.	
homoit0004431	Poliser (hbtq+)	Hbtq+-personer som är poliser	Hbtq+-personer som är poliser.	
homoit0004432	Poliser som är bögar	Bögpoliser||Homosexuella manliga poliser	Bögar som är poliser.	
homoit0004433	Lesbiska poliser		Lesbiska som är poliser.	
homoit0004434	Bisexuella poliser	Bipoliser	Bisexuella personer som är poliser.	
homoit0004435	Asexuella poliser		Asexuella personer som är poliser.	
homoit0004436	Poliser som är intersexpersoner	Intersexpoliser	Intersexpersoner som är poliser.	
homoit0004437	Ickebinära poliser		Ickebinära personer som är poliser.	
homoit0004438	Poliser som är two-spirit-personer	Two-spirit-poliser	Two-spirit-personer som är poliser.	
homoit0004439	Poliser som är transpersoner	Transpoliser	Transpersoner som är poliser.	
homoit0004440	Queera poliser	Queer-poliser	Queera personer som är poliser.	
homoit0004441	Throuple		Ett uttalat polyamoröst förhållande där ett par lägger till en tredje partner i sin relation. Ofta har denna relationsdynamik inte en platt hierarki och den tredje partnern anses vara i relation med paret som en enhet eller att gå med i parets befintliga relation snarare än att vara i en relation med de andra medlemmarna i paret individuellt.	
homoit0004442	Deprimerade hbtq+-personer	Hbtq+-personer med depression||Depression (hbtq+)	Hbtq+-personer som upplever depressionssymtom, inklusive men inte begränsat till ihållande nedstämdhet, minskat intresse för vardagliga aktiviteter och svårigheter att hantera arbete, relationer etc. Hbtq+-personer löper högre risk för depression på grund av livsfaktorer som social stigma, diskriminering, brist på familjestöd och andra stressfaktorer.	
homoit0004443	Hbtq+-personer med ångest		HBTQ+-personer som upplever ångestsymptom, inklusive men inte begränsat till känslor av obehag, oro och rädsla, vanligtvis som en reaktion på stress. Hbtq+-personer löper större risk för ångest på grund av livsfaktorer som social stigma, diskriminering, brist på familjestöd och andra stressfaktorer.	
homoit0004444	Kompositörer (hbtq+)	Tonsättare (hbtq+)	Hbtq+-personer som skapar och arrangerar musik.	
homoit0004445	Kompositörer som är bögar	Homosexuella manliga kompositörer||Homosexuella manliga tonsättare||Tonsättare som är bögar||Bögkompositörer||Bögtonsättare	Bögar som skapar och arrangerar musik.	
homoit0004446	Lesbiska kompositörer	Lesbiska tonsättare	Lesbiska som skapar och arrangerar musik.	
homoit0004447	Bisexuella kompositörer	Bisexuella tonsättare	Bisexuella personer som skapar och arrangerar musik.	
homoit0004448	Asexuella kompositörer	Asexuella tonsättare	Asexuella personer som skapar och arrangerar musik.	
homoit0004449	Kompositörer som är intersexpersoner	Tonsättare som är intersexpersoner	Intersexpersoner som skapar och arrangerar musik.	
homoit0004450	Ickebinära kompositörer	Ickebinära tonsättare	Ickebinära personer som skapar och arrangerar musik.	
homoit0004451	Kompositörer som är two-spirit-personer	Tonsättare som är two-spirit-personer	Two-spirit-personer som skapar och arrangerar musik.	
homoit0004452	Kompositörer som är transpersoner	Tonsättare som är transpersoner||Transtonsättare||Transkompositörer	Transpersoner som skapar och arrangerar musik.	
homoit0004453	Queera kompositörer	Queera tonsättare||Queerkompositörer||Queertonsättare	Queera personer som skapar och arrangerar musik.	
homoit0004454	Cowboys (hbtq+-kultur)		En hbtq+-subkultur med rötter i romantiseringen och/eller sexualiseringen av cowboyestetiken och den tillhörande idén om maskulinitet där människor klär sig som och anammar kulturella normer från cowboys.	
homoit0004455	Hälso- och sjukvårdspersonal (hbtq+)	Vårdpersonal (hbtq+)||Sjukvårdspersonal (hbtq+)||Medicinsk personal (hbtq+)||Vård- och omsorgspersonal (hbtq+)	Hbtq+-personer som är utbildade och i vissa fall legitimerade för att tillhandahålla hälso- och sjukvård, såsom att diagnostisera, behandla och förebygga fysisk eller psykisk sjukdom.	
homoit0004456	Hälso- och sjukvårdspersonal som är bögar	Vårdpersonal som är bögar||Sjukvårdspersonal som är bögar||Medicinsk personal som är bögar||Hälso- och sjukvårdspersonal som är homosexuella män||Vårdpersonal som är homosexuella män||Sjukvårdspersonal som är homosexuella män||Medicinsk personal som är homosexuella män||vård- och omsorgspersonal som är bögar||Vård- och omsorgspersonal som är homosexuella män	Bögar som är utbildade och i vissa fall legitimerade för att tillhandahålla hälso- och sjukvård, såsom att diagnostisera, behandla och förebygga fysisk eller psykisk sjukdom.	
homoit0004457	Lesbisk hälso- och sjukvårdspersonal	Lesbisk vårdpersonal||Lesbisk sjukvårdspersonal||Lesbisk medicinsk personal||Lesbisk vård- och omsorgspersonal	Lesbiska som är utbildade och i vissa fall legitimerade för att tillhandahålla hälso- och sjukvård, såsom att diagnostisera, behandla och förebygga fysisk eller psykisk sjukdom.	
homoit0004458	Bisexuell hälso- och sjukvårdspersonal (hbtq+)	Bisexuell vårdpersonal||Bisexuell sjukvårdspersonal||Bisexuell medicinsk personal||Bisexuell vård- och omsorgspersonal	Bisexuella som är utbildade och i vissa fall legitimerade för att tillhandahålla hälso- och sjukvård, såsom att diagnostisera, behandla och förebygga fysisk eller psykisk sjukdom.	
homoit0004459	Asexuell hälso- och sjukvårdspersonal	Asexuell vårdpersonal||Asexuell sjukvårdspersonal||Asexuell medicinsk personal||Asexuell vård- och omsorgspersonal	Asexuella personer som är utbildade och i vissa fall legitimerade för att tillhandahålla hälso- och sjukvård, såsom att diagnostisera, behandla och förebygga fysisk eller psykisk sjukdom.	
homoit0004460	Hälso- och sjukvårdspersonal som är intersexpersoner	Vårdpersonal som är intersexpersoner||Sjukvårdspersonal som är intersexpersoner||Medicinsk personal som är intersexpersoner||Vård- och omsorgspersonal som är intersexpersoner	Intersexpersoner som är utbildade och i vissa fall legitimerade för att tillhandahålla hälso- och sjukvård, såsom att diagnostisera, behandla och förebygga fysisk eller psykisk sjukdom.	
homoit0004461	Ickebinär hälso- och sjukvårdspersonal	Ickebinär vårdpersonal (hbtq+)||Ickebinär sjukvårdspersonal||Ickebinär medicinsk personal||Ickebinär vård- och omsorgspersonal	Ickebinära personer som är utbildade och i vissa fall legitimerade för att tillhandahålla hälso- och sjukvård, såsom att diagnostisera, behandla och förebygga fysisk eller psykisk sjukdom.	
homoit0004462	Hälso- och sjukvårdspersonal som är two-spirit-personer	Vårdpersonal som är two-spirit-personer||Sjukvårdspersonal som är two-spirit-personer||Medicinsk personal som är two-spirit-personer||Hälso- och sjukvårdspersonal som är two-spirit-personer	Two-spirit-personer som är utbildade och i vissa fall legitimerade för att tillhandahålla hälso- och sjukvård, såsom att diagnostisera, behandla och förebygga fysisk eller psykisk sjukdom.	
homoit0004463	Hälso- och sjukvårdspersonal som är transpersoner	Vårdpersonal som är transpersoner||Sjukvårdspersonal som är transpersoner||Medicinsk personal som är transpersoner	Transpersoner som är utbildade och i vissa fall legitimerade för att tillhandahålla hälso- och sjukvård, såsom att diagnostisera, behandla och förebygga fysisk eller psykisk sjukdom.	
homoit0004464	Queer hälso- och sjukvårdspersonal (hbtq+)	Queer vårdpersonal||Queer sjukvårdspersonal||Queer medicinsk personal||Queer vård- och omsorgspersonal	Queera personer som är utbildade och i vissa fall legitimerade för att tillhandahålla hälso- och sjukvård, såsom att diagnostisera, behandla och förebygga fysisk eller psykisk sjukdom.	
homoit0004465	Läkare (hbtq+)		Hbtq+-personer som är legitimerade och utbildade att praktisera medicin som läkare.	
homoit0004466	Osynliggörande av bisexualitet	Utsuddning av bisexualitet||Bi-erasure||Bisexuell radering	Att förneka, avfärda och/eller ifrågasätta bisexualitet som en legitim sexuell läggning. Osynliggörande av bisexualitet inkluderar även den utbredda felaktiga beteckningen av bisexuella personer som antingen heterosexuella eller homosexuella baserat på identiteten på deras tidigare och nuvarande partner(s) och/eller påståendet att bisexuella personer är förvirrade, heterosexuella och går igenom en fas, eller förnekar att de är homosexuella. Detta stigma förekommer både inom och utanför hbtq+-gemenskaper och bidrar till negativa psykiska hälsoeffekter.	
homoit0004467	Basketspelare (hbtq+)		Hbtq+-personer som spelar basket.	
homoit0004468	Basketspelare som är bögar	Basketspelare som är homosexuella män||Basketspelande homosexuella män||Homosexuella män som är basketspelare	Bögar som spelar basket.	
homoit0004469	Lesbiska basketspelare		Lesbiska som spelar basket.	
homoit0004470	Bisexuella basketspelare		Bisexuella som spelar basket.	
homoit0004471	Asexuella basketspelare		Asexuella som spelar basket.	
homoit0004472	Basketspelare som är intersexpersoner		Intersexpersoner som spelar basket.	
homoit0004473	Ickebinära basketspelare		Ickebinära som spelar basket.	
homoit0004474	Basketspelare som är two-spirit-personer		Two-spirit-personer som spelar basket.	
homoit0004475	Basketspelare som är transpersoner		Transpersoner som spelar basket.	
homoit0004476	Queera basketspelare		Queera personer som spelar basket.	
homoit0004477	Läkare som är bögar	Manliga homosexuella läkare||Bögläkare||Homosexuella män som är läkare	Bögar som är legitimerade och utbildade att praktisera medicin som läkare.	
homoit0004478	Lesbiska läkare		Lesbiska som är legitimerade och utbildade att praktisera medicin som läkare.	
homoit0004479	Bisexuella läkare	Biläkare	Bisexuella personer som är legitimerade och utbildade att praktisera medicin som läkare.	
homoit0004480	Asexuella läkare		Asexuella personer som är legitimerade och utbildade att praktisera medicin som läkare.	
homoit0004481	Intersexpersoner som är läkare	Intersexläkare	Intersexpersoner som är legitimerade och utbildade att praktisera medicin som läkare.	
homoit0004482	Ickebinära läkare		Ickebinära personer som är legitimerade och utbildade att praktisera medicin som läkare.	
homoit0004483	Two-spirit-personer som är läkare		Two-spirit-personer som är legitimerade och utbildade att praktisera medicin som läkare.	
homoit0004484	Transpersoner som är läkare	Transläkare	Transpersoner som är legitimerade och utbildade att praktisera medicin som läkare.	
homoit0004485	Queera läkare		Queera personer som är legitimerade och utbildade att praktisera medicin som läkare.	
homoit0004486	Abortfonder		Ekonomiskt och logistiskt stöd, ofta tillhandahållet av en ideell organisation, till personer som söker abort. Dessa medel kan också stödja behov som resor, boende, barnomsorg, abortdoula, översättningstjänster och måltider, men tillhandahåller inte själva aborterna. De kan också förespråka lagändringar mot begränsningar av aborträtten.	
homoit0004487	Arkitekter (hbtq+)		Hbtq+-personer som har som yrke att designa byggnader och är kvalificerade att planera och övervaka deras byggnation.	
homoit0004488	Arkitekter som är bögar		Bögar som har som yrke att designa byggnader och är kvalificerade att planera och övervaka deras byggnation.	
homoit0004489	Lesbiska arkitekter		Lesbiska som har som yrke att designa byggnader och är kvalificerade att planera och övervaka deras byggnation.	
homoit0004490	Bisexuella arkitekter		Bisexuella personer som har som yrke att designa byggnader och är kvalificerade att planera och övervaka deras byggnation.	
homoit0004491	Arkitekter som är intersexpersoner		Intersexpersoner som har som yrke att designa byggnader och är kvalificerade att planera och övervaka deras byggnation.	
homoit0004492	Asexuella arkitekter		Asexuella personer som har som yrke att designa byggnader och är kvalificerade att planera och övervaka deras byggnation.	
homoit0004493	Ickebinära arkitekter		Ickebinära personer som har som yrke att designa byggnader och är kvalificerade att planera och övervaka deras byggnation.	
homoit0004494	Arkitekter som är two-spirit-personer		Two-spirit-personer som har som yrke att designa byggnader och är kvalificerade att planera och övervaka deras byggnation.	
homoit0004495	Arkitekter som är transpersoner		Transpersoner som har som yrke att designa byggnader och är kvalificerade att planera och övervaka deras byggnation.	
homoit0004496	Queera arkitekter		Queera personer som har som yrke att designa byggnader och är kvalificerade att planera och övervaka deras byggnation.	
homoit0004497	Sjuksköterskor (hbtq+)		Hbtq+-personer som erhållit legitimation för utöva sjuksköterskeyrket och arbetar självständigt eller i samarbete med ett tvärvetenskapligt team.	
homoit0004498	Sjuksköterskor som är bögar	Manliga homosexuella sjuksköterskor	Bögar som erhållit legitimation för utöva sjuksköterskeyrket och arbetar självständigt eller i samarbete med ett tvärvetenskapligt team.	
homoit0004499	Lesbiska sjuksköterskor		Lesbiska som erhållit legitimation för utöva sjuksköterskeyrket och arbetar självständigt eller i samarbete med ett tvärvetenskapligt team.	
homoit0004500	Bisexuella sjuksköterskor		Bisexuella personer som erhållit legitimation för utöva sjuksköterskeyrket och arbetar självständigt eller i samarbete med ett tvärvetenskapligt team.	
homoit0004501	Asexuella sjuksköterskor		Asexuella personer som erhållit legitimation för utöva sjuksköterskeyrket och arbetar självständigt eller i samarbete med ett tvärvetenskapligt team.	
homoit0004502	Sjuksköterskor som är intersexpersoner		Intersexpersoner som erhållit legitimation för utöva sjuksköterskeyrket och arbetar självständigt eller i samarbete med ett tvärvetenskapligt team.	
homoit0004503	Ickebinära sjuksköterskor		Ickebinära personer som erhållit legitimation för utöva sjuksköterskeyrket och arbetar självständigt eller i samarbete med ett tvärvetenskapligt team.	
homoit0004504	Sjuksköterskor som är two-spirit-personer		Two-spirit-personer som erhållit legitimation för utöva sjuksköterskeyrket och arbetar självständigt eller i samarbete med ett tvärvetenskapligt team.	
homoit0004505	Sjuksköterskor som är transpersoner		Transpersoner som erhållit legitimation för utöva sjuksköterskeyrket och arbetar självständigt eller i samarbete med ett tvärvetenskapligt team.	
homoit0004506	Queera sjuksköterskor		Queera personer som erhållit legitimation för utöva sjuksköterskeyrket och arbetar självständigt eller i samarbete med ett tvärvetenskapligt team.	
homoit0001201	Queera sexarbetare		Queera personer som tar emot pengar eller varor i utbyte mot sexuella handlingar, framträdanden eller sällskap. Vissa anser termen sexarbetare som kränkade och politiserad, medan andra identifierar sig med den. Se även "Queera personer i prostitution	
