URI	identifier	prefLabel	prefLabel Alternate Spellings	altLabel	description	historyNote	broader	narrower	related	issued	modified	isReplacedBy	replaces
https://homosaurus.org/v2/5AlphaReductaseDeficiency	5AlphaReductaseDeficiency	5-alpha reductase deficiency	""	""	""	""	https://homosaurus.org/v2/intersexConditions	""	""	2019-05-14	2021-09-24	https://homosaurus.org/v2/5AlphaReductaseDeficiency	""
https://homosaurus.org/v2/LGBTQAboriginalPeople	LGBTQAboriginalPeople	LGBTQ Aboriginal people	""	Aboriginal people (LGBTQ)||LGBTQ Aboriginals	""	""	https://homosaurus.org/v2/LGBTQIndigenousPeople	""	https://homosaurus.org/v2/sistergirls	2019-05-14	2021-09-24	https://homosaurus.org/v2/LGBTQAboriginalPeople	""
https://homosaurus.org/v2/acault	acault	Acault	""	""	In Burmese culture, people assigned male at birth who exhibit feminine behaviors while serving as spirit mediums; there is some question over the legitimacy of term	""	https://homosaurus.org/v2/culturallySpecificGenderIdentities	""	""	2019-05-14	2021-09-24	https://homosaurus.org/v2/acault	""
https://homosaurus.org/v2/asexuality	asexuality	Asexuality	""	Ace	A sexual orientation generally characterized by a lack of sexual attraction or desire	""	https://homosaurus.org/v2/sexualOrientation	""	https://homosaurus.org/v2/aromanticPeople||https://homosaurus.org/v2/asexualPeople||https://homosaurus.org/v2/demisexuality||https://homosaurus.org/v2/LGBTQ+||https://homosaurus.org/v2/LGBTQIA||https://homosaurus.org/v2/sexualAbstinence||https://homosaurus.org/v2/virginity||https://homosaurus.org/v2/compulsorySexuality	2019-05-14	2021-09-24	https://homosaurus.org/v2/asexuality	""
https://homosaurus.org/v2/HIVAIDS	HIVAIDS	HIV/AIDS	""	Acquired immune deficiency syndrome||AIDS||Gay related immune-deficiency||GRIDS||Gay related immuno-deficiency	""	""	https://homosaurus.org/v2/STDs	https://homosaurus.org/v2/ARC	https://homosaurus.org/v2/AIDSActivists||https://homosaurus.org/v2/AIDSAwareness||https://homosaurus.org/v2/AIDSEducation||https://homosaurus.org/v2/AIDSInformationCentres||https://homosaurus.org/v2/AIDSMemorialQuilts||https://homosaurus.org/v2/AIDSMemorials||https://homosaurus.org/v2/AIDSOrganisations||https://homosaurus.org/v2/AIDSPeriodicals||https://homosaurus.org/v2/AIDSPhobia||https://homosaurus.org/v2/buddyCareForLGBTQPeople||https://homosaurus.org/v2/HIV-negativePeople||https://homosaurus.org/v2/HIV-positivePeople||https://homosaurus.org/v2/HIVTests||https://homosaurus.org/v2/HIVUndetectablePeople||https://homosaurus.org/v2/kaposisSarcoma||https://homosaurus.org/v2/passiveImmuneTherapy||https://homosaurus.org/v2/prep||https://homosaurus.org/v2/redRibbons||https://homosaurus.org/v2/seroconversion||https://homosaurus.org/v2/serodiscordantCouples||https://homosaurus.org/v2/serostatus	2019-05-14	2021-09-24	https://homosaurus.org/v2/HIVAIDS	""
https://homosaurus.org/v2/activismLGBTQ	activismLGBTQ	Activism (LGBTQ)	""	""	""	""	""	https://homosaurus.org/v2/bisexualActivism||https://homosaurus.org/v2/gayActivism||https://homosaurus.org/v2/lesbianActivism||https://homosaurus.org/v2/LGBTQDirectAction||https://homosaurus.org/v2/queerActivism||https://homosaurus.org/v2/transgenderActivism	https://homosaurus.org/v2/activistsLGBTQ||https://homosaurus.org/v2/allies||https://homosaurus.org/v2/gayShame	2019-05-14	2021-09-24	https://homosaurus.org/v2/activismLGBTQ	""
https://homosaurus.org/v2/activistsLGBTQ	activistsLGBTQ	Activists (LGBTQ)	""	Political activists (LGBTQ)	""	""	https://homosaurus.org/v2/LGBTQPeople	https://homosaurus.org/v2/AIDSActivists||https://homosaurus.org/v2/bisexualPoliticalActivists||https://homosaurus.org/v2/gayPoliticalActivists||https://homosaurus.org/v2/lesbianPoliticalActivists||https://homosaurus.org/v2/queerPoliticalActivists||https://homosaurus.org/v2/transgenderPoliticalActivists	https://homosaurus.org/v2/activismLGBTQ	2019-05-14	2021-09-24	https://homosaurus.org/v2/activistsLGBTQ	""
https://homosaurus.org/v2/LGBTQActors	LGBTQActors	LGBTQ actors	""	Actors (LGBTQ)||Actresses (LGBTQ)	""	""	https://homosaurus.org/v2/LGBTQPeople	https://homosaurus.org/v2/pornStars	https://homosaurus.org/v2/LGBTQArts	2019-05-14	2021-09-24	https://homosaurus.org/v2/LGBTQActors	""
https://homosaurus.org/v2/adoptiveParenthood	adoptiveParenthood	Adoptive parenthood	""	""	""	""	https://homosaurus.org/v2/LGBTQParenthood	""	https://homosaurus.org/v2/LGBTQAdoption||https://homosaurus.org/v2/socialParenthood	2019-05-14	2021-09-24	https://homosaurus.org/v2/adoptiveParenthood	""
https://homosaurus.org/v2/adoptiveParents	adoptiveParents	Adoptive parents	""	""	""	""	https://homosaurus.org/v2/parentsLGBTQ	""	https://homosaurus.org/v2/birthParents||https://homosaurus.org/v2/LGBTQAdoption||https://homosaurus.org/v2/LGBTQAdoptiveParents||https://homosaurus.org/v2/socialParenthood	2019-05-14	2021-09-24	https://homosaurus.org/v2/adoptiveParents	""
https://homosaurus.org/v2/sexIndustry	sexIndustry	Sex industry	""	Adult entertainment industry	""	""	""	https://homosaurus.org/v2/brothels||https://homosaurus.org/v2/pornIndustry||https://homosaurus.org/v2/sexCinemas||https://homosaurus.org/v2/sexClubs||https://homosaurus.org/v2/sexShops||https://homosaurus.org/v2/sexTourism	https://homosaurus.org/v2/gaySaunas||https://homosaurus.org/v2/peepShows||https://homosaurus.org/v2/phoneSex||https://homosaurus.org/v2/sexuality||https://homosaurus.org/v2/sexWork||https://homosaurus.org/v2/sexWorkersLGBTQ	2019-05-14	2021-09-24	https://homosaurus.org/v2/sexIndustry	""
https://homosaurus.org/v2/sexShops	sexShops	Sex shops	""	Adult entertainment stores	""	""	https://homosaurus.org/v2/sexIndustry	""	https://homosaurus.org/v2/sexAccessories	2019-05-14	2021-09-24	https://homosaurus.org/v2/sexShops	""
https://homosaurus.org/v2/pornFilmsLGBTQ	pornFilmsLGBTQ	Porn films (LGBTQ)	""	Adult films (LGBTQ)||Porn videos (LGBTQ)||X-rated films (LGBTQ)	""	""	""	https://homosaurus.org/v2/bisexualPornFilms||https://homosaurus.org/v2/gayPornFilms||https://homosaurus.org/v2/lesbianPornFilms||https://homosaurus.org/v2/queerPornFilms||https://homosaurus.org/v2/transgenderPornFilms	https://homosaurus.org/v2/LGBTQFilms||https://homosaurus.org/v2/pornIndustry||https://homosaurus.org/v2/pornography||https://homosaurus.org/v2/pornStars||https://homosaurus.org/v2/sexCinemas	2019-05-14	2021-09-24	https://homosaurus.org/v2/pornFilmsLGBTQ	""
https://homosaurus.org/v2/sexCinemas	sexCinemas	Sex cinemas	""	Adult movie theatres	""	""	https://homosaurus.org/v2/sexIndustry	""	https://homosaurus.org/v2/pornFilmsLGBTQ	2019-05-14	2021-09-24	https://homosaurus.org/v2/sexCinemas	""
https://homosaurus.org/v2/africanAmericansLGBTQ	africanAmericansLGBTQ	African-Americans (LGBTQ)	""	""	""	""	https://homosaurus.org/v2/blackPeopleLGBTQ	https://homosaurus.org/v2/bisexualAfricanAmericans||https://homosaurus.org/v2/downLow||https://homosaurus.org/v2/gayAfricanAmericans||https://homosaurus.org/v2/lesbianAfricanAmericans||https://homosaurus.org/v2/queerAfricanAmericans||https://homosaurus.org/v2/transgenderAfricanAmericans	https://homosaurus.org/v2/banjees||https://homosaurus.org/v2/sameGenderLoving	2019-05-14	2021-09-24	https://homosaurus.org/v2/africanAmericansLGBTQ	""
https://homosaurus.org/v2/afroCanadiansLGBTQ	afroCanadiansLGBTQ	Afro-Canadians (LGBTQ)	""	""	""	""	https://homosaurus.org/v2/blackPeopleLGBTQ	https://homosaurus.org/v2/bisexualAfroCanadians||https://homosaurus.org/v2/gayAfroCanadians||https://homosaurus.org/v2/lesbianAfroCanadians||https://homosaurus.org/v2/queerAfroCanadians||https://homosaurus.org/v2/transgenderAfroCanadians	""	2019-05-14	2021-09-24	https://homosaurus.org/v2/afroCanadiansLGBTQ	""
https://homosaurus.org/v2/afroCaribbeansLGBTQ	afroCaribbeansLGBTQ	Afro-Caribbeans (LGBTQ)	""	""	""	""	https://homosaurus.org/v2/blackPeopleLGBTQ	https://homosaurus.org/v2/bisexualAfroCaribbeans||https://homosaurus.org/v2/gayAfroCaribbeans||https://homosaurus.org/v2/lesbianAfroCaribbeans||https://homosaurus.org/v2/queerAfroCaribbeans||https://homosaurus.org/v2/transgenderAfroCaribbeans	""	2019-05-14	2021-09-24	https://homosaurus.org/v2/afroCaribbeansLGBTQ	""
https://homosaurus.org/v2/afroEuropeansLGBTQ	afroEuropeansLGBTQ	Afro-Europeans (LGBTQ)	""	""	""	""	https://homosaurus.org/v2/blackPeopleLGBTQ	https://homosaurus.org/v2/bisexualAfroEuropeans||https://homosaurus.org/v2/gayAfroEuropeans||https://homosaurus.org/v2/lesbianAfroEuropeans||https://homosaurus.org/v2/queerAfroEuropeans||https://homosaurus.org/v2/transgenderAfroEuropeans	""	2019-05-14	2021-09-24	https://homosaurus.org/v2/afroEuropeansLGBTQ	""
https://homosaurus.org/v2/afroLatinAmericansLGBTQ	afroLatinAmericansLGBTQ	Afro-Latin Americans (LGBTQ)	""	""	""	""	https://homosaurus.org/v2/blackPeopleLGBTQ||https://homosaurus.org/v2/latinxLGBTQ	https://homosaurus.org/v2/bisexualAfroLatinAmericans||https://homosaurus.org/v2/gayAfroLatinAmericans||https://homosaurus.org/v2/lesbianAfroLatinAmericans||https://homosaurus.org/v2/queerAfroLatinAmericans||https://homosaurus.org/v2/transgenderAfroLatinAmericans	""	2019-05-14	2021-09-24	https://homosaurus.org/v2/afroLatinAmericansLGBTQ	""
https://homosaurus.org/v2/ageOfConsent	ageOfConsent	Age of consent	""	""	""	""	https://homosaurus.org/v2/childrensSexuality	""	https://homosaurus.org/v2/consent||https://homosaurus.org/v2/intergenerationalRelationships||https://homosaurus.org/v2/sexualOffencesLaws	2019-05-14	2021-09-24	https://homosaurus.org/v2/ageOfConsent	""
https://homosaurus.org/v2/agenderPeople	agenderPeople	Agender people	""	""	People without gender	""	https://homosaurus.org/v2/transgenderPeople	""	https://homosaurus.org/v2/genderIdentity||https://homosaurus.org/v2/nonBinaryPeople	2019-05-14	2021-09-24	https://homosaurus.org/v2/agenderPeople	""
https://homosaurus.org/v2/ageplay	ageplay	Ageplay	""	Age play	""	""	https://homosaurus.org/v2/roleplay	""	https://homosaurus.org/v2/BDSM	2019-05-14	2021-09-24	https://homosaurus.org/v2/ageplay	""
https://homosaurus.org/v2/agi	agi	Agi	""	""	Filipino word that translates to both hermaphrodite and a gay slur	""	https://homosaurus.org/v2/culturallySpecificGenderIdentities||https://homosaurus.org/v2/slurs	""	https://homosaurus.org/v2/bakla	2019-05-14	2021-09-24	https://homosaurus.org/v2/agi	""
https://homosaurus.org/v2/AIDSActivists	AIDSActivists	AIDS activists	""	""	""	""	https://homosaurus.org/v2/activistsLGBTQ	""	https://homosaurus.org/v2/AIDSOrganisations||https://homosaurus.org/v2/HIVAIDS||https://homosaurus.org/v2/movementLGBTQ	2019-05-14	2021-09-24	https://homosaurus.org/v2/AIDSActivists	""
https://homosaurus.org/v2/AIDSAwareness	AIDSAwareness	AIDS awareness	""	""	""	""	""	""	https://homosaurus.org/v2/HIVAIDS||https://homosaurus.org/v2/redRibbons	2019-05-14	2021-09-24	https://homosaurus.org/v2/AIDSAwareness	""
https://homosaurus.org/v2/AIDSInformationCentres	AIDSInformationCentres	AIDS information centres	""	AIDS documentation centres	""	""	https://homosaurus.org/v2/informationCentresLGBTQ	""	https://homosaurus.org/v2/HIVAIDS	2019-05-14	2021-09-24	https://homosaurus.org/v2/AIDSInformationCentres	""
https://homosaurus.org/v2/AIDSEducation	AIDSEducation	AIDS education	""	""	""	""	https://homosaurus.org/v2/informationProvision	""	https://homosaurus.org/v2/HIVAIDS||https://homosaurus.org/v2/saferSex||https://homosaurus.org/v2/sexualHealth	2019-05-14	2021-09-24	https://homosaurus.org/v2/AIDSEducation	""
https://homosaurus.org/v2/AIDSMemorialQuilts	AIDSMemorialQuilts	AIDS memorial quilts	""	""	""	""	https://homosaurus.org/v2/AIDSMemorials	""	https://homosaurus.org/v2/HIVAIDS||https://homosaurus.org/v2/LGBTQMemorials	2019-05-14	2021-09-24	https://homosaurus.org/v2/AIDSMemorialQuilts	""
https://homosaurus.org/v2/AIDSMemorials	AIDSMemorials	AIDS memorials	""	""	""	""	https://homosaurus.org/v2/medicalCare	https://homosaurus.org/v2/AIDSMemorialQuilts	https://homosaurus.org/v2/HIVAIDS||https://homosaurus.org/v2/LGBTQMemorials	2019-05-14	2021-09-24	https://homosaurus.org/v2/AIDSMemorials	""
https://homosaurus.org/v2/AIDSOrganisations	AIDSOrganisations	AIDS organisations	""	AIDS organizations	""	""	""	""	https://homosaurus.org/v2/AIDSActivists||https://homosaurus.org/v2/AIDSPeriodicals||https://homosaurus.org/v2/healthCareForLGBTQPeople||https://homosaurus.org/v2/HIVAIDS||https://homosaurus.org/v2/movementLGBTQ	2019-05-14	2021-09-24	https://homosaurus.org/v2/AIDSOrganisations	""
https://homosaurus.org/v2/AIDSPeriodicals	AIDSPeriodicals	AIDS periodicals	""	""	""	""	""	""	https://homosaurus.org/v2/AIDSOrganisations||https://homosaurus.org/v2/HIVAIDS||https://homosaurus.org/v2/pressLGBTQ	2019-05-14	2021-09-24	https://homosaurus.org/v2/AIDSPeriodicals	""
https://homosaurus.org/v2/AIDSPhobia	AIDSPhobia	AIDS phobia	""	AIDSphobia||Fear of AIDS	""	""	""	""	https://homosaurus.org/v2/HIVAIDS||https://homosaurus.org/v2/LGBTQPhobia	2019-05-14	2021-09-24	https://homosaurus.org/v2/AIDSPhobia	""
https://homosaurus.org/v2/ARC	ARC	ARC	""	AIDS related complex	""	""	https://homosaurus.org/v2/HIVAIDS	""	https://homosaurus.org/v2/kaposisSarcoma	2019-05-14	2021-09-24	https://homosaurus.org/v2/ARC	""
https://homosaurus.org/v2/redRibbons	redRibbons	Red ribbons	""	AIDS ribbons	""	""	https://homosaurus.org/v2/LGBTQSymbols	""	https://homosaurus.org/v2/AIDSAwareness||https://homosaurus.org/v2/HIVAIDS	2019-05-14	2021-09-24	https://homosaurus.org/v2/redRibbons	""
https://homosaurus.org/v2/akavaine	akavaine	Akava'ine	""	""	A Cook Islands Māori word referring to transgender people of Māori descent from the Cook Islands	""	https://homosaurus.org/v2/culturallySpecificGenderIdentities	""	""	2019-05-14	2021-09-24	https://homosaurus.org/v2/akavaine	""
https://homosaurus.org/v2/SM	SM	SM	""	Algolagnia||S & M||S and M||Sadomasochism	""	""	https://homosaurus.org/v2/BDSM	https://homosaurus.org/v2/flagellation||https://homosaurus.org/v2/masochism||https://homosaurus.org/v2/sadism||https://homosaurus.org/v2/spanking	https://homosaurus.org/v2/leatherCommunity||https://homosaurus.org/v2/leatherFamilies||https://homosaurus.org/v2/rubberSex||https://homosaurus.org/v2/slaves||https://homosaurus.org/v2/SMMovement	2019-05-14	2021-09-24	https://homosaurus.org/v2/SM	""
https://homosaurus.org/v2/ali	ali	Ali	""	""	Tamil slur for effeminate gay man; directly translates to hermaphrodite	""	https://homosaurus.org/v2/culturallySpecificGenderIdentities||https://homosaurus.org/v2/slurs	""	""	2019-05-14	2021-09-24	https://homosaurus.org/v2/ali	""
https://homosaurus.org/v2/allies	allies	Allies	""	""	""	""	https://homosaurus.org/v2/heterosexuals	""	https://homosaurus.org/v2/activismLGBTQ||https://homosaurus.org/v2/gay-straightAlliances||https://homosaurus.org/v2/LGBTQFriendliness	2019-05-14	2021-09-24	https://homosaurus.org/v2/allies	""
https://homosaurus.org/v2/alyha	alyha	Alyha	""	""	In Native American Mohave tribes, people assigned male at birth who exhibit feminine traits and could become socially female, often serving as healers	""	https://homosaurus.org/v2/culturallySpecificGenderIdentities	""	https://homosaurus.org/v2/hwame||https://homosaurus.org/v2/two-spiritPeople	2019-05-14	2021-09-24	https://homosaurus.org/v2/alyha	""
https://homosaurus.org/v2/amazons	amazons	Amazons	""	""	Nation of all-female warriors in Greek mythology and Classical antiquity; from the Early Modern period, their name has become a term for woman warriors in general and a culture symbol invoked in lesbian communities	""	https://homosaurus.org/v2/women	""	https://homosaurus.org/v2/lesbians	2019-05-14	2021-09-24	https://homosaurus.org/v2/amazons	""
https://homosaurus.org/v2/analBeads	analBeads	Anal beads	""	""	""	""	https://homosaurus.org/v2/sexAccessories	""	https://homosaurus.org/v2/analSex	2019-05-14	2021-09-24	https://homosaurus.org/v2/analBeads	""
https://homosaurus.org/v2/analFisting	analFisting	Anal fisting	""	""	""	""	https://homosaurus.org/v2/fisting	""	https://homosaurus.org/v2/vaginalFisting	2019-05-14	2021-09-24	https://homosaurus.org/v2/analFisting	""
https://homosaurus.org/v2/analSex	analSex	Anal sex	""	""	""	""	https://homosaurus.org/v2/sexAct||https://homosaurus.org/v2/sexualPractices	https://homosaurus.org/v2/barebacking||https://homosaurus.org/v2/fingering||https://homosaurus.org/v2/fisting||https://homosaurus.org/v2/fucking||https://homosaurus.org/v2/rimming||https://homosaurus.org/v2/scat	https://homosaurus.org/v2/analBeads||https://homosaurus.org/v2/assFucking||https://homosaurus.org/v2/assplay||https://homosaurus.org/v2/buttplugs||https://homosaurus.org/v2/enemas	2019-05-14	2021-09-24	https://homosaurus.org/v2/analSex	""
https://homosaurus.org/v2/androgenInsensitivitySyndrome	androgenInsensitivitySyndrome	Androgen insensitivity syndrome	""	""	""	""	https://homosaurus.org/v2/intersexConditions	""	""	2019-05-14	2021-09-24	https://homosaurus.org/v2/androgenInsensitivitySyndrome	""
https://homosaurus.org/v2/androgynousPeople	androgynousPeople	Androgynous people	""	""	People who have a non-binary gender that includes masculine and feminine traits	""	https://homosaurus.org/v2/transgenderPeople	""	https://homosaurus.org/v2/androgyny||https://homosaurus.org/v2/nonBinaryPeople	2019-05-14	2021-09-24	https://homosaurus.org/v2/androgynousPeople	""
https://homosaurus.org/v2/androgynos	androgynos	Androgynos	""	""	Israeli term used in Rabbinical literature to describe both an intersex mythological creature and refer to a legal condition	""	https://homosaurus.org/v2/LGBTQJudaism||https://homosaurus.org/v2/culturallySpecificGenderIdentities	""	https://homosaurus.org/v2/intersexPeople	2019-05-14	2021-09-24	https://homosaurus.org/v2/androgynos	""
https://homosaurus.org/v2/androgyny	androgyny	Androgyny	""	""	Combination of masculine and feminine characteristics	""	https://homosaurus.org/v2/genderExpression	""	https://homosaurus.org/v2/androgynousPeople||https://homosaurus.org/v2/femininity||https://homosaurus.org/v2/genderBending||https://homosaurus.org/v2/genderRoles||https://homosaurus.org/v2/masculinity	2019-05-14	2021-09-24	https://homosaurus.org/v2/androgyny	""
https://homosaurus.org/v2/LGBTQAnglicans	LGBTQAnglicans	LGBTQ Anglicans	""	Anglicans (LGBTQ)||LGBTQ Church of England||LGBTQ Episcopalians	""	""	https://homosaurus.org/v2/protestantsLGBTQ	""	""	2019-05-14	2021-09-24	https://homosaurus.org/v2/LGBTQAnglicans	""
https://homosaurus.org/v2/rimming	rimming	Rimming	""	Anilingus	""	""	https://homosaurus.org/v2/analSex||https://homosaurus.org/v2/licking	""	""	2019-05-14	2021-09-24	https://homosaurus.org/v2/rimming	""
https://homosaurus.org/v2/anonymousSex	anonymousSex	Anonymous sex	""	""	""	""	https://homosaurus.org/v2/sexualPractices	""	https://homosaurus.org/v2/casualSex||https://homosaurus.org/v2/cottaging||https://homosaurus.org/v2/cruising||https://homosaurus.org/v2/sexLocations||https://homosaurus.org/v2/sexuality||https://homosaurus.org/v2/sexualRelationships||https://homosaurus.org/v2/tearoomSex	2019-05-14	2021-09-24	https://homosaurus.org/v2/anonymousSex	""
https://homosaurus.org/v2/antiBisexualDiscrimination	antiBisexualDiscrimination	Anti-bisexual discrimination	""	""	""	""	https://homosaurus.org/v2/discriminationLGBTQ	""	https://homosaurus.org/v2/biphobia	2019-05-14	2021-09-24	https://homosaurus.org/v2/antiBisexualDiscrimination	""
https://homosaurus.org/v2/antiBisexualViolence	antiBisexualViolence	Anti-bisexual violence	""	""	""	""	https://homosaurus.org/v2/antiLGBTQViolence	""	https://homosaurus.org/v2/biphobia||https://homosaurus.org/v2/hateCrimes	2019-05-14	2021-09-24	https://homosaurus.org/v2/antiBisexualViolence	""
https://homosaurus.org/v2/anti-discriminationLaw	anti-discriminationLaw	Anti-discrimination law	""	""	""	""	https://homosaurus.org/v2/law	""	https://homosaurus.org/v2/discriminationLGBTQ||https://homosaurus.org/v2/publicFacilities	2019-05-14	2021-09-24	https://homosaurus.org/v2/anti-discriminationLaw	""
https://homosaurus.org/v2/anti-feminism	anti-feminism	Anti-feminism	""	""	Opposition to some or all forms of feminism	""	""	""	https://homosaurus.org/v2/feminism||https://homosaurus.org/v2/socialPrivilege	2019-05-14	2021-09-24	https://homosaurus.org/v2/anti-feminism	""
https://homosaurus.org/v2/antiGayDiscrimination	antiGayDiscrimination	Anti-gay discrimination	""	""	""	""	https://homosaurus.org/v2/discriminationLGBTQ	""	https://homosaurus.org/v2/homophobia	2019-05-14	2021-09-24	https://homosaurus.org/v2/antiGayDiscrimination	""
https://homosaurus.org/v2/anti-gayViolence	anti-gayViolence	Anti-gay violence	""	Gay bashing	""	""	https://homosaurus.org/v2/antiLGBTQViolence	https://homosaurus.org/v2/forcedCastration	https://homosaurus.org/v2/hateCrimes||https://homosaurus.org/v2/homophobia	2019-05-14	2021-09-24	https://homosaurus.org/v2/anti-gayViolence	""
https://homosaurus.org/v2/antiLesbianDiscrimination	antiLesbianDiscrimination	Anti-lesbian discrimination	""	""	""	""	https://homosaurus.org/v2/discriminationLGBTQ	""	https://homosaurus.org/v2/lesbophobia	2019-05-14	2021-09-24	https://homosaurus.org/v2/antiLesbianDiscrimination	""
https://homosaurus.org/v2/anti-lesbianViolence	anti-lesbianViolence	Anti-lesbian violence	""	Lesbian bashing	""	""	https://homosaurus.org/v2/antiLGBTQViolence	""	https://homosaurus.org/v2/hateCrimes||https://homosaurus.org/v2/lesbians||https://homosaurus.org/v2/lesbophobia	2019-05-14	2021-09-24	https://homosaurus.org/v2/anti-lesbianViolence	""
https://homosaurus.org/v2/antiLGBTQViolence	antiLGBTQViolence	Anti-LGBTQ violence	""	""	""	""	""	https://homosaurus.org/v2/anti-gayViolence||https://homosaurus.org/v2/anti-lesbianViolence||https://homosaurus.org/v2/anti-transgenderViolence||https://homosaurus.org/v2/antiBisexualViolence||https://homosaurus.org/v2/antiQueerViolence||https://homosaurus.org/v2/LGBTQDomesticViolence||https://homosaurus.org/v2/murdersOfLGBTQPeople	https://homosaurus.org/v2/persecutionsLGBTQ||https://homosaurus.org/v2/sexualHarassment||https://homosaurus.org/v2/sexualViolence||https://homosaurus.org/v2/survivorsOfAntiLGBTQViolence||https://homosaurus.org/v2/victimsOfHateCrimesLGBTQ||https://homosaurus.org/v2/victimsOfRapeLGBTQ||https://homosaurus.org/v2/victimsOfSexualAbuseLGBTQ	2019-05-14	2021-09-24	https://homosaurus.org/v2/antiLGBTQViolence	""
https://homosaurus.org/v2/antiQueerDiscrimination	antiQueerDiscrimination	Anti-queer discrimination	""	""	""	""	https://homosaurus.org/v2/discriminationLGBTQ	""	https://homosaurus.org/v2/queerphobia	2019-05-14	2021-09-24	https://homosaurus.org/v2/antiQueerDiscrimination	""
https://homosaurus.org/v2/antiQueerViolence	antiQueerViolence	Anti-queer violence	""	""	""	""	https://homosaurus.org/v2/antiLGBTQViolence	""	https://homosaurus.org/v2/hateCrimes||https://homosaurus.org/v2/queerphobia	2019-05-14	2021-09-24	https://homosaurus.org/v2/antiQueerViolence	""
https://homosaurus.org/v2/antiTransgenderDiscrimination	antiTransgenderDiscrimination	Anti-transgender discrimination	""	""	""	""	https://homosaurus.org/v2/discriminationLGBTQ	https://homosaurus.org/v2/deadnaming	https://homosaurus.org/v2/medicalisation||https://homosaurus.org/v2/publicBathroomBills||https://homosaurus.org/v2/publicBathrooms||https://homosaurus.org/v2/publicFacilities||https://homosaurus.org/v2/transphobia||https://homosaurus.org/v2/womyn	2019-05-14	2021-09-24	https://homosaurus.org/v2/antiTransgenderDiscrimination	""
https://homosaurus.org/v2/anti-transgenderViolence	anti-transgenderViolence	Anti-transgender violence	""	""	""	""	https://homosaurus.org/v2/antiLGBTQViolence	""	https://homosaurus.org/v2/hateCrimes||https://homosaurus.org/v2/transphobia	2019-05-14	2021-09-24	https://homosaurus.org/v2/anti-transgenderViolence	""
https://homosaurus.org/v2/aphallia	aphallia	Aphallia	""	""	""	""	https://homosaurus.org/v2/intersexConditions	""	""	2019-05-14	2021-09-24	https://homosaurus.org/v2/aphallia	""
https://homosaurus.org/v2/aravani	aravani	Aravani	""	Aruvani	Indian term for people who identify as women trapped in male bodies; many may prefer the term hijra or thirunangai	""	https://homosaurus.org/v2/culturallySpecificGenderIdentities	""	https://homosaurus.org/v2/hijra||https://homosaurus.org/v2/thirunangai	2019-05-14	2021-09-24	https://homosaurus.org/v2/aravani	""
https://homosaurus.org/v2/archivesLGBTQ	archivesLGBTQ	Archives (LGBTQ)	""	LGBTQ archives	""	""	""	https://homosaurus.org/v2/bisexualArchives||https://homosaurus.org/v2/gayArchives||https://homosaurus.org/v2/lesbianArchives||https://homosaurus.org/v2/queerArchives||https://homosaurus.org/v2/transgenderArchives	https://homosaurus.org/v2/librariesLGBTQ	2019-05-14	2021-09-24	https://homosaurus.org/v2/archivesLGBTQ	""
https://homosaurus.org/v2/aromanticPeople	aromanticPeople	Aromantic people	""	""	""	""	""	""	https://homosaurus.org/v2/asexuality||https://homosaurus.org/v2/relationshipsLGBTQ||https://homosaurus.org/v2/amatonormativity	2019-05-14	2021-09-24	https://homosaurus.org/v2/aromanticPeople	""
https://homosaurus.org/v2/arrestsOfLGBTQPeople	arrestsOfLGBTQPeople	Arrests of LGBTQ people	""	""	""	""	https://homosaurus.org/v2/detentionOfLGBTQPeople	""	https://homosaurus.org/v2/LGBTQCivilDisobedience||https://homosaurus.org/v2/persecutionsLGBTQ||https://homosaurus.org/v2/policeEntrapment||https://homosaurus.org/v2/policeRaids	2019-05-14	2021-09-24	https://homosaurus.org/v2/arrestsOfLGBTQPeople	""
https://homosaurus.org/v2/insemination	insemination	Insemination	""	Artificial insemination||Donor insemination||Fertilisation||Fertilization	""	""	https://homosaurus.org/v2/ConceptionByLGBTQPeople	https://homosaurus.org/v2/inVitroFertilisation||https://homosaurus.org/v2/self-insemination	https://homosaurus.org/v2/spermDonors	2019-05-14	2021-09-24	https://homosaurus.org/v2/insemination	""
https://homosaurus.org/v2/artistsLGBTQ	artistsLGBTQ	Artists (LGBTQ)	""	""	""	""	https://homosaurus.org/v2/LGBTQPeople	https://homosaurus.org/v2/bisexualArtists||https://homosaurus.org/v2/gayArtists||https://homosaurus.org/v2/lesbianArtists||https://homosaurus.org/v2/queerArtists||https://homosaurus.org/v2/transgenderArtists	https://homosaurus.org/v2/LGBTQArts	2019-05-14	2021-09-24	https://homosaurus.org/v2/artistsLGBTQ	""
https://homosaurus.org/v2/asexualPeople	asexualPeople	Asexual people	""	Aces	""	""	https://homosaurus.org/v2/sexualMinorities	""	https://homosaurus.org/v2/asexuality||https://homosaurus.org/v2/celibacy||https://homosaurus.org/v2/demisexualPeople||https://homosaurus.org/v2/compulsorySexuality||https://homosaurus.org/v2/megasexualPeople	2019-05-14	2021-09-24	https://homosaurus.org/v2/asexualPeople	""
https://homosaurus.org/v2/ashtime	ashtime	Ashtime	""	""	Term used by the Maale people in Ethiopia for people assigned male at birth who exhibit feminine characteristics; there is some question over the legitimacy of term	""	https://homosaurus.org/v2/culturallySpecificGenderIdentities	""	""	2019-05-14	2021-09-24	https://homosaurus.org/v2/ashtime	""
https://homosaurus.org/v2/asianAmericansLGBTQ	asianAmericansLGBTQ	Asian Americans (LGBTQ)	""	""	Americans of Asian descent (LGBTQ)	""	https://homosaurus.org/v2/asiansLGBTQ	https://homosaurus.org/v2/bisexualAsianAmericans||https://homosaurus.org/v2/gayAsianAmericans||https://homosaurus.org/v2/lesbianAsianAmericans||https://homosaurus.org/v2/queerAsianAmericans||https://homosaurus.org/v2/transgenderAsianAmericans	""	2019-05-14	2021-09-24	https://homosaurus.org/v2/asianAmericansLGBTQ	""
https://homosaurus.org/v2/asiansLGBTQ	asiansLGBTQ	Asians (LGBTQ)	""	""	""	""	https://homosaurus.org/v2/LGBTQEthnicGroups||https://homosaurus.org/v2/peopleOfColourLGBTQ	https://homosaurus.org/v2/asianAmericansLGBTQ||https://homosaurus.org/v2/bisexualAsians||https://homosaurus.org/v2/gayAsians||https://homosaurus.org/v2/lesbianAsians||https://homosaurus.org/v2/queerAsians||https://homosaurus.org/v2/transgenderAsians	""	2019-05-14	2021-09-24	https://homosaurus.org/v2/asiansLGBTQ	""
https://homosaurus.org/v2/autoeroticAsphyxiation	autoeroticAsphyxiation	Autoerotic asphyxiation	""	Asphyxiophilia||Autoerotic asphyxia||Hypoxyphilia||Strangulation sex	""	""	https://homosaurus.org/v2/sexAct||https://homosaurus.org/v2/sexualPractices	""	https://homosaurus.org/v2/fetishism	2019-05-14	2021-09-24	https://homosaurus.org/v2/autoeroticAsphyxiation	""
https://homosaurus.org/v2/assFucking	assFucking	Ass fucking	""	Butt fucking	""	""	https://homosaurus.org/v2/fucking	https://homosaurus.org/v2/barebacking	https://homosaurus.org/v2/analSex	2019-05-14	2021-09-24	https://homosaurus.org/v2/assFucking	""
https://homosaurus.org/v2/assignedFemale	assignedFemaleAtBirth	Assigned female	""	AFAB||Assigned female at birth||Assigned F at birth||Designated female at birth||DFAB||Female assigned at birth||FAAB	"An assignment of a female gender marker or a female sex designation shortly after birth.
"	""	https://homosaurus.org/v2/assignedGender||https://homosaurus.org/v2/sexAssignedAtBirth	""	https://homosaurus.org/v2/cisgenderWomen||https://homosaurus.org/v2/transMen	2019-05-14	2021-09-24	https://homosaurus.org/v2/assignedFemaleAtBirth	""
https://homosaurus.org/v2/assignedGender	assignedGender	Assigned gender	""	""	"The gender, typically ""girl"" or ""boy,"" ascribed to a child at birth or adolescence based on the child's perceived sex"	""	https://homosaurus.org/v2/gender||https://homosaurus.org/v2/genderIdentity	https://homosaurus.org/v2/assignedFemaleAtBirth||https://homosaurus.org/v2/assignedMaleAtBirth||https://homosaurus.org/v2/genderAssignedAtBirth	https://homosaurus.org/v2/birthCertificateAmendments||https://homosaurus.org/v2/stealthTransgender||https://homosaurus.org/v2/transitioningTransgender	2019-05-14	2021-09-24	https://homosaurus.org/v2/assignedGender	""
https://homosaurus.org/v2/assignedMale	assignedMaleAtBirth	Assigned male	""	AMAB||Assigned male at birth||Assigned M at birth||Designated male at birth||DMAB||Male assigned at birth||MAAB	"An assignment of a male gender marker or a male sex designation shortly after birth.
"	""	https://homosaurus.org/v2/assignedGender||https://homosaurus.org/v2/sexAssignedAtBirth	""	https://homosaurus.org/v2/cisgenderMen||https://homosaurus.org/v2/transWomen	2019-05-14	2021-09-24	https://homosaurus.org/v2/assignedMaleAtBirth	""
https://homosaurus.org/v2/normalisation	normalisation	Normalisation	""	Assimilation||Normalization	""	""	""	""	https://homosaurus.org/v2/heteronormativity||https://homosaurus.org/v2/homonormativity||https://homosaurus.org/v2/LGBTQSocialProcesses||https://homosaurus.org/v2/socialNorms	2019-05-14	2021-09-24	https://homosaurus.org/v2/normalisation	""
https://homosaurus.org/v2/assplay	assplay	Assplay	""	""	""	""	""	""	https://homosaurus.org/v2/analSex||https://homosaurus.org/v2/spanking	2019-05-14	2021-09-24	https://homosaurus.org/v2/assplay	""
https://homosaurus.org/v2/atheistsLGBTQ	atheistsLGBTQ	Atheists (LGBTQ)	""	""	""	""	https://homosaurus.org/v2/LGBTQPeople	https://homosaurus.org/v2/bisexualAtheists||https://homosaurus.org/v2/gayAtheists||https://homosaurus.org/v2/lesbianAtheists||https://homosaurus.org/v2/queerAtheists||https://homosaurus.org/v2/transgenderAtheists	https://homosaurus.org/v2/LGBTQReligions	2019-05-14	2021-09-24	https://homosaurus.org/v2/atheistsLGBTQ	""
https://homosaurus.org/v2/autoeroticism	autoeroticism	Autoeroticism	""	""	""	""	""	""	https://homosaurus.org/v2/masturbation	2019-05-14	2021-09-24	https://homosaurus.org/v2/autoeroticism	""
https://homosaurus.org/v2/aversionTherapy	aversionTherapy	Aversion therapy	""	""	Behavior modification therapy intended to displace pleasant associations evoked by homosexuality with unpleasant ones (in the form of electric shocks or a nausea-inducing drug) in order to shift the subject's homosexual orientation to a heterosexual one	""	https://homosaurus.org/v2/behaviouralTherapy	""	https://homosaurus.org/v2/sexualReorientation	2019-05-14	2021-09-24	https://homosaurus.org/v2/aversionTherapy	""
https://homosaurus.org/v2/aylonit	aylonit	Aylonit	""	""	Israeli term referring to a woman with masculine development who is usually infertile	""	https://homosaurus.org/v2/culturallySpecificGenderIdentities	""	""	2019-05-14	2021-09-24	https://homosaurus.org/v2/aylonit	""
https://homosaurus.org/v2/bondage	bondage	Bondage	""	B & D||Bondage and discipline	""	""	https://homosaurus.org/v2/BDSM||https://homosaurus.org/v2/sexualPractices	https://homosaurus.org/v2/ropePlay	https://homosaurus.org/v2/BDSMCommunity||https://homosaurus.org/v2/consent||https://homosaurus.org/v2/masochism||https://homosaurus.org/v2/sadism||https://homosaurus.org/v2/sexualPreference	2019-05-14	2021-09-24	https://homosaurus.org/v2/bondage	""
https://homosaurus.org/v2/darkRooms	darkRooms	Dark rooms	""	Backrooms	""	""	https://homosaurus.org/v2/sexLocations	""	https://homosaurus.org/v2/gayBars||https://homosaurus.org/v2/sexParties||https://homosaurus.org/v2/leatherBars	2019-05-14	2021-09-24	https://homosaurus.org/v2/darkRooms	""
https://homosaurus.org/v2/babyDyke	babyDyke	Baby dyke	""	""	A newly out person	""	https://homosaurus.org/v2/lesbians	""	https://homosaurus.org/v2/babyGay||https://homosaurus.org/v2/comingOut||https://homosaurus.org/v2/outing	2019-05-14	2021-09-24	https://homosaurus.org/v2/babyDyke	""
https://homosaurus.org/v2/babyGay	babyGay	Baby gay	""	""	A newly out person	""	https://homosaurus.org/v2/gayMen	""	https://homosaurus.org/v2/babyDyke||https://homosaurus.org/v2/comingOut||https://homosaurus.org/v2/outing	2019-05-14	2021-09-24	https://homosaurus.org/v2/babyGay	""
https://homosaurus.org/v2/bading	bading	Bading	""	""	Derogatory Filipino term referring to gay men who crossdress	""	https://homosaurus.org/v2/culturallySpecificGenderIdentities||https://homosaurus.org/v2/slurs	""	""	2019-05-14	2021-09-24	https://homosaurus.org/v2/bading	""
https://homosaurus.org/v2/bakla	bakla	Bakla	""	""	Filipino word for people who are assigned male at birth who adopt feminine mannerisms; often considered a third gender	""	https://homosaurus.org/v2/culturallySpecificGenderIdentities||https://homosaurus.org/v2/slurs	""	https://homosaurus.org/v2/agi||https://homosaurus.org/v2/bayot	2019-05-14	2021-09-24	https://homosaurus.org/v2/bakla	""
https://homosaurus.org/v2/ballCulture	ballCulture	Ball culture	""	Ballroom community||Ballroom culture	""	""	https://homosaurus.org/v2/subcultures	https://homosaurus.org/v2/ballroomFamilies	https://homosaurus.org/v2/dragBalls||https://homosaurus.org/v2/dragCommunity||https://homosaurus.org/v2/sexualIdentity||https://homosaurus.org/v2/voguing	2019-05-14	2021-09-24	https://homosaurus.org/v2/ballCulture	""
https://homosaurus.org/v2/ballgags	ballgags	Ballgags	""	""	""	""	https://homosaurus.org/v2/sexAccessories	""	https://homosaurus.org/v2/BDSM	2019-05-14	2021-09-24	https://homosaurus.org/v2/ballgags	""
https://homosaurus.org/v2/ballroomFamilies	ballroomFamilies	Ballroom families	""	""	""	""	https://homosaurus.org/v2/ballCulture||https://homosaurus.org/v2/LGBTQChosenFamilies	""	https://homosaurus.org/v2/dragFamilies||https://homosaurus.org/v2/peopleOfColourLGBTQ	2019-05-14	2021-09-24	https://homosaurus.org/v2/ballroomFamilies	""
https://homosaurus.org/v2/banjees	banjees	Banjees	""	""	Term from the 1980s (or earlier) that describes a certain type of young Latino or African American man who has sex with men and who dresses in stereotypical masculine urban fashion	""	https://homosaurus.org/v2/LGBTQHistoricalTerms||https://homosaurus.org/v2/sexualIdentity	""	https://homosaurus.org/v2/africanAmericansLGBTQ||https://homosaurus.org/v2/latinxLGBTQ||https://homosaurus.org/v2/machoMen||https://homosaurus.org/v2/menWhoHaveSexWithMen	2019-05-14	2021-09-24	https://homosaurus.org/v2/banjees	""
https://homosaurus.org/v2/bantut	bantut	Bantut	""	""	Filipino term for a gay man who assume the clothes and/or mannerisms of women	""	https://homosaurus.org/v2/culturallySpecificGenderIdentities||https://homosaurus.org/v2/slurs	""	""	2019-05-14	2021-09-24	https://homosaurus.org/v2/bantut	""
https://homosaurus.org/v2/LGBTQBaptists	LGBTQBaptists	LGBTQ Baptists	""	Baptists (LGBTQ)	""	""	https://homosaurus.org/v2/protestantsLGBTQ	""	""	2019-05-14	2021-09-24	https://homosaurus.org/v2/LGBTQBaptists	""
https://homosaurus.org/v2/berdache	berdache	Berdache	""	Bardache	An offensive term developed by settler anthropologists to broadly describe indigenous people expressing mixed gender roles. Only use in historical context	""	https://homosaurus.org/v2/LGBTQHistoricalTerms||https://homosaurus.org/v2/slurs	""	https://homosaurus.org/v2/two-spiritPeople	2019-05-14	2021-09-24	https://homosaurus.org/v2/berdache	""
https://homosaurus.org/v2/barebacking	barebacking	Barebacking	""	""	Anal intercourse without a condom	""	https://homosaurus.org/v2/analSex||https://homosaurus.org/v2/assFucking||https://homosaurus.org/v2/riskBehaviours	""	""	2019-05-14	2021-09-24	https://homosaurus.org/v2/barebacking	""
https://homosaurus.org/v2/barsLGBTQ	barsLGBTQ	Bars (LGBTQ)	""	""	""	""	""	https://homosaurus.org/v2/bisexualBars||https://homosaurus.org/v2/dragBars||https://homosaurus.org/v2/gayBars||https://homosaurus.org/v2/lesbianBars||https://homosaurus.org/v2/queerBars||https://homosaurus.org/v2/transgenderBars||https://homosaurus.org/v2/leatherBars	https://homosaurus.org/v2/gayDiscos||https://homosaurus.org/v2/LGBTQMeetingPlaces||https://homosaurus.org/v2/LGBTQNightLife||https://homosaurus.org/v2/LGBTQPubs	2019-05-14	2021-09-24	https://homosaurus.org/v2/barsLGBTQ	""
https://homosaurus.org/v2/bayot	bayot	Bayot	""	""	Derogatory Cebuano term used in the Philippines for effeminate gay men or masculine women	""	https://homosaurus.org/v2/culturallySpecificGenderIdentities||https://homosaurus.org/v2/slurs	""	https://homosaurus.org/v2/bakla	2019-05-14	2021-09-24	https://homosaurus.org/v2/bayot	""
https://homosaurus.org/v2/BDSM	BDSM	BDSM	""	""	Erotic preference and form of personal relationship involving the consensual use of restraint, intense sensory stimulation, and fantasy power roleplay	""	https://homosaurus.org/v2/sexAct||https://homosaurus.org/v2/sexualPractices	https://homosaurus.org/v2/bondage||https://homosaurus.org/v2/masochism||https://homosaurus.org/v2/SM	https://homosaurus.org/v2/ageplay||https://homosaurus.org/v2/ballgags||https://homosaurus.org/v2/BDSMCommunity||https://homosaurus.org/v2/blindfolds||https://homosaurus.org/v2/bottoms||https://homosaurus.org/v2/chestHarnesses||https://homosaurus.org/v2/consent||https://homosaurus.org/v2/fetishism||https://homosaurus.org/v2/handkerchiefCodes||https://homosaurus.org/v2/mastersLGBTQ||https://homosaurus.org/v2/mistressesLGBTQ||https://homosaurus.org/v2/restraints||https://homosaurus.org/v2/sexualIdentity||https://homosaurus.org/v2/slaves||https://homosaurus.org/v2/socialPrivilege||https://homosaurus.org/v2/switches||https://homosaurus.org/v2/tops||https://homosaurus.org/v2/whips	2019-05-14	2021-09-24	https://homosaurus.org/v2/BDSM	""
https://homosaurus.org/v2/BDSMCommunity	BDSMCommunity	BDSM community	""	""	""	""	https://homosaurus.org/v2/communitiesLGBTQ	https://homosaurus.org/v2/leatherFamilies	https://homosaurus.org/v2/BDSM||https://homosaurus.org/v2/bondage||https://homosaurus.org/v2/bottoms||https://homosaurus.org/v2/dominatricesLGBTQ||https://homosaurus.org/v2/masochism||https://homosaurus.org/v2/mastersLGBTQ||https://homosaurus.org/v2/sadism||https://homosaurus.org/v2/SMMovement||https://homosaurus.org/v2/switches||https://homosaurus.org/v2/tops	2019-05-14	2021-09-24	https://homosaurus.org/v2/BDSMCommunity	""
https://homosaurus.org/v2/beachesLGBTQ	beachesLGBTQ	Beaches (LGBTQ)	""	""	""	""	""	https://homosaurus.org/v2/bisexualBeaches||https://homosaurus.org/v2/gayBeaches||https://homosaurus.org/v2/lesbianBeaches||https://homosaurus.org/v2/nudeBeaches||https://homosaurus.org/v2/queerBeaches||https://homosaurus.org/v2/transgenderBeaches	https://homosaurus.org/v2/LGBTQMeetingPlaces	2019-05-14	2021-09-24	https://homosaurus.org/v2/beachesLGBTQ	""
https://homosaurus.org/v2/bears	bears	Bears	""	Bear men	""	""	https://homosaurus.org/v2/gayCulture||https://homosaurus.org/v2/gayMen||https://homosaurus.org/v2/genderRoles||https://homosaurus.org/v2/sexualIdentity	https://homosaurus.org/v2/cubs	https://homosaurus.org/v2/chubsGayMen||https://homosaurus.org/v2/genderExpression||https://homosaurus.org/v2/goldilocks||https://homosaurus.org/v2/otters||https://homosaurus.org/v2/wolves	2019-05-14	2021-09-24	https://homosaurus.org/v2/bears	""
https://homosaurus.org/v2/behaviouralTherapy	behaviouralTherapy	Behavioural therapy	""	""	""	""	https://homosaurus.org/v2/therapies	https://homosaurus.org/v2/aversionTherapy	""	2019-05-14	2021-09-24	https://homosaurus.org/v2/behaviouralTherapy	""
https://homosaurus.org/v2/beingInLove	beingInLove	Being in love	""	""	""	""	https://homosaurus.org/v2/LGBTQLove	""	https://homosaurus.org/v2/relationshipsLGBTQ	2019-05-14	2021-09-24	https://homosaurus.org/v2/beingInLove	""
https://homosaurus.org/v2/bi+People	bi+People	Bi+ people	""	""	Individuals who are not exclusively sexually and romantically attracted toonly one biological sex (includes bisexual, queer, pansexual, and fluididentities)	""	https://homosaurus.org/v2/LGBTQPeople	https://homosaurus.org/v2/bisexualPeople||https://homosaurus.org/v2/pansexualPeople||https://homosaurus.org/v2/queerPeople	https://homosaurus.org/v2/sexualMinorities	2019-05-14	2021-09-24	https://homosaurus.org/v2/bi+People	""
https://homosaurus.org/v2/hateCrimes	hateCrimes	Hate crimes	""	Bias-related crimes	""	""	""	""	https://homosaurus.org/v2/anti-gayViolence||https://homosaurus.org/v2/anti-lesbianViolence||https://homosaurus.org/v2/anti-transgenderViolence||https://homosaurus.org/v2/antiBisexualViolence||https://homosaurus.org/v2/antiQueerViolence||https://homosaurus.org/v2/hateSpeech||https://homosaurus.org/v2/intoleranceTowardsLGBTQPeople||https://homosaurus.org/v2/murdersOfLGBTQPeople||https://homosaurus.org/v2/victimsOfHateCrimesLGBTQ	2019-05-14	2021-09-24	https://homosaurus.org/v2/hateCrimes	""
https://homosaurus.org/v2/bigenderIdentity	bigenderIdentity	Bigender identity	""	""	Gender identity including two genders	""	https://homosaurus.org/v2/genderIdentity	""	https://homosaurus.org/v2/bigenderPeople||https://homosaurus.org/v2/genderfluid	2019-05-14	2021-09-24	https://homosaurus.org/v2/bigenderIdentity	""
https://homosaurus.org/v2/bigenderPeople	bigenderPeople	Bigender people	""	""	People who identify as any two genders either simultaneously or as two separate personas	""	https://homosaurus.org/v2/transgenderPeople	""	https://homosaurus.org/v2/bigenderIdentity||https://homosaurus.org/v2/genderfluidPeople	2019-05-14	2021-09-24	https://homosaurus.org/v2/bigenderPeople	""
https://homosaurus.org/v2/intoleranceTowardsLGBTQPeople	intoleranceTowardsLGBTQPeople	Intolerance towards LGBTQ people	""	Bigotry towards LGBTQ people||Prejudice towards LGBTQ people	""	""	""	""	https://homosaurus.org/v2/discriminationLGBTQ||https://homosaurus.org/v2/hateCrimes||https://homosaurus.org/v2/hateSpeech||https://homosaurus.org/v2/homonationalism||https://homosaurus.org/v2/misandry||https://homosaurus.org/v2/misogyny||https://homosaurus.org/v2/stigma	2019-05-14	2021-09-24	https://homosaurus.org/v2/intoleranceTowardsLGBTQPeople	""
https://homosaurus.org/v2/binabae	binabae	Binabae	""	""	Filipino term for an individuals with both male and female traits	""	https://homosaurus.org/v2/culturallySpecificGenderIdentities	""	""	2019-05-14	2021-09-24	https://homosaurus.org/v2/binabae	""
https://homosaurus.org/v2/bindingChest	bindingChest	Binding (chest)	""	""	""	""	https://homosaurus.org/v2/genderExpression	""	https://homosaurus.org/v2/breasts||https://homosaurus.org/v2/transMen	2019-05-14	2021-09-24	https://homosaurus.org/v2/bindingChest	""
https://homosaurus.org/v2/essentialism	essentialism	Essentialism	""	Biological essentialism	""	""	https://homosaurus.org/v2/theories	""	https://homosaurus.org/v2/queerTheory||https://homosaurus.org/v2/sexualIdentity||https://homosaurus.org/v2/socialConstructionism	2019-05-14	2021-09-24	https://homosaurus.org/v2/essentialism	""
https://homosaurus.org/v2/biologicalParenthood	biologicalParenthood	Biological parenthood	""	""	Person who has a biological relation to a child or children. This relationship can be genetic, gestational, or both	""	https://homosaurus.org/v2/LGBTQBiologicalParents||https://homosaurus.org/v2/LGBTQParenthood	https://homosaurus.org/v2/geneticParenthood||https://homosaurus.org/v2/gestationalParenthood	https://homosaurus.org/v2/birthParents||https://homosaurus.org/v2/donors||https://homosaurus.org/v2/fatherhood||https://homosaurus.org/v2/motherhood||https://homosaurus.org/v2/parentsLGBTQ||https://homosaurus.org/v2/socialParenthood	2019-05-14	2021-09-24	https://homosaurus.org/v2/biologicalParenthood	""
https://homosaurus.org/v2/biphobia	biphobia	Biphobia	""	""	""	""	https://homosaurus.org/v2/LGBTQPhobia	""	https://homosaurus.org/v2/antiBisexualDiscrimination||https://homosaurus.org/v2/antiBisexualViolence||https://homosaurus.org/v2/bisexualPeople||https://homosaurus.org/v2/heterosexism	2019-05-14	2021-09-24	https://homosaurus.org/v2/biphobia	""
https://homosaurus.org/v2/birthCertificateAmendments	birthCertificateAmendments	Birth certificate amendments	""	""	""	""	https://homosaurus.org/v2/birthCertificates	""	https://homosaurus.org/v2/assignedGender||https://homosaurus.org/v2/genderAssignedAtBirth||https://homosaurus.org/v2/LGBTQPersonalAndFamilyLaw	2019-05-14	2021-09-24	https://homosaurus.org/v2/birthCertificateAmendments	""
https://homosaurus.org/v2/birthCertificates	birthCertificates	Birth certificates	""	""	""	""	https://homosaurus.org/v2/officialDocumentation	https://homosaurus.org/v2/birthCertificateAmendments||https://homosaurus.org/v2/genderMarkers	https://homosaurus.org/v2/courtOrders||https://homosaurus.org/v2/genderAssignedAtBirth||https://homosaurus.org/v2/legalName||https://homosaurus.org/v2/legalNameChange||https://homosaurus.org/v2/medicalPractitionersStatements||https://homosaurus.org/v2/socialSecurityCards||https://homosaurus.org/v2/transitioningTransgender	2019-05-14	2021-09-24	https://homosaurus.org/v2/birthCertificates	""
https://homosaurus.org/v2/genderAssignedAtBirth	genderAssignedAtBirth	Gender assigned at birth	""	Birth gender||Natal gender||GAAB||Assigned gender at birth||AGAB||Designated gender at birth||DGAB||Gender at birth	The legal gender marker recorded in birth-related certifications and registries. Often used synonymously with “sex assigned at birth”, but not always. Also used in reference to the gendered roles and expectations associated with said gender marker.	""	https://homosaurus.org/v2/assignedGender	""	https://homosaurus.org/v2/birthCertificateAmendments||https://homosaurus.org/v2/birthCertificates||https://homosaurus.org/v2/cisgenderPeople||https://homosaurus.org/v2/genderDysphoria||https://homosaurus.org/v2/genderMarkers||https://homosaurus.org/v2/sexAssignedAtBirth||https://homosaurus.org/v2/transgenderPeople	2019-05-14	2021-09-24	https://homosaurus.org/v2/genderAssignedAtBirth	""
https://homosaurus.org/v2/birthParents	birthParents	Birth parents	""	""	""	""	https://homosaurus.org/v2/gestationalParenthood||https://homosaurus.org/v2/parentsLGBTQ	https://homosaurus.org/v2/LGBTQBirthParents	https://homosaurus.org/v2/adoptiveParents||https://homosaurus.org/v2/biologicalParenthood||https://homosaurus.org/v2/ConceptionByLGBTQPeople||https://homosaurus.org/v2/LGBTQAdoption||https://homosaurus.org/v2/LGBTQAdoptiveParents||https://homosaurus.org/v2/LGBTQBiologicalParents||https://homosaurus.org/v2/LGBTQBirthParents	2019-05-14	2021-09-24	https://homosaurus.org/v2/birthParents	""
https://homosaurus.org/v2/bisexualActivism	bisexualActivism	Bisexual activism	""	""	""	""	https://homosaurus.org/v2/activismLGBTQ	""	https://homosaurus.org/v2/bisexualInformationCentres||https://homosaurus.org/v2/bisexualMovement||https://homosaurus.org/v2/bisexualPoliticalActivists||https://homosaurus.org/v2/bisexualRights	2019-05-14	2021-09-24	https://homosaurus.org/v2/bisexualActivism	""
https://homosaurus.org/v2/bisexualAfricanAmericans	bisexualAfricanAmericans	Bisexual African-Americans	""	""	""	""	https://homosaurus.org/v2/africanAmericansLGBTQ||https://homosaurus.org/v2/bisexualBlackPeople	""	https://homosaurus.org/v2/downLow	2019-05-14	2021-09-24	https://homosaurus.org/v2/bisexualAfricanAmericans	""
https://homosaurus.org/v2/bisexualAfroCanadians	bisexualAfroCanadians	Bisexual Afro-Canadians	""	""	""	""	https://homosaurus.org/v2/afroCanadiansLGBTQ||https://homosaurus.org/v2/bisexualBlackPeople	""	""	2019-05-14	2021-09-24	https://homosaurus.org/v2/bisexualAfroCanadians	""
https://homosaurus.org/v2/bisexualAfroCaribbeans	bisexualAfroCaribbeans	Bisexual Afro-Caribbeans	""	""	""	""	https://homosaurus.org/v2/afroCaribbeansLGBTQ||https://homosaurus.org/v2/bisexualBlackPeople	""	""	2019-05-14	2021-09-24	https://homosaurus.org/v2/bisexualAfroCaribbeans	""
https://homosaurus.org/v2/bisexualAfroEuropeans	bisexualAfroEuropeans	Bisexual Afro-Europeans	""	""	""	""	https://homosaurus.org/v2/afroEuropeansLGBTQ||https://homosaurus.org/v2/bisexualBlackPeople	""	""	2019-05-14	2021-09-24	https://homosaurus.org/v2/bisexualAfroEuropeans	""
https://homosaurus.org/v2/bisexualAfroLatinAmericans	bisexualAfroLatinAmericans	Bisexual Afro-Latin Americans	""	""	""	""	https://homosaurus.org/v2/afroLatinAmericansLGBTQ||https://homosaurus.org/v2/bisexualBlackPeople	""	""	2019-05-14	2021-09-24	https://homosaurus.org/v2/bisexualAfroLatinAmericans	""
https://homosaurus.org/v2/bisexualArchives	bisexualArchives	Bisexual archives	""	""	""	""	https://homosaurus.org/v2/archivesLGBTQ	""	""	2019-05-14	2021-09-24	https://homosaurus.org/v2/bisexualArchives	""
https://homosaurus.org/v2/bisexualArtists	bisexualArtists	Bisexual artists	""	""	""	""	https://homosaurus.org/v2/artistsLGBTQ	""	""	2019-05-14	2021-09-24	https://homosaurus.org/v2/bisexualArtists	""
https://homosaurus.org/v2/bisexualAsianAmericans	bisexualAsianAmericans	Bisexual Asian Americans	""	""	""	""	https://homosaurus.org/v2/asianAmericansLGBTQ||https://homosaurus.org/v2/bisexualPeopleOfColour	""	""	2019-05-14	2021-09-24	https://homosaurus.org/v2/bisexualAsianAmericans	""
https://homosaurus.org/v2/bisexualAsians	bisexualAsians	Bisexual Asians	""	""	""	""	https://homosaurus.org/v2/asiansLGBTQ	""	""	2019-05-14	2021-09-24	https://homosaurus.org/v2/bisexualAsians	""
https://homosaurus.org/v2/bisexualAtheists	bisexualAtheists	Bisexual atheists	""	""	""	""	https://homosaurus.org/v2/atheistsLGBTQ	""	""	2019-05-14	2021-09-24	https://homosaurus.org/v2/bisexualAtheists	""
https://homosaurus.org/v2/bisexualBars	bisexualBars	Bisexual bars	""	""	""	""	https://homosaurus.org/v2/barsLGBTQ	""	https://homosaurus.org/v2/bisexualPeople	2019-05-14	2021-09-24	https://homosaurus.org/v2/bisexualBars	""
https://homosaurus.org/v2/bisexualBeaches	bisexualBeaches	Bisexual beaches	""	""	""	""	https://homosaurus.org/v2/beachesLGBTQ	""	https://homosaurus.org/v2/bisexualPeople	2019-05-14	2021-09-24	https://homosaurus.org/v2/bisexualBeaches	""
https://homosaurus.org/v2/bisexualBlackPeople	bisexualBlackPeople	Bisexual Black people	""	""	""	""	https://homosaurus.org/v2/bisexualPeopleOfColour||https://homosaurus.org/v2/blackPeopleLGBTQ	https://homosaurus.org/v2/bisexualAfricanAmericans||https://homosaurus.org/v2/bisexualAfroCanadians||https://homosaurus.org/v2/bisexualAfroCaribbeans||https://homosaurus.org/v2/bisexualAfroEuropeans||https://homosaurus.org/v2/bisexualAfroLatinAmericans	""	2019-05-14	2021-09-24	https://homosaurus.org/v2/bisexualBlackPeople	""
https://homosaurus.org/v2/bisexualBookshops	bisexualBookshops	Bisexual bookshops	""	""	""	""	https://homosaurus.org/v2/bookshopsLGBTQ	""	https://homosaurus.org/v2/bisexualPeople	2019-05-14	2021-09-24	https://homosaurus.org/v2/bisexualBookshops	""
https://homosaurus.org/v2/bisexualBoys	bisexualBoys	Bisexual boys	""	""	""	""	https://homosaurus.org/v2/bisexualChildren||https://homosaurus.org/v2/bisexualYouth||https://homosaurus.org/v2/boys	""	""	2019-05-14	2021-09-24	https://homosaurus.org/v2/bisexualBoys	""
https://homosaurus.org/v2/bisexualBuddhists	bisexualBuddhists	Bisexual Buddhists	""	""	""	""	https://homosaurus.org/v2/buddhistsLGBTQ	""	""	2019-05-14	2021-09-24	https://homosaurus.org/v2/bisexualBuddhists	""
https://homosaurus.org/v2/bisexualCharacters	bisexualCharacters	Bisexual characters	""	""	""	""	https://homosaurus.org/v2/charactersLGBTQ	""	https://homosaurus.org/v2/bisexualChildren||https://homosaurus.org/v2/bisexualFiction||https://homosaurus.org/v2/bisexualPeople||https://homosaurus.org/v2/bisexualTelevision	2019-05-14	2021-09-24	https://homosaurus.org/v2/bisexualCharacters	""
https://homosaurus.org/v2/bisexualChildren	bisexualChildren	Bisexual children	""	""	""	""	https://homosaurus.org/v2/bisexualPeople||https://homosaurus.org/v2/childrenLGBTQ	https://homosaurus.org/v2/bisexualBoys||https://homosaurus.org/v2/bisexualGirls	https://homosaurus.org/v2/bisexualCharacters||https://homosaurus.org/v2/bisexualIdentity	2019-05-14	2021-09-24	https://homosaurus.org/v2/bisexualChildren	""
https://homosaurus.org/v2/bisexualChristians	bisexualChristians	Bisexual Christians	""	""	""	""	https://homosaurus.org/v2/christiansLGBTQ	""	""	2019-05-14	2021-09-24	https://homosaurus.org/v2/bisexualChristians	""
https://homosaurus.org/v2/bisexualClergy	bisexualClergy	Bisexual clergy	""	""	""	""	https://homosaurus.org/v2/clergyLGBTQ	""	https://homosaurus.org/v2/celibacy||https://homosaurus.org/v2/gayClergy||https://homosaurus.org/v2/lesbianClergy||https://homosaurus.org/v2/queerClergy||https://homosaurus.org/v2/transgenderClergy	2019-05-14	2021-09-24	https://homosaurus.org/v2/bisexualClergy	""
https://homosaurus.org/v2/bisexualCommunity	bisexualCommunity	Bisexual community	""	""	""	""	https://homosaurus.org/v2/communitiesLGBTQ	""	https://homosaurus.org/v2/bisexualPeople||https://homosaurus.org/v2/LGB||https://homosaurus.org/v2/LGBT||https://homosaurus.org/v2/LGBTI||https://homosaurus.org/v2/LGBTQ||https://homosaurus.org/v2/LGBTQ+||https://homosaurus.org/v2/LGBTQIA	2019-05-14	2021-09-24	https://homosaurus.org/v2/bisexualCommunity	""
https://homosaurus.org/v2/bisexualCommunityCentres	bisexualCommunityCentres	Bisexual community centres	""	""	""	""	https://homosaurus.org/v2/communityCentresLGBTQ	""	https://homosaurus.org/v2/bisexualPeople	2019-05-14	2021-09-24	https://homosaurus.org/v2/bisexualCommunityCentres	""
https://homosaurus.org/v2/bisexualCouples	bisexualCouples	Bisexual couples	""	""	""	""	https://homosaurus.org/v2/couplesLGBTQ	""	https://homosaurus.org/v2/bisexualCouples	2019-05-14	2021-09-24	https://homosaurus.org/v2/bisexualCouples	""
https://homosaurus.org/v2/bisexualDaughters	bisexualDaughters	Bisexual daughters	""	""	""	""	https://homosaurus.org/v2/daughtersLGBTQ	""	https://homosaurus.org/v2/parentsOfBisexualPeople	2019-05-14	2021-09-24	https://homosaurus.org/v2/bisexualDaughters	""
https://homosaurus.org/v2/bisexualInformationCentres	bisexualInformationCentres	Bisexual information centres	""	Bisexual documentation centres	""	""	https://homosaurus.org/v2/informationCentresLGBTQ	""	https://homosaurus.org/v2/bisexualActivism||https://homosaurus.org/v2/bisexuality||https://homosaurus.org/v2/bisexualMovement	2019-05-14	2021-09-24	https://homosaurus.org/v2/bisexualInformationCentres	""
https://homosaurus.org/v2/bisexualDominatrices	bisexualDominatrices	Bisexual dominatrices	""	""	""	""	https://homosaurus.org/v2/dominatricesLGBTQ	""	https://homosaurus.org/v2/lesbianDominatrices||https://homosaurus.org/v2/queerDominatrices||https://homosaurus.org/v2/transgenderDominatrices	2019-05-14	2021-09-24	https://homosaurus.org/v2/bisexualDominatrices	""
https://homosaurus.org/v2/bisexualDrama	bisexualDrama	Bisexual drama	""	""	""	""	https://homosaurus.org/v2/dramaLGBTQ	""	https://homosaurus.org/v2/bisexualLiterature||https://homosaurus.org/v2/bisexualTheatre	2019-05-14	2021-09-24	https://homosaurus.org/v2/bisexualDrama	""
https://homosaurus.org/v2/bisexualFamilies	bisexualFamilies	Bisexual families	""	""	""	""	https://homosaurus.org/v2/familiesLGBTQ	""	https://homosaurus.org/v2/bisexualParents||https://homosaurus.org/v2/bisexualPeople||https://homosaurus.org/v2/childrenOfBisexualPeople	2019-05-14	2021-09-24	https://homosaurus.org/v2/bisexualFamilies	""
https://homosaurus.org/v2/bisexualFiction	bisexualFiction	Bisexual fiction	""	""	""	""	https://homosaurus.org/v2/fictionLGBTQ	""	https://homosaurus.org/v2/bisexualCharacters	2019-05-14	2021-09-24	https://homosaurus.org/v2/bisexualFiction	""
https://homosaurus.org/v2/bisexualGirls	bisexualGirls	Bisexual girls	""	""	""	""	https://homosaurus.org/v2/bisexualChildren||https://homosaurus.org/v2/bisexualYouth||https://homosaurus.org/v2/girls	""	""	2019-05-14	2021-09-24	https://homosaurus.org/v2/bisexualGirls	""
https://homosaurus.org/v2/bisexualIdentity	bisexualIdentity	Bisexual identity	""	""	""	""	https://homosaurus.org/v2/sexualIdentity	""	https://homosaurus.org/v2/bisexualChildren||https://homosaurus.org/v2/bisexualPeople	2019-05-14	2021-09-24	https://homosaurus.org/v2/bisexualIdentity	""
https://homosaurus.org/v2/bisexualJews	bisexualJews	Bisexual Jews	""	""	""	""	https://homosaurus.org/v2/jewsLGBTQ	""	""	2019-05-14	2021-09-24	https://homosaurus.org/v2/bisexualJews	""
https://homosaurus.org/v2/bisexualLatinx	bisexualLatinx	Bisexual Latinx	""	""	""	""	https://homosaurus.org/v2/bisexualPeopleOfColour||https://homosaurus.org/v2/latinxLGBTQ	""	""	2019-05-14	2021-09-24	https://homosaurus.org/v2/bisexualLatinx	""
https://homosaurus.org/v2/bisexualLibraries	bisexualLibraries	Bisexual libraries	""	""	""	""	https://homosaurus.org/v2/librariesLGBTQ	""	""	2019-05-14	2021-09-24	https://homosaurus.org/v2/bisexualLibraries	""
https://homosaurus.org/v2/bisexualLiterature	bisexualLiterature	Bisexual literature	""	""	""	""	https://homosaurus.org/v2/literatureLGBTQ	""	https://homosaurus.org/v2/bisexualDrama||https://homosaurus.org/v2/bisexualLiterature||https://homosaurus.org/v2/bisexualPoetry	2019-05-14	2021-09-24	https://homosaurus.org/v2/bisexualLiterature	""
https://homosaurus.org/v2/mixed-orientationMarriage	mixed-orientationMarriage	Mixed-orientation marriage	""	Bisexual marriage	""	""	https://homosaurus.org/v2/marriage	""	""	2019-05-14	2021-09-24	https://homosaurus.org/v2/mixed-orientationMarriage	""
https://homosaurus.org/v2/bisexualMasters	bisexualMasters	Bisexual masters	""	""	""	""	https://homosaurus.org/v2/mastersLGBTQ	""	https://homosaurus.org/v2/gayMasters||https://homosaurus.org/v2/queerMasters||https://homosaurus.org/v2/transgenderMasters	2019-05-14	2021-09-24	https://homosaurus.org/v2/bisexualMasters	""
https://homosaurus.org/v2/bisexualMen	bisexualMen	Bisexual men	""	Male bisexuals	""	""	https://homosaurus.org/v2/bisexualPeople||https://homosaurus.org/v2/men	""	https://homosaurus.org/v2/menWhoHaveSexWithMen||https://homosaurus.org/v2/queerMen	2019-05-14	2021-09-24	https://homosaurus.org/v2/bisexualMen	""
https://homosaurus.org/v2/bisexualMistresses	bisexualMistresses	Bisexual mistresses	""	""	""	""	https://homosaurus.org/v2/mistressesLGBTQ	""	https://homosaurus.org/v2/lesbianMistresses||https://homosaurus.org/v2/queerMistresses||https://homosaurus.org/v2/transgenderMistresses	2019-05-14	2021-09-24	https://homosaurus.org/v2/bisexualMistresses	""
https://homosaurus.org/v2/bisexualMovement	bisexualMovement	Bisexual movement	""	""	""	""	https://homosaurus.org/v2/movementLGBTQ	""	https://homosaurus.org/v2/bisexualActivism||https://homosaurus.org/v2/bisexualInformationCentres||https://homosaurus.org/v2/bisexualPress||https://homosaurus.org/v2/bisexualTelevision	2019-05-14	2021-09-24	https://homosaurus.org/v2/bisexualMovement	""
https://homosaurus.org/v2/bisexualMuseums	bisexualMuseums	Bisexual museums	""	""	""	""	https://homosaurus.org/v2/museumsLGBTQ	""	""	2019-05-14	2021-09-24	https://homosaurus.org/v2/bisexualMuseums	""
https://homosaurus.org/v2/bisexualMuslims	bisexualMuslims	Bisexual Muslims	""	""	""	""	https://homosaurus.org/v2/muslimsLGBTQ	""	""	2019-05-14	2021-09-24	https://homosaurus.org/v2/bisexualMuslims	""
https://homosaurus.org/v2/bisexualNativeAmericans	bisexualNativeAmericans	Bisexual Native Americans	""	""	""	""	https://homosaurus.org/v2/nativeAmericansLGBTQ	""	""	2019-05-14	2021-09-24	https://homosaurus.org/v2/bisexualNativeAmericans	""
https://homosaurus.org/v2/bisexualNewsletters	bisexualNewsletters	Bisexual newsletters	""	""	""	""	https://homosaurus.org/v2/bisexualPress||https://homosaurus.org/v2/newslettersLGBTQ	""	https://homosaurus.org/v2/bisexualNewspapers	2019-05-14	2021-09-24	https://homosaurus.org/v2/bisexualNewsletters	""
https://homosaurus.org/v2/bisexualNewspapers	bisexualNewspapers	Bisexual newspapers	""	""	""	""	https://homosaurus.org/v2/bisexualPress||https://homosaurus.org/v2/newspapersLGBTQ	""	https://homosaurus.org/v2/bisexualNewsletters	2019-05-14	2021-09-24	https://homosaurus.org/v2/bisexualNewspapers	""
https://homosaurus.org/v2/bisexualPagans	bisexualPagans	Bisexual pagans	""	""	""	""	https://homosaurus.org/v2/pagansLGBTQ	""	""	2019-05-14	2021-09-24	https://homosaurus.org/v2/bisexualPagans	""
https://homosaurus.org/v2/bisexualParents	bisexualParents	Bisexual parents	""	""	""	""	https://homosaurus.org/v2/bisexualPeople||https://homosaurus.org/v2/parentsLGBTQ	""	https://homosaurus.org/v2/bisexualFamilies||https://homosaurus.org/v2/childrenOfBisexualPeople	2019-05-14	2021-09-24	https://homosaurus.org/v2/bisexualParents	""
https://homosaurus.org/v2/bisexualPeople	bisexualPeople	Bisexual people	""	Bisexuals	""	""	https://homosaurus.org/v2/bi+People||https://homosaurus.org/v2/LGBTQPeople||https://homosaurus.org/v2/sexualMinorities	https://homosaurus.org/v2/bisexualChildren||https://homosaurus.org/v2/bisexualMen||https://homosaurus.org/v2/bisexualParents||https://homosaurus.org/v2/bisexualWomen||https://homosaurus.org/v2/bisexualYouth||https://homosaurus.org/v2/closetedBisexualPeople||https://homosaurus.org/v2/olderBisexualPeople	https://homosaurus.org/v2/biphobia||https://homosaurus.org/v2/bisexualBars||https://homosaurus.org/v2/bisexualBeaches||https://homosaurus.org/v2/bisexualBookshops||https://homosaurus.org/v2/bisexualCharacters||https://homosaurus.org/v2/bisexualCommunity||https://homosaurus.org/v2/bisexualCommunityCentres||https://homosaurus.org/v2/bisexualFamilies||https://homosaurus.org/v2/bisexualIdentity||https://homosaurus.org/v2/bisexuality||https://homosaurus.org/v2/pansexualPeople||https://homosaurus.org/v2/parentsOfBisexualPeople||https://homosaurus.org/v2/partnersOfBisexualPeople||https://homosaurus.org/v2/persecutionOfBisexualPeople||https://homosaurus.org/v2/allosexuality	2019-05-14	2021-09-24	https://homosaurus.org/v2/bisexualPeople	""
https://homosaurus.org/v2/bisexualPeopleInTheMilitary	bisexualPeopleInTheMilitary	Bisexual people in the military	""	""	""	""	https://homosaurus.org/v2/peopleInTheMilitaryLGBTQ	""	""	2019-05-14	2021-09-24	https://homosaurus.org/v2/bisexualPeopleInTheMilitary	""
https://homosaurus.org/v2/bisexualPeopleOfColour	bisexualPeopleOfColour	Bisexual people of colour	""	""	""	""	https://homosaurus.org/v2/peopleOfColourLGBTQ	https://homosaurus.org/v2/bisexualAsianAmericans||https://homosaurus.org/v2/bisexualBlackPeople||https://homosaurus.org/v2/bisexualLatinx	""	2019-05-14	2021-09-24	https://homosaurus.org/v2/bisexualPeopleOfColour	""
https://homosaurus.org/v2/parentsOfBisexualPeople	parentsOfBisexualPeople	Parents of bisexual people	""	Bisexual people’s parents	""	""	https://homosaurus.org/v2/parentsLGBTQ	https://homosaurus.org/v2/fathersOfBisexualPeople	https://homosaurus.org/v2/bisexualDaughters||https://homosaurus.org/v2/bisexualPeople||https://homosaurus.org/v2/bisexualSons	2019-05-14	2021-09-24	https://homosaurus.org/v2/parentsOfBisexualPeople	""
https://homosaurus.org/v2/bisexualPoetry	bisexualPoetry	Bisexual poetry	""	""	""	""	https://homosaurus.org/v2/poetryLGBTQ	""	https://homosaurus.org/v2/bisexualLiterature	2019-05-14	2021-09-24	https://homosaurus.org/v2/bisexualPoetry	""
https://homosaurus.org/v2/bisexualPoliticalActivists	bisexualPoliticalActivists	Bisexual political activists	""	""	""	""	https://homosaurus.org/v2/activistsLGBTQ	""	https://homosaurus.org/v2/bisexualActivism	2019-05-14	2021-09-24	https://homosaurus.org/v2/bisexualPoliticalActivists	""
https://homosaurus.org/v2/bisexualPornFilms	bisexualPornFilms	Bisexual porn films	""	""	""	""	https://homosaurus.org/v2/pornFilmsLGBTQ	""	""	2019-05-14	2021-09-24	https://homosaurus.org/v2/bisexualPornFilms	""
https://homosaurus.org/v2/bisexualPress	bisexualPress	Bisexual press	""	""	""	""	https://homosaurus.org/v2/pressLGBTQ	https://homosaurus.org/v2/bisexualNewsletters||https://homosaurus.org/v2/bisexualNewspapers	https://homosaurus.org/v2/bisexualMovement||https://homosaurus.org/v2/LGBTQMagazines	2019-05-14	2021-09-24	https://homosaurus.org/v2/bisexualPress	""
https://homosaurus.org/v2/bisexualProstitutes	bisexualProstitutes	Bisexual prostitutes	""	""	""	""	https://homosaurus.org/v2/sexWorkersLGBTQ	""	""	2019-05-14	2021-09-24	https://homosaurus.org/v2/bisexualProstitutes	""
https://homosaurus.org/v2/bisexualProtestants	bisexualProtestants	Bisexual Protestants	""	""	""	""	https://homosaurus.org/v2/protestantsLGBTQ	""	""	2019-05-14	2021-09-24	https://homosaurus.org/v2/bisexualProtestants	""
https://homosaurus.org/v2/bisexualPublishers	bisexualPublishers	Bisexual publishers	""	""	""	""	https://homosaurus.org/v2/publishersLGBTQ	""	""	2019-05-14	2021-09-24	https://homosaurus.org/v2/bisexualPublishers	""
https://homosaurus.org/v2/bisexualRadio	bisexualRadio	Bisexual radio	""	""	""	""	https://homosaurus.org/v2/radioLGBTQ	""	""	2019-05-14	2021-09-24	https://homosaurus.org/v2/bisexualRadio	""
https://homosaurus.org/v2/bisexualRelationships	bisexualRelationships	Bisexual relationships	""	""	""	""	https://homosaurus.org/v2/relationshipsLGBTQ	""	https://homosaurus.org/v2/gayRelationships||https://homosaurus.org/v2/lesbianRelationships||https://homosaurus.org/v2/queerRelationships||https://homosaurus.org/v2/transgenderRelationships	2019-05-14	2021-09-24	https://homosaurus.org/v2/bisexualRelationships	""
https://homosaurus.org/v2/bisexualRights	bisexualRights	Bisexual rights	""	""	""	""	https://homosaurus.org/v2/civilRightsLGBTQ	""	https://homosaurus.org/v2/bisexualActivism	2019-05-14	2021-09-24	https://homosaurus.org/v2/bisexualRights	""
https://homosaurus.org/v2/bisexualRomanCatholics	bisexualRomanCatholics	Bisexual Roman Catholics	""	""	""	""	https://homosaurus.org/v2/romanCatholicsLGBTQ	""	""	2019-05-14	2021-09-24	https://homosaurus.org/v2/bisexualRomanCatholics	""
https://homosaurus.org/v2/bisexualSlang	bisexualSlang	Bisexual slang	""	""	""	""	https://homosaurus.org/v2/slangLGBTQ	""	""	2019-05-14	2021-09-24	https://homosaurus.org/v2/bisexualSlang	""
https://homosaurus.org/v2/bisexualSons	bisexualSons	Bisexual sons	""	""	""	""	https://homosaurus.org/v2/sonsLGBTQ	""	https://homosaurus.org/v2/parentsOfBisexualPeople	2019-05-14	2021-09-24	https://homosaurus.org/v2/bisexualSons	""
https://homosaurus.org/v2/bisexualStudies	bisexualStudies	Bisexual studies	""	""	""	""	https://homosaurus.org/v2/genderStudies	""	https://homosaurus.org/v2/gayStudies||https://homosaurus.org/v2/lesbianStudies||https://homosaurus.org/v2/queerStudies||https://homosaurus.org/v2/transgenderStudies	2019-05-14	2021-09-24	https://homosaurus.org/v2/bisexualStudies	""
https://homosaurus.org/v2/bisexualSurvivorsOfHateCrimes	bisexualSurvivorsOfHateCrimes	Bisexual survivors of hate crimes	""	""	""	""	https://homosaurus.org/v2/bisexualVictimsOfHateCrimes||https://homosaurus.org/v2/survivorsOfHateCrimesLGBTQ	""	""	2019-05-14	2021-09-24	https://homosaurus.org/v2/bisexualSurvivorsOfHateCrimes	""
https://homosaurus.org/v2/bisexualSurvivorsOfRape	bisexualSurvivorsOfRape	Bisexual survivors of rape	""	""	""	""	https://homosaurus.org/v2/bisexualVictimsOfRape||https://homosaurus.org/v2/survivorsOfRapeLGBTQ	""	""	2019-05-14	2021-09-24	https://homosaurus.org/v2/bisexualSurvivorsOfRape	""
https://homosaurus.org/v2/bisexualSurvivorsOfSexualAbuse	bisexualSurvivorsOfSexualAbuse	Bisexual survivors of sexual abuse	""	""	""	""	https://homosaurus.org/v2/bisexualVictimsOfSexualAbuse||https://homosaurus.org/v2/survivorsOfSexualAbuseLGBTQ	""	""	2019-05-14	2021-09-24	https://homosaurus.org/v2/bisexualSurvivorsOfSexualAbuse	""
https://homosaurus.org/v2/bisexualSurvivorsOfWar	bisexualSurvivorsOfWar	Bisexual survivors of war	""	""	""	""	https://homosaurus.org/v2/bisexualVictimsOfWar||https://homosaurus.org/v2/survivorsOfWarLGBTQ	""	""	2019-05-14	2021-09-24	https://homosaurus.org/v2/bisexualSurvivorsOfWar	""
https://homosaurus.org/v2/bisexualYouth	bisexualYouth	Bisexual youth	""	Bisexual teenagers	""	""	https://homosaurus.org/v2/bisexualPeople||https://homosaurus.org/v2/youthLGBTQ	https://homosaurus.org/v2/bisexualBoys||https://homosaurus.org/v2/bisexualGirls	https://homosaurus.org/v2/bisexualYouthLiterature	2019-05-14	2021-09-24	https://homosaurus.org/v2/bisexualYouth	""
https://homosaurus.org/v2/bisexualTelevision	bisexualTelevision	Bisexual television	""	""	""	""	https://homosaurus.org/v2/televisionLGBTQ	""	https://homosaurus.org/v2/bisexualCharacters||https://homosaurus.org/v2/bisexualMovement	2019-05-14	2021-09-24	https://homosaurus.org/v2/bisexualTelevision	""
https://homosaurus.org/v2/bisexualTheatre	bisexualTheatre	Bisexual theatre	""	""	""	""	https://homosaurus.org/v2/theatreLGBTQ	""	https://homosaurus.org/v2/bisexualDrama	2019-05-14	2021-09-24	https://homosaurus.org/v2/bisexualTheatre	""
https://homosaurus.org/v2/bisexualTheology	bisexualTheology	Bisexual theology	""	""	""	""	https://homosaurus.org/v2/theologyLGBTQ	""	""	2019-05-14	2021-09-24	https://homosaurus.org/v2/bisexualTheology	""
https://homosaurus.org/v2/bisexualVictimsOfHateCrimes	bisexualVictimsOfHateCrimes	Bisexual victims of hate crimes	""	""	""	""	https://homosaurus.org/v2/victimsOfHateCrimesLGBTQ	https://homosaurus.org/v2/bisexualSurvivorsOfHateCrimes	""	2019-05-14	2021-09-24	https://homosaurus.org/v2/bisexualVictimsOfHateCrimes	""
https://homosaurus.org/v2/bisexualVictimsOfRape	bisexualVictimsOfRape	Bisexual victims of rape	""	""	""	""	https://homosaurus.org/v2/victimsOfRapeLGBTQ	https://homosaurus.org/v2/bisexualSurvivorsOfRape	""	2019-05-14	2021-09-24	https://homosaurus.org/v2/bisexualVictimsOfRape	""
https://homosaurus.org/v2/bisexualVictimsOfSexualAbuse	bisexualVictimsOfSexualAbuse	Bisexual victims of sexual abuse	""	""	""	""	https://homosaurus.org/v2/victimsOfSexualAbuseLGBTQ	https://homosaurus.org/v2/bisexualSurvivorsOfSexualAbuse	""	2019-05-14	2021-09-24	https://homosaurus.org/v2/bisexualVictimsOfSexualAbuse	""
https://homosaurus.org/v2/bisexualVictimsOfWar	bisexualVictimsOfWar	Bisexual victims of war	""	""	""	""	https://homosaurus.org/v2/victimsOfWarLGBTQ	https://homosaurus.org/v2/bisexualSurvivorsOfWar	""	2019-05-14	2021-09-24	https://homosaurus.org/v2/bisexualVictimsOfWar	""
https://homosaurus.org/v2/bisexualVictimsRights	bisexualVictimsRights	Bisexual victims' rights	""	""	""	""	https://homosaurus.org/v2/victimsRightsLGBTQ	""	""	2019-05-14	2021-09-24	https://homosaurus.org/v2/bisexualVictimsRights	""
https://homosaurus.org/v2/bisexualWhitePeople	bisexualWhitePeople	Bisexual White people	""	""	""	""	https://homosaurus.org/v2/whitePeopleLGBTQ	""	""	2019-05-14	2021-09-24	https://homosaurus.org/v2/bisexualWhitePeople	""
https://homosaurus.org/v2/bisexualWomen	bisexualWomen	Bisexual women	""	""	""	""	https://homosaurus.org/v2/bisexualPeople||https://homosaurus.org/v2/women	https://homosaurus.org/v2/mati	https://homosaurus.org/v2/womenWhoHaveSexWithWomen	2019-05-14	2021-09-24	https://homosaurus.org/v2/bisexualWomen	""
https://homosaurus.org/v2/bisexualYouthLiterature	bisexualYouthLiterature	Bisexual youth literature	""	""	""	""	https://homosaurus.org/v2/youthLiteratureLGBTQ	""	https://homosaurus.org/v2/bisexualYouth	2019-05-14	2021-09-24	https://homosaurus.org/v2/bisexualYouthLiterature	""
https://homosaurus.org/v2/bisexuality	bisexuality	Bisexuality	""	""	""	""	https://homosaurus.org/v2/sexualOrientation||https://homosaurus.org/v2/polysexuality	""	https://homosaurus.org/v2/bisexualInformationCentres||https://homosaurus.org/v2/bisexualPeople||https://homosaurus.org/v2/homosexuality||https://homosaurus.org/v2/lesbianism	2019-05-14	2021-09-24	https://homosaurus.org/v2/bisexuality	""
https://homosaurus.org/v2/bissu	bissu	Bissu	""	""	Mentally and physically androgynous shamans in Bugis (Indonesia) culture	""	https://homosaurus.org/v2/culturallySpecificGenderIdentities	""	""	2019-05-14	2021-09-24	https://homosaurus.org/v2/bissu	""
https://homosaurus.org/v2/biting	biting	Biting	""	""	Sexual arousal through biting	""	https://homosaurus.org/v2/oralSex||https://homosaurus.org/v2/sexualPractices	""	https://homosaurus.org/v2/vampirism	2019-05-14	2021-09-24	https://homosaurus.org/v2/biting	""
https://homosaurus.org/v2/bizaah	bizaah	Biza'ah	""	""	Among the Zapotec in Teotitlán del Valle, Mexico, this term refers to people assigned male at birth who exhibit feminine characteristics	""	https://homosaurus.org/v2/culturallySpecificGenderIdentities	""	""	2019-05-14	2021-09-24	https://homosaurus.org/v2/bizaah	""
https://homosaurus.org/v2/blackPeopleLGBTQ	blackPeopleLGBTQ	Black people (LGBTQ)	""	""	Used only for people of Black-African descent and not for other people of colour	""	https://homosaurus.org/v2/LGBTQEthnicGroups||https://homosaurus.org/v2/peopleOfColourLGBTQ	https://homosaurus.org/v2/africanAmericansLGBTQ||https://homosaurus.org/v2/afroCanadiansLGBTQ||https://homosaurus.org/v2/afroCaribbeansLGBTQ||https://homosaurus.org/v2/afroEuropeansLGBTQ||https://homosaurus.org/v2/afroLatinAmericansLGBTQ||https://homosaurus.org/v2/bisexualBlackPeople||https://homosaurus.org/v2/gayBlackPeople||https://homosaurus.org/v2/lesbianBlackPeople||https://homosaurus.org/v2/queerBlackPeople||https://homosaurus.org/v2/transgenderBlackPeople	""	2019-05-14	2021-09-24	https://homosaurus.org/v2/blackPeopleLGBTQ	""
https://homosaurus.org/v2/blindfolds	blindfolds	Blindfolds	""	""	""	""	https://homosaurus.org/v2/sexAccessories	""	https://homosaurus.org/v2/BDSM	2019-05-14	2021-09-24	https://homosaurus.org/v2/blindfolds	""
https://homosaurus.org/v2/blogs	blogs	Blogs	""	""	A website or webpage, typically run by an individual or small group, that is written in an informal or conversational style	""	https://homosaurus.org/v2/socialMedia	https://homosaurus.org/v2/LGBTQBlogs	""	2019-05-14	2021-09-24	https://homosaurus.org/v2/blogs	""
https://homosaurus.org/v2/vampirism	vampirism	Vampirism	""	Blood sports||Vampire sex	""	""	https://homosaurus.org/v2/fetishism||https://homosaurus.org/v2/sexualPractices	""	https://homosaurus.org/v2/biting	2019-05-14	2021-09-24	https://homosaurus.org/v2/vampirism	""
https://homosaurus.org/v2/fellatio	fellatio	Fellatio	""	Blow jobs||Cocksucking||Penilingus	""	""	https://homosaurus.org/v2/oralSex||https://homosaurus.org/v2/phallicSex||https://homosaurus.org/v2/sexAct||https://homosaurus.org/v2/sexualPractices	""	https://homosaurus.org/v2/penises	2019-05-14	2021-09-24	https://homosaurus.org/v2/fellatio	""
https://homosaurus.org/v2/sexDolls	sexDolls	Sex dolls	""	Blow up dolls||Inflatable dolls	""	""	https://homosaurus.org/v2/sexAccessories	""	""	2019-05-14	2021-09-24	https://homosaurus.org/v2/sexDolls	""
https://homosaurus.org/v2/bodyAdornments	bodyAdornments	Body adornments	""	Body decoration	""	""	""	https://homosaurus.org/v2/piercings||https://homosaurus.org/v2/tattoos	https://homosaurus.org/v2/collars	2019-05-14	2021-09-24	https://homosaurus.org/v2/bodyAdornments	""
https://homosaurus.org/v2/bois	bois	Bois	""	""	Slang for young masculine or transmasculine people. The term is commonly used in the lesbian community	""	""	""	https://homosaurus.org/v2/butches||https://homosaurus.org/v2/femaleMasculinity||https://homosaurus.org/v2/lesbians||https://homosaurus.org/v2/lesbianSlang||https://homosaurus.org/v2/transmasculinePeople	2019-05-14	2021-09-24	https://homosaurus.org/v2/bois	""
https://homosaurus.org/v2/bookshopsLGBTQ	bookshopsLGBTQ	Bookshops (LGBTQ)	""	Bookstores (LGBTQ)	""	""	""	https://homosaurus.org/v2/bisexualBookshops||https://homosaurus.org/v2/gayBookshops||https://homosaurus.org/v2/lesbianBookshops||https://homosaurus.org/v2/queerBookshops||https://homosaurus.org/v2/transgenderBookshops||https://homosaurus.org/v2/womensBookshops	https://homosaurus.org/v2/LGBTQBooks||https://homosaurus.org/v2/pressLGBTQ	2019-05-14	2021-09-24	https://homosaurus.org/v2/bookshopsLGBTQ	""
https://homosaurus.org/v2/bootblacking	bootblacking	Bootblacking	""	""	""	""	https://homosaurus.org/v2/leatherCommunity	""	""	2019-05-14	2021-09-24	https://homosaurus.org/v2/bootblacking	""
https://homosaurus.org/v2/bostonMarriages	bostonMarriages	Boston marriages	""	""	The cohabitation (often romantic relationship) of two women without the financial support of a man. Originating from New England (USA) in the late 19th and early 20th century	""	https://homosaurus.org/v2/couplesLGBTQ	""	https://homosaurus.org/v2/lesbianCouples||https://homosaurus.org/v2/LGBTQHistoricalTerms	2019-05-14	2021-09-24	https://homosaurus.org/v2/bostonMarriages	""
https://homosaurus.org/v2/bottoms	bottoms	Bottoms	""	""	A submissive partner role in BDSM play or a receptive partner during sex	""	https://homosaurus.org/v2/sexualIdentity||https://homosaurus.org/v2/sexualRoles	""	https://homosaurus.org/v2/BDSM||https://homosaurus.org/v2/BDSMCommunity||https://homosaurus.org/v2/dominatricesLGBTQ||https://homosaurus.org/v2/mastersLGBTQ||https://homosaurus.org/v2/mistressesLGBTQ||https://homosaurus.org/v2/slaves||https://homosaurus.org/v2/socialPrivilege||https://homosaurus.org/v2/switches||https://homosaurus.org/v2/tops	2019-05-14	2021-09-24	https://homosaurus.org/v2/bottoms	""
https://homosaurus.org/v2/boys	boys	Boys	""	""	""	""	https://homosaurus.org/v2/children	https://homosaurus.org/v2/bisexualBoys||https://homosaurus.org/v2/gayBoys||https://homosaurus.org/v2/heterosexualBoys||https://homosaurus.org/v2/sissies	https://homosaurus.org/v2/boysFriendships||https://homosaurus.org/v2/genderBinary	2019-05-14	2021-09-24	https://homosaurus.org/v2/boys	""
https://homosaurus.org/v2/boysFriendships	boysFriendships	Boys' friendships	""	""	""	""	https://homosaurus.org/v2/friendships||https://homosaurus.org/v2/homosociality	""	https://homosaurus.org/v2/boys	2019-05-14	2021-09-24	https://homosaurus.org/v2/boysFriendships	""
https://homosaurus.org/v2/breasts	breasts	Breasts	""	Boobs||Bosoms||Bosom||Tits||Titties	""	""	https://homosaurus.org/v2/erogenousBodyParts||https://homosaurus.org/v2/secondarySexCharacteristics	""	https://homosaurus.org/v2/bindingChest||https://homosaurus.org/v2/breastAugmentation||https://homosaurus.org/v2/breastFetishism||https://homosaurus.org/v2/breastReduction||https://homosaurus.org/v2/breastSize||https://homosaurus.org/v2/largeBreasts||https://homosaurus.org/v2/mastectomy||https://homosaurus.org/v2/smallBreasts	2019-05-14	2021-09-24	https://homosaurus.org/v2/breasts	""
https://homosaurus.org/v2/brothels	brothels	Brothels	""	""	""	""	https://homosaurus.org/v2/sexIndustry	""	https://homosaurus.org/v2/prostitution	2019-05-14	2021-09-24	https://homosaurus.org/v2/brothels	""
https://homosaurus.org/v2/brotherboys	brotherboys	Brotherboys	""	Brothaboys	Indigenous Australian term for people who transition from female to male	""	https://homosaurus.org/v2/culturallySpecificGenderIdentities	""	https://homosaurus.org/v2/sistergirls	2019-05-14	2021-09-24	https://homosaurus.org/v2/brotherboys	""
https://homosaurus.org/v2/buddhistsLGBTQ	buddhistsLGBTQ	Buddhists (LGBTQ)	""	""	""	""	https://homosaurus.org/v2/LGBTQAsianReligions	https://homosaurus.org/v2/bisexualBuddhists||https://homosaurus.org/v2/gayBuddhists||https://homosaurus.org/v2/lesbianBuddhists||https://homosaurus.org/v2/queerBuddhists||https://homosaurus.org/v2/transgenderBuddhists	""	2019-05-14	2021-09-24	https://homosaurus.org/v2/buddhistsLGBTQ	""
https://homosaurus.org/v2/buddyCareForLGBTQPeople	buddyCareForLGBTQPeople	Buddy care for LGBTQ people	""	Buddies	""	""	https://homosaurus.org/v2/healthCareForLGBTQPeople	""	https://homosaurus.org/v2/HIV-positivePeople||https://homosaurus.org/v2/HIVAIDS	2019-05-14	2021-09-24	https://homosaurus.org/v2/buddyCareForLGBTQPeople	""
https://homosaurus.org/v2/sodomites	sodomites	Sodomites	""	Buggers	""	""	https://homosaurus.org/v2/LGBTQHistoricalTerms	""	https://homosaurus.org/v2/sexualMinorities||https://homosaurus.org/v2/sodomy	2019-05-14	2021-09-24	https://homosaurus.org/v2/sodomites	""
https://homosaurus.org/v2/bullying	bullying	Bullying	""	""	Form of aggressive behaviour, which can include verbal harassment, physical assault, or coercion and may be directed repeatedly towards particular victims, perhaps on grounds of race, gender, sexuality, or ability	""	""	https://homosaurus.org/v2/cyberbullying	https://homosaurus.org/v2/harassment||https://homosaurus.org/v2/LGBTQPhobia	2019-05-14	2021-09-24	https://homosaurus.org/v2/bullying	""
https://homosaurus.org/v2/burrnesha	burrnesha	Burrnesha	""	""	In the Balkans, people assigned female at birth who take a vow of chastity and live as men	""	https://homosaurus.org/v2/culturallySpecificGenderIdentities	""	""	2019-05-14	2021-09-24	https://homosaurus.org/v2/burrnesha	""
https://homosaurus.org/v2/butchFemmeRelationships	butchFemmeRelationships	Butch-femme relationships	""	""	""	""	https://homosaurus.org/v2/lesbianCulture||https://homosaurus.org/v2/relationshipsLGBTQ	""	https://homosaurus.org/v2/butches||https://homosaurus.org/v2/femmes||https://homosaurus.org/v2/roleBehaviour||https://homosaurus.org/v2/sexualIdentity||https://homosaurus.org/v2/stoneButches	2019-05-14	2021-09-24	https://homosaurus.org/v2/butchFemmeRelationships	""
https://homosaurus.org/v2/butches	butches	Butches	""	""	A masculine person of any gender, though it is common to use the term within the lesbian community	""	https://homosaurus.org/v2/genderRoles||https://homosaurus.org/v2/sexualIdentity||https://homosaurus.org/v2/sexualRoles	""	https://homosaurus.org/v2/bois||https://homosaurus.org/v2/butchFemmeRelationships||https://homosaurus.org/v2/femaleMasculinity||https://homosaurus.org/v2/femmes||https://homosaurus.org/v2/lesbians||https://homosaurus.org/v2/masculinity||https://homosaurus.org/v2/softButches||https://homosaurus.org/v2/stoneButches||https://homosaurus.org/v2/tomboys||https://homosaurus.org/v2/wakatane	2019-05-14	2021-09-24	https://homosaurus.org/v2/butches	""
https://homosaurus.org/v2/buttocks	buttocks	Buttocks	""	""	""	""	https://homosaurus.org/v2/erogenousBodyParts	""	https://homosaurus.org/v2/spanking	2019-05-14	2021-09-24	https://homosaurus.org/v2/buttocks	""
https://homosaurus.org/v2/buttplugs	buttplugs	Buttplugs	""	""	""	""	https://homosaurus.org/v2/sexAccessories	""	https://homosaurus.org/v2/analSex||https://homosaurus.org/v2/dildos	2019-05-14	2021-09-24	https://homosaurus.org/v2/buttplugs	""
https://homosaurus.org/v2/calabai	calabai	Calabai	""	""	In Bugis culture, refers to people assigned male at birth who assume female roles	""	https://homosaurus.org/v2/culturallySpecificGenderIdentities	""	""	2019-05-14	2021-09-24	https://homosaurus.org/v2/calabai	""
https://homosaurus.org/v2/calalai	calalai	Calalai	""	""	In Bugis culture, refers to people assigned female at birth who assume male roles	""	https://homosaurus.org/v2/culturallySpecificGenderIdentities	""	""	2019-05-14	2021-09-24	https://homosaurus.org/v2/calalai	""
https://homosaurus.org/v2/maleProstitutes	maleProstitutes	Male prostitutes	""	Call boys||Gigolos||Male hustlers||Rent boys||Taxi boys	""	""	https://homosaurus.org/v2/sexWorkersLGBTQ	https://homosaurus.org/v2/gayProstitutes	https://homosaurus.org/v2/maleProstitution	2019-05-14	2021-09-24	https://homosaurus.org/v2/maleProstitutes	""
https://homosaurus.org/v2/LGBTQCalvinists	LGBTQCalvinists	LGBTQ Calvinists	""	Calvinists (LGBTQ)	""	""	https://homosaurus.org/v2/protestantsLGBTQ	""	""	2019-05-14	2021-09-24	https://homosaurus.org/v2/LGBTQCalvinists	""
https://homosaurus.org/v2/camp	camp	Camp	""	""	Aesthetic style and sensibility that values irony and bad taste	""	""	""	https://homosaurus.org/v2/drag||https://homosaurus.org/v2/gayCulture	2019-05-14	2021-09-24	https://homosaurus.org/v2/camp	""
https://homosaurus.org/v2/cunnilingus	cunnilingus	Cunnilingus	""	Carpet munching||Cunt licking||Eating pussy||Muff diving	""	""	https://homosaurus.org/v2/clitoralSex||https://homosaurus.org/v2/licking||https://homosaurus.org/v2/oralSex||https://homosaurus.org/v2/sexAct||https://homosaurus.org/v2/sexualPractices||https://homosaurus.org/v2/vaginalSex||https://homosaurus.org/v2/vaginas	""	""	2019-05-14	2021-09-24	https://homosaurus.org/v2/cunnilingus	""
https://homosaurus.org/v2/eunuchs	eunuchs	Eunuchs	""	Castrati	""	""	https://homosaurus.org/v2/culturallySpecificGenderIdentities	""	https://homosaurus.org/v2/castration||https://homosaurus.org/v2/hijra	2019-05-14	2021-09-24	https://homosaurus.org/v2/eunuchs	""
https://homosaurus.org/v2/castration	castration	Castration	""	""	""	""	""	https://homosaurus.org/v2/forcedCastration||https://homosaurus.org/v2/orchiectomy||https://homosaurus.org/v2/penectomy	https://homosaurus.org/v2/consent||https://homosaurus.org/v2/eunuchs	2019-05-14	2021-09-24	https://homosaurus.org/v2/castration	""
https://homosaurus.org/v2/casualSex	casualSex	Casual sex	""	Promiscuity	""	""	https://homosaurus.org/v2/sexualPractices||https://homosaurus.org/v2/sexualRelationships	""	https://homosaurus.org/v2/anonymousSex||https://homosaurus.org/v2/cruising||https://homosaurus.org/v2/groupSex||https://homosaurus.org/v2/sexuality||https://homosaurus.org/v2/sexualPreference	2019-05-14	2021-09-24	https://homosaurus.org/v2/casualSex	""
https://homosaurus.org/v2/whitePeopleLGBTQ	whitePeopleLGBTQ	White people (LGBTQ)	""	Caucasians (LGBTQ)	""	""	https://homosaurus.org/v2/LGBTQEthnicGroups	https://homosaurus.org/v2/bisexualWhitePeople||https://homosaurus.org/v2/gayWhitePeople||https://homosaurus.org/v2/lesbianWhitePeople||https://homosaurus.org/v2/queerWhitePeople||https://homosaurus.org/v2/transgenderWhitePeople	https://homosaurus.org/v2/socialPrivilege	2019-05-14	2021-09-24	https://homosaurus.org/v2/whitePeopleLGBTQ	""
https://homosaurus.org/v2/celibacy	celibacy	Celibacy	""	""	""	""	""	""	https://homosaurus.org/v2/asexualPeople||https://homosaurus.org/v2/bisexualClergy||https://homosaurus.org/v2/gayClergy||https://homosaurus.org/v2/lesbianClergy||https://homosaurus.org/v2/queerClergy||https://homosaurus.org/v2/sexualAbstinence||https://homosaurus.org/v2/transgenderClergy	2019-05-14	2021-09-24	https://homosaurus.org/v2/celibacy	""
https://homosaurus.org/v2/censorship	censorship	Censorship	""	""	""	""	""	https://homosaurus.org/v2/LGBTQCensorship	""	2019-05-14	2021-09-24	https://homosaurus.org/v2/censorship	""
https://homosaurus.org/v2/chakka	chakka	Chakka	""	""	Derogatory term for a third gender person in Karnataka culture in India	""	https://homosaurus.org/v2/culturallySpecificGenderIdentities||https://homosaurus.org/v2/slurs	""	https://homosaurus.org/v2/hijra	2019-05-14	2021-09-24	https://homosaurus.org/v2/chakka	""
https://homosaurus.org/v2/legalNameChange	legalNameChange	Legal name change	""	Change of name	""	""	https://homosaurus.org/v2/LGBTQPersonalAndFamilyLaw||https://homosaurus.org/v2/officialDocumentation	""	https://homosaurus.org/v2/birthCertificates||https://homosaurus.org/v2/driversLicenses||https://homosaurus.org/v2/legalName||https://homosaurus.org/v2/marriage||https://homosaurus.org/v2/passports||https://homosaurus.org/v2/socialSecurityCards	2019-05-14	2021-09-24	https://homosaurus.org/v2/legalNameChange	""
https://homosaurus.org/v2/changingRooms	changingRooms	Changing rooms	""	""	""	""	https://homosaurus.org/v2/publicFacilities	""	https://homosaurus.org/v2/publicBathroomBills	2019-05-14	2021-09-24	https://homosaurus.org/v2/changingRooms	""
https://homosaurus.org/v2/charactersLGBTQ	charactersLGBTQ	Characters (LGBTQ)	""	""	""	""	""	https://homosaurus.org/v2/bisexualCharacters||https://homosaurus.org/v2/gayCharacters||https://homosaurus.org/v2/lesbianCharacters||https://homosaurus.org/v2/queerCharacters||https://homosaurus.org/v2/transgenderCharacters	https://homosaurus.org/v2/fictionLGBTQ||https://homosaurus.org/v2/LGBTQFilms||https://homosaurus.org/v2/televisionLGBTQ	2019-05-14	2021-09-24	https://homosaurus.org/v2/charactersLGBTQ	""
https://homosaurus.org/v2/chatrooms	chatrooms	Chatrooms	""	""	""	""	https://homosaurus.org/v2/socialMedia	https://homosaurus.org/v2/LGBTQChatrooms	""	2019-05-14	2021-09-24	https://homosaurus.org/v2/chatrooms	""
https://homosaurus.org/v2/substanceAbuse	substanceAbuse	Substance abuse	""	Chemical dependency	""	""	""	https://homosaurus.org/v2/drugAbuse	""	2019-05-14	2021-09-24	https://homosaurus.org/v2/substanceAbuse	""
https://homosaurus.org/v2/chestHarnesses	chestHarnesses	Chest harnesses	""	""	""	""	https://homosaurus.org/v2/harnesses	""	https://homosaurus.org/v2/BDSM||https://homosaurus.org/v2/dildoHarnesses||https://homosaurus.org/v2/thighHarnesses	2019-05-14	2021-09-24	https://homosaurus.org/v2/chestHarnesses	""
https://homosaurus.org/v2/latinxLGBTQ	latinxLGBTQ	Latinx (LGBTQ)	""	Chicanas (LGBTQ)||Chicanos (LGBTQ)||Hispanics (LGBTQ)||Latinas (LGBTQ)||Latinos (LGBTQ)	""	""	https://homosaurus.org/v2/LGBTQEthnicGroups||https://homosaurus.org/v2/peopleOfColourLGBTQ	https://homosaurus.org/v2/afroLatinAmericansLGBTQ||https://homosaurus.org/v2/bisexualLatinx||https://homosaurus.org/v2/gayLatinos||https://homosaurus.org/v2/lesbianLatinas||https://homosaurus.org/v2/queerLatinx||https://homosaurus.org/v2/transgenderLatinx	https://homosaurus.org/v2/banjees	2019-05-14	2021-09-24	https://homosaurus.org/v2/latinxLGBTQ	""
https://homosaurus.org/v2/childCustody	childCustody	Child custody	""	Guardianship||Parental custody||Tutelage	""	""	""	""	https://homosaurus.org/v2/children||https://homosaurus.org/v2/LGBTQAdoption||https://homosaurus.org/v2/LGBTQDivorce||https://homosaurus.org/v2/LGBTQFosterFamilies||https://homosaurus.org/v2/LGBTQPersonalAndFamilyLaw||https://homosaurus.org/v2/LGBTQSeparation	2019-05-14	2021-09-24	https://homosaurus.org/v2/childCustody	""
https://homosaurus.org/v2/children	children	Children	""	""	Persons between birth and puberty	""	https://homosaurus.org/v2/familyMembers	https://homosaurus.org/v2/boys||https://homosaurus.org/v2/childrenLGBTQ||https://homosaurus.org/v2/girls||https://homosaurus.org/v2/intersexChildren	https://homosaurus.org/v2/childCustody||https://homosaurus.org/v2/childrensSexuality||https://homosaurus.org/v2/desireToHaveChildren||https://homosaurus.org/v2/youth	2019-05-14	2021-09-24	https://homosaurus.org/v2/children	""
https://homosaurus.org/v2/childrenLGBTQ	childrenLGBTQ	Children (LGBTQ)	""	""	""	""	https://homosaurus.org/v2/children	https://homosaurus.org/v2/bisexualChildren||https://homosaurus.org/v2/gayBoys||https://homosaurus.org/v2/lesbianGirls||https://homosaurus.org/v2/queerChildren||https://homosaurus.org/v2/sexuallyAbusedLGBTQChildren||https://homosaurus.org/v2/transgenderChildren	https://homosaurus.org/v2/LGBTQChildrenOfAlcoholics	2019-05-14	2021-09-24	https://homosaurus.org/v2/childrenLGBTQ	""
https://homosaurus.org/v2/childrenOfBisexualPeople	childrenOfBisexualPeople	Children of bisexual people	""	""	""	""	https://homosaurus.org/v2/childrenOfLGBTQPeople	https://homosaurus.org/v2/daughtersOfBisexualPeople||https://homosaurus.org/v2/sonsOfBisexualPeople	https://homosaurus.org/v2/bisexualFamilies||https://homosaurus.org/v2/bisexualParents	2019-05-14	2021-09-24	https://homosaurus.org/v2/childrenOfBisexualPeople	""
https://homosaurus.org/v2/childrenOfGayMen	childrenOfGayMen	Children of gay men	""	""	""	""	https://homosaurus.org/v2/childrenOfLGBTQPeople	https://homosaurus.org/v2/daughtersOfGayMen||https://homosaurus.org/v2/sonsOfGayMen	https://homosaurus.org/v2/gayFamilies||https://homosaurus.org/v2/gayParents	2019-05-14	2021-09-24	https://homosaurus.org/v2/childrenOfGayMen	""
https://homosaurus.org/v2/childrenOfLesbians	childrenOfLesbians	Children of lesbians	""	""	""	""	https://homosaurus.org/v2/childrenOfLGBTQPeople	https://homosaurus.org/v2/daughtersOfLesbians||https://homosaurus.org/v2/sonsOfLesbians	https://homosaurus.org/v2/lesbianFamilies||https://homosaurus.org/v2/lesbianParents	2019-05-14	2021-09-24	https://homosaurus.org/v2/childrenOfLesbians	""
https://homosaurus.org/v2/childrenOfLGBTQPeople	childrenOfLGBTQPeople	Children of LGBTQ people	""	""	""	""	https://homosaurus.org/v2/familyMembers	https://homosaurus.org/v2/childrenOfBisexualPeople||https://homosaurus.org/v2/childrenOfGayMen||https://homosaurus.org/v2/childrenOfLesbians||https://homosaurus.org/v2/childrenOfQueerPeople||https://homosaurus.org/v2/childrenOfTransgenderPeople||https://homosaurus.org/v2/daughtersOfBisexualPeople||https://homosaurus.org/v2/daughtersOfGayMen||https://homosaurus.org/v2/daughtersOfLesbians||https://homosaurus.org/v2/daughtersOfQueerPeople||https://homosaurus.org/v2/daughtersOfTransgenderPeople||https://homosaurus.org/v2/sonsOfBisexualPeople||https://homosaurus.org/v2/sonsOfLesbians||https://homosaurus.org/v2/sonsOfQueerPeople||https://homosaurus.org/v2/sonsOfTransgenderPeople	https://homosaurus.org/v2/LGBTQAdoption	2019-05-14	2021-09-24	https://homosaurus.org/v2/childrenOfLGBTQPeople	""
https://homosaurus.org/v2/childrenOfTransgenderPeople	childrenOfTransgenderPeople	Children of transgender people	""	""	""	""	https://homosaurus.org/v2/childrenOfLGBTQPeople	https://homosaurus.org/v2/daughtersOfTransgenderPeople||https://homosaurus.org/v2/sonsOfTransgenderPeople	https://homosaurus.org/v2/transgenderFamilies||https://homosaurus.org/v2/transgenderParents	2019-05-14	2021-09-24	https://homosaurus.org/v2/childrenOfTransgenderPeople	""
https://homosaurus.org/v2/childrenOfQueerPeople	childrenOfQueerPeople	Children of queer people	""	""	""	""	https://homosaurus.org/v2/childrenOfLGBTQPeople	https://homosaurus.org/v2/daughtersOfQueerPeople||https://homosaurus.org/v2/sonsOfQueerPeople	https://homosaurus.org/v2/queerFamilies||https://homosaurus.org/v2/queerParents	2019-05-14	2021-09-24	https://homosaurus.org/v2/childrenOfQueerPeople	""
https://homosaurus.org/v2/childrensSexuality	childrensSexuality	Children's sexuality	""	""	Sexual behaviour of children	""	https://homosaurus.org/v2/sexuality	https://homosaurus.org/v2/ageOfConsent	https://homosaurus.org/v2/children	2019-05-14	2021-09-24	https://homosaurus.org/v2/childrensSexuality	""
https://homosaurus.org/v2/chosenName	chosenName	Chosen name	""	""	""	""	""	""	https://homosaurus.org/v2/deadnaming||https://homosaurus.org/v2/genderIdentity||https://homosaurus.org/v2/givenName	2019-05-14	2021-09-24	https://homosaurus.org/v2/chosenName	""
https://homosaurus.org/v2/christiansLGBTQ	christiansLGBTQ	Christians (LGBTQ)	""	""	""	""	https://homosaurus.org/v2/LGBTQReligions	https://homosaurus.org/v2/bisexualChristians||https://homosaurus.org/v2/gayChristians||https://homosaurus.org/v2/lesbianChristians||https://homosaurus.org/v2/LGBTQEasternOrthodoxChristians||https://homosaurus.org/v2/LGBTQJehovahsWitnesses||https://homosaurus.org/v2/LGBTQMormons||https://homosaurus.org/v2/LGBTQOldCatholicChurch||https://homosaurus.org/v2/protestantsLGBTQ||https://homosaurus.org/v2/queerChristians||https://homosaurus.org/v2/romanCatholicsLGBTQ||https://homosaurus.org/v2/transgenderChristians	""	2019-05-14	2021-09-24	https://homosaurus.org/v2/christiansLGBTQ	""
https://homosaurus.org/v2/chromosomes	chromosomes	Chromosomes	""	""	""	""	https://homosaurus.org/v2/sexBody	""	""	2019-05-14	2021-09-24	https://homosaurus.org/v2/chromosomes	""
https://homosaurus.org/v2/chubsGayMen	chubsGayMen	Chubs (Gay men)	""	""	""	""	https://homosaurus.org/v2/gayCulture||https://homosaurus.org/v2/sexualIdentity	""	https://homosaurus.org/v2/bears	2019-05-14	2021-09-24	https://homosaurus.org/v2/chubsGayMen	""
https://homosaurus.org/v2/cutMen	cutMen	Cut men	""	Circumcised men	""	""	""	""	https://homosaurus.org/v2/circumcision	2019-05-14	2021-09-24	https://homosaurus.org/v2/cutMen	""
https://homosaurus.org/v2/circumcision	circumcision	Circumcision	""	""	Surgical removal of the foreskin of the penis	""	""	""	https://homosaurus.org/v2/clitoridectomy||https://homosaurus.org/v2/cutMen||https://homosaurus.org/v2/foreskinRestoration||https://homosaurus.org/v2/uncutMen	2019-05-14	2021-09-24	https://homosaurus.org/v2/circumcision	""
https://homosaurus.org/v2/cisgenderMen	cisgenderMen	Cisgender men	""	""	""	""	https://homosaurus.org/v2/cisgenderPeople||https://homosaurus.org/v2/men	""	https://homosaurus.org/v2/assignedMaleAtBirth	2019-05-14	2021-09-24	https://homosaurus.org/v2/cisgenderMen	""
https://homosaurus.org/v2/cisgenderPeople	cisgenderPeople	Cisgender people	""	""	""	""	""	https://homosaurus.org/v2/cisgenderMen||https://homosaurus.org/v2/cisgenderWomen	https://homosaurus.org/v2/genderAssignedAtBirth||https://homosaurus.org/v2/genderIdentity||https://homosaurus.org/v2/men||https://homosaurus.org/v2/culturallySpecificGenderIdentities||https://homosaurus.org/v2/transgenderPeople||https://homosaurus.org/v2/women	2019-05-14	2021-09-24	https://homosaurus.org/v2/cisgenderPeople	""
https://homosaurus.org/v2/cisgenderWomen	cisgenderWomen	Cisgender women	""	""	""	""	https://homosaurus.org/v2/cisgenderPeople||https://homosaurus.org/v2/women	""	https://homosaurus.org/v2/assignedFemaleAtBirth	2019-05-14	2021-09-24	https://homosaurus.org/v2/cisgenderWomen	""
https://homosaurus.org/v2/cissexualPeople	cissexualPeople	Cissexual people	""	""	""	""	https://homosaurus.org/v2/females||https://homosaurus.org/v2/males	""	https://homosaurus.org/v2/pansexualPeople	2019-05-14	2021-09-24	https://homosaurus.org/v2/cissexualPeople	""
https://homosaurus.org/v2/civilUnions	civilUnions	Civil unions	""	Civil partnership||Registered partnership	""	""	https://homosaurus.org/v2/livingArrangements	https://homosaurus.org/v2/civilUnionCertificates||https://homosaurus.org/v2/civilUnionDocuments	https://homosaurus.org/v2/domesticPartnerships||https://homosaurus.org/v2/legalStatus||https://homosaurus.org/v2/LGBTQPersonalAndFamilyLaw||https://homosaurus.org/v2/marriage||https://homosaurus.org/v2/marriageLaw||https://homosaurus.org/v2/officialDocumentation	2019-05-14	2021-09-24	https://homosaurus.org/v2/civilUnions	""
https://homosaurus.org/v2/civilUnionDocuments	civilUnionDocuments	Civil union documents	""	""	""	""	https://homosaurus.org/v2/civilUnions||https://homosaurus.org/v2/officialDocumentation	""	""	2019-05-14	2021-09-24	https://homosaurus.org/v2/civilUnionDocuments	""
https://homosaurus.org/v2/civilRightsLGBTQ	civilRightsLGBTQ	Civil rights (LGBTQ)	""	LGBTQ rights	""	""	https://homosaurus.org/v2/humanRights	https://homosaurus.org/v2/bisexualRights||https://homosaurus.org/v2/gayRights||https://homosaurus.org/v2/lesbianRights||https://homosaurus.org/v2/queerRights||https://homosaurus.org/v2/transgenderRights	https://homosaurus.org/v2/decriminalisation||https://homosaurus.org/v2/intersexRights||https://homosaurus.org/v2/movementLGBTQ||https://homosaurus.org/v2/victimsRightsLGBTQ	2019-05-14	2021-09-24	https://homosaurus.org/v2/civilRightsLGBTQ	""
https://homosaurus.org/v2/civilUnionCertificates	civilUnionCertificates	Civil union certificates	""	""	""	""	https://homosaurus.org/v2/civilUnions||https://homosaurus.org/v2/officialDocumentation	""	""	2019-05-14	2021-09-24	https://homosaurus.org/v2/civilUnionCertificates	""
https://homosaurus.org/v2/prostitutesClients	prostitutesClients	Prostitutes' clients	""	Clients of prostitutes||Johns||Tricks	""	""	""	""	https://homosaurus.org/v2/prostitution||https://homosaurus.org/v2/sexWorkersLGBTQ	2019-05-14	2021-09-24	https://homosaurus.org/v2/prostitutesClients	""
https://homosaurus.org/v2/clitRings	clitRings	Clit rings	""	""	""	""	https://homosaurus.org/v2/sexAccessories	""	https://homosaurus.org/v2/clitoris	2019-05-14	2021-09-24	https://homosaurus.org/v2/clitRings	""
https://homosaurus.org/v2/clitoralSex	clitoralSex	Clitoral sex	""	""	""	""	https://homosaurus.org/v2/sexAct||https://homosaurus.org/v2/sexualPractices	https://homosaurus.org/v2/cunnilingus||https://homosaurus.org/v2/fucking	https://homosaurus.org/v2/clitoris||https://homosaurus.org/v2/vaginalSex	2019-05-14	2021-09-24	https://homosaurus.org/v2/clitoralSex	""
https://homosaurus.org/v2/clitoridectomy	clitoridectomy	Clitoridectomy	""	Clitorectomy||Female circumcision	""	""	https://homosaurus.org/v2/femaleGenitalMutilation||https://homosaurus.org/v2/intersexGenitalMutilation	""	https://homosaurus.org/v2/circumcision	2019-05-14	2021-09-24	https://homosaurus.org/v2/clitoridectomy	""
https://homosaurus.org/v2/clitoris	clitoris	Clitoris	""	""	""	""	https://homosaurus.org/v2/erogenousBodyParts||https://homosaurus.org/v2/genitals	https://homosaurus.org/v2/g-spot	https://homosaurus.org/v2/clitoralSex||https://homosaurus.org/v2/clitRings	2019-05-14	2021-09-24	https://homosaurus.org/v2/clitoris	""
https://homosaurus.org/v2/clitoromegaly	clitoromegaly	Clitoromegaly	""	""	""	""	https://homosaurus.org/v2/intersexConditions	""	""	2019-05-14	2021-09-24	https://homosaurus.org/v2/clitoromegaly	""
https://homosaurus.org/v2/clonesGayMen	clonesGayMen	Clones (gay men)	""	""	Historical term for gay men who tended to dress in a common and masculine fashion; often used in the Castro District of San Francisco	""	https://homosaurus.org/v2/gayMen||https://homosaurus.org/v2/LGBTQHistoricalTerms	""	""	2019-05-14	2021-09-24	https://homosaurus.org/v2/clonesGayMen	""
https://homosaurus.org/v2/closetedBisexualPeople	closetedBisexualPeople	Closeted bisexual people	""	""	""	""	https://homosaurus.org/v2/bisexualPeople	""	https://homosaurus.org/v2/comingOut||https://homosaurus.org/v2/downLow||https://homosaurus.org/v2/outing||https://homosaurus.org/v2/secrecy	2019-05-14	2021-09-24	https://homosaurus.org/v2/closetedBisexualPeople	""
https://homosaurus.org/v2/closetedGayMen	closetedGayMen	Closeted gay men	""	""	""	""	https://homosaurus.org/v2/gayMen	""	https://homosaurus.org/v2/comingOut||https://homosaurus.org/v2/downLow||https://homosaurus.org/v2/outing||https://homosaurus.org/v2/secrecy	2019-05-14	2021-09-24	https://homosaurus.org/v2/closetedGayMen	""
https://homosaurus.org/v2/closetedLesbians	closetedLesbians	Closeted lesbians	""	""	""	""	https://homosaurus.org/v2/lesbians	""	https://homosaurus.org/v2/comingOut||https://homosaurus.org/v2/outing||https://homosaurus.org/v2/secrecy	2019-05-14	2021-09-24	https://homosaurus.org/v2/closetedLesbians	""
https://homosaurus.org/v2/stealthTransgender	stealthTransgender	Stealth (Transgender)	""	Closeted transgender people	""	""	""	""	https://homosaurus.org/v2/assignedGender||https://homosaurus.org/v2/comingOut||https://homosaurus.org/v2/gender||https://homosaurus.org/v2/outing||https://homosaurus.org/v2/passingGender||https://homosaurus.org/v2/secrecy||https://homosaurus.org/v2/transgenderPeople	2019-05-14	2021-09-24	https://homosaurus.org/v2/stealthTransgender	""
https://homosaurus.org/v2/clothing	clothing	Clothing	""	""	""	""	""	https://homosaurus.org/v2/lingerie	https://homosaurus.org/v2/crossdressers||https://homosaurus.org/v2/crossdressing||https://homosaurus.org/v2/drab||https://homosaurus.org/v2/drag||https://homosaurus.org/v2/genderExpression	2019-05-14	2021-09-24	https://homosaurus.org/v2/clothing	""
https://homosaurus.org/v2/partyDrugs	partyDrugs	Party drugs	""	Club drugs	""	""	https://homosaurus.org/v2/drugs	https://homosaurus.org/v2/cocaine||https://homosaurus.org/v2/crystalMeth||https://homosaurus.org/v2/MDMA||https://homosaurus.org/v2/poppers	""	2019-05-14	2021-09-24	https://homosaurus.org/v2/partyDrugs	""
https://homosaurus.org/v2/cocaine	cocaine	Cocaine	""	""	""	""	https://homosaurus.org/v2/partyDrugs	""	https://homosaurus.org/v2/cocaineAddiction	2019-05-14	2021-09-24	https://homosaurus.org/v2/cocaine	""
https://homosaurus.org/v2/cockRings	cockRings	Cock rings	""	""	""	""	https://homosaurus.org/v2/sexAccessories	""	https://homosaurus.org/v2/penises	2019-05-14	2021-09-24	https://homosaurus.org/v2/cockRings	""
https://homosaurus.org/v2/enemas	enemas	Enemas	""	Colonic irrigation	""	""	""	""	https://homosaurus.org/v2/analSex||https://homosaurus.org/v2/sexualPractices	2019-05-14	2021-09-24	https://homosaurus.org/v2/enemas	""
https://homosaurus.org/v2/collars	collars	Collars	""	""	""	""	https://homosaurus.org/v2/sexAccessories	""	https://homosaurus.org/v2/bodyAdornments	2019-05-14	2021-09-24	https://homosaurus.org/v2/collars	""
https://homosaurus.org/v2/comingOut	comingOut	Coming out	""	""	""	""	""	""	https://homosaurus.org/v2/babyDyke||https://homosaurus.org/v2/babyGay||https://homosaurus.org/v2/closetedBisexualPeople||https://homosaurus.org/v2/closetedGayMen||https://homosaurus.org/v2/closetedLesbians||https://homosaurus.org/v2/outing||https://homosaurus.org/v2/secrecy||https://homosaurus.org/v2/stealthTransgender	2019-05-14	2021-09-24	https://homosaurus.org/v2/comingOut	""
https://homosaurus.org/v2/commonLawMarriage	commonLawMarriage	Common law marriage	""	""	""	""	https://homosaurus.org/v2/marriage||https://homosaurus.org/v2/marriageLaw	""	""	2019-05-14	2021-09-24	https://homosaurus.org/v2/commonLawMarriage	""
https://homosaurus.org/v2/communitiesLGBTQ	communitiesLGBTQ	Communities (LGBTQ)	""	""	A group of interacting people, living in some proximity	""	""	https://homosaurus.org/v2/BDSMCommunity||https://homosaurus.org/v2/bisexualCommunity||https://homosaurus.org/v2/dragCommunity||https://homosaurus.org/v2/gayCommunity||https://homosaurus.org/v2/leatherCommunity||https://homosaurus.org/v2/lesbianCommunity||https://homosaurus.org/v2/LGBTQCommunes||https://homosaurus.org/v2/queerCommunity||https://homosaurus.org/v2/transgenderCommunity	https://homosaurus.org/v2/communityCentresLGBTQ||https://homosaurus.org/v2/LGBTQNeighbourhoods	2019-05-14	2021-09-24	https://homosaurus.org/v2/communitiesLGBTQ	""
https://homosaurus.org/v2/communityCentresLGBTQ	communityCentresLGBTQ	Community centres (LGBTQ)	""	""	""	""	https://homosaurus.org/v2/LGBTQCentres	https://homosaurus.org/v2/bisexualCommunityCentres||https://homosaurus.org/v2/gayCommunityCentres||https://homosaurus.org/v2/lesbianCommunityCentres||https://homosaurus.org/v2/queerCommunityCentres||https://homosaurus.org/v2/transgenderCommunityCentres||https://homosaurus.org/v2/womensCommunityCentres	https://homosaurus.org/v2/communitiesLGBTQ||https://homosaurus.org/v2/LGBTQMeetingPlaces	2019-05-14	2021-09-24	https://homosaurus.org/v2/communityCentresLGBTQ	""
https://homosaurus.org/v2/condoms	condoms	Condoms	""	Prophylactics||Rubbers	""	""	https://homosaurus.org/v2/sexAccessories	""	https://homosaurus.org/v2/saferSex	2019-05-14	2021-09-24	https://homosaurus.org/v2/condoms	""
https://homosaurus.org/v2/LGBTQConfucianists	LGBTQConfucianists	LGBTQ Confucianists	""	Confucianists (LGBTQ)	""	""	https://homosaurus.org/v2/LGBTQAsianReligions	""	""	2019-05-14	2021-09-24	https://homosaurus.org/v2/LGBTQConfucianists	""
https://homosaurus.org/v2/congenitalAdrenalHyperplasia	congenitalAdrenalHyperplasia	Congenital adrenal hyperplasia	""	""	""	""	https://homosaurus.org/v2/intersexConditions	""	""	2019-05-14	2021-09-24	https://homosaurus.org/v2/congenitalAdrenalHyperplasia	""
https://homosaurus.org/v2/consent	consent	Consent	""	""	Permission or agreement for a set of actions to occur, particularly in a sexual encounter and/or within a relational dynamic	""	""	""	https://homosaurus.org/v2/ageOfConsent||https://homosaurus.org/v2/BDSM||https://homosaurus.org/v2/bondage||https://homosaurus.org/v2/castration||https://homosaurus.org/v2/fetishism||https://homosaurus.org/v2/LGBTQDomesticViolence||https://homosaurus.org/v2/LGBTQSexualAbuse||https://homosaurus.org/v2/polyamory||https://homosaurus.org/v2/polygamy||https://homosaurus.org/v2/sexAct||https://homosaurus.org/v2/sexualPractices||https://homosaurus.org/v2/socialPrivilege||https://homosaurus.org/v2/victimsOfRapeLGBTQ||https://homosaurus.org/v2/victimsOfSexualAbuseLGBTQ	2019-05-14	2021-09-24	https://homosaurus.org/v2/consent	""
https://homosaurus.org/v2/sexualReorientation	sexualReorientation	Sexual reorientation	""	Conversion therapy||Gay cures||Reparative therapy	""	""	https://homosaurus.org/v2/therapies	""	https://homosaurus.org/v2/aversionTherapy||https://homosaurus.org/v2/ego-dystonicSexualOrientation||https://homosaurus.org/v2/ex-gayMovement||https://homosaurus.org/v2/sexualOrientation||https://homosaurus.org/v2/sexualPreference	2019-05-14	2021-09-24	https://homosaurus.org/v2/sexualReorientation	""
https://homosaurus.org/v2/secondParentAdoption	secondParentAdoption	Second parent adoption	""	Co-parent adoption	""	""	https://homosaurus.org/v2/LGBTQAdoption	""	https://homosaurus.org/v2/LGBTQPersonalAndFamilyLaw	2019-05-14	2021-09-24	https://homosaurus.org/v2/secondParentAdoption	""
https://homosaurus.org/v2/scat	scat	Scat	""	Coprophilia||Poop sex	""	""	https://homosaurus.org/v2/analSex	""	""	2019-05-14	2021-09-24	https://homosaurus.org/v2/scat	""
https://homosaurus.org/v2/correctiveRape	correctiveRape	Corrective rape	""	""	"Criminal practice in which men rape a lesbian, sometimes under the supervision of members of the woman's family or local community, with the purported purpose of ""curing"" her of homosexuality"	""	""	""	https://homosaurus.org/v2/lesbianSurvivorsOfRape||https://homosaurus.org/v2/lesbianVictimsOfRape||https://homosaurus.org/v2/sexualViolence	2019-05-14	2021-09-24	https://homosaurus.org/v2/correctiveRape	""
https://homosaurus.org/v2/corsets	corsets	Corsets	""	""	""	""	https://homosaurus.org/v2/sexAccessories	""	""	2019-05-14	2021-09-24	https://homosaurus.org/v2/corsets	""
https://homosaurus.org/v2/cottages	cottages	Cottages	""	Public urinals	UK slang term for public bathrooms used as sex locations	""	https://homosaurus.org/v2/sexLocations	https://homosaurus.org/v2/gloryHoles	https://homosaurus.org/v2/cottaging||https://homosaurus.org/v2/publicBathrooms||https://homosaurus.org/v2/tearooms	2019-05-14	2021-09-24	https://homosaurus.org/v2/cottages	""
https://homosaurus.org/v2/cottaging	cottaging	Cottaging	""	""	UK slang term referring to anonymous sex in a public bathroom or cruising for sexual partners there	""	https://homosaurus.org/v2/sexAct||https://homosaurus.org/v2/sexualPractices	""	https://homosaurus.org/v2/anonymousSex||https://homosaurus.org/v2/cottages||https://homosaurus.org/v2/cruising||https://homosaurus.org/v2/publicSex||https://homosaurus.org/v2/tearoomSex	2019-05-14	2021-09-24	https://homosaurus.org/v2/cottaging	""
https://homosaurus.org/v2/couplesLGBTQ	couplesLGBTQ	Couples (LGBTQ)	""	""	""	""	https://homosaurus.org/v2/relationshipsLGBTQ	https://homosaurus.org/v2/bisexualCouples||https://homosaurus.org/v2/bostonMarriages||https://homosaurus.org/v2/gayMaleCouples||https://homosaurus.org/v2/lesbianCouples||https://homosaurus.org/v2/marriedPeople||https://homosaurus.org/v2/queerCouples||https://homosaurus.org/v2/serodiscordantCouples||https://homosaurus.org/v2/transgenderCouples||https://homosaurus.org/v2/unmarriedCouples	https://homosaurus.org/v2/domesticPartnerships||https://homosaurus.org/v2/partnersLGBTQ||https://homosaurus.org/v2/significantOthers	2019-05-14	2021-09-24	https://homosaurus.org/v2/couplesLGBTQ	""
https://homosaurus.org/v2/courtOrders	courtOrders	Court orders	""	""	""	""	https://homosaurus.org/v2/law||https://homosaurus.org/v2/officialDocumentation	""	https://homosaurus.org/v2/birthCertificates||https://homosaurus.org/v2/driversLicenses||https://homosaurus.org/v2/genderMarkers	2019-05-14	2021-09-24	https://homosaurus.org/v2/courtOrders	""
https://homosaurus.org/v2/LGBTQVictimsOfCrime	LGBTQVictimsOfCrime	LGBTQ victims of crime	""	Crime victims (LGBTQ)	""	""	https://homosaurus.org/v2/LGBTQPeople	https://homosaurus.org/v2/victimsOfHateCrimesLGBTQ||https://homosaurus.org/v2/victimsOfRapeLGBTQ||https://homosaurus.org/v2/victimsOfSexualAbuseLGBTQ	https://homosaurus.org/v2/victimsRightsLGBTQ	2019-05-14	2021-09-24	https://homosaurus.org/v2/LGBTQVictimsOfCrime	""
https://homosaurus.org/v2/criminalLaw	criminalLaw	Criminal law	""	""	""	""	https://homosaurus.org/v2/law	https://homosaurus.org/v2/criminalisation||https://homosaurus.org/v2/decriminalisation||https://homosaurus.org/v2/sexualOffencesLaws	""	2019-05-14	2021-09-24	https://homosaurus.org/v2/criminalLaw	""
https://homosaurus.org/v2/criminalisation	criminalisation	Criminalisation	""	Criminalization	Process by which behaviors and individuals are transformed into crime and criminals	""	https://homosaurus.org/v2/criminalLaw	""	https://homosaurus.org/v2/decriminalisation||https://homosaurus.org/v2/publicBathroomBills	2019-05-14	2021-09-24	https://homosaurus.org/v2/criminalisation	""
https://homosaurus.org/v2/cross-culturalRelationships	cross-culturalRelationships	Cross-cultural relationships	""	Intercultural relationships||Interracial relationships	Relationships between persons from different ethnic or racial backgrounds	""	https://homosaurus.org/v2/relationshipsLGBTQ	""	https://homosaurus.org/v2/sexualIdentity||https://homosaurus.org/v2/relationshipOrientation	2019-05-14	2021-09-24	https://homosaurus.org/v2/cross-culturalRelationships	""
https://homosaurus.org/v2/crossdressers	crossdressers	Crossdressers	""	Cross-dressers	""	""	""	""	https://homosaurus.org/v2/clothing||https://homosaurus.org/v2/crossdressing||https://homosaurus.org/v2/dragKings||https://homosaurus.org/v2/dragQueens||https://homosaurus.org/v2/eonistPeople||https://homosaurus.org/v2/lingerie||https://homosaurus.org/v2/parentsOfCrossdressers||https://homosaurus.org/v2/partnersOfCrossdressers||https://homosaurus.org/v2/passingGender||https://homosaurus.org/v2/transgenderPeople||https://homosaurus.org/v2/transvestites	2019-05-14	2021-09-24	https://homosaurus.org/v2/crossdressers	""
https://homosaurus.org/v2/hormoneTherapyGender	hormoneTherapyGender	Hormone therapy (Gender)	""	Cross-gender hormone therapy||Hormone reassignment therapy||Hormone replacement therapy	""	""	https://homosaurus.org/v2/therapies	https://homosaurus.org/v2/estrogen||https://homosaurus.org/v2/hormoneBlockers||https://homosaurus.org/v2/testosterone	https://homosaurus.org/v2/medication||https://homosaurus.org/v2/noHormoneIdentity||https://homosaurus.org/v2/transgenderPeople	2019-05-14	2021-09-24	https://homosaurus.org/v2/hormoneTherapyGender	""
https://homosaurus.org/v2/crossdressing	crossdressing	Crossdressing	""	""	""	""	https://homosaurus.org/v2/genderExpression	""	https://homosaurus.org/v2/clothing||https://homosaurus.org/v2/crossdressers||https://homosaurus.org/v2/eonism||https://homosaurus.org/v2/kabuki||https://homosaurus.org/v2/lingerie||https://homosaurus.org/v2/readingTransgender||https://homosaurus.org/v2/transvestism	2019-05-14	2021-09-24	https://homosaurus.org/v2/crossdressing	""
https://homosaurus.org/v2/cruising	cruising	Cruising	""	""	Walking or driving about a locality in search of a sex partner, usually of the anonymous, casual, one-time variety	""	https://homosaurus.org/v2/sexAct||https://homosaurus.org/v2/sexualPractices	""	https://homosaurus.org/v2/anonymousSex||https://homosaurus.org/v2/casualSex||https://homosaurus.org/v2/cottaging||https://homosaurus.org/v2/LGBTQMeetingPlaces||https://homosaurus.org/v2/publicSex||https://homosaurus.org/v2/tearoomSex	2019-05-14	2021-09-24	https://homosaurus.org/v2/cruising	""
https://homosaurus.org/v2/crystalMeth	crystalMeth	Crystal meth	""	Tina	""	""	https://homosaurus.org/v2/partyDrugs	""	https://homosaurus.org/v2/crystalMethAddiction	2019-05-14	2021-09-24	https://homosaurus.org/v2/crystalMeth	""
https://homosaurus.org/v2/cubs	cubs	Cubs	""	""	Younger, heavy-set masculine people, usually with hairy bodies and facial hair; commonly used within gay culture	""	https://homosaurus.org/v2/bears||https://homosaurus.org/v2/wolves	""	""	2019-05-14	2021-09-24	https://homosaurus.org/v2/cubs	""
https://homosaurus.org/v2/culturallySpecificGenderIdentities	culturallySpecificGenderIdentities	Culturally-specific gender identities	""	""	""	""	https://homosaurus.org/v2/genderIdentity	https://homosaurus.org/v2/acault||https://homosaurus.org/v2/agi||https://homosaurus.org/v2/akavaine||https://homosaurus.org/v2/ali||https://homosaurus.org/v2/alyha||https://homosaurus.org/v2/androgynos||https://homosaurus.org/v2/aravani||https://homosaurus.org/v2/ashtime||https://homosaurus.org/v2/aylonit||https://homosaurus.org/v2/bading||https://homosaurus.org/v2/bakla||https://homosaurus.org/v2/bantut||https://homosaurus.org/v2/bayot||https://homosaurus.org/v2/binabae||https://homosaurus.org/v2/bissu||https://homosaurus.org/v2/bizaah||https://homosaurus.org/v2/brotherboys||https://homosaurus.org/v2/burrnesha||https://homosaurus.org/v2/calabai||https://homosaurus.org/v2/calalai||https://homosaurus.org/v2/chakka||https://homosaurus.org/v2/dee||https://homosaurus.org/v2/dhurani||https://homosaurus.org/v2/dilbaa||https://homosaurus.org/v2/eunuchs||https://homosaurus.org/v2/faafafine||https://homosaurus.org/v2/faafatama||https://homosaurus.org/v2/fakaleiti||https://homosaurus.org/v2/femminiello||https://homosaurus.org/v2/galli||https://homosaurus.org/v2/guevedoche||https://homosaurus.org/v2/hemaneh||https://homosaurus.org/v2/hijra||https://homosaurus.org/v2/hwame||https://homosaurus.org/v2/jankha||https://homosaurus.org/v2/jogappa||https://homosaurus.org/v2/katoey||https://homosaurus.org/v2/khawajaSara||https://homosaurus.org/v2/khusra||https://homosaurus.org/v2/kinnar||https://homosaurus.org/v2/köçek||https://homosaurus.org/v2/kothi||https://homosaurus.org/v2/kteuy||https://homosaurus.org/v2/lakinOn||https://homosaurus.org/v2/lhamana||https://homosaurus.org/v2/mahu||https://homosaurus.org/v2/makNyah||https://homosaurus.org/v2/mangaiko||https://homosaurus.org/v2/mashoga||https://homosaurus.org/v2/metis||https://homosaurus.org/v2/mukhannathun||https://homosaurus.org/v2/muxe||https://homosaurus.org/v2/nadleehi||https://homosaurus.org/v2/niizhManidoowag||https://homosaurus.org/v2/ninauposkitzipxpe||https://homosaurus.org/v2/palaoana||https://homosaurus.org/v2/pangenderPeople||https://homosaurus.org/v2/quariwarmi||https://homosaurus.org/v2/sakVeng||https://homosaurus.org/v2/saris||https://homosaurus.org/v2/sekhet||https://homosaurus.org/v2/sekrata||https://homosaurus.org/v2/sistergirls||https://homosaurus.org/v2/skoptsy||https://homosaurus.org/v2/sreySros||https://homosaurus.org/v2/takatapui||https://homosaurus.org/v2/thirdGender||https://homosaurus.org/v2/thirunambi||https://homosaurus.org/v2/thirunangai||https://homosaurus.org/v2/tidaWena||https://homosaurus.org/v2/tom||https://homosaurus.org/v2/travesti||https://homosaurus.org/v2/trigenderPeople||https://homosaurus.org/v2/tritiyaPrakriti||https://homosaurus.org/v2/tumtum||https://homosaurus.org/v2/two-spiritPeople||https://homosaurus.org/v2/wakatane||https://homosaurus.org/v2/waria||https://homosaurus.org/v2/whakawahine||https://homosaurus.org/v2/winkte||https://homosaurus.org/v2/xanith||https://homosaurus.org/v2/XJenda||https://homosaurus.org/v2/yinyangRen||https://homosaurus.org/v2/zenanas||https://homosaurus.org/v2/zenani	https://homosaurus.org/v2/cisgenderPeople||https://homosaurus.org/v2/men||https://homosaurus.org/v2/sexualIdentity||https://homosaurus.org/v2/women	2019-05-14	2021-09-24	https://homosaurus.org/v2/culturallySpecificGenderIdentities	""
https://homosaurus.org/v2/cum	cum	Cum	""	semen	""	""	""	""	https://homosaurus.org/v2/gettingOff||https://homosaurus.org/v2/happyEndings||https://homosaurus.org/v2/jizz||https://homosaurus.org/v2/orgasm||https://homosaurus.org/v2/sexualClimax||https://homosaurus.org/v2/sexualExcitement	2019-05-14	2021-09-24	https://homosaurus.org/v2/cum	""
https://homosaurus.org/v2/cyberbullying	cyberbullying	Cyberbullying	""	""	""	""	https://homosaurus.org/v2/bullying	""	https://homosaurus.org/v2/socialMedia	2019-05-14	2021-09-24	https://homosaurus.org/v2/cyberbullying	""
https://homosaurus.org/v2/cybersex	cybersex	Cybersex	""	Internet sex||Online sex	""	""	""	""	https://homosaurus.org/v2/datingApplications||https://homosaurus.org/v2/sexuality	2019-05-14	2021-09-24	https://homosaurus.org/v2/cybersex	""
https://homosaurus.org/v2/dandies	dandies	Dandies	""	""	Men who place particular importance upon physical appearance, refined language, and leisurely hobbies	""	https://homosaurus.org/v2/LGBTQHistoricalTerms||https://homosaurus.org/v2/sexualIdentity	""	https://homosaurus.org/v2/dandyism||https://homosaurus.org/v2/genderExpression	2019-05-14	2021-09-24	https://homosaurus.org/v2/dandies	""
https://homosaurus.org/v2/dandyism	dandyism	Dandyism	""	""	The style or conduct of a dandy	""	https://homosaurus.org/v2/subcultures	""	https://homosaurus.org/v2/dandies	2019-05-14	2021-09-24	https://homosaurus.org/v2/dandyism	""
https://homosaurus.org/v2/datingApplications	datingApplications	Dating applications	""	Dating apps	""	""	https://homosaurus.org/v2/socialMedia	https://homosaurus.org/v2/LGBTQDatingApplications	https://homosaurus.org/v2/cybersex||https://homosaurus.org/v2/datingWebsites||https://homosaurus.org/v2/onlineDating	2019-05-14	2021-09-24	https://homosaurus.org/v2/datingApplications	""
https://homosaurus.org/v2/datingWebsites	datingWebsites	Dating websites	""	""	""	""	https://homosaurus.org/v2/socialMedia	https://homosaurus.org/v2/LGBTQDatingWebsites	https://homosaurus.org/v2/datingApplications||https://homosaurus.org/v2/onlineDating	2019-05-14	2021-09-24	https://homosaurus.org/v2/datingWebsites	""
https://homosaurus.org/v2/daughtersLGBTQ	daughtersLGBTQ	Daughters (LGBTQ)	""	""	""	""	https://homosaurus.org/v2/familyMembers	https://homosaurus.org/v2/bisexualDaughters||https://homosaurus.org/v2/daughtersOfBisexualPeople||https://homosaurus.org/v2/daughtersOfGayMen||https://homosaurus.org/v2/daughtersOfLesbians||https://homosaurus.org/v2/daughtersOfQueerPeople||https://homosaurus.org/v2/daughtersOfTransgenderPeople||https://homosaurus.org/v2/lesbianDaughters||https://homosaurus.org/v2/queerDaughters||https://homosaurus.org/v2/transgenderDaughters	""	2019-05-14	2021-09-24	https://homosaurus.org/v2/daughtersLGBTQ	""
https://homosaurus.org/v2/daughtersOfBisexualPeople	daughtersOfBisexualPeople	Daughters of bisexual people	""	""	""	""	https://homosaurus.org/v2/childrenOfBisexualPeople||https://homosaurus.org/v2/childrenOfLGBTQPeople||https://homosaurus.org/v2/daughtersLGBTQ	""	""	2019-05-14	2021-09-24	https://homosaurus.org/v2/daughtersOfBisexualPeople	""
https://homosaurus.org/v2/daughtersOfGayMen	daughtersOfGayMen	Daughters of gay men	""	""	""	""	https://homosaurus.org/v2/childrenOfGayMen||https://homosaurus.org/v2/childrenOfLGBTQPeople||https://homosaurus.org/v2/daughtersLGBTQ	""	""	2019-05-14	2021-09-24	https://homosaurus.org/v2/daughtersOfGayMen	""
https://homosaurus.org/v2/daughtersOfLesbians	daughtersOfLesbians	Daughters of lesbians	""	""	""	""	https://homosaurus.org/v2/childrenOfLesbians||https://homosaurus.org/v2/childrenOfLGBTQPeople||https://homosaurus.org/v2/daughtersLGBTQ	""	""	2019-05-14	2021-09-24	https://homosaurus.org/v2/daughtersOfLesbians	""
https://homosaurus.org/v2/daughtersOfTransgenderPeople	daughtersOfTransgenderPeople	Daughters of transgender people	""	""	""	""	https://homosaurus.org/v2/childrenOfLGBTQPeople||https://homosaurus.org/v2/childrenOfTransgenderPeople||https://homosaurus.org/v2/daughtersLGBTQ	""	""	2019-05-14	2021-09-24	https://homosaurus.org/v2/daughtersOfTransgenderPeople	""
https://homosaurus.org/v2/daughtersOfQueerPeople	daughtersOfQueerPeople	Daughters of queer people	""	""	""	""	https://homosaurus.org/v2/childrenOfLGBTQPeople||https://homosaurus.org/v2/childrenOfQueerPeople||https://homosaurus.org/v2/daughtersLGBTQ	""	""	2019-05-14	2021-09-24	https://homosaurus.org/v2/daughtersOfQueerPeople	""
https://homosaurus.org/v2/deadnaming	deadnaming	Deadnaming	""	""	Referring to a person’s assigned name rather than their chosen name, commonly with malicious intent	""	https://homosaurus.org/v2/antiTransgenderDiscrimination	""	https://homosaurus.org/v2/chosenName||https://homosaurus.org/v2/genderIdentity||https://homosaurus.org/v2/givenName||https://homosaurus.org/v2/misgendering||https://homosaurus.org/v2/outing||https://homosaurus.org/v2/slurs	2019-05-14	2021-09-24	https://homosaurus.org/v2/deadnaming	""
https://homosaurus.org/v2/LGBTQDeafPeople	LGBTQDeafPeople	LGBTQ deaf people	""	Deaf people (LGBTQ)||LGBTQ auditive disabled people||LGBTQ deaf||LGBTQ deaf-mutes	""	""	https://homosaurus.org/v2/LGBTQPeopleWithPhysicalDisabilities	""	""	2019-05-14	2021-09-24	https://homosaurus.org/v2/LGBTQDeafPeople	""
https://homosaurus.org/v2/decadence	decadence	Decadence	""	""	Way of life characterized by mannerisms and affectations marked by excess	""	https://homosaurus.org/v2/subcultures	""	https://homosaurus.org/v2/sexualIdentity	2019-05-14	2021-09-24	https://homosaurus.org/v2/decadence	""
https://homosaurus.org/v2/decriminalisation	decriminalisation	Decriminalisation	""	Decriminalization	Lessening of criminal penalties in relation to certain acts	""	https://homosaurus.org/v2/criminalLaw	""	https://homosaurus.org/v2/civilRightsLGBTQ||https://homosaurus.org/v2/criminalisation	2019-05-14	2021-09-24	https://homosaurus.org/v2/decriminalisation	""
https://homosaurus.org/v2/dee	dee	Dee	""	""	In Thailand, cisgender women who conform to feminine gender norms and who often partner with masculine-identified toms; similar to a femme in U.S. lesbian culture	""	https://homosaurus.org/v2/culturallySpecificGenderIdentities	""	https://homosaurus.org/v2/katoey||https://homosaurus.org/v2/tom	2019-05-14	2021-09-24	https://homosaurus.org/v2/dee	""
https://homosaurus.org/v2/hateSpeech	hateSpeech	Hate speech	""	Defamation against groups||Group defamation||Group libel	""	""	""	""	https://homosaurus.org/v2/hateCrimes||https://homosaurus.org/v2/intoleranceTowardsLGBTQPeople||https://homosaurus.org/v2/LGBTQDefamationCampaigns	2019-05-14	2021-09-24	https://homosaurus.org/v2/hateSpeech	""
https://homosaurus.org/v2/demigenderPeople	demigenderPeople	Demigender people	""	""	People who have a partial connection to a certain gender or the concept of gender	""	https://homosaurus.org/v2/transgenderPeople	""	https://homosaurus.org/v2/genderIdentity	2019-05-14	2021-09-24	https://homosaurus.org/v2/demigenderPeople	""
https://homosaurus.org/v2/demisexuality	demisexuality	Demisexuality	""	""	A sexual orientation generally characterized by lack of sexual attraction to another person unless or until they have formed an emotional connection with that person	""	https://homosaurus.org/v2/sexualOrientation	""	https://homosaurus.org/v2/asexuality||https://homosaurus.org/v2/demisexualPeople||https://homosaurus.org/v2/compulsorySexuality||https://homosaurus.org/v2/megasexuality||https://homosaurus.org/v2/megasexualPeople	2019-05-14	2021-09-24	https://homosaurus.org/v2/demisexuality	""
https://homosaurus.org/v2/demisexualPeople	demisexualPeople	Demisexual people	""	""	People who don’t experience sexual attraction unless they have formed a strong emotional connection with someone 	""	https://homosaurus.org/v2/sexualIdentity||https://homosaurus.org/v2/sexualMinorities||https://homosaurus.org/v2/sexualPreference	""	https://homosaurus.org/v2/asexualPeople||https://homosaurus.org/v2/demisexuality||https://homosaurus.org/v2/LGBTQEmotions||https://homosaurus.org/v2/sexualRelationships||https://homosaurus.org/v2/compulsorySexuality	2019-05-14	2021-09-24	https://homosaurus.org/v2/demisexualPeople	""
https://homosaurus.org/v2/denialOfSexualOrientation	denialOfSexualOrientation	Denial of sexual orientation	""	""	""	""	""	""	https://homosaurus.org/v2/internalisedHomophobia||https://homosaurus.org/v2/latentHomosexuality||https://homosaurus.org/v2/LGBTQSelfRepression||https://homosaurus.org/v2/sexualOrientation	2019-05-14	2021-09-24	https://homosaurus.org/v2/denialOfSexualOrientation	""
https://homosaurus.org/v2/dentalDams	dentalDams	Dental dams	""	Latex barriers	""	""	https://homosaurus.org/v2/sexAccessories	""	https://homosaurus.org/v2/saferSex	2019-05-14	2021-09-24	https://homosaurus.org/v2/dentalDams	""
https://homosaurus.org/v2/desireToHaveChildren	desireToHaveChildren	Desire to have children	""	""	""	""	""	""	https://homosaurus.org/v2/children||https://homosaurus.org/v2/ConceptionByLGBTQPeople||https://homosaurus.org/v2/LGBTQFamilyPlanning||https://homosaurus.org/v2/LGBTQParenthood	2019-05-14	2021-09-24	https://homosaurus.org/v2/desireToHaveChildren	""
https://homosaurus.org/v2/detentionOfLGBTQPeople	detentionOfLGBTQPeople	Detention of LGBTQ people	""	""	""	""	""	https://homosaurus.org/v2/arrestsOfLGBTQPeople||https://homosaurus.org/v2/detentionOfLGBTQPeopleUnderAHospital||https://homosaurus.org/v2/LGBTQImprisonment	https://homosaurus.org/v2/legalStatus||https://homosaurus.org/v2/LGBTQImmigrationRights||https://homosaurus.org/v2/LGBTQPrisoners	2019-05-14	2021-09-24	https://homosaurus.org/v2/detentionOfLGBTQPeople	""
https://homosaurus.org/v2/detentionOfLGBTQPeopleUnderAHospital	detentionOfLGBTQPeopleUnderAHospital	Detention of LGBTQ people under a hospital order	""	""	""	""	https://homosaurus.org/v2/detentionOfLGBTQPeople	""	https://homosaurus.org/v2/electroshockTherapy||https://homosaurus.org/v2/mentalHealthCareForLGBTQPeople	2019-05-14	2021-09-24	https://homosaurus.org/v2/detentionOfLGBTQPeopleUnderAHospital	""
https://homosaurus.org/v2/dhurani	dhurani	Dhurani	""	""	Bengali term for the third sex, often referring to feminine, male-assigned people	""	https://homosaurus.org/v2/culturallySpecificGenderIdentities	""	""	2019-05-14	2021-09-24	https://homosaurus.org/v2/dhurani	""
https://homosaurus.org/v2/DSM	DSM	DSM	""	Diagnostic and statistical manual of mental disorders	""	""	""	""	https://homosaurus.org/v2/mentalHealthCareForLGBTQPeople	2019-05-14	2021-09-24	https://homosaurus.org/v2/DSM	""
https://homosaurus.org/v2/intersex	intersex	Intersex	""	Differences in sex development||Divergences in sex development||DSDs||Hermaphroditism||Intersexuality||Variations in sex development||VSDs	""	""	https://homosaurus.org/v2/sexBody	https://homosaurus.org/v2/intersexConditions	https://homosaurus.org/v2/intersexIdentity||https://homosaurus.org/v2/intersexMovement||https://homosaurus.org/v2/intersexPeople||https://homosaurus.org/v2/LGBTI||https://homosaurus.org/v2/sexAssignedAtBirth||https://homosaurus.org/v2/transgenderism	2019-05-14	2021-09-24	https://homosaurus.org/v2/intersex	""
https://homosaurus.org/v2/dilbaa	dilbaa	Dilbaa	""	""	Navajo term for a person assigned female at birth who takes on the role of a boy in childhood and a man in adulthood	""	https://homosaurus.org/v2/culturallySpecificGenderIdentities	""	https://homosaurus.org/v2/nadleehi||https://homosaurus.org/v2/two-spiritPeople	2019-05-14	2021-09-24	https://homosaurus.org/v2/dilbaa	""
https://homosaurus.org/v2/dildoHarnesses	dildoHarnesses	Dildo harnesses	""	""	""	""	https://homosaurus.org/v2/harnesses	""	https://homosaurus.org/v2/chestHarnesses||https://homosaurus.org/v2/thighHarnesses	2019-05-14	2021-09-24	https://homosaurus.org/v2/dildoHarnesses	""
https://homosaurus.org/v2/dildos	dildos	Dildos	""	Strap-ons	""	""	https://homosaurus.org/v2/sexAccessories	""	https://homosaurus.org/v2/buttplugs||https://homosaurus.org/v2/penises||https://homosaurus.org/v2/strapOnSex||https://homosaurus.org/v2/vibrators	2019-05-14	2021-09-24	https://homosaurus.org/v2/dildos	""
https://homosaurus.org/v2/discriminationLGBTQ	discriminationLGBTQ	Discrimination (LGBTQ)	""	""	""	""	""	https://homosaurus.org/v2/antiBisexualDiscrimination||https://homosaurus.org/v2/antiGayDiscrimination||https://homosaurus.org/v2/antiLesbianDiscrimination||https://homosaurus.org/v2/antiQueerDiscrimination||https://homosaurus.org/v2/antiTransgenderDiscrimination	https://homosaurus.org/v2/anti-discriminationLaw||https://homosaurus.org/v2/harassment||https://homosaurus.org/v2/intoleranceTowardsLGBTQPeople||https://homosaurus.org/v2/lavenderScare||https://homosaurus.org/v2/persecutionsLGBTQ||https://homosaurus.org/v2/policeHarassment||https://homosaurus.org/v2/amatonormativity||https://homosaurus.org/v2/compulsorySexuality||https://homosaurus.org/v2/mononormativity||https://homosaurus.org/v2/slurs||https://homosaurus.org/v2/stigma	2019-05-14	2021-09-24	https://homosaurus.org/v2/discriminationLGBTQ	""
https://homosaurus.org/v2/disordersOfSexualDevelopment	disordersOfSexualDevelopment	Disorders of sexual development	""	""	A medicalized category for describing sexual development which varies from male or female	""	https://homosaurus.org/v2/medicalisation	""	https://homosaurus.org/v2/intersexConditions	2019-05-14	2021-09-24	https://homosaurus.org/v2/disordersOfSexualDevelopment	""
https://homosaurus.org/v2/diversity	diversity	Diversity	""	""	Diversity in characteristics of people in age, gender, religion, ethnicity, sexual orientation, lifestyle, etc.	""	""	https://homosaurus.org/v2/genderDiversity||https://homosaurus.org/v2/sexualDiversity	https://homosaurus.org/v2/intersectionality	2019-05-14	2021-09-24	https://homosaurus.org/v2/diversity	""
https://homosaurus.org/v2/divorcedPeople	divorcedPeople	Divorced people	""	""	""	""	https://homosaurus.org/v2/maritalStatus	""	https://homosaurus.org/v2/LGBTQDivorce||https://homosaurus.org/v2/singlePeople	2019-05-14	2021-09-24	https://homosaurus.org/v2/divorcedPeople	""
https://homosaurus.org/v2/domesticPartnershipContracts	domesticPartnershipContracts	Domestic partnership contracts	""	""	""	""	https://homosaurus.org/v2/officialDocumentation	""	https://homosaurus.org/v2/domesticPartnershipRetirementBenefits||https://homosaurus.org/v2/domesticPartnerships||https://homosaurus.org/v2/LGBTQPersonalAndFamilyLaw||https://homosaurus.org/v2/LGBTQWeddings||https://homosaurus.org/v2/livingArrangements||https://homosaurus.org/v2/marriage	2019-05-14	2021-09-24	https://homosaurus.org/v2/domesticPartnershipContracts	""
https://homosaurus.org/v2/domesticPartnershipRetirementBenefits	domesticPartnershipRetirementBenefits	Domestic partnership retirement benefits	""	Same-sex pension benefits	""	""	""	""	https://homosaurus.org/v2/domesticPartnershipContracts||https://homosaurus.org/v2/LGBTQPersonalAndFamilyLaw	2019-05-14	2021-09-24	https://homosaurus.org/v2/domesticPartnershipRetirementBenefits	""
https://homosaurus.org/v2/domesticPartnerships	domesticPartnerships	Domestic partnerships	""	""	Legal or personal relationship between two individuals who live together and share a common domestic life but are neither joined by marriage nor a civil union	""	https://homosaurus.org/v2/livingArrangements	""	https://homosaurus.org/v2/civilUnions||https://homosaurus.org/v2/couplesLGBTQ||https://homosaurus.org/v2/domesticPartnershipContracts||https://homosaurus.org/v2/marriage||https://homosaurus.org/v2/officialDocumentation||https://homosaurus.org/v2/partnersLGBTQ||https://homosaurus.org/v2/relationshipsLGBTQ||https://homosaurus.org/v2/significantOthers	2019-05-14	2021-09-24	https://homosaurus.org/v2/domesticPartnerships	""
https://homosaurus.org/v2/dominatricesLGBTQ	dominatricesLGBTQ	Dominatrices (LGBTQ)	""	""	""	""	https://homosaurus.org/v2/leatherCommunity||https://homosaurus.org/v2/sexualIdentity||https://homosaurus.org/v2/sexualRoles||https://homosaurus.org/v2/tops	https://homosaurus.org/v2/bisexualDominatrices||https://homosaurus.org/v2/lesbianDominatrices||https://homosaurus.org/v2/queerDominatrices||https://homosaurus.org/v2/transgenderDominatrices	https://homosaurus.org/v2/BDSMCommunity||https://homosaurus.org/v2/bottoms||https://homosaurus.org/v2/mastersLGBTQ||https://homosaurus.org/v2/mistressesLGBTQ||https://homosaurus.org/v2/sadism||https://homosaurus.org/v2/slaves	2019-05-14	2021-09-24	https://homosaurus.org/v2/dominatricesLGBTQ	""
https://homosaurus.org/v2/donors	donors	Donors	""	""	""	""	""	https://homosaurus.org/v2/eggDonors||https://homosaurus.org/v2/LGBTQBloodDonors||https://homosaurus.org/v2/spermDonors	https://homosaurus.org/v2/biologicalParenthood||https://homosaurus.org/v2/ConceptionByLGBTQPeople||https://homosaurus.org/v2/geneticParenthood||https://homosaurus.org/v2/LGBTQPersonalAndFamilyLaw||https://homosaurus.org/v2/medicalCare||https://homosaurus.org/v2/surrogacy	2019-05-14	2021-09-24	https://homosaurus.org/v2/donors	""
https://homosaurus.org/v2/downLow	downLow	Down-low	""	""	African American slang term that typically refers to a subculture of Black men who usually identify as heterosexual but have sex with men	""	https://homosaurus.org/v2/africanAmericansLGBTQ	""	https://homosaurus.org/v2/bisexualAfricanAmericans||https://homosaurus.org/v2/closetedBisexualPeople||https://homosaurus.org/v2/closetedGayMen||https://homosaurus.org/v2/gayAfricanAmericans||https://homosaurus.org/v2/menWhoHaveSexWithMen||https://homosaurus.org/v2/secrecy	2019-05-14	2021-09-24	https://homosaurus.org/v2/downLow	""
https://homosaurus.org/v2/drab	drab	Drab	""	""	""	""	https://homosaurus.org/v2/genderExpression	""	https://homosaurus.org/v2/clothing||https://homosaurus.org/v2/drag	2019-05-14	2021-09-24	https://homosaurus.org/v2/drab	""
https://homosaurus.org/v2/drag	drag	Drag	""	""	""	""	https://homosaurus.org/v2/genderExpression	https://homosaurus.org/v2/lingerie	https://homosaurus.org/v2/camp||https://homosaurus.org/v2/clothing||https://homosaurus.org/v2/drab||https://homosaurus.org/v2/dragBalls||https://homosaurus.org/v2/dragBars||https://homosaurus.org/v2/dragCommunity||https://homosaurus.org/v2/dragKings||https://homosaurus.org/v2/dragQueens||https://homosaurus.org/v2/LGBTQArts||https://homosaurus.org/v2/voguing	2019-05-14	2021-09-24	https://homosaurus.org/v2/drag	""
https://homosaurus.org/v2/dragBalls	dragBalls	Drag balls	""	""	""	""	https://homosaurus.org/v2/LGBTQEvents	""	https://homosaurus.org/v2/ballCulture||https://homosaurus.org/v2/drag||https://homosaurus.org/v2/dragCommunity||https://homosaurus.org/v2/voguing	2019-05-14	2021-09-24	https://homosaurus.org/v2/dragBalls	""
https://homosaurus.org/v2/dragBars	dragBars	Drag bars	""	""	""	""	https://homosaurus.org/v2/barsLGBTQ	""	https://homosaurus.org/v2/drag||https://homosaurus.org/v2/dragCommunity||https://homosaurus.org/v2/LGBTQPubs	2019-05-14	2021-09-24	https://homosaurus.org/v2/dragBars	""
https://homosaurus.org/v2/dragCommunity	dragCommunity	Drag community	""	""	""	""	https://homosaurus.org/v2/communitiesLGBTQ	https://homosaurus.org/v2/dragFamilies	https://homosaurus.org/v2/ballCulture||https://homosaurus.org/v2/drag||https://homosaurus.org/v2/dragBalls||https://homosaurus.org/v2/dragBars||https://homosaurus.org/v2/dragKings||https://homosaurus.org/v2/dragQueens||https://homosaurus.org/v2/sexualIdentity	2019-05-14	2021-09-24	https://homosaurus.org/v2/dragCommunity	""
https://homosaurus.org/v2/dragFamilies	dragFamilies	Drag families	""	""	""	""	https://homosaurus.org/v2/dragCommunity||https://homosaurus.org/v2/familiesLGBTQ||https://homosaurus.org/v2/LGBTQChosenFamilies	https://homosaurus.org/v2/dragFathers||https://homosaurus.org/v2/dragMothers	https://homosaurus.org/v2/ballroomFamilies||https://homosaurus.org/v2/dragKings||https://homosaurus.org/v2/dragQueens	2019-05-14	2021-09-24	https://homosaurus.org/v2/dragFamilies	""
https://homosaurus.org/v2/dragFathers	dragFathers	Drag fathers	""	""	""	""	https://homosaurus.org/v2/dragFamilies	""	https://homosaurus.org/v2/dragKings||https://homosaurus.org/v2/dragMothers||https://homosaurus.org/v2/dragQueens	2019-05-14	2021-09-24	https://homosaurus.org/v2/dragFathers	""
https://homosaurus.org/v2/dragKings	dragKings	Drag kings	""	""	""	""	""	""	https://homosaurus.org/v2/crossdressers||https://homosaurus.org/v2/drag||https://homosaurus.org/v2/dragCommunity||https://homosaurus.org/v2/dragFamilies||https://homosaurus.org/v2/dragFathers||https://homosaurus.org/v2/dragMothers||https://homosaurus.org/v2/dragQueens||https://homosaurus.org/v2/maleImpersonators	2019-05-14	2021-09-24	https://homosaurus.org/v2/dragKings	""
https://homosaurus.org/v2/dragMothers	dragMothers	Drag mothers	""	""	""	""	https://homosaurus.org/v2/dragFamilies	""	https://homosaurus.org/v2/dragFathers||https://homosaurus.org/v2/dragKings||https://homosaurus.org/v2/dragQueens	2019-05-14	2021-09-24	https://homosaurus.org/v2/dragMothers	""
https://homosaurus.org/v2/dragQueens	dragQueens	Drag queens	""	""	""	""	https://homosaurus.org/v2/queens	""	https://homosaurus.org/v2/crossdressers||https://homosaurus.org/v2/drag||https://homosaurus.org/v2/dragCommunity||https://homosaurus.org/v2/dragFamilies||https://homosaurus.org/v2/dragFathers||https://homosaurus.org/v2/dragKings||https://homosaurus.org/v2/dragMothers||https://homosaurus.org/v2/femaleImpersonators	2019-05-14	2021-09-24	https://homosaurus.org/v2/dragQueens	""
https://homosaurus.org/v2/dramaLGBTQ	dramaLGBTQ	Drama (LGBTQ)	""	""	In case of publications about performances, use LGBTQ plays	""	https://homosaurus.org/v2/literatureLGBTQ	https://homosaurus.org/v2/bisexualDrama||https://homosaurus.org/v2/gayDrama||https://homosaurus.org/v2/lesbianDrama||https://homosaurus.org/v2/queerDrama||https://homosaurus.org/v2/transgenderDrama	https://homosaurus.org/v2/LGBTQPlays||https://homosaurus.org/v2/theatreLGBTQ	2019-05-14	2021-09-24	https://homosaurus.org/v2/dramaLGBTQ	""
https://homosaurus.org/v2/driversLicenses	driversLicenses	Driver's licenses	""	""	""	""	https://homosaurus.org/v2/officialDocumentation	https://homosaurus.org/v2/genderMarkers	https://homosaurus.org/v2/courtOrders||https://homosaurus.org/v2/legalName||https://homosaurus.org/v2/legalNameChange||https://homosaurus.org/v2/medicalPractitionersStatements||https://homosaurus.org/v2/socialSecurityCards||https://homosaurus.org/v2/transitioningTransgender	2019-05-14	2021-09-24	https://homosaurus.org/v2/driversLicenses	""
https://homosaurus.org/v2/drugAbuse	drugAbuse	Drug abuse	""	Drug addiction||Drug dependence	""	""	https://homosaurus.org/v2/substanceAbuse	https://homosaurus.org/v2/cocaineAddiction||https://homosaurus.org/v2/crystalMethAddiction	https://homosaurus.org/v2/drugs||https://homosaurus.org/v2/drugUsers||https://homosaurus.org/v2/recreationalDrugUse||https://homosaurus.org/v2/narcoticsAnonymous	2019-05-14	2021-09-24	https://homosaurus.org/v2/drugAbuse	""
https://homosaurus.org/v2/drugUsers	drugUsers	Drug users	""	""	""	""	""	https://homosaurus.org/v2/LGBTQPeopleWithAddictions	https://homosaurus.org/v2/drugAbuse	2019-05-14	2021-09-24	https://homosaurus.org/v2/drugUsers	""
https://homosaurus.org/v2/drugs	drugs	Drugs	""	Street drugs	Use for recreational party drugs commonly found in LGBTQ culture	""	""	https://homosaurus.org/v2/partyDrugs	https://homosaurus.org/v2/drugAbuse||https://homosaurus.org/v2/medication||https://homosaurus.org/v2/recreationalDrugUse	2019-05-14	2021-09-24	https://homosaurus.org/v2/drugs	""
https://homosaurus.org/v2/dutchBoys	dutchBoys	Dutch boys	""	Lesbros	Slang for heterosexual men who are friends with lesbian women and socialize in lesbian spaces	""	https://homosaurus.org/v2/heterosexualMen	""	https://homosaurus.org/v2/fagHags||https://homosaurus.org/v2/friendships||https://homosaurus.org/v2/goldilocks||https://homosaurus.org/v2/socialPrivilege	2019-05-14	2021-09-24	https://homosaurus.org/v2/dutchBoys	""
https://homosaurus.org/v2/lesbianCulture	lesbianCulture	Lesbian culture	""	Dyke culture	""	""	https://homosaurus.org/v2/subcultures	https://homosaurus.org/v2/butchFemmeRelationships||https://homosaurus.org/v2/dykesOnBikes||https://homosaurus.org/v2/lesbianChoruses||https://homosaurus.org/v2/lesbianSlang||https://homosaurus.org/v2/womensMusic	https://homosaurus.org/v2/sexualIdentity	2019-05-14	2021-09-24	https://homosaurus.org/v2/lesbianCulture	""
https://homosaurus.org/v2/dykeMarches	dykeMarches	Dyke marches	""	""	""	""	https://homosaurus.org/v2/LGBTQEvents	""	https://homosaurus.org/v2/gayPride||https://homosaurus.org/v2/lesbianPride||https://homosaurus.org/v2/lesbians||https://homosaurus.org/v2/transMarches	2019-05-14	2021-09-24	https://homosaurus.org/v2/dykeMarches	""
https://homosaurus.org/v2/dykes	dykes	Dykes	""	""	""	""	https://homosaurus.org/v2/reclaimedTerms||https://homosaurus.org/v2/slurs	""	https://homosaurus.org/v2/lesbians	2019-05-14	2021-09-24	https://homosaurus.org/v2/dykes	""
https://homosaurus.org/v2/dykesOnBikes	dykesOnBikes	Dykes on bikes	""	""	""	""	https://homosaurus.org/v2/lesbianCulture	""	https://homosaurus.org/v2/LGBTQMotorcycleClubs	2019-05-14	2021-09-24	https://homosaurus.org/v2/dykesOnBikes	""
https://homosaurus.org/v2/LGBTQEasternOrthodoxChristians	LGBTQEasternOrthodoxChristians	LGBTQ Eastern Orthodox Christians	""	Eastern Orthodox Christians (LGBTQ)||LGBTQ Orthodox Eastern Christians	""	""	https://homosaurus.org/v2/christiansLGBTQ	""	""	2019-05-14	2021-09-24	https://homosaurus.org/v2/LGBTQEasternOrthodoxChristians	""
https://homosaurus.org/v2/ecofeminism	ecofeminism	Ecofeminism	""	""	Political and philosophical movement that views feminism and concerns for the environment as inherently related	""	https://homosaurus.org/v2/feminism	""	""	2019-05-14	2021-09-24	https://homosaurus.org/v2/ecofeminism	""
https://homosaurus.org/v2/MDMA	MDMA	MDMA	""	Ecstacy||Molly||XTC	""	""	https://homosaurus.org/v2/partyDrugs	""	""	2019-05-14	2021-09-24	https://homosaurus.org/v2/MDMA	""
https://homosaurus.org/v2/femininity	femininity	Femininity	""	Effeminacy	""	""	https://homosaurus.org/v2/genderExpression	""	https://homosaurus.org/v2/androgyny||https://homosaurus.org/v2/femmes||https://homosaurus.org/v2/genderRoles||https://homosaurus.org/v2/masculinity||https://homosaurus.org/v2/transfemininePeople	2019-05-14	2021-09-24	https://homosaurus.org/v2/femininity	""
https://homosaurus.org/v2/eggDonors	eggDonors	Egg donors	""	""	""	""	https://homosaurus.org/v2/donors	""	https://homosaurus.org/v2/geneticParenthood||https://homosaurus.org/v2/LGBTQFamilyPlanning	2019-05-14	2021-09-24	https://homosaurus.org/v2/eggDonors	""
https://homosaurus.org/v2/internalisedHomophobia	internalisedHomophobia	Internalised homophobia	""	Ego-dystonic homophobia||Internalized homophobia	""	""	https://homosaurus.org/v2/homophobia	""	https://homosaurus.org/v2/denialOfSexualOrientation||https://homosaurus.org/v2/ego-dystonicSexualOrientation||https://homosaurus.org/v2/latentHomosexuality||https://homosaurus.org/v2/LGBTQSelfRepression	2019-05-14	2021-09-24	https://homosaurus.org/v2/internalisedHomophobia	""
https://homosaurus.org/v2/ego-dystonicSexualOrientation	ego-dystonicSexualOrientation	Ego-dystonic sexual orientation	""	Ego-dystonic homosexuality	""	""	https://homosaurus.org/v2/mentalDisorders	""	https://homosaurus.org/v2/internalisedHomophobia||https://homosaurus.org/v2/sexualReorientation	2019-05-14	2021-09-24	https://homosaurus.org/v2/ego-dystonicSexualOrientation	""
https://homosaurus.org/v2/olderPeopleLGBTQ	olderPeopleLGBTQ	Older people (LGBTQ)	""	Elderly (LGBTQ)||Senior citizens (LGBTQ)||Seniors (LGBTQ)	""	""	https://homosaurus.org/v2/LGBTQPeople	https://homosaurus.org/v2/olderBisexualPeople||https://homosaurus.org/v2/olderGayMen||https://homosaurus.org/v2/olderLesbians||https://homosaurus.org/v2/olderQueerPeople||https://homosaurus.org/v2/olderTransgenderPeople	https://homosaurus.org/v2/gerontophilia||https://homosaurus.org/v2/LGBTQOlderPeoplesOrganisations||https://homosaurus.org/v2/LGBTQRetirementHomes	2019-05-14	2021-09-24	https://homosaurus.org/v2/olderPeopleLGBTQ	""
https://homosaurus.org/v2/electroshockTherapy	electroshockTherapy	Electroshock therapy	""	Electric shock therapy||Electroconvulsive therapy	""	""	https://homosaurus.org/v2/therapies	""	https://homosaurus.org/v2/detentionOfLGBTQPeopleUnderAHospital	2019-05-14	2021-09-24	https://homosaurus.org/v2/electroshockTherapy	""
https://homosaurus.org/v2/eonism	eonism	Eonism	""	""	Historical term used to describe people assigned male at birth who adopt feminine behaviors	""	https://homosaurus.org/v2/genderExpression||https://homosaurus.org/v2/LGBTQHistoricalTerms||https://homosaurus.org/v2/medicalisation	""	https://homosaurus.org/v2/crossdressing||https://homosaurus.org/v2/eonistPeople||https://homosaurus.org/v2/sexualInversion||https://homosaurus.org/v2/transgenderism||https://homosaurus.org/v2/transsexualism||https://homosaurus.org/v2/transvestism	2019-05-14	2021-09-24	https://homosaurus.org/v2/eonism	""
https://homosaurus.org/v2/eonistPeople	eonistPeople	Eonist people	""	""	Historical term for people assigned male at birth who adopt feminine behaviors	""	https://homosaurus.org/v2/LGBTQHistoricalTerms	""	https://homosaurus.org/v2/crossdressers||https://homosaurus.org/v2/eonism||https://homosaurus.org/v2/transgenderPeople	2019-05-14	2021-09-24	https://homosaurus.org/v2/eonistPeople	""
https://homosaurus.org/v2/ephebophilia	ephebophilia	Ephebophilia	""	""	Sexual preference for young adult (16-20 years) males	""	https://homosaurus.org/v2/fetishism||https://homosaurus.org/v2/sexualPreference	""	https://homosaurus.org/v2/hebephilia||https://homosaurus.org/v2/intergenerationalRelationships||https://homosaurus.org/v2/youth||https://homosaurus.org/v2/youthLGBTQ	2019-05-14	2021-09-24	https://homosaurus.org/v2/ephebophilia	""
https://homosaurus.org/v2/erectileDysfunction	erectileDysfunction	Erectile dysfunction	""	Impotence	""	""	https://homosaurus.org/v2/sexualDysfunction	""	https://homosaurus.org/v2/erectionPills||https://homosaurus.org/v2/erections	2019-05-14	2021-09-24	https://homosaurus.org/v2/erectileDysfunction	""
https://homosaurus.org/v2/erectionPills	erectionPills	Erection pills	""	""	""	""	https://homosaurus.org/v2/medication	""	https://homosaurus.org/v2/erectileDysfunction||https://homosaurus.org/v2/erections	2019-05-14	2021-09-24	https://homosaurus.org/v2/erectionPills	""
https://homosaurus.org/v2/erections	erections	Erections	""	""	""	""	""	""	https://homosaurus.org/v2/erectileDysfunction||https://homosaurus.org/v2/erectionPills||https://homosaurus.org/v2/penises	2019-05-14	2021-09-24	https://homosaurus.org/v2/erections	""
https://homosaurus.org/v2/erogenousBodyParts	erogenousBodyParts	Erogenous body parts	""	""	Areas of the body that are sensitive to sexual stimulation	""	""	https://homosaurus.org/v2/breasts||https://homosaurus.org/v2/buttocks||https://homosaurus.org/v2/clitoris||https://homosaurus.org/v2/penises||https://homosaurus.org/v2/testes||https://homosaurus.org/v2/vaginas	https://homosaurus.org/v2/genitals||https://homosaurus.org/v2/partialism	2019-05-14	2021-09-24	https://homosaurus.org/v2/erogenousBodyParts	""
https://homosaurus.org/v2/eroticMassage	eroticMassage	Erotic massage	""	""	""	""	https://homosaurus.org/v2/massage||https://homosaurus.org/v2/sexAct||https://homosaurus.org/v2/sexualPractices	""	https://homosaurus.org/v2/happyEndings||https://homosaurus.org/v2/manualSex||https://homosaurus.org/v2/sexWork	2019-05-14	2021-09-24	https://homosaurus.org/v2/eroticMassage	""
https://homosaurus.org/v2/erotica	erotica	Erotica	""	""	The portrayal of sexuality with high-art aspirations, focusing also on feelings and emotions	""	""	https://homosaurus.org/v2/eroticLiteratureLGBTQ	https://homosaurus.org/v2/LGBTQArts||https://homosaurus.org/v2/pornography	2019-05-14	2021-09-24	https://homosaurus.org/v2/erotica	""
https://homosaurus.org/v2/eroticism	eroticism	Eroticism	""	""	""	""	""	""	https://homosaurus.org/v2/physicalAffection||https://homosaurus.org/v2/sexualExcitement||https://homosaurus.org/v2/sexuality	2019-05-14	2021-09-24	https://homosaurus.org/v2/eroticism	""
https://homosaurus.org/v2/escortServices	escortServices	Escort services	""	""	""	""	https://homosaurus.org/v2/sexWork	""	https://homosaurus.org/v2/escorts||https://homosaurus.org/v2/prostitution	2019-05-14	2021-09-24	https://homosaurus.org/v2/escortServices	""
https://homosaurus.org/v2/escorts	escorts	Escorts	""	""	""	""	https://homosaurus.org/v2/sexWorkersLGBTQ	""	https://homosaurus.org/v2/escortServices	2019-05-14	2021-09-24	https://homosaurus.org/v2/escorts	""
https://homosaurus.org/v2/estrogen	estrogen	Estrogen	""	""	""	""	https://homosaurus.org/v2/hormones||https://homosaurus.org/v2/hormoneTherapyGender	""	https://homosaurus.org/v2/transWomen	2019-05-14	2021-09-24	https://homosaurus.org/v2/estrogen	""
https://homosaurus.org/v2/etiology	etiology	Etiology	""	""	Inquiries and speculations regarding the causes of sexual behaviours or diseases	""	https://homosaurus.org/v2/theories	""	""	2019-05-14	2021-09-24	https://homosaurus.org/v2/etiology	""
https://homosaurus.org/v2/eurogames	eurogames	Eurogames	""	""	The most important gay and lesbian sporting event in Europe, hosted by license of the European Gay and Lesbian Sport Federation (EGLSF)	""	https://homosaurus.org/v2/LGBTQSportingEvents	""	""	2019-05-14	2021-09-24	https://homosaurus.org/v2/eurogames	""
https://homosaurus.org/v2/europride	europride	Europride	""	""	A pan-European international event dedicated to LGBT pride which is hosted by a different European city each year	""	https://homosaurus.org/v2/gayPride	""	""	2019-05-14	2021-09-24	https://homosaurus.org/v2/europride	""
https://homosaurus.org/v2/ex-gayMovement	ex-gayMovement	Ex-gay movement	""	""	People and organisations that seek to get people to refrain from entering or pursuing same-sex relationships, to eliminate homosexual desires, to develop heterosexual desires, and/or to enter into heterosexual relationships	""	https://homosaurus.org/v2/socialMovements	""	https://homosaurus.org/v2/heterosexism||https://homosaurus.org/v2/sexualReorientation	2019-05-14	2021-09-24	https://homosaurus.org/v2/ex-gayMovement	""
https://homosaurus.org/v2/exhibitionism	exhibitionism	Exhibitionism	""	""	""	""	https://homosaurus.org/v2/fetishism||https://homosaurus.org/v2/sexAct||https://homosaurus.org/v2/sexualPractices	""	https://homosaurus.org/v2/publicSex||https://homosaurus.org/v2/sexualAddiction||https://homosaurus.org/v2/voyeurism	2019-05-14	2021-09-24	https://homosaurus.org/v2/exhibitionism	""
https://homosaurus.org/v2/faafafine	faafafine	Fa'afafine	""	""	In New Zealand, Samoan people who were assigned male at birth and who behave in feminine ways and may consider themselves women	""	https://homosaurus.org/v2/culturallySpecificGenderIdentities	""	https://homosaurus.org/v2/faafatama	2019-05-14	2021-09-24	https://homosaurus.org/v2/faafafine	""
https://homosaurus.org/v2/faafatama	faafatama	Fa'afatama	""	""	In New Zealand, Samoan people who were assigned female at birth and who behave in masculine ways and may consider themselves men	""	https://homosaurus.org/v2/culturallySpecificGenderIdentities	""	https://homosaurus.org/v2/faafafine	2019-05-14	2021-09-24	https://homosaurus.org/v2/faafatama	""
https://homosaurus.org/v2/faeries	faeries	Faeries	""	Radical Faeries||Faes	Radical Faeries (also Faeries and Faes) are a loosely affiliated worldwide network of people seeking to reject hetero-imitation and redefine queer identity through spirituality	""	https://homosaurus.org/v2/gayCulture||https://homosaurus.org/v2/sexualIdentity	""	https://homosaurus.org/v2/LGBTQSpirituality	2019-05-14	2021-09-24	https://homosaurus.org/v2/faeries	""
https://homosaurus.org/v2/fagHags	fagHags	Fag hags	""	""	Slang for heterosexual women who are friends with gay men and socialize in gay spaces	""	https://homosaurus.org/v2/heterosexualWomen	""	https://homosaurus.org/v2/dutchBoys||https://homosaurus.org/v2/friendships||https://homosaurus.org/v2/goldilocks||https://homosaurus.org/v2/socialPrivilege	2019-05-14	2021-09-24	https://homosaurus.org/v2/fagHags	""
https://homosaurus.org/v2/fagStags	fagStags	Fag stags	""	""	Slang for heterosexual men who enjoy the company of gay or bisexual people	""	https://homosaurus.org/v2/heterosexualMen	""	https://homosaurus.org/v2/friendships||https://homosaurus.org/v2/socialPrivilege	2019-05-14	2021-09-24	https://homosaurus.org/v2/fagStags	""
https://homosaurus.org/v2/faggots	faggots	Faggots	""	Fags	Pejorative term used chiefly in North America primarily to refer to gay men	""	https://homosaurus.org/v2/LGBTQHistoricalTerms||https://homosaurus.org/v2/reclaimedTerms||https://homosaurus.org/v2/slurs	""	https://homosaurus.org/v2/gayMen	2019-05-14	2021-09-24	https://homosaurus.org/v2/faggots	""
https://homosaurus.org/v2/fakaleiti	fakaleiti	Fakaleiti	""	""	Tongan people assigned male at birth who behave in an effeminate manner	""	https://homosaurus.org/v2/culturallySpecificGenderIdentities	""	""	2019-05-14	2021-09-24	https://homosaurus.org/v2/fakaleiti	""
https://homosaurus.org/v2/familiesLGBTQ	familiesLGBTQ	Families (LGBTQ)	""	""	""	""	""	https://homosaurus.org/v2/bisexualFamilies||https://homosaurus.org/v2/dragFamilies||https://homosaurus.org/v2/gayFamilies||https://homosaurus.org/v2/lesbianFamilies||https://homosaurus.org/v2/LGBTQAdoptiveFamilies||https://homosaurus.org/v2/LGBTQAdoptiveParents||https://homosaurus.org/v2/LGBTQBiologicalParents||https://homosaurus.org/v2/LGBTQChosenFamilies||https://homosaurus.org/v2/LGBTQFosterFamilies||https://homosaurus.org/v2/LGBTQFosterParents||https://homosaurus.org/v2/LGBTQSingleParentFamilies||https://homosaurus.org/v2/parentsLGBTQ||https://homosaurus.org/v2/partnersLGBTQ||https://homosaurus.org/v2/queerFamilies||https://homosaurus.org/v2/singleParentFamilies||https://homosaurus.org/v2/transgenderFamilies	https://homosaurus.org/v2/familyMembers||https://homosaurus.org/v2/LGBTQAdoption||https://homosaurus.org/v2/LGBTQAdoptiveParenthood||https://homosaurus.org/v2/LGBTQFamilyPlanning||https://homosaurus.org/v2/LGBTQFosterParenthood||https://homosaurus.org/v2/LGBTQParenthood||https://homosaurus.org/v2/LGBTQSocialParenthood||https://homosaurus.org/v2/siblings	2019-05-14	2021-09-24	https://homosaurus.org/v2/familiesLGBTQ	""
https://homosaurus.org/v2/familyMembers	familyMembers	Family members	""	""	""	""	""	https://homosaurus.org/v2/children||https://homosaurus.org/v2/childrenOfLGBTQPeople||https://homosaurus.org/v2/daughtersLGBTQ||https://homosaurus.org/v2/grandchildren||https://homosaurus.org/v2/parentsLGBTQ||https://homosaurus.org/v2/partnersLGBTQ||https://homosaurus.org/v2/siblings||https://homosaurus.org/v2/sonsLGBTQ	https://homosaurus.org/v2/familiesLGBTQ||https://homosaurus.org/v2/relationshipsLGBTQ	2019-05-14	2021-09-24	https://homosaurus.org/v2/familyMembers	""
https://homosaurus.org/v2/fatDistribution	fatDistribution	Fat distribution	""	""	""	""	https://homosaurus.org/v2/secondarySexCharacteristics	""	""	2019-05-14	2021-09-24	https://homosaurus.org/v2/fatDistribution	""
https://homosaurus.org/v2/fathers	fathers	Fathers	""	""	""	""	https://homosaurus.org/v2/parentsLGBTQ	https://homosaurus.org/v2/fathersOfBisexualPeople||https://homosaurus.org/v2/fathersOfGayMen||https://homosaurus.org/v2/fathersOfLesbians||https://homosaurus.org/v2/fathersOfQueerPeople||https://homosaurus.org/v2/fathersOfTransgenderPeople||https://homosaurus.org/v2/LGBTQCoFathers||https://homosaurus.org/v2/LGBTQSingleFathers||https://homosaurus.org/v2/transgenderFathers	https://homosaurus.org/v2/fatherhood||https://homosaurus.org/v2/gayParents||https://homosaurus.org/v2/LGBTQFatherhood	2019-05-14	2021-09-24	https://homosaurus.org/v2/fathers	""
https://homosaurus.org/v2/fathersOfBisexualPeople	fathersOfBisexualPeople	Fathers of bisexual people	""	""	""	""	https://homosaurus.org/v2/fathers||https://homosaurus.org/v2/parentsOfBisexualPeople	""	""	2019-05-14	2021-09-24	https://homosaurus.org/v2/fathersOfBisexualPeople	""
https://homosaurus.org/v2/fathersOfGayMen	fathersOfGayMen	Fathers of gay men	""	""	""	""	https://homosaurus.org/v2/fathers||https://homosaurus.org/v2/parentsOfGayMen	""	""	2019-05-14	2021-09-24	https://homosaurus.org/v2/fathersOfGayMen	""
https://homosaurus.org/v2/fathersOfLesbians	fathersOfLesbians	Fathers of lesbians	""	""	""	""	https://homosaurus.org/v2/fathers||https://homosaurus.org/v2/parentsOfLesbians	""	""	2019-05-14	2021-09-24	https://homosaurus.org/v2/fathersOfLesbians	""
https://homosaurus.org/v2/fathersOfQueerPeople	fathersOfQueerPeople	Fathers of queer people	""	""	""	""	https://homosaurus.org/v2/fathers||https://homosaurus.org/v2/parentsOfQueerPeople	""	""	2019-05-14	2021-09-24	https://homosaurus.org/v2/fathersOfQueerPeople	""
https://homosaurus.org/v2/fathersOfTransgenderPeople	fathersOfTransgenderPeople	Fathers of transgender people	""	""	""	""	https://homosaurus.org/v2/fathers||https://homosaurus.org/v2/parentsOfTransgenderPeople	""	""	2019-05-14	2021-09-24	https://homosaurus.org/v2/fathersOfTransgenderPeople	""
https://homosaurus.org/v2/womensFriendships	womensFriendships	Women's friendships	""	Female friendships	""	""	https://homosaurus.org/v2/friendships||https://homosaurus.org/v2/homosociality	""	""	2019-05-14	2021-09-24	https://homosaurus.org/v2/womensFriendships	""
https://homosaurus.org/v2/femaleGenitalMutilation	femaleGenitalMutilation	Female genital mutilation	""	""	Cutting or removal of female genitals, sometimes conducted to control sexual drive or punish lesbianism	""	""	https://homosaurus.org/v2/clitoridectomy	https://homosaurus.org/v2/sexualSterilisation	2019-05-14	2021-09-24	https://homosaurus.org/v2/femaleGenitalMutilation	""
https://homosaurus.org/v2/femaleImpersonators	femaleImpersonators	Female impersonators	""	""	""	""	https://homosaurus.org/v2/theatreLGBTQ	""	https://homosaurus.org/v2/dragQueens	2019-05-14	2021-09-24	https://homosaurus.org/v2/femaleImpersonators	""
https://homosaurus.org/v2/femaleMasculinity	femaleMasculinity	Female masculinity	""	""	""	""	https://homosaurus.org/v2/masculinity	""	https://homosaurus.org/v2/bois||https://homosaurus.org/v2/butches	2019-05-14	2021-09-24	https://homosaurus.org/v2/femaleMasculinity	""
https://homosaurus.org/v2/femaleProstitutes	femaleProstitutes	Female prostitutes	""	""	""	""	https://homosaurus.org/v2/sexWorkersLGBTQ	""	https://homosaurus.org/v2/femaleProstitution	2019-05-14	2021-09-24	https://homosaurus.org/v2/femaleProstitutes	""
https://homosaurus.org/v2/femaleProstitution	femaleProstitution	Female prostitution	""	""	""	""	https://homosaurus.org/v2/prostitution	""	https://homosaurus.org/v2/femaleProstitutes	2019-05-14	2021-09-24	https://homosaurus.org/v2/femaleProstitution	""
https://homosaurus.org/v2/females	females	Females	""	""	""	""	""	https://homosaurus.org/v2/cissexualPeople||https://homosaurus.org/v2/MtFs||https://homosaurus.org/v2/transWomen	""	2019-05-14	2021-09-24	https://homosaurus.org/v2/females	""
https://homosaurus.org/v2/FtMs	FtMs	FtMs	""	Females transitioning to males||FtM transsexuals||F2Ms||Transsexual men||Female-to-male	FtM (female-to-male) is a mostly historical term which has been largely replaced by “trans men.” This is due in part to the term’s connection to medicalization of transgender persons and its assumption that a trans man was “female” and has become “male” (typically through hormones and/or surgery)	""	https://homosaurus.org/v2/LGBTQHistoricalTerms||https://homosaurus.org/v2/males||https://homosaurus.org/v2/men||https://homosaurus.org/v2/transsexualPeople||https://homosaurus.org/v2/transMen	""	https://homosaurus.org/v2/FtMs||https://homosaurus.org/v2/ftxs||https://homosaurus.org/v2/MtFs||https://homosaurus.org/v2/mtxs	2019-05-14	2021-09-24	https://homosaurus.org/v2/FtMs	""
https://homosaurus.org/v2/feminism	feminism	Feminism	""	""	Collection of movements aimed at defining, establishing, and defending equal political, economic, and social rights and equal opportunities for women	""	""	https://homosaurus.org/v2/ecofeminism||https://homosaurus.org/v2/firstWaveFeminism||https://homosaurus.org/v2/heterosexualFeminism||https://homosaurus.org/v2/lesbianFeminism||https://homosaurus.org/v2/radicalFeminism||https://homosaurus.org/v2/secondWaveFeminism	https://homosaurus.org/v2/anti-feminism||https://homosaurus.org/v2/wimmin||https://homosaurus.org/v2/women||https://homosaurus.org/v2/womensMovement||https://homosaurus.org/v2/womyn	2019-05-14	2021-09-24	https://homosaurus.org/v2/feminism	""
https://homosaurus.org/v2/womensMovement	womensMovement	Women's movement	""	Feminist movement	""	""	https://homosaurus.org/v2/socialMovements	""	https://homosaurus.org/v2/feminism||https://homosaurus.org/v2/lesbianMovement	2019-05-14	2021-09-24	https://homosaurus.org/v2/womensMovement	""
https://homosaurus.org/v2/feminists	feminists	Feminists	""	""	""	""	""	https://homosaurus.org/v2/suffragettes	""	2019-05-14	2021-09-24	https://homosaurus.org/v2/feminists	""
https://homosaurus.org/v2/femmes	femmes	Femmes	""	""	A feminine person of any gender, though it is common to use the term within the lesbian community	""	https://homosaurus.org/v2/genderRoles||https://homosaurus.org/v2/lesbians||https://homosaurus.org/v2/sexualIdentity||https://homosaurus.org/v2/sexualRoles	""	https://homosaurus.org/v2/butches||https://homosaurus.org/v2/butchFemmeRelationships||https://homosaurus.org/v2/femininity||https://homosaurus.org/v2/lipstickLesbians||https://homosaurus.org/v2/stoneButches	2019-05-14	2021-09-24	https://homosaurus.org/v2/femmes	""
https://homosaurus.org/v2/femminiello	femminiello	Femminiello	""	""	In Italy, a Neapolitan term for homosexual males with a feminine gender expression; often considered a third gender; associated with good luck	""	https://homosaurus.org/v2/culturallySpecificGenderIdentities	""	""	2019-05-14	2021-09-24	https://homosaurus.org/v2/femminiello	""
https://homosaurus.org/v2/fetishism	fetishism	Fetishism	""	""	""	""	https://homosaurus.org/v2/sexualPreference	https://homosaurus.org/v2/ephebophilia||https://homosaurus.org/v2/exhibitionism||https://homosaurus.org/v2/gerontophilia||https://homosaurus.org/v2/hebephilia||https://homosaurus.org/v2/masochism||https://homosaurus.org/v2/sadism||https://homosaurus.org/v2/vampirism||https://homosaurus.org/v2/voyeurism||https://homosaurus.org/v2/partialism	https://homosaurus.org/v2/autoeroticAsphyxiation||https://homosaurus.org/v2/BDSM||https://homosaurus.org/v2/consent||https://homosaurus.org/v2/sexualIdentity||https://homosaurus.org/v2/waterSports	2019-05-14	2021-09-24	https://homosaurus.org/v2/fetishism	""
https://homosaurus.org/v2/fictionLGBTQ	fictionLGBTQ	Fiction (LGBTQ)	""	Novels (LGBTQ)||Short stories (LGBTQ)||Stories (LGBTQ)	""	""	https://homosaurus.org/v2/literatureLGBTQ	https://homosaurus.org/v2/bisexualFiction||https://homosaurus.org/v2/comicsLGBTQ||https://homosaurus.org/v2/eroticLiteratureLGBTQ||https://homosaurus.org/v2/fantasyFictionLGBTQ||https://homosaurus.org/v2/gayFiction||https://homosaurus.org/v2/lesbianFiction||https://homosaurus.org/v2/LGBTQGraphicNovels||https://homosaurus.org/v2/mysteryAndDetectiveFictionLGBTQ||https://homosaurus.org/v2/queerFiction||https://homosaurus.org/v2/scienceFictionLGBTQ||https://homosaurus.org/v2/transgenderFiction||https://homosaurus.org/v2/horrorFictionLGBTQ||https://homosaurus.org/v2/romanceFictionLGBTQ||https://homosaurus.org/v2/shortStoriesLGBTQ	https://homosaurus.org/v2/charactersLGBTQ	2019-05-14	2021-09-24	https://homosaurus.org/v2/fictionLGBTQ	""
https://homosaurus.org/v2/firstWaveFeminism	firstWaveFeminism	First wave feminism	""	""	""	""	https://homosaurus.org/v2/feminism	""	""	2019-05-14	2021-09-24	https://homosaurus.org/v2/firstWaveFeminism	""
https://homosaurus.org/v2/fisting	fisting	Fisting	""	Fist fucking	""	""	https://homosaurus.org/v2/analSex||https://homosaurus.org/v2/manualSex||https://homosaurus.org/v2/vaginalSex	https://homosaurus.org/v2/analFisting||https://homosaurus.org/v2/vaginalFisting	https://homosaurus.org/v2/fingering	2019-05-14	2021-09-24	https://homosaurus.org/v2/fisting	""
https://homosaurus.org/v2/fingering	fingering	Fingering	""	Finger banging||Finger fucking	""	""	https://homosaurus.org/v2/analSex||https://homosaurus.org/v2/manualSex||https://homosaurus.org/v2/vaginalSex	""	https://homosaurus.org/v2/fisting	2019-05-14	2021-09-24	https://homosaurus.org/v2/fingering	""
https://homosaurus.org/v2/flagellation	flagellation	Flagellation	""	""	""	""	https://homosaurus.org/v2/SM	""	https://homosaurus.org/v2/whips	2019-05-14	2021-09-24	https://homosaurus.org/v2/flagellation	""
https://homosaurus.org/v2/floggers	floggers	Floggers	""	""	""	""	https://homosaurus.org/v2/sexAccessories	""	""	2019-05-14	2021-09-24	https://homosaurus.org/v2/floggers	""
https://homosaurus.org/v2/forcedCastration	forcedCastration	Forced castration	""	""	""	""	https://homosaurus.org/v2/anti-gayViolence||https://homosaurus.org/v2/castration	""	""	2019-05-14	2021-09-24	https://homosaurus.org/v2/forcedCastration	""
https://homosaurus.org/v2/foreskinRestoration	foreskinRestoration	Foreskin restoration	""	""	""	""	""	""	https://homosaurus.org/v2/circumcision	2019-05-14	2021-09-24	https://homosaurus.org/v2/foreskinRestoration	""
https://homosaurus.org/v2/socialParenthood	socialParenthood	Social parenthood	""	Foster parenthood||Non-genetic parenthood||Adoptive parenthood	""	""	""	""	https://homosaurus.org/v2/adoptiveParenthood||https://homosaurus.org/v2/adoptiveParents||https://homosaurus.org/v2/biologicalParenthood||https://homosaurus.org/v2/fosterParents	2019-05-14	2021-09-24	https://homosaurus.org/v2/socialParenthood	""
https://homosaurus.org/v2/fosterParents	fosterParents	Foster parents	""	""	""	""	""	""	https://homosaurus.org/v2/socialParenthood	2019-05-14	2021-09-24	https://homosaurus.org/v2/fosterParents	""
https://homosaurus.org/v2/freedomRings	freedomRings	Freedom rings	""	""	Symbol designed by David Spada that consists of six aluminum rings in colors based on the rainbow flag; typically worn as jewelry	""	https://homosaurus.org/v2/LGBTQSymbols	""	""	2019-05-14	2021-09-24	https://homosaurus.org/v2/freedomRings	""
https://homosaurus.org/v2/fricatrices	fricatrices	Fricatrices	""	""	Historical term for lesbians	""	https://homosaurus.org/v2/LGBTQHistoricalTerms	""	https://homosaurus.org/v2/lesbians	2019-05-14	2021-09-24	https://homosaurus.org/v2/fricatrices	""
https://homosaurus.org/v2/friendships	friendships	Friendships	""	""	""	""	https://homosaurus.org/v2/relationshipsLGBTQ	https://homosaurus.org/v2/boysFriendships||https://homosaurus.org/v2/girlsFriendships||https://homosaurus.org/v2/mensFriendships||https://homosaurus.org/v2/romanticFriendships||https://homosaurus.org/v2/womensFriendships	https://homosaurus.org/v2/dutchBoys||https://homosaurus.org/v2/fagHags||https://homosaurus.org/v2/fagStags||https://homosaurus.org/v2/goldilocks||https://homosaurus.org/v2/homosociality	2019-05-14	2021-09-24	https://homosaurus.org/v2/friendships	""
https://homosaurus.org/v2/frottage	frottage	Frottage	""	""	"Non-penetrative sex in which parts of the body (usually the genitals) are rubbed 
against one another. Not to be confused with “frotteurism” (nonconsensual frottage), both may be abbreviated as “frot."""	""	https://homosaurus.org/v2/sexAct||https://homosaurus.org/v2/sexualPractices	""	""	2019-05-14	2021-09-24	https://homosaurus.org/v2/frottage	""
https://homosaurus.org/v2/ftxs	ftxs	FtXs	""	""	People who transition from female to unknown or not female	""	https://homosaurus.org/v2/transgenderPeople	""	https://homosaurus.org/v2/FtMs||https://homosaurus.org/v2/MtFs||https://homosaurus.org/v2/mtxs||https://homosaurus.org/v2/XJenda	2019-05-14	2021-09-24	https://homosaurus.org/v2/ftxs	""
https://homosaurus.org/v2/fuckBuddies	fuckBuddies	Fuck buddies	""	""	When two friends enjoy the benefits of sex but are not committed to a romantic relationship with each other	""	""	""	https://homosaurus.org/v2/LGBTQLovers||https://homosaurus.org/v2/sexualIdentity||https://homosaurus.org/v2/sexualRelationships	2019-05-14	2021-09-24	https://homosaurus.org/v2/fuckBuddies	""
https://homosaurus.org/v2/fucking	fucking	Fucking	""	""	""	""	https://homosaurus.org/v2/analSex||https://homosaurus.org/v2/clitoralSex||https://homosaurus.org/v2/phallicSex||https://homosaurus.org/v2/sexAct||https://homosaurus.org/v2/vaginalSex	https://homosaurus.org/v2/assFucking	https://homosaurus.org/v2/gettingLaid||https://homosaurus.org/v2/sexualIntercourse	2019-05-14	2021-09-24	https://homosaurus.org/v2/fucking	""
https://homosaurus.org/v2/g-spot	g-spot	G-spot	""	""	""	""	https://homosaurus.org/v2/clitoris||https://homosaurus.org/v2/vaginas	""	https://homosaurus.org/v2/orgasm	2019-05-14	2021-09-24	https://homosaurus.org/v2/g-spot	""
https://homosaurus.org/v2/galli	galli	Galli	""	""	Derived from ancient Roman religion, a term for eunuch priestesses voluntarily castrated during an annual celebration	""	https://homosaurus.org/v2/culturallySpecificGenderIdentities	""	""	2019-05-14	2021-09-24	https://homosaurus.org/v2/galli	""
https://homosaurus.org/v2/gayActivism	gayActivism	Gay activism	""	""	""	""	https://homosaurus.org/v2/activismLGBTQ	""	https://homosaurus.org/v2/gayPoliticalActivists	2019-05-14	2021-09-24	https://homosaurus.org/v2/gayActivism	""
https://homosaurus.org/v2/gayAfricanAmericans	gayAfricanAmericans	Gay African-Americans	""	""	""	""	https://homosaurus.org/v2/africanAmericansLGBTQ	""	https://homosaurus.org/v2/downLow	2019-05-14	2021-09-24	https://homosaurus.org/v2/gayAfricanAmericans	""
https://homosaurus.org/v2/gayAfroCanadians	gayAfroCanadians	Gay Afro-Canadians	""	""	""	""	https://homosaurus.org/v2/afroCanadiansLGBTQ	""	""	2019-05-14	2021-09-24	https://homosaurus.org/v2/gayAfroCanadians	""
https://homosaurus.org/v2/gayAfroCaribbeans	gayAfroCaribbeans	Gay Afro-Caribbeans	""	""	""	""	https://homosaurus.org/v2/afroCaribbeansLGBTQ	""	""	2019-05-14	2021-09-24	https://homosaurus.org/v2/gayAfroCaribbeans	""
https://homosaurus.org/v2/gayAfroEuropeans	gayAfroEuropeans	Gay Afro-Europeans	""	""	""	""	https://homosaurus.org/v2/afroEuropeansLGBTQ	""	""	2019-05-14	2021-09-24	https://homosaurus.org/v2/gayAfroEuropeans	""
https://homosaurus.org/v2/gayAfroLatinAmericans	gayAfroLatinAmericans	Gay Afro-Latin Americans	""	""	""	""	https://homosaurus.org/v2/afroLatinAmericansLGBTQ	""	""	2019-05-14	2021-09-24	https://homosaurus.org/v2/gayAfroLatinAmericans	""
https://homosaurus.org/v2/gayAndLesbianYouth	gayAndLesbianYouth	Gay and lesbian youth	""	Gay youth||Lesbian and gay youth||Lesbian youth	""	""	https://homosaurus.org/v2/queerYouth||https://homosaurus.org/v2/youthLGBTQ	https://homosaurus.org/v2/gayBoys||https://homosaurus.org/v2/lesbianGirls||https://homosaurus.org/v2/pups||https://homosaurus.org/v2/twinks	""	2019-05-14	2021-09-24	https://homosaurus.org/v2/gayAndLesbianYouth	""
https://homosaurus.org/v2/gayArchives	gayArchives	Gay archives	""	""	""	""	https://homosaurus.org/v2/archivesLGBTQ	""	""	2019-05-14	2021-09-24	https://homosaurus.org/v2/gayArchives	""
https://homosaurus.org/v2/gayArtists	gayArtists	Gay artists	""	""	""	""	https://homosaurus.org/v2/artistsLGBTQ	""	""	2019-05-14	2021-09-24	https://homosaurus.org/v2/gayArtists	""
https://homosaurus.org/v2/gayAsianAmericans	gayAsianAmericans	Gay Asian Americans	""	""	""	""	https://homosaurus.org/v2/asianAmericansLGBTQ	""	""	2019-05-14	2021-09-24	https://homosaurus.org/v2/gayAsianAmericans	""
https://homosaurus.org/v2/gayAsians	gayAsians	Gay Asians	""	Gaysians	""	""	https://homosaurus.org/v2/asiansLGBTQ	""	""	2019-05-14	2021-09-24	https://homosaurus.org/v2/gayAsians	""
https://homosaurus.org/v2/gayAtheists	gayAtheists	Gay atheists	""	""	""	""	https://homosaurus.org/v2/atheistsLGBTQ	""	""	2019-05-14	2021-09-24	https://homosaurus.org/v2/gayAtheists	""
https://homosaurus.org/v2/gayBars	gayBars	Gay bars	""	""	""	""	https://homosaurus.org/v2/barsLGBTQ	""	https://homosaurus.org/v2/darkRooms||https://homosaurus.org/v2/gayCommunity||https://homosaurus.org/v2/LGBTQPubs||https://homosaurus.org/v2/leatherBars	2019-05-14	2021-09-24	https://homosaurus.org/v2/gayBars	""
https://homosaurus.org/v2/gaySaunas	gaySaunas	Gay saunas	""	Gay bathhouses||Gay baths	""	""	https://homosaurus.org/v2/LGBTQNightLife||https://homosaurus.org/v2/sexLocations	https://homosaurus.org/v2/gloryHoles	https://homosaurus.org/v2/publicSex||https://homosaurus.org/v2/sexIndustry	2019-05-14	2021-09-24	https://homosaurus.org/v2/gaySaunas	""
https://homosaurus.org/v2/gayBeaches	gayBeaches	Gay beaches	""	""	""	""	https://homosaurus.org/v2/beachesLGBTQ	""	""	2019-05-14	2021-09-24	https://homosaurus.org/v2/gayBeaches	""
https://homosaurus.org/v2/gayBlackPeople	gayBlackPeople	Gay Black people	""	""	""	""	https://homosaurus.org/v2/blackPeopleLGBTQ	""	""	2019-05-14	2021-09-24	https://homosaurus.org/v2/gayBlackPeople	""
https://homosaurus.org/v2/gayBookshops	gayBookshops	Gay bookshops	""	""	""	""	https://homosaurus.org/v2/bookshopsLGBTQ	""	""	2019-05-14	2021-09-24	https://homosaurus.org/v2/gayBookshops	""
https://homosaurus.org/v2/gayBoys	gayBoys	Gay boys	""	""	""	""	https://homosaurus.org/v2/boys||https://homosaurus.org/v2/childrenLGBTQ||https://homosaurus.org/v2/gayAndLesbianYouth||https://homosaurus.org/v2/gayYouth	""	https://homosaurus.org/v2/gayCharacters||https://homosaurus.org/v2/gayIdentity||https://homosaurus.org/v2/gayMen	2019-05-14	2021-09-24	https://homosaurus.org/v2/gayBoys	""
https://homosaurus.org/v2/gayBuddhists	gayBuddhists	Gay Buddhists	""	""	""	""	https://homosaurus.org/v2/buddhistsLGBTQ	""	""	2019-05-14	2021-09-24	https://homosaurus.org/v2/gayBuddhists	""
https://homosaurus.org/v2/gayCharacters	gayCharacters	Gay characters	""	""	""	""	https://homosaurus.org/v2/charactersLGBTQ	""	https://homosaurus.org/v2/gayBoys||https://homosaurus.org/v2/gayMen||https://homosaurus.org/v2/gayYouth	2019-05-14	2021-09-24	https://homosaurus.org/v2/gayCharacters	""
https://homosaurus.org/v2/gayChoruses	gayChoruses	Gay choruses	""	Gay choirs	""	""	https://homosaurus.org/v2/LGBTQChoruses	""	https://homosaurus.org/v2/lesbianChoruses	2019-05-14	2021-09-24	https://homosaurus.org/v2/gayChoruses	""
https://homosaurus.org/v2/gayChristians	gayChristians	Gay Christians	""	""	""	""	https://homosaurus.org/v2/christiansLGBTQ	""	""	2019-05-14	2021-09-24	https://homosaurus.org/v2/gayChristians	""
https://homosaurus.org/v2/gayClergy	gayClergy	Gay clergy	""	Gay pastors	""	""	https://homosaurus.org/v2/clergyLGBTQ	https://homosaurus.org/v2/gayPriests	https://homosaurus.org/v2/bisexualClergy||https://homosaurus.org/v2/celibacy||https://homosaurus.org/v2/lesbianClergy||https://homosaurus.org/v2/queerClergy||https://homosaurus.org/v2/transgenderClergy	2019-05-14	2021-09-24	https://homosaurus.org/v2/gayClergy	""
https://homosaurus.org/v2/gayCommunity	gayCommunity	Gay community	""	""	""	""	https://homosaurus.org/v2/communitiesLGBTQ	""	https://homosaurus.org/v2/gayBars||https://homosaurus.org/v2/gayCommunityCentres||https://homosaurus.org/v2/gayMen||https://homosaurus.org/v2/LGB||https://homosaurus.org/v2/LGBT||https://homosaurus.org/v2/LGBTI||https://homosaurus.org/v2/LGBTQ||https://homosaurus.org/v2/LGBTQ+||https://homosaurus.org/v2/LGBTQIA	2019-05-14	2021-09-24	https://homosaurus.org/v2/gayCommunity	""
https://homosaurus.org/v2/gayCommunityCentres	gayCommunityCentres	Gay community centres	""	""	""	""	https://homosaurus.org/v2/communityCentresLGBTQ	""	https://homosaurus.org/v2/gayCommunity||https://homosaurus.org/v2/gayMovement	2019-05-14	2021-09-24	https://homosaurus.org/v2/gayCommunityCentres	""
https://homosaurus.org/v2/gayCulture	gayCulture	Gay culture	""	""	""	""	https://homosaurus.org/v2/subcultures	https://homosaurus.org/v2/bears||https://homosaurus.org/v2/chubsGayMen||https://homosaurus.org/v2/faeries||https://homosaurus.org/v2/gaySlang||https://homosaurus.org/v2/otters||https://homosaurus.org/v2/pups||https://homosaurus.org/v2/twinks||https://homosaurus.org/v2/wolves	https://homosaurus.org/v2/camp||https://homosaurus.org/v2/sexualIdentity	2019-05-14	2021-09-24	https://homosaurus.org/v2/gayCulture	""
https://homosaurus.org/v2/gayDiscos	gayDiscos	Gay discos	""	Gay discotheques||Gay night clubs||Gay nightclubs	""	""	https://homosaurus.org/v2/LGBTQNightLife	""	https://homosaurus.org/v2/barsLGBTQ	2019-05-14	2021-09-24	https://homosaurus.org/v2/gayDiscos	""
https://homosaurus.org/v2/gayDrama	gayDrama	Gay drama	""	""	""	""	https://homosaurus.org/v2/dramaLGBTQ	""	""	2019-05-14	2021-09-24	https://homosaurus.org/v2/gayDrama	""
https://homosaurus.org/v2/gayInformationCentres	gayInformationCentres	Gay information centres	""	Gay documentation centres	""	""	https://homosaurus.org/v2/informationCentresLGBTQ	""	https://homosaurus.org/v2/gayMovement	2019-05-14	2021-09-24	https://homosaurus.org/v2/gayInformationCentres	""
https://homosaurus.org/v2/gayFamilies	gayFamilies	Gay families	""	""	"Use only for gay couples living with their children; use ""LGBTQ chosen families"" to describe families that are bound by social and emotional ties, not biological or legal relationships"	""	https://homosaurus.org/v2/familiesLGBTQ	""	https://homosaurus.org/v2/childrenOfGayMen||https://homosaurus.org/v2/gayParents	2019-05-14	2021-09-24	https://homosaurus.org/v2/gayFamilies	""
https://homosaurus.org/v2/gayParents	gayParents	Gay parents	""	Gay fathers	""	""	https://homosaurus.org/v2/gayMen||https://homosaurus.org/v2/parentsLGBTQ	""	https://homosaurus.org/v2/childrenOfGayMen||https://homosaurus.org/v2/fathers||https://homosaurus.org/v2/gayFamilies	2019-05-14	2021-09-24	https://homosaurus.org/v2/gayParents	""
https://homosaurus.org/v2/gayFiction	gayFiction	Gay fiction	""	""	""	""	https://homosaurus.org/v2/fictionLGBTQ	""	""	2019-05-14	2021-09-24	https://homosaurus.org/v2/gayFiction	""
https://homosaurus.org/v2/gayForPay	gayForPay	Gay for pay	""	""	Male or female actors, pornographic stars, or sex workers who identify as heterosexual but who are paid to act or perform as homosexual	""	https://homosaurus.org/v2/prostitution	""	https://homosaurus.org/v2/pornStars||https://homosaurus.org/v2/sexWorkersLGBTQ	2019-05-14	2021-09-24	https://homosaurus.org/v2/gayForPay	""
https://homosaurus.org/v2/gayGames	gayGames	Gay Games	""	""	""	""	https://homosaurus.org/v2/LGBTQSportingEvents	""	https://homosaurus.org/v2/outgames	2019-05-14	2021-09-24	https://homosaurus.org/v2/gayGames	""
https://homosaurus.org/v2/gayIdentity	gayIdentity	Gay identity	""	""	""	""	https://homosaurus.org/v2/sexualIdentity	""	https://homosaurus.org/v2/gayBoys||https://homosaurus.org/v2/gayMen||https://homosaurus.org/v2/gayYouth	2019-05-14	2021-09-24	https://homosaurus.org/v2/gayIdentity	""
https://homosaurus.org/v2/gayJews	gayJews	Gay Jews	""	""	""	""	https://homosaurus.org/v2/jewsLGBTQ	""	""	2019-05-14	2021-09-24	https://homosaurus.org/v2/gayJews	""
https://homosaurus.org/v2/gayLatinos	gayLatinos	Gay Latinos	""	""	""	""	https://homosaurus.org/v2/latinxLGBTQ	""	""	2019-05-14	2021-09-24	https://homosaurus.org/v2/gayLatinos	""
https://homosaurus.org/v2/lesbian-gayRelations	lesbian-gayRelations	Lesbian-gay relations	""	Gay-lesbian relations	""	""	https://homosaurus.org/v2/genderRelations	""	https://homosaurus.org/v2/gayMen||https://homosaurus.org/v2/lesbians	2019-05-14	2021-09-24	https://homosaurus.org/v2/lesbian-gayRelations	""
https://homosaurus.org/v2/gayLiberation	gayLiberation	Gay liberation	""	Gay liberation movement	"Movement of the late 1960s and early to mid 1970s that urged lesbians and gay men to “come out"" and publicly reveal their sexuality to family, friends, and colleagues as a form of activism, as well as to counter shame with gay pride"	""	https://homosaurus.org/v2/LGBTQSocialProcesses	""	https://homosaurus.org/v2/gayMovement||https://homosaurus.org/v2/lesbianLiberation||https://homosaurus.org/v2/lesbianMovement||https://homosaurus.org/v2/LGBTQEmancipation||https://homosaurus.org/v2/stonewallRiots	2019-05-14	2021-09-24	https://homosaurus.org/v2/gayLiberation	""
https://homosaurus.org/v2/gayLibraries	gayLibraries	Gay libraries	""	""	""	""	https://homosaurus.org/v2/librariesLGBTQ	""	""	2019-05-14	2021-09-24	https://homosaurus.org/v2/gayLibraries	""
https://homosaurus.org/v2/gayLiterature	gayLiterature	Gay literature	""	""	""	""	https://homosaurus.org/v2/literatureLGBTQ	""	""	2019-05-14	2021-09-24	https://homosaurus.org/v2/gayLiterature	""
https://homosaurus.org/v2/gayMaleCouples	gayMaleCouples	Gay male couples	""	""	""	""	https://homosaurus.org/v2/couplesLGBTQ	""	""	2019-05-14	2021-09-24	https://homosaurus.org/v2/gayMaleCouples	""
https://homosaurus.org/v2/same-sexMarriage	same-sexMarriage	Same-sex marriage	""	Gay marriage||Lesbian marriage	""	""	https://homosaurus.org/v2/marriage	""	https://homosaurus.org/v2/LGBTQConscientiousObjection||https://homosaurus.org/v2/womensMarriages	2019-05-14	2021-09-24	https://homosaurus.org/v2/same-sexMarriage	""
https://homosaurus.org/v2/gayMasters	gayMasters	Gay masters	""	""	""	""	https://homosaurus.org/v2/mastersLGBTQ	""	https://homosaurus.org/v2/bisexualMasters||https://homosaurus.org/v2/queerMasters||https://homosaurus.org/v2/transgenderMasters	2019-05-14	2021-09-24	https://homosaurus.org/v2/gayMasters	""
https://homosaurus.org/v2/gayMen	gayMen	Gay men	""	Gays	""	""	https://homosaurus.org/v2/LGBTQPeople||https://homosaurus.org/v2/men||https://homosaurus.org/v2/sexualMinorities	https://homosaurus.org/v2/babyGay||https://homosaurus.org/v2/bears||https://homosaurus.org/v2/clonesGayMen||https://homosaurus.org/v2/closetedGayMen||https://homosaurus.org/v2/gayParents||https://homosaurus.org/v2/machoMen||https://homosaurus.org/v2/olderGayMen||https://homosaurus.org/v2/otters||https://homosaurus.org/v2/pups||https://homosaurus.org/v2/queens||https://homosaurus.org/v2/twinks||https://homosaurus.org/v2/wolves	https://homosaurus.org/v2/faggots||https://homosaurus.org/v2/gayBoys||https://homosaurus.org/v2/gayCharacters||https://homosaurus.org/v2/gayCommunity||https://homosaurus.org/v2/gayIdentity||https://homosaurus.org/v2/gayYouth||https://homosaurus.org/v2/homophobia||https://homosaurus.org/v2/homosexuality||https://homosaurus.org/v2/lesbian-gayRelations||https://homosaurus.org/v2/menWhoHaveSexWithMen||https://homosaurus.org/v2/parentsOfGayMen||https://homosaurus.org/v2/partnersOfGayMen||https://homosaurus.org/v2/persecutionOfGayMen||https://homosaurus.org/v2/queerMen||https://homosaurus.org/v2/seaQueens	2019-05-14	2021-09-24	https://homosaurus.org/v2/gayMen	""
https://homosaurus.org/v2/gayMenInTheMilitary	gayMenInTheMilitary	Gay men in the military	""	""	""	""	https://homosaurus.org/v2/peopleInTheMilitaryLGBTQ	""	""	2019-05-14	2021-09-24	https://homosaurus.org/v2/gayMenInTheMilitary	""
https://homosaurus.org/v2/gayMenOfColour	gayMenOfColour	Gay men of colour	""	""	""	""	https://homosaurus.org/v2/peopleOfColourLGBTQ	""	""	2019-05-14	2021-09-24	https://homosaurus.org/v2/gayMenOfColour	""
https://homosaurus.org/v2/parentsOfGayMen	parentsOfGayMen	Parents of gay men	""	Gay men's parents	""	""	https://homosaurus.org/v2/parentsLGBTQ	https://homosaurus.org/v2/fathersOfGayMen||https://homosaurus.org/v2/mothersOfGayMen	https://homosaurus.org/v2/gayMen||https://homosaurus.org/v2/gaySons	2019-05-14	2021-09-24	https://homosaurus.org/v2/parentsOfGayMen	""
https://homosaurus.org/v2/gayMovement	gayMovement	Gay movement	""	Gay organisations||Gay organizations	""	""	https://homosaurus.org/v2/movementLGBTQ	https://homosaurus.org/v2/gayPoliticalGroups||https://homosaurus.org/v2/gayReligiousGroups||https://homosaurus.org/v2/gayTradeUnionGroups	https://homosaurus.org/v2/gayCommunityCentres||https://homosaurus.org/v2/gayInformationCentres||https://homosaurus.org/v2/gayLiberation||https://homosaurus.org/v2/gayPress||https://homosaurus.org/v2/gayRadio||https://homosaurus.org/v2/gayTelevision	2019-05-14	2021-09-24	https://homosaurus.org/v2/gayMovement	""
https://homosaurus.org/v2/gayMuseums	gayMuseums	Gay museums	""	""	""	""	https://homosaurus.org/v2/LGBTQMuseums||https://homosaurus.org/v2/museumsLGBTQ	""	""	2019-05-14	2021-09-24	https://homosaurus.org/v2/gayMuseums	""
https://homosaurus.org/v2/gayMuslims	gayMuslims	Gay Muslims	""	""	""	""	https://homosaurus.org/v2/LGBTQAsianReligions||https://homosaurus.org/v2/muslimsLGBTQ	""	""	2019-05-14	2021-09-24	https://homosaurus.org/v2/gayMuslims	""
https://homosaurus.org/v2/gayNativeAmericans	gayNativeAmericans	Gay Native Americans	""	""	""	""	https://homosaurus.org/v2/nativeAmericansLGBTQ	""	""	2019-05-14	2021-09-24	https://homosaurus.org/v2/gayNativeAmericans	""
https://homosaurus.org/v2/gayNewsletters	gayNewsletters	Gay newsletters	""	""	""	""	https://homosaurus.org/v2/gayPress||https://homosaurus.org/v2/newslettersLGBTQ	""	https://homosaurus.org/v2/gayNewspapers	2019-05-14	2021-09-24	https://homosaurus.org/v2/gayNewsletters	""
https://homosaurus.org/v2/gayNewspapers	gayNewspapers	Gay newspapers	""	""	""	""	https://homosaurus.org/v2/gayPress||https://homosaurus.org/v2/newspapersLGBTQ	""	https://homosaurus.org/v2/gayNewsletters	2019-05-14	2021-09-24	https://homosaurus.org/v2/gayNewspapers	""
https://homosaurus.org/v2/gayPagans	gayPagans	Gay pagans	""	""	""	""	https://homosaurus.org/v2/pagansLGBTQ	""	""	2019-05-14	2021-09-24	https://homosaurus.org/v2/gayPagans	""
https://homosaurus.org/v2/gayPoetry	gayPoetry	Gay poetry	""	""	""	""	https://homosaurus.org/v2/poetryLGBTQ	""	""	2019-05-14	2021-09-24	https://homosaurus.org/v2/gayPoetry	""
https://homosaurus.org/v2/gayPoliticalActivists	gayPoliticalActivists	Gay political activists	""	""	""	""	https://homosaurus.org/v2/activistsLGBTQ	""	https://homosaurus.org/v2/gayActivism	2019-05-14	2021-09-24	https://homosaurus.org/v2/gayPoliticalActivists	""
https://homosaurus.org/v2/gayPoliticalGroups	gayPoliticalGroups	Gay political groups	""	""	""	""	https://homosaurus.org/v2/gayMovement	""	https://homosaurus.org/v2/lesbianPoliticalGroups	2019-05-14	2021-09-24	https://homosaurus.org/v2/gayPoliticalGroups	""
https://homosaurus.org/v2/gayPornFilms	gayPornFilms	Gay porn films	""	""	""	""	https://homosaurus.org/v2/pornFilmsLGBTQ	""	""	2019-05-14	2021-09-24	https://homosaurus.org/v2/gayPornFilms	""
https://homosaurus.org/v2/gayPress	gayPress	Gay press	""	""	""	""	https://homosaurus.org/v2/pressLGBTQ	https://homosaurus.org/v2/gayNewsletters||https://homosaurus.org/v2/gayNewspapers	https://homosaurus.org/v2/gayMovement||https://homosaurus.org/v2/LGBTQMagazines	2019-05-14	2021-09-24	https://homosaurus.org/v2/gayPress	""
https://homosaurus.org/v2/gayPride	gayPride	Gay pride	""	""	""	""	https://homosaurus.org/v2/LGBTQEvents	https://homosaurus.org/v2/europride||https://homosaurus.org/v2/gayPrideWeek||https://homosaurus.org/v2/sydneyGayAndLesbianMardiGras	https://homosaurus.org/v2/dykeMarches||https://homosaurus.org/v2/gayShame||https://homosaurus.org/v2/lesbianPride||https://homosaurus.org/v2/transMarches	2019-05-14	2021-09-24	https://homosaurus.org/v2/gayPride	""
https://homosaurus.org/v2/gayPrideWeek	gayPrideWeek	Gay pride week	""	Pink Saturday||Pink week	""	""	https://homosaurus.org/v2/gayPride	""	https://homosaurus.org/v2/movementLGBTQ	2019-05-14	2021-09-24	https://homosaurus.org/v2/gayPrideWeek	""
https://homosaurus.org/v2/gayPriests	gayPriests	Gay priests	""	""	""	""	https://homosaurus.org/v2/gayClergy	""	""	2019-05-14	2021-09-24	https://homosaurus.org/v2/gayPriests	""
https://homosaurus.org/v2/gayProstitutes	gayProstitutes	Gay prostitutes	""	""	""	""	https://homosaurus.org/v2/maleProstitutes||https://homosaurus.org/v2/sexWorkersLGBTQ	""	https://homosaurus.org/v2/maleProstitution	2019-05-14	2021-09-24	https://homosaurus.org/v2/gayProstitutes	""
https://homosaurus.org/v2/gayProtestants	gayProtestants	Gay Protestants	""	""	""	""	https://homosaurus.org/v2/protestantsLGBTQ	""	""	2019-05-14	2021-09-24	https://homosaurus.org/v2/gayProtestants	""
https://homosaurus.org/v2/gayPublishers	gayPublishers	Gay publishers	""	""	""	""	https://homosaurus.org/v2/publishersLGBTQ	""	""	2019-05-14	2021-09-24	https://homosaurus.org/v2/gayPublishers	""
https://homosaurus.org/v2/gayRadio	gayRadio	Gay radio	""	""	""	""	https://homosaurus.org/v2/radioLGBTQ	""	https://homosaurus.org/v2/gayMovement	2019-05-14	2021-09-24	https://homosaurus.org/v2/gayRadio	""
https://homosaurus.org/v2/gayRelationships	gayRelationships	Gay relationships	""	""	""	""	https://homosaurus.org/v2/relationshipsLGBTQ	""	https://homosaurus.org/v2/bisexualRelationships||https://homosaurus.org/v2/queerRelationships||https://homosaurus.org/v2/transgenderRelationships	2019-05-14	2021-09-24	https://homosaurus.org/v2/gayRelationships	""
https://homosaurus.org/v2/gayReligiousGroups	gayReligiousGroups	Gay religious groups	""	""	""	""	https://homosaurus.org/v2/gayMovement	""	https://homosaurus.org/v2/metropolitanCommunityChurch	2019-05-14	2021-09-24	https://homosaurus.org/v2/gayReligiousGroups	""
https://homosaurus.org/v2/gayRights	gayRights	Gay rights	""	""	""	""	https://homosaurus.org/v2/civilRightsLGBTQ	""	""	2019-05-14	2021-09-24	https://homosaurus.org/v2/gayRights	""
https://homosaurus.org/v2/gayRomanCatholics	gayRomanCatholics	Gay Roman Catholics	""	""	""	""	https://homosaurus.org/v2/romanCatholicsLGBTQ	""	""	2019-05-14	2021-09-24	https://homosaurus.org/v2/gayRomanCatholics	""
https://homosaurus.org/v2/gaySensibility	gaySensibility	Gay sensibility	""	""	Specifically gay way of reading and looking at cultural texts (books, movies, television, magazines, etc.) and the appropriation of texts otherwise thought of as strictly for heterosexuals	""	""	""	https://homosaurus.org/v2/lesbianSensibility	2019-05-14	2021-09-24	https://homosaurus.org/v2/gaySensibility	""
https://homosaurus.org/v2/gayShame	gayShame	Gay shame	""	""	"Movement within queer communities that is described as a radical alternative to gay mainstreaming; directly posits an alternative view of gay pride events and activities that rejects increasingly commercialization, corporate sponsors, and ""safer"" agendas to avoid offending heterosexual supporters and sponsors"	""	""	""	https://homosaurus.org/v2/activismLGBTQ||https://homosaurus.org/v2/gayPride||https://homosaurus.org/v2/stigma	2019-05-14	2021-09-24	https://homosaurus.org/v2/gayShame	""
https://homosaurus.org/v2/gaySlang	gaySlang	Gay slang	""	Gay speak	""	""	https://homosaurus.org/v2/gayCulture||https://homosaurus.org/v2/slangLGBTQ	""	""	2019-05-14	2021-09-24	https://homosaurus.org/v2/gaySlang	""
https://homosaurus.org/v2/gaySons	gaySons	Gay sons	""	""	""	""	https://homosaurus.org/v2/sonsLGBTQ	""	https://homosaurus.org/v2/parentsOfGayMen	2019-05-14	2021-09-24	https://homosaurus.org/v2/gaySons	""
https://homosaurus.org/v2/gaySportsClubs	gaySportsClubs	Gay sports clubs	""	""	""	""	https://homosaurus.org/v2/LGBTQSportsClubs	""	""	2019-05-14	2021-09-24	https://homosaurus.org/v2/gaySportsClubs	""
https://homosaurus.org/v2/gay-straightAlliances	gay-straightAlliances	Gay-straight alliances	""	GSAs	Alliances to make schools, sports clubs, etc. safe and welcoming to all people regardless of sexual orientation or gender identity	""	https://homosaurus.org/v2/LGBTQSocialProcesses	""	https://homosaurus.org/v2/allies||https://homosaurus.org/v2/LGBTQFriendliness||https://homosaurus.org/v2/movementLGBTQ	2019-05-14	2021-09-24	https://homosaurus.org/v2/gay-straightAlliances	""
https://homosaurus.org/v2/gayStudies	gayStudies	Gay studies	""	""	""	""	https://homosaurus.org/v2/genderStudies	""	https://homosaurus.org/v2/bisexualStudies||https://homosaurus.org/v2/lesbianStudies||https://homosaurus.org/v2/queerStudies||https://homosaurus.org/v2/transgenderStudies	2019-05-14	2021-09-24	https://homosaurus.org/v2/gayStudies	""
https://homosaurus.org/v2/gaySurvivorsOfHateCrimes	gaySurvivorsOfHateCrimes	Gay survivors of hate crimes	""	""	""	""	https://homosaurus.org/v2/gayVictimsOfHateCrimes||https://homosaurus.org/v2/survivorsOfHateCrimesLGBTQ	""	""	2019-05-14	2021-09-24	https://homosaurus.org/v2/gaySurvivorsOfHateCrimes	""
https://homosaurus.org/v2/gaySurvivorsOfRape	gaySurvivorsOfRape	Gay survivors of rape	""	""	""	""	https://homosaurus.org/v2/gayVictimsOfRape||https://homosaurus.org/v2/survivorsOfRapeLGBTQ	""	""	2019-05-14	2021-09-24	https://homosaurus.org/v2/gaySurvivorsOfRape	""
https://homosaurus.org/v2/gaySurvivorsOfSexualAbuse	gaySurvivorsOfSexualAbuse	Gay survivors of sexual abuse	""	""	""	""	https://homosaurus.org/v2/gayVictimsOfSexualAbuse||https://homosaurus.org/v2/survivorsOfSexualAbuseLGBTQ	""	""	2019-05-14	2021-09-24	https://homosaurus.org/v2/gaySurvivorsOfSexualAbuse	""
https://homosaurus.org/v2/gaySurvivorsOfWar	gaySurvivorsOfWar	Gay survivors of war	""	""	""	""	https://homosaurus.org/v2/gayVictimsOfWar||https://homosaurus.org/v2/survivorsOfWarLGBTQ	""	""	2019-05-14	2021-09-24	https://homosaurus.org/v2/gaySurvivorsOfWar	""
https://homosaurus.org/v2/gayYouth	gayYouth	Gay youth	""	Gay teenagers	""	""	https://homosaurus.org/v2/youthLGBTQ	https://homosaurus.org/v2/gayBoys	https://homosaurus.org/v2/gayCharacters||https://homosaurus.org/v2/gayIdentity||https://homosaurus.org/v2/gayMen||https://homosaurus.org/v2/gayYouthLiterature	2019-05-14	2021-09-24	https://homosaurus.org/v2/gayYouth	""
https://homosaurus.org/v2/gayTelevision	gayTelevision	Gay television	""	""	""	""	https://homosaurus.org/v2/televisionLGBTQ	""	https://homosaurus.org/v2/gayMovement	2019-05-14	2021-09-24	https://homosaurus.org/v2/gayTelevision	""
https://homosaurus.org/v2/gayTheatre	gayTheatre	Gay theatre	""	""	""	""	https://homosaurus.org/v2/theatreLGBTQ	""	https://homosaurus.org/v2/gayTheatreGroups||https://homosaurus.org/v2/lesbianTheatre||https://homosaurus.org/v2/LGBTQPlays||https://homosaurus.org/v2/musicals	2019-05-14	2021-09-24	https://homosaurus.org/v2/gayTheatre	""
https://homosaurus.org/v2/gayTheatreGroups	gayTheatreGroups	Gay theatre groups	""	""	""	""	""	""	https://homosaurus.org/v2/gayTheatre||https://homosaurus.org/v2/lesbianTheatreGroups||https://homosaurus.org/v2/musicals	2019-05-14	2021-09-24	https://homosaurus.org/v2/gayTheatreGroups	""
https://homosaurus.org/v2/gayTheology	gayTheology	Gay theology	""	""	""	""	https://homosaurus.org/v2/theologyLGBTQ	""	""	2019-05-14	2021-09-24	https://homosaurus.org/v2/gayTheology	""
https://homosaurus.org/v2/gayTradeUnionGroups	gayTradeUnionGroups	Gay trade union groups	""	""	""	""	https://homosaurus.org/v2/gayMovement	""	https://homosaurus.org/v2/lesbianTradeUnionGroups	2019-05-14	2021-09-24	https://homosaurus.org/v2/gayTradeUnionGroups	""
https://homosaurus.org/v2/gayVictimsOfSexualAbuse	gayVictimsOfSexualAbuse	Gay victims of sexual abuse	""	""	""	""	https://homosaurus.org/v2/survivorsOfSexualAbuseLGBTQ||https://homosaurus.org/v2/victimsOfSexualAbuseLGBTQ	https://homosaurus.org/v2/gaySurvivorsOfSexualAbuse	""	2019-05-14	2021-09-24	https://homosaurus.org/v2/gayVictimsOfSexualAbuse	""
https://homosaurus.org/v2/gayVictimsOfHateCrimes	gayVictimsOfHateCrimes	Gay victims of hate crimes	""	""	""	""	https://homosaurus.org/v2/victimsOfHateCrimesLGBTQ	https://homosaurus.org/v2/gaySurvivorsOfHateCrimes	""	2019-05-14	2021-09-24	https://homosaurus.org/v2/gayVictimsOfHateCrimes	""
https://homosaurus.org/v2/gayVictimsOfRape	gayVictimsOfRape	Gay victims of rape	""	""	""	""	https://homosaurus.org/v2/victimsOfRapeLGBTQ	https://homosaurus.org/v2/gaySurvivorsOfRape	""	2019-05-14	2021-09-24	https://homosaurus.org/v2/gayVictimsOfRape	""
https://homosaurus.org/v2/gayVictimsOfWar	gayVictimsOfWar	Gay victims of war	""	""	""	""	https://homosaurus.org/v2/victimsOfWarLGBTQ	https://homosaurus.org/v2/gaySurvivorsOfWar	""	2019-05-14	2021-09-24	https://homosaurus.org/v2/gayVictimsOfWar	""
https://homosaurus.org/v2/gayVictimsRights	gayVictimsRights	Gay victims' rights	""	""	""	""	https://homosaurus.org/v2/victimsRightsLGBTQ	""	""	2019-05-14	2021-09-24	https://homosaurus.org/v2/gayVictimsRights	""
https://homosaurus.org/v2/gayWhitePeople	gayWhitePeople	Gay White people	""	""	""	""	https://homosaurus.org/v2/whitePeopleLGBTQ	""	""	2019-05-14	2021-09-24	https://homosaurus.org/v2/gayWhitePeople	""
https://homosaurus.org/v2/lesbians	lesbians	Lesbians	""	Gay women||Lesbian women	""	""	https://homosaurus.org/v2/LGBTQPeople||https://homosaurus.org/v2/sexualMinorities||https://homosaurus.org/v2/women	https://homosaurus.org/v2/babyDyke||https://homosaurus.org/v2/closetedLesbians||https://homosaurus.org/v2/femmes||https://homosaurus.org/v2/lipstickLesbians||https://homosaurus.org/v2/olderLesbians	https://homosaurus.org/v2/amazons||https://homosaurus.org/v2/anti-lesbianViolence||https://homosaurus.org/v2/bois||https://homosaurus.org/v2/butches||https://homosaurus.org/v2/dykeMarches||https://homosaurus.org/v2/dykes||https://homosaurus.org/v2/fricatrices||https://homosaurus.org/v2/homosexuality||https://homosaurus.org/v2/lesbian-gayRelations||https://homosaurus.org/v2/lesbianCharacters||https://homosaurus.org/v2/lesbianGirls||https://homosaurus.org/v2/lesbianIdentity||https://homosaurus.org/v2/lesbianism||https://homosaurus.org/v2/lesbianYouth||https://homosaurus.org/v2/lesbophobia||https://homosaurus.org/v2/parentsOfLesbians||https://homosaurus.org/v2/partnersOfLesbians||https://homosaurus.org/v2/persecutionOfLesbians||https://homosaurus.org/v2/queerWomen||https://homosaurus.org/v2/softButches||https://homosaurus.org/v2/stoneButches||https://homosaurus.org/v2/tribades||https://homosaurus.org/v2/womenWhoHaveSexWithWomen	2019-05-14	2021-09-24	https://homosaurus.org/v2/lesbians	""
https://homosaurus.org/v2/gayYouthLiterature	gayYouthLiterature	Gay youth literature	""	""	""	""	https://homosaurus.org/v2/literatureLGBTQ||https://homosaurus.org/v2/youthLiteratureLGBTQ	""	https://homosaurus.org/v2/gayYouth	2019-05-14	2021-09-24	https://homosaurus.org/v2/gayYouthLiterature	""
https://homosaurus.org/v2/LGBTQNeighbourhoods	LGBTQNeighbourhoods	LGBTQ neighbourhoods	""	Gaybourhoods	""	""	""	""	https://homosaurus.org/v2/communitiesLGBTQ	2019-05-14	2021-09-24	https://homosaurus.org/v2/LGBTQNeighbourhoods	""
https://homosaurus.org/v2/gaydar	gaydar	Gaydar	""	""	Intuitive ability of a person to assess others' sexual orientations as gay, bisexual, or straight	""	""	""	https://homosaurus.org/v2/sexualOrientation	2019-05-14	2021-09-24	https://homosaurus.org/v2/gaydar	""
https://homosaurus.org/v2/gender	gender	Gender	""	""	""	""	""	https://homosaurus.org/v2/assignedGender||https://homosaurus.org/v2/genderExpression||https://homosaurus.org/v2/genderIdentity	https://homosaurus.org/v2/genderBending||https://homosaurus.org/v2/genderBinary||https://homosaurus.org/v2/gendercide||https://homosaurus.org/v2/genderConfirmingSurgery||https://homosaurus.org/v2/genderDiversity||https://homosaurus.org/v2/genderism||https://homosaurus.org/v2/genderRelations||https://homosaurus.org/v2/genderSegregation||https://homosaurus.org/v2/genderStudies||https://homosaurus.org/v2/passingGender||https://homosaurus.org/v2/sexBody||https://homosaurus.org/v2/stealthTransgender||https://homosaurus.org/v2/transgenderism	2019-05-14	2021-09-24	https://homosaurus.org/v2/gender	""
https://homosaurus.org/v2/genderConfirmingSurgery	genderConfirmingSurgery	Gender confirming surgery	""	Gender affirmation surgery||Gender affirming surgery||Gender confirmation surgery||Gender realignment surgery||Gender reassignment surgery||Sex reassignment surgery	""	""	https://homosaurus.org/v2/medicalCare	https://homosaurus.org/v2/genitalReconstructionSurgery||https://homosaurus.org/v2/hysterectomy||https://homosaurus.org/v2/neovagina||https://homosaurus.org/v2/orchiectomy||https://homosaurus.org/v2/penectomy||https://homosaurus.org/v2/vaginoplasty||https://homosaurus.org/v2/breastAugmentation	https://homosaurus.org/v2/gender||https://homosaurus.org/v2/nonOperative||https://homosaurus.org/v2/postOperative||https://homosaurus.org/v2/preOperative||https://homosaurus.org/v2/transgenderPeople||https://homosaurus.org/v2/transitioningStatus||https://homosaurus.org/v2/transitioningTransgender||https://homosaurus.org/v2/transsexualPeople	2019-05-14	2021-09-24	https://homosaurus.org/v2/genderConfirmingSurgery	""
https://homosaurus.org/v2/genderBending	genderBending	Gender bending	""	""	"Transgression or ""bending"" of expected gender roles"	""	https://homosaurus.org/v2/genderExpression	""	https://homosaurus.org/v2/androgyny||https://homosaurus.org/v2/gender||https://homosaurus.org/v2/genderRoles	2019-05-14	2021-09-24	https://homosaurus.org/v2/genderBending	""
https://homosaurus.org/v2/genderBinary	genderBinary	Gender binary	""	""	""	""	""	""	https://homosaurus.org/v2/boys||https://homosaurus.org/v2/gender||https://homosaurus.org/v2/genderIdentity||https://homosaurus.org/v2/genderRoles||https://homosaurus.org/v2/genderSegregation||https://homosaurus.org/v2/girls||https://homosaurus.org/v2/men||https://homosaurus.org/v2/women	2019-05-14	2021-09-24	https://homosaurus.org/v2/genderBinary	""
https://homosaurus.org/v2/genderBlending	genderBlending	Gender blending	""	""	""	""	https://homosaurus.org/v2/genderExpression	""	""	2019-05-14	2021-09-24	https://homosaurus.org/v2/genderBlending	""
https://homosaurus.org/v2/genderism	genderism	Genderism	""	Gender discrimination	""	""	https://homosaurus.org/v2/LGBTQPhobia	""	https://homosaurus.org/v2/gender||https://homosaurus.org/v2/genderIdentity||https://homosaurus.org/v2/sexism	2019-05-14	2021-09-24	https://homosaurus.org/v2/genderism	""
https://homosaurus.org/v2/genderDiversity	genderDiversity	Gender diversity	""	""	""	""	https://homosaurus.org/v2/diversity	""	https://homosaurus.org/v2/gender||https://homosaurus.org/v2/genderExpression||https://homosaurus.org/v2/genderIdentity	2019-05-14	2021-09-24	https://homosaurus.org/v2/genderDiversity	""
https://homosaurus.org/v2/genderDysphoria	genderDysphoria	Gender dysphoria	""	GID	Psychological diagnosis for an incongruence between one’s experienced/expressed gender and one’s assigned gender	""	https://homosaurus.org/v2/medicalisation	""	https://homosaurus.org/v2/genderAssignedAtBirth||https://homosaurus.org/v2/genderIdentity||https://homosaurus.org/v2/pubertyBlockers||https://homosaurus.org/v2/transgenderPeople||https://homosaurus.org/v2/transsexualism||https://homosaurus.org/v2/transsexualPeople	2019-05-14	2021-09-24	https://homosaurus.org/v2/genderDysphoria	""
https://homosaurus.org/v2/genderExpression	genderExpression	Gender expression	""	Gender non-conformity||Gender variance	Actions or appearances conveying gender	""	https://homosaurus.org/v2/gender	https://homosaurus.org/v2/androgyny||https://homosaurus.org/v2/bindingChest||https://homosaurus.org/v2/crossdressing||https://homosaurus.org/v2/drab||https://homosaurus.org/v2/drag||https://homosaurus.org/v2/eonism||https://homosaurus.org/v2/femininity||https://homosaurus.org/v2/genderBending||https://homosaurus.org/v2/genderBlending||https://homosaurus.org/v2/genderSwapping||https://homosaurus.org/v2/hairRemoval||https://homosaurus.org/v2/masculinity||https://homosaurus.org/v2/packingPhallus||https://homosaurus.org/v2/transvestism||https://homosaurus.org/v2/tucking||https://homosaurus.org/v2/voiceTherapyTransgender	https://homosaurus.org/v2/bears||https://homosaurus.org/v2/clothing||https://homosaurus.org/v2/dandies||https://homosaurus.org/v2/genderDiversity||https://homosaurus.org/v2/genderfuck||https://homosaurus.org/v2/genderIdentity||https://homosaurus.org/v2/genderRoles||https://homosaurus.org/v2/LGBTI||https://homosaurus.org/v2/transgenderism||https://homosaurus.org/v2/wolves||https://homosaurus.org/v2/trans	2019-05-14	2021-09-24	https://homosaurus.org/v2/genderExpression	""
https://homosaurus.org/v2/genderfluid	genderfluid	Genderfluid	""	""	A gender identity in which an individual's gender varies over time and across circumstances; some genderfluid people may identify as a mixture of more than one gender simultaneously	""	https://homosaurus.org/v2/genderIdentity	""	https://homosaurus.org/v2/bigenderIdentity||https://homosaurus.org/v2/genderfluidPeople	2019-05-14	2021-09-24	https://homosaurus.org/v2/genderfluid	""
https://homosaurus.org/v2/genderfluidPeople	genderfluidPeople	Genderfluid people	""	""	""	""	https://homosaurus.org/v2/transgenderPeople	""	https://homosaurus.org/v2/bigenderPeople||https://homosaurus.org/v2/genderfluid	2019-05-14	2021-09-24	https://homosaurus.org/v2/genderfluidPeople	""
https://homosaurus.org/v2/genderIdentity	genderIdentity	Gender identity	""	Gender-variant identity	A person’s experience of having a particular gender, which may or may not correspond with the sex they were assigned at birth	""	https://homosaurus.org/v2/gender	https://homosaurus.org/v2/assignedGender||https://homosaurus.org/v2/bigenderIdentity||https://homosaurus.org/v2/genderfluid||https://homosaurus.org/v2/men||https://homosaurus.org/v2/culturallySpecificGenderIdentities||https://homosaurus.org/v2/pangenderIdentity||https://homosaurus.org/v2/transgenderIdentity||https://homosaurus.org/v2/trigenderIdentity||https://homosaurus.org/v2/women	https://homosaurus.org/v2/agenderPeople||https://homosaurus.org/v2/chosenName||https://homosaurus.org/v2/cisgenderPeople||https://homosaurus.org/v2/deadnaming||https://homosaurus.org/v2/demigenderPeople||https://homosaurus.org/v2/genderBinary||https://homosaurus.org/v2/gendercide||https://homosaurus.org/v2/genderDiversity||https://homosaurus.org/v2/genderDysphoria||https://homosaurus.org/v2/genderExpression||https://homosaurus.org/v2/genderism||https://homosaurus.org/v2/genderRoles||https://homosaurus.org/v2/givenName||https://homosaurus.org/v2/LGBTI||https://homosaurus.org/v2/misgendering||https://homosaurus.org/v2/nonBinaryPeople||https://homosaurus.org/v2/roleBehaviour||https://homosaurus.org/v2/sexualIdentity||https://homosaurus.org/v2/transgenderism||https://homosaurus.org/v2/transgenderPeople||https://homosaurus.org/v2/transitioningTransgender||https://homosaurus.org/v2/trans||https://homosaurus.org/v2/relationshipOrientation	2019-05-14	2021-09-24	https://homosaurus.org/v2/genderIdentity	""
https://homosaurus.org/v2/genderIdentityDisorder	genderIdentityDisorder	Gender identity disorder	""	""	An obsolete psychological diagnosis that medicalizes trans identities and practices; use only in historical contexts	""	https://homosaurus.org/v2/medicalisation	""	https://homosaurus.org/v2/transgenderPeople||https://homosaurus.org/v2/transsexualPeople	2019-05-14	2021-09-24	https://homosaurus.org/v2/genderIdentityDisorder	""
https://homosaurus.org/v2/genderMarkers	genderMarkers	Gender markers	""	""	""	""	https://homosaurus.org/v2/birthCertificates||https://homosaurus.org/v2/driversLicenses||https://homosaurus.org/v2/passports	""	https://homosaurus.org/v2/courtOrders||https://homosaurus.org/v2/genderAssignedAtBirth||https://homosaurus.org/v2/medicalPractitionersStatements||https://homosaurus.org/v2/socialSecurityCards||https://homosaurus.org/v2/transgenderPeople||https://homosaurus.org/v2/transitioningTransgender	2019-05-14	2021-09-24	https://homosaurus.org/v2/genderMarkers	""
https://homosaurus.org/v2/genderNonConformingPeople	genderNonConformingPeople	Gender non-conforming people	""	""	""	""	""	""	https://homosaurus.org/v2/transgenderPeople	2019-05-14	2021-09-24	https://homosaurus.org/v2/genderNonConformingPeople	""
https://homosaurus.org/v2/genderRelations	genderRelations	Gender relations	""	""	""	""	https://homosaurus.org/v2/LGBTQSocialProcesses	https://homosaurus.org/v2/lesbian-gayRelations	https://homosaurus.org/v2/gender||https://homosaurus.org/v2/genderRoles||https://homosaurus.org/v2/genderSegregation||https://homosaurus.org/v2/lesbianSeparatism	2019-05-14	2021-09-24	https://homosaurus.org/v2/genderRelations	""
https://homosaurus.org/v2/genderSwapping	genderSwapping	Gender swapping	""	Gender roleplay	""	""	https://homosaurus.org/v2/genderExpression||https://homosaurus.org/v2/roleplay	""	https://homosaurus.org/v2/genderRoles	2019-05-14	2021-09-24	https://homosaurus.org/v2/genderSwapping	""
https://homosaurus.org/v2/genderRoles	genderRoles	Gender roles	""	""	""	""	https://homosaurus.org/v2/roleBehaviour	https://homosaurus.org/v2/bears||https://homosaurus.org/v2/butches||https://homosaurus.org/v2/femmes||https://homosaurus.org/v2/machismo||https://homosaurus.org/v2/sissies||https://homosaurus.org/v2/tomboys||https://homosaurus.org/v2/twinks||https://homosaurus.org/v2/wolves	https://homosaurus.org/v2/androgyny||https://homosaurus.org/v2/femininity||https://homosaurus.org/v2/genderBending||https://homosaurus.org/v2/genderBinary||https://homosaurus.org/v2/genderExpression||https://homosaurus.org/v2/genderIdentity||https://homosaurus.org/v2/genderRelations||https://homosaurus.org/v2/genderSwapping||https://homosaurus.org/v2/masculinity||https://homosaurus.org/v2/sexuality	2019-05-14	2021-09-24	https://homosaurus.org/v2/genderRoles	""
https://homosaurus.org/v2/genderSegregation	genderSegregation	Gender segregation	""	""	""	""	""	""	https://homosaurus.org/v2/gender||https://homosaurus.org/v2/genderBinary||https://homosaurus.org/v2/genderRelations	2019-05-14	2021-09-24	https://homosaurus.org/v2/genderSegregation	""
https://homosaurus.org/v2/genderStudies	genderStudies	Gender studies	""	""	""	""	""	https://homosaurus.org/v2/bisexualStudies||https://homosaurus.org/v2/gayStudies||https://homosaurus.org/v2/lesbianStudies||https://homosaurus.org/v2/transgenderStudies	https://homosaurus.org/v2/gender||https://homosaurus.org/v2/queerStudies||https://homosaurus.org/v2/queerTheory||https://homosaurus.org/v2/queerVerb||https://homosaurus.org/v2/sexuality	2019-05-14	2021-09-24	https://homosaurus.org/v2/genderStudies	""
https://homosaurus.org/v2/gendercide	gendercide	Gendercide	""	""	The systematic killing of members of a specific gender for their gender	""	""	""	https://homosaurus.org/v2/gender||https://homosaurus.org/v2/genderIdentity||https://homosaurus.org/v2/persecutionsLGBTQ	2019-05-14	2021-09-24	https://homosaurus.org/v2/gendercide	""
https://homosaurus.org/v2/genderfuck	genderfuck	Genderfuck	""	""	""	""	""	""	https://homosaurus.org/v2/genderExpression	2019-05-14	2021-09-24	https://homosaurus.org/v2/genderfuck	""
https://homosaurus.org/v2/genderqueerPeople	genderqueerPeople	Genderqueer people	""	""	""	""	""	""	https://homosaurus.org/v2/transgenderPeople	2019-05-14	2021-09-24	https://homosaurus.org/v2/genderqueerPeople	""
https://homosaurus.org/v2/geneticParenthood	geneticParenthood	Genetic parenthood	""	""	The experience of passing genetic material from a parent to a child or children	""	https://homosaurus.org/v2/biologicalParenthood||https://homosaurus.org/v2/LGBTQBiologicalParents	""	https://homosaurus.org/v2/donors||https://homosaurus.org/v2/eggDonors||https://homosaurus.org/v2/gestationalParenthood||https://homosaurus.org/v2/LGBTQParenthood	2019-05-14	2021-09-24	https://homosaurus.org/v2/geneticParenthood	""
https://homosaurus.org/v2/genitalReconstructionSurgery	genitalReconstructionSurgery	Genital reconstruction surgery	""	""	""	""	https://homosaurus.org/v2/genderConfirmingSurgery	""	""	2019-05-14	2021-09-24	https://homosaurus.org/v2/genitalReconstructionSurgery	""
https://homosaurus.org/v2/genitals	genitals	Genitals	""	Genitalia	""	""	https://homosaurus.org/v2/sexBody	https://homosaurus.org/v2/clitoris||https://homosaurus.org/v2/penises||https://homosaurus.org/v2/testes||https://homosaurus.org/v2/vaginas||https://homosaurus.org/v2/vulva	https://homosaurus.org/v2/erogenousBodyParts||https://homosaurus.org/v2/sexAssignedAtBirth	2019-05-14	2021-09-24	https://homosaurus.org/v2/genitals	""
https://homosaurus.org/v2/gerontophilia	gerontophilia	Gerontophilia	""	""	""	""	https://homosaurus.org/v2/fetishism||https://homosaurus.org/v2/sexualPreference	""	https://homosaurus.org/v2/intergenerationalRelationships||https://homosaurus.org/v2/olderPeopleLGBTQ	2019-05-14	2021-09-24	https://homosaurus.org/v2/gerontophilia	""
https://homosaurus.org/v2/gestationalParenthood	gestationalParenthood	Gestational parenthood	""	""	The experience of a person whose uterus was utilized to nurture and develop an embryo into a baby	""	https://homosaurus.org/v2/biologicalParenthood||https://homosaurus.org/v2/LGBTQBiologicalParents	https://homosaurus.org/v2/birthParents||https://homosaurus.org/v2/surrogacy	https://homosaurus.org/v2/geneticParenthood||https://homosaurus.org/v2/surrogacy	2019-05-14	2021-09-24	https://homosaurus.org/v2/gestationalParenthood	""
https://homosaurus.org/v2/gettingLaid	gettingLaid	Getting laid	""	""	""	""	https://homosaurus.org/v2/sexAct||https://homosaurus.org/v2/sexualPractices	""	https://homosaurus.org/v2/fucking||https://homosaurus.org/v2/sexualIntercourse	2019-05-14	2021-09-24	https://homosaurus.org/v2/gettingLaid	""
https://homosaurus.org/v2/gettingOff	gettingOff	Getting off	""	""	""	""	""	""	https://homosaurus.org/v2/cum||https://homosaurus.org/v2/happyEndings||https://homosaurus.org/v2/jizz||https://homosaurus.org/v2/masturbation||https://homosaurus.org/v2/orgasm||https://homosaurus.org/v2/sexualClimax||https://homosaurus.org/v2/sexualExcitement	2019-05-14	2021-09-24	https://homosaurus.org/v2/gettingOff	""
https://homosaurus.org/v2/girls	girls	Girls	""	""	""	""	https://homosaurus.org/v2/children	https://homosaurus.org/v2/bisexualGirls||https://homosaurus.org/v2/heterosexualGirls||https://homosaurus.org/v2/lesbianGirls||https://homosaurus.org/v2/tomboys	https://homosaurus.org/v2/genderBinary||https://homosaurus.org/v2/girlsFriendships	2019-05-14	2021-09-24	https://homosaurus.org/v2/girls	""
https://homosaurus.org/v2/girlsFriendships	girlsFriendships	Girls' friendships	""	""	""	""	https://homosaurus.org/v2/friendships||https://homosaurus.org/v2/homosociality	""	https://homosaurus.org/v2/girls	2019-05-14	2021-09-24	https://homosaurus.org/v2/girlsFriendships	""
https://homosaurus.org/v2/givenName	givenName	Given name	""	""	""	""	""	""	https://homosaurus.org/v2/chosenName||https://homosaurus.org/v2/deadnaming||https://homosaurus.org/v2/genderIdentity	2019-05-14	2021-09-24	https://homosaurus.org/v2/givenName	""
https://homosaurus.org/v2/oralSex	oralSex	Oral sex	""	Giving head||Going down	""	""	https://homosaurus.org/v2/sexAct||https://homosaurus.org/v2/sexualPractices	https://homosaurus.org/v2/biting||https://homosaurus.org/v2/cunnilingus||https://homosaurus.org/v2/fellatio||https://homosaurus.org/v2/kissing||https://homosaurus.org/v2/licking	""	2019-05-14	2021-09-24	https://homosaurus.org/v2/oralSex	""
https://homosaurus.org/v2/LGBT	LGBT	LGBT	""	GLBT	""	""	https://homosaurus.org/v2/LGBTI||https://homosaurus.org/v2/LGBTQ	https://homosaurus.org/v2/LBT||https://homosaurus.org/v2/LGB	https://homosaurus.org/v2/bisexualCommunity||https://homosaurus.org/v2/gayCommunity||https://homosaurus.org/v2/lesbianCommunity||https://homosaurus.org/v2/transgenderCommunity	2019-05-14	2021-09-24	https://homosaurus.org/v2/LGBT	""
https://homosaurus.org/v2/gloryHoles	gloryHoles	Glory holes	""	""	""	""	https://homosaurus.org/v2/cottages||https://homosaurus.org/v2/gaySaunas||https://homosaurus.org/v2/publicBathrooms||https://homosaurus.org/v2/tearooms	""	https://homosaurus.org/v2/sexualPractices	2019-05-14	2021-09-24	https://homosaurus.org/v2/gloryHoles	""
https://homosaurus.org/v2/goddessMovementLesbian	goddessMovementLesbian	Goddess movement (Lesbian)	""	Goddess religion (Lesbian)	Movement of or groups of women who worship the Goddess	""	""	""	https://homosaurus.org/v2/witchesLesbian	2019-05-14	2021-09-24	https://homosaurus.org/v2/goddessMovementLesbian	""
https://homosaurus.org/v2/waterSports	waterSports	Water sports	""	Golden showers||Pissing sex||Undinism||Urolagnia	""	""	https://homosaurus.org/v2/sexAct||https://homosaurus.org/v2/sexualPractices	""	https://homosaurus.org/v2/fetishism	2019-05-14	2021-09-24	https://homosaurus.org/v2/waterSports	""
https://homosaurus.org/v2/goldilocks	goldilocks	Goldilocks	""	""	Slang for heterosexual women who are friends with bears and socialize in bear spaces	""	https://homosaurus.org/v2/heterosexualWomen	""	https://homosaurus.org/v2/bears||https://homosaurus.org/v2/dutchBoys||https://homosaurus.org/v2/fagHags||https://homosaurus.org/v2/friendships||https://homosaurus.org/v2/socialPrivilege	2019-05-14	2021-09-24	https://homosaurus.org/v2/goldilocks	""
https://homosaurus.org/v2/gonadalDysgenesis	gonadalDysgenesis	Gonadal dysgenesis	""	""	""	""	https://homosaurus.org/v2/intersexConditions	""	""	2019-05-14	2021-09-24	https://homosaurus.org/v2/gonadalDysgenesis	""
https://homosaurus.org/v2/gonads	gonads	Gonads	""	""	""	""	https://homosaurus.org/v2/sexBody	https://homosaurus.org/v2/testes	https://homosaurus.org/v2/sexAssignedAtBirth	2019-05-14	2021-09-24	https://homosaurus.org/v2/gonads	""
https://homosaurus.org/v2/grandchildren	grandchildren	Grandchildren	""	""	""	""	https://homosaurus.org/v2/familyMembers	""	""	2019-05-14	2021-09-24	https://homosaurus.org/v2/grandchildren	""
https://homosaurus.org/v2/grandparents	grandparents	Grandparents	""	""	""	""	https://homosaurus.org/v2/parentsLGBTQ	""	""	2019-05-14	2021-09-24	https://homosaurus.org/v2/grandparents	""
https://homosaurus.org/v2/groupSex	groupSex	Group sex	""	Orgies	""	""	https://homosaurus.org/v2/sexualPractices	""	https://homosaurus.org/v2/casualSex||https://homosaurus.org/v2/polyamory||https://homosaurus.org/v2/polygamy||https://homosaurus.org/v2/sexParties||https://homosaurus.org/v2/sexuality	2019-05-14	2021-09-24	https://homosaurus.org/v2/groupSex	""
https://homosaurus.org/v2/guevedoche	guevedoche	Guevedoche	""	""	In the Dominican Republic, people who have undifferentiated genitalia and who are generally raised as female until puberty; may be considered a third gender	""	https://homosaurus.org/v2/culturallySpecificGenderIdentities	""	""	2019-05-14	2021-09-24	https://homosaurus.org/v2/guevedoche	""
https://homosaurus.org/v2/hair	hair	Hair	""	""	""	""	https://homosaurus.org/v2/secondarySexCharacteristics	""	""	2019-05-14	2021-09-24	https://homosaurus.org/v2/hair	""
https://homosaurus.org/v2/hairRemoval	hairRemoval	Hair removal	""	""	""	""	https://homosaurus.org/v2/genderExpression	""	https://homosaurus.org/v2/transitioningTransgender	2019-05-14	2021-09-24	https://homosaurus.org/v2/hairRemoval	""
https://homosaurus.org/v2/halloween	halloween	Halloween	""	""	""	""	https://homosaurus.org/v2/LGBTQEvents	""	""	2019-05-14	2021-09-24	https://homosaurus.org/v2/halloween	""
https://homosaurus.org/v2/handcuffs	handcuffs	Handcuffs	""	""	""	""	https://homosaurus.org/v2/sexAccessories	""	""	2019-05-14	2021-09-24	https://homosaurus.org/v2/handcuffs	""
https://homosaurus.org/v2/handkerchiefCodes	handkerchiefCodes	Handkerchief codes	""	Hanky codes	A color-coded system to indicate preferred sexual fetishes and whether a person is a top/dominant or bottom/submissive	""	https://homosaurus.org/v2/LGBTQSymbols	""	https://homosaurus.org/v2/BDSM||https://homosaurus.org/v2/sexAct||https://homosaurus.org/v2/sexualPractices||https://homosaurus.org/v2/sexualRoles	2019-05-14	2021-09-24	https://homosaurus.org/v2/handkerchiefCodes	""
https://homosaurus.org/v2/happyEndings	happyEndings	Happy endings	""	""	""	""	""	""	https://homosaurus.org/v2/cum||https://homosaurus.org/v2/eroticMassage||https://homosaurus.org/v2/gettingOff||https://homosaurus.org/v2/jizz||https://homosaurus.org/v2/orgasm||https://homosaurus.org/v2/sexualClimax||https://homosaurus.org/v2/sexualExcitement	2019-05-14	2021-09-24	https://homosaurus.org/v2/happyEndings	""
https://homosaurus.org/v2/harassment	harassment	Harassment	""	""	Covers a wide range of behaviours of an offensive nature; commonly understood as behaviour intended to disturb or upset that is often repetitive; in the legal sense, harassment is intentional behaviour which is found threatening or disturbing	""	""	https://homosaurus.org/v2/policeHarassment||https://homosaurus.org/v2/sexualHarassment	https://homosaurus.org/v2/bullying||https://homosaurus.org/v2/discriminationLGBTQ||https://homosaurus.org/v2/slurs	2019-05-14	2021-09-24	https://homosaurus.org/v2/harassment	""
https://homosaurus.org/v2/harnesses	harnesses	Harnesses	""	""	""	""	https://homosaurus.org/v2/sexAccessories	https://homosaurus.org/v2/chestHarnesses||https://homosaurus.org/v2/dildoHarnesses||https://homosaurus.org/v2/thighHarnesses	""	2019-05-14	2021-09-24	https://homosaurus.org/v2/harnesses	""
https://homosaurus.org/v2/victimsOfHateCrimesLGBTQ	victimsOfHateCrimesLGBTQ	Victims of hate crimes (LGBTQ)	""	Hate crime victims (LGBTQ)	""	""	https://homosaurus.org/v2/LGBTQVictimsOfCrime	https://homosaurus.org/v2/bisexualVictimsOfHateCrimes||https://homosaurus.org/v2/gayVictimsOfHateCrimes||https://homosaurus.org/v2/lesbianVictimsOfHateCrimes||https://homosaurus.org/v2/queerVictimsOfHateCrimes||https://homosaurus.org/v2/survivorsOfHateCrimesLGBTQ||https://homosaurus.org/v2/transgenderVictimsOfHateCrimes	https://homosaurus.org/v2/antiLGBTQViolence||https://homosaurus.org/v2/hateCrimes	2019-05-14	2021-09-24	https://homosaurus.org/v2/victimsOfHateCrimesLGBTQ	""
https://homosaurus.org/v2/healthCareForLGBTQPeople	healthCareForLGBTQPeople	Health care for LGBTQ people	""	Medical care for LGBTQ people	""	""	""	https://homosaurus.org/v2/buddyCareForLGBTQPeople||https://homosaurus.org/v2/mentalHealthCareForLGBTQPeople||https://homosaurus.org/v2/physicalHealthCareForLGBTQPeople||https://homosaurus.org/v2/terminalCareAIDS	https://homosaurus.org/v2/AIDSOrganisations||https://homosaurus.org/v2/LGBTQHealthCareCentres	2019-05-14	2021-09-24	https://homosaurus.org/v2/healthCareForLGBTQPeople	""
https://homosaurus.org/v2/hebephilia	hebephilia	Hebephilia	""	""	Refers to a primary or exclusive sexual interest in individuals in the early years of puberty (generally ages 11-14, though onset of puberty may vary)	""	https://homosaurus.org/v2/fetishism||https://homosaurus.org/v2/sexualPreference	""	https://homosaurus.org/v2/ephebophilia||https://homosaurus.org/v2/intergenerationalRelationships	2019-05-14	2021-09-24	https://homosaurus.org/v2/hebephilia	""
https://homosaurus.org/v2/hemaneh	hemaneh	Hemaneh	""	""	Ojibwe term for half-man, half-woman persona	""	https://homosaurus.org/v2/culturallySpecificGenderIdentities	""	""	2019-05-14	2021-09-24	https://homosaurus.org/v2/hemaneh	""
https://homosaurus.org/v2/herbalTreatments	herbalTreatments	Herbal treatments	""	""	""	""	https://homosaurus.org/v2/therapies	""	https://homosaurus.org/v2/noHormoneIdentity||https://homosaurus.org/v2/nonOperative	2019-05-14	2021-09-24	https://homosaurus.org/v2/herbalTreatments	""
https://homosaurus.org/v2/intersexPeople	intersexPeople	Intersex people	""	Hermaphrodites||Intersexuals	""	""	""	https://homosaurus.org/v2/intersexChildren||https://homosaurus.org/v2/intersexYouth	https://homosaurus.org/v2/androgynos||https://homosaurus.org/v2/intersex||https://homosaurus.org/v2/intersexConditions||https://homosaurus.org/v2/intersexGenitalMutilation||https://homosaurus.org/v2/intersexIdentity||https://homosaurus.org/v2/intersexMovement||https://homosaurus.org/v2/intersexRights	2019-05-14	2021-09-24	https://homosaurus.org/v2/intersexPeople	""
https://homosaurus.org/v2/heterosexism	heterosexism	Heterosexism	""	Heterocentrism	""	""	""	""	https://homosaurus.org/v2/biphobia||https://homosaurus.org/v2/ex-gayMovement||https://homosaurus.org/v2/heteronormativity||https://homosaurus.org/v2/heterosexuality||https://homosaurus.org/v2/homophobia||https://homosaurus.org/v2/intersexphobia||https://homosaurus.org/v2/lesbophobia||https://homosaurus.org/v2/queerphobia||https://homosaurus.org/v2/sexism||https://homosaurus.org/v2/transphobia	2019-05-14	2021-09-24	https://homosaurus.org/v2/heterosexism	""
https://homosaurus.org/v2/heteronormativity	heteronormativity	Heteronormativity	""	Heterosexual norms	""	""	https://homosaurus.org/v2/socialNorms	""	https://homosaurus.org/v2/heterosexism||https://homosaurus.org/v2/homonormativity||https://homosaurus.org/v2/normalisation	2019-05-14	2021-09-24	https://homosaurus.org/v2/heteronormativity	""
https://homosaurus.org/v2/heterosexualBoys	heterosexualBoys	Heterosexual boys	""	Straight boys	""	""	https://homosaurus.org/v2/boys||https://homosaurus.org/v2/heterosexualYouth	""	""	2019-05-14	2021-09-24	https://homosaurus.org/v2/heterosexualBoys	""
https://homosaurus.org/v2/heterosexualFeminism	heterosexualFeminism	Heterosexual feminism	""	""	""	""	https://homosaurus.org/v2/feminism	""	https://homosaurus.org/v2/lesbianFeminism||https://homosaurus.org/v2/socialPrivilege	2019-05-14	2021-09-24	https://homosaurus.org/v2/heterosexualFeminism	""
https://homosaurus.org/v2/heterosexualGirls	heterosexualGirls	Heterosexual girls	""	Straight girls	""	""	https://homosaurus.org/v2/girls||https://homosaurus.org/v2/heterosexualYouth	""	""	2019-05-14	2021-09-24	https://homosaurus.org/v2/heterosexualGirls	""
https://homosaurus.org/v2/heterosexualIdentity	heterosexualIdentity	Heterosexual identity	""	""	""	""	https://homosaurus.org/v2/sexualIdentity	""	https://homosaurus.org/v2/heterosexuals	2019-05-14	2021-09-24	https://homosaurus.org/v2/heterosexualIdentity	""
https://homosaurus.org/v2/heterosexualMarriage	heterosexualMarriage	Heterosexual marriage	""	""	""	""	https://homosaurus.org/v2/marriage	""	""	2019-05-14	2021-09-24	https://homosaurus.org/v2/heterosexualMarriage	""
https://homosaurus.org/v2/heterosexualMen	heterosexualMen	Heterosexual men	""	Straight men	""	""	https://homosaurus.org/v2/heterosexuals||https://homosaurus.org/v2/men	https://homosaurus.org/v2/dutchBoys||https://homosaurus.org/v2/fagStags	""	2019-05-14	2021-09-24	https://homosaurus.org/v2/heterosexualMen	""
https://homosaurus.org/v2/heterosexuals	heterosexuals	Heterosexuals	""	Heterosexual people||Straight people	""	""	""	https://homosaurus.org/v2/allies||https://homosaurus.org/v2/heterosexualMen||https://homosaurus.org/v2/heterosexualWomen||https://homosaurus.org/v2/heterosexualYouth	https://homosaurus.org/v2/heterosexualIdentity||https://homosaurus.org/v2/heterosexuality||https://homosaurus.org/v2/allosexuality	2019-05-14	2021-09-24	https://homosaurus.org/v2/heterosexuals	""
https://homosaurus.org/v2/heterosociality	heterosociality	Heterosociality	""	Heterosexual social relationships||Heterosocial bonds	""	""	https://homosaurus.org/v2/relationshipsLGBTQ	""	https://homosaurus.org/v2/homosociality	2019-05-14	2021-09-24	https://homosaurus.org/v2/heterosociality	""
https://homosaurus.org/v2/heterosexualWomen	heterosexualWomen	Heterosexual women	""	Straight women	""	""	https://homosaurus.org/v2/heterosexuals||https://homosaurus.org/v2/women	https://homosaurus.org/v2/fagHags||https://homosaurus.org/v2/goldilocks	""	2019-05-14	2021-09-24	https://homosaurus.org/v2/heterosexualWomen	""
https://homosaurus.org/v2/heterosexualYouth	heterosexualYouth	Heterosexual youth	""	Straight youth	""	""	https://homosaurus.org/v2/heterosexuals||https://homosaurus.org/v2/youth	https://homosaurus.org/v2/heterosexualBoys||https://homosaurus.org/v2/heterosexualGirls	https://homosaurus.org/v2/youthLGBTQ	2019-05-14	2021-09-24	https://homosaurus.org/v2/heterosexualYouth	""
https://homosaurus.org/v2/heterosexuality	heterosexuality	Heterosexuality	""	""	""	""	https://homosaurus.org/v2/sexualOrientation||https://homosaurus.org/v2/monosexuality	""	https://homosaurus.org/v2/heterosexism||https://homosaurus.org/v2/heterosexuals||https://homosaurus.org/v2/homosexuality	2019-05-14	2021-09-24	https://homosaurus.org/v2/heterosexuality	""
https://homosaurus.org/v2/hijra	hijra	Hijra	""	Jagappa	Hindi word used in South Asia to refer to people assigned male at birth who identify as women or “not-men”	""	https://homosaurus.org/v2/culturallySpecificGenderIdentities	""	https://homosaurus.org/v2/aravani||https://homosaurus.org/v2/chakka||https://homosaurus.org/v2/eunuchs||https://homosaurus.org/v2/jogappa||https://homosaurus.org/v2/khawajaSara||https://homosaurus.org/v2/khusra||https://homosaurus.org/v2/kinnar||https://homosaurus.org/v2/kothi	2019-05-14	2021-09-24	https://homosaurus.org/v2/hijra	""
https://homosaurus.org/v2/LGBTQHindus	LGBTQHindus	LGBTQ Hindus	""	Hindus (LGBTQ)	""	""	https://homosaurus.org/v2/LGBTQAsianReligions	""	""	2019-05-14	2021-09-24	https://homosaurus.org/v2/LGBTQHindus	""
https://homosaurus.org/v2/HIVTests	HIVTests	HIV tests	""	""	""	""	""	""	https://homosaurus.org/v2/HIVAIDS	2019-05-14	2021-09-24	https://homosaurus.org/v2/HIVTests	""
https://homosaurus.org/v2/HIV-negativePeople	HIV-negativePeople	HIV-negative people	""	HIV-seronegative people	""	""	""	""	https://homosaurus.org/v2/HIV-positivePeople||https://homosaurus.org/v2/HIVAIDS||https://homosaurus.org/v2/HIVUndetectablePeople||https://homosaurus.org/v2/serodiscordantCouples||https://homosaurus.org/v2/serostatus	2019-05-14	2021-09-24	https://homosaurus.org/v2/HIV-negativePeople	""
https://homosaurus.org/v2/HIV-positivePeople	HIV-positivePeople	HIV-positive people	""	HIV-seropositive people	""	""	""	https://homosaurus.org/v2/HIVUndetectablePeople	https://homosaurus.org/v2/buddyCareForLGBTQPeople||https://homosaurus.org/v2/HIV-negativePeople||https://homosaurus.org/v2/HIVAIDS||https://homosaurus.org/v2/serodiscordantCouples||https://homosaurus.org/v2/serostatus	2019-05-14	2021-09-24	https://homosaurus.org/v2/HIV-positivePeople	""
https://homosaurus.org/v2/seroconversion	seroconversion	Seroconversion	""	HIV-seroconversion	""	""	""	""	https://homosaurus.org/v2/HIVAIDS	2019-05-14	2021-09-24	https://homosaurus.org/v2/seroconversion	""
https://homosaurus.org/v2/serodiscordantCouples	serodiscordantCouples	Serodiscordant couples	""	HIV-serodiscordant couples	""	""	https://homosaurus.org/v2/couplesLGBTQ	""	https://homosaurus.org/v2/HIV-negativePeople||https://homosaurus.org/v2/HIV-positivePeople||https://homosaurus.org/v2/HIVAIDS	2019-05-14	2021-09-24	https://homosaurus.org/v2/serodiscordantCouples	""
https://homosaurus.org/v2/serostatus	serostatus	Serostatus	""	HIV-serostatus	""	""	""	""	https://homosaurus.org/v2/HIV-negativePeople||https://homosaurus.org/v2/HIV-positivePeople||https://homosaurus.org/v2/HIVAIDS||https://homosaurus.org/v2/HIVUndetectablePeople	2019-05-14	2021-09-24	https://homosaurus.org/v2/serostatus	""
https://homosaurus.org/v2/HIVUndetectablePeople	HIVUndetectablePeople	HIV-undetectable people	""	""	""	""	https://homosaurus.org/v2/HIV-positivePeople	""	https://homosaurus.org/v2/HIV-negativePeople||https://homosaurus.org/v2/HIVAIDS||https://homosaurus.org/v2/serostatus	2019-05-14	2021-09-24	https://homosaurus.org/v2/HIVUndetectablePeople	""
https://homosaurus.org/v2/murdersOfLGBTQPeople	murdersOfLGBTQPeople	Murders of LGBTQ people	""	Homicides of LGBTQ people	""	""	https://homosaurus.org/v2/antiLGBTQViolence	""	https://homosaurus.org/v2/hateCrimes	2019-05-14	2021-09-24	https://homosaurus.org/v2/murdersOfLGBTQPeople	""
https://homosaurus.org/v2/homomonuments	homomonuments	Homomonuments	""	""	""	""	https://homosaurus.org/v2/LGBTQSymbols	""	https://homosaurus.org/v2/LGBTQMemorials	2019-05-14	2021-09-24	https://homosaurus.org/v2/homomonuments	""
https://homosaurus.org/v2/homonationalism	homonationalism	Homonationalism	""	""	Favorable association between a nationalist ideology and LGBT people or their rights	""	""	""	https://homosaurus.org/v2/intoleranceTowardsLGBTQPeople||https://homosaurus.org/v2/pinkwashing||https://homosaurus.org/v2/socialNorms	2019-05-14	2021-09-24	https://homosaurus.org/v2/homonationalism	""
https://homosaurus.org/v2/homonormativity	homonormativity	Homonormativity	""	Homosexual norms	""	""	https://homosaurus.org/v2/socialNorms	""	https://homosaurus.org/v2/heteronormativity||https://homosaurus.org/v2/normalisation	2019-05-14	2021-09-24	https://homosaurus.org/v2/homonormativity	""
https://homosaurus.org/v2/homophiles	homophiles	Homophiles	""	""	Outdated term for lesbians and gay men. The use of the word began to disappear with the emergence of the gay liberation movement of the late 1960s and early 1970s	""	https://homosaurus.org/v2/LGBTQHistoricalTerms	""	https://homosaurus.org/v2/sexualMinorities	2019-05-14	2021-09-24	https://homosaurus.org/v2/homophiles	""
https://homosaurus.org/v2/homophobia	homophobia	Homophobia	""	""	Mistrust, hatred, or aggression directed toward homosexual people; particularly used in relation to gay men	""	https://homosaurus.org/v2/LGBTQPhobia	https://homosaurus.org/v2/internalisedHomophobia	https://homosaurus.org/v2/anti-gayViolence||https://homosaurus.org/v2/antiGayDiscrimination||https://homosaurus.org/v2/gayMen||https://homosaurus.org/v2/heterosexism	2019-05-14	2021-09-24	https://homosaurus.org/v2/homophobia	""
https://homosaurus.org/v2/homosexuality	homosexuality	Homosexuality	""	""	""	""	https://homosaurus.org/v2/sexualOrientation||https://homosaurus.org/v2/monosexuality	https://homosaurus.org/v2/ritualHomosexuality	https://homosaurus.org/v2/bisexuality||https://homosaurus.org/v2/gayMen||https://homosaurus.org/v2/heterosexuality||https://homosaurus.org/v2/lesbianism||https://homosaurus.org/v2/lesbians	2019-05-14	2021-09-24	https://homosaurus.org/v2/homosexuality	""
https://homosaurus.org/v2/homosexuals	homosexuals	Homosexuals	""	""	Outdated term for lesbians and gay men	""	https://homosaurus.org/v2/LGBTQHistoricalTerms	""	https://homosaurus.org/v2/sexualMinorities||https://homosaurus.org/v2/allosexuality	2019-05-14	2021-09-24	https://homosaurus.org/v2/homosexuals	""
https://homosaurus.org/v2/homosociality	homosociality	Homosociality	""	Homosocial bonds	""	""	""	https://homosaurus.org/v2/boysFriendships||https://homosaurus.org/v2/girlsFriendships||https://homosaurus.org/v2/mensFriendships||https://homosaurus.org/v2/womensFriendships	https://homosaurus.org/v2/friendships||https://homosaurus.org/v2/heterosociality||https://homosaurus.org/v2/maleBonding	2019-05-14	2021-09-24	https://homosaurus.org/v2/homosociality	""
https://homosaurus.org/v2/hormoneBlockers	hormoneBlockers	Hormone blockers	""	""	""	""	https://homosaurus.org/v2/hormoneTherapyGender||https://homosaurus.org/v2/medication	https://homosaurus.org/v2/pubertyBlockers	""	2019-05-14	2021-09-24	https://homosaurus.org/v2/hormoneBlockers	""
https://homosaurus.org/v2/hormones	hormones	Hormones	""	""	""	""	https://homosaurus.org/v2/sexBody	https://homosaurus.org/v2/estrogen||https://homosaurus.org/v2/testosterone	""	2019-05-14	2021-09-24	https://homosaurus.org/v2/hormones	""
https://homosaurus.org/v2/humanRights	humanRights	Human rights	""	""	""	""	""	https://homosaurus.org/v2/civilRightsLGBTQ||https://homosaurus.org/v2/intersexRights	""	2019-05-14	2021-09-24	https://homosaurus.org/v2/humanRights	""
https://homosaurus.org/v2/sexualSterilisation	sexualSterilisation	Sexual sterilisation	""	Human sterilisation||Human sterilization||Sexual sterilization	""	""	""	""	https://homosaurus.org/v2/femaleGenitalMutilation	2019-05-14	2021-09-24	https://homosaurus.org/v2/sexualSterilisation	""
https://homosaurus.org/v2/hwame	hwame	Hwame	""	""	In Native American Mohave tribes, people assigned female at birth who exhibit masculine traits and who could become socially male	""	https://homosaurus.org/v2/culturallySpecificGenderIdentities	""	https://homosaurus.org/v2/alyha||https://homosaurus.org/v2/two-spiritPeople	2019-05-14	2021-09-24	https://homosaurus.org/v2/hwame	""
https://homosaurus.org/v2/machismo	machismo	Machismo	""	Hypermasculinity	""	""	https://homosaurus.org/v2/genderRoles	""	https://homosaurus.org/v2/machoMen||https://homosaurus.org/v2/masculinity||https://homosaurus.org/v2/toxicMasculinity	2019-05-14	2021-09-24	https://homosaurus.org/v2/machismo	""
https://homosaurus.org/v2/hypersexuality	hypersexuality	Hypersexuality	""	Nymphomania||Satyriasis||Andromania||Clitoromania||Don Juan complex||Don Juan syndrome||Don Juanism||Estromania||Excessive sex drive||Excessive sexual drive||Furor amatorius||Furor uterinus||Hyper sexuality||Hyper-sexuality||Hyperactive sexual desire disorder||Hyperaesthesia||Hypereroticism||Hyperlibido||Hyperphilia||Hypersensuality||Hypersexual behavior||Hypersexual disorder||Hypersexual pattern||Hypersexualism||Hypersexuality disorder||Messalina complex||Messalina syndrome||Œstromania||Oversexuality||Satyrism||Satyromania||Sexual hyperesthesia||Sexual hyperversion	""	""	""	https://homosaurus.org/v2/sexualExcitement	https://homosaurus.org/v2/sexualAddiction||https://homosaurus.org/v2/sexuality||https://homosaurus.org/v2/erotomania	2019-05-14	2021-09-24	https://homosaurus.org/v2/hypersexuality	""
https://homosaurus.org/v2/hypospadias	hypospadias	Hypospadias	""	""	""	""	https://homosaurus.org/v2/intersexConditions	""	""	2019-05-14	2021-09-24	https://homosaurus.org/v2/hypospadias	""
https://homosaurus.org/v2/hysterectomy	hysterectomy	Hysterectomy	""	""	""	""	https://homosaurus.org/v2/genderConfirmingSurgery	""	""	2019-05-14	2021-09-24	https://homosaurus.org/v2/hysterectomy	""
https://homosaurus.org/v2/inVitroFertilisation	inVitroFertilisation	In vitro fertilisation	""	In vitro fertilization||IVF||Test tube fertilisation||Test tube fertilization	""	""	https://homosaurus.org/v2/ConceptionByLGBTQPeople||https://homosaurus.org/v2/insemination	https://homosaurus.org/v2/reciprocalInVitroFertilisation	""	2019-05-14	2021-09-24	https://homosaurus.org/v2/inVitroFertilisation	""
https://homosaurus.org/v2/informationCentresLGBTQ	informationCentresLGBTQ	Information centres (LGBTQ)	""	""	A place or institution which pulls together information for the LGBTQ community and documentation into a central database which can be accessed by the public	""	https://homosaurus.org/v2/LGBTQCentres	https://homosaurus.org/v2/AIDSInformationCentres||https://homosaurus.org/v2/bisexualInformationCentres||https://homosaurus.org/v2/gayInformationCentres||https://homosaurus.org/v2/lesbianInformationCentres||https://homosaurus.org/v2/queerInformationCentres||https://homosaurus.org/v2/transgenderInformationCentres	https://homosaurus.org/v2/informationProvision	2019-05-14	2021-09-24	https://homosaurus.org/v2/informationCentresLGBTQ	""
https://homosaurus.org/v2/informationProvision	informationProvision	Information provision	""	""	""	""	""	https://homosaurus.org/v2/AIDSEducation||https://homosaurus.org/v2/LGBTQHealthEducation||https://homosaurus.org/v2/sexEducation	https://homosaurus.org/v2/informationCentresLGBTQ	2019-05-14	2021-09-24	https://homosaurus.org/v2/informationProvision	""
https://homosaurus.org/v2/sexualIntercourse	sexualIntercourse	Sexual intercourse	""	""	""	""	https://homosaurus.org/v2/sexAct||https://homosaurus.org/v2/sexualPractices	""	https://homosaurus.org/v2/fucking||https://homosaurus.org/v2/gettingLaid||https://homosaurus.org/v2/strapOnSex	2019-05-14	2021-09-24	https://homosaurus.org/v2/sexualIntercourse	""
https://homosaurus.org/v2/intergenerationalRelationships	intergenerationalRelationships	Intergenerational relationships	""	""	""	""	https://homosaurus.org/v2/relationshipsLGBTQ	""	https://homosaurus.org/v2/ageOfConsent||https://homosaurus.org/v2/ephebophilia||https://homosaurus.org/v2/gerontophilia||https://homosaurus.org/v2/hebephilia||https://homosaurus.org/v2/sexualIdentity||https://homosaurus.org/v2/relationshipOrientation	2019-05-14	2021-09-24	https://homosaurus.org/v2/intergenerationalRelationships	""
https://homosaurus.org/v2/onlineDating	onlineDating	Online dating	""	Internet dating	""	""	""	""	https://homosaurus.org/v2/datingApplications||https://homosaurus.org/v2/datingWebsites	2019-05-14	2021-09-24	https://homosaurus.org/v2/onlineDating	""
https://homosaurus.org/v2/internetForums	internetForums	Internet forums	""	""	""	""	https://homosaurus.org/v2/socialMedia	https://homosaurus.org/v2/LGBTQInternetForums	""	2019-05-14	2021-09-24	https://homosaurus.org/v2/internetForums	""
https://homosaurus.org/v2/intersexphobia	intersexphobia	Intersexphobia	""	Interphobia	""	""	""	""	https://homosaurus.org/v2/heterosexism||https://homosaurus.org/v2/intersexGenitalMutilation||https://homosaurus.org/v2/LGBTQPhobia	2019-05-14	2021-09-24	https://homosaurus.org/v2/intersexphobia	""
https://homosaurus.org/v2/intersectionality	intersectionality	Intersectionality	""	""	""	""	""	""	https://homosaurus.org/v2/diversity||https://homosaurus.org/v2/LGBTQEthnicGroups||https://homosaurus.org/v2/LGBTQMultiRacialPeople||https://homosaurus.org/v2/socialPrivilege	2019-05-14	2021-09-24	https://homosaurus.org/v2/intersectionality	""
https://homosaurus.org/v2/intersexChildren	intersexChildren	Intersex children	""	""	""	""	https://homosaurus.org/v2/children||https://homosaurus.org/v2/intersexPeople||https://homosaurus.org/v2/intersexYouth	""	https://homosaurus.org/v2/sexAssignedAtBirth	2019-05-14	2021-09-24	https://homosaurus.org/v2/intersexChildren	""
https://homosaurus.org/v2/intersexConditions	intersexConditions	Intersex conditions	""	""	""	""	https://homosaurus.org/v2/intersex||https://homosaurus.org/v2/medicalisation	https://homosaurus.org/v2/5AlphaReductaseDeficiency||https://homosaurus.org/v2/androgenInsensitivitySyndrome||https://homosaurus.org/v2/aphallia||https://homosaurus.org/v2/clitoromegaly||https://homosaurus.org/v2/congenitalAdrenalHyperplasia||https://homosaurus.org/v2/gonadalDysgenesis||https://homosaurus.org/v2/hypospadias||https://homosaurus.org/v2/klinefelterSyndrome||https://homosaurus.org/v2/micropenis||https://homosaurus.org/v2/mosaicismInvolvingSexChromosomes||https://homosaurus.org/v2/ovoTestes||https://homosaurus.org/v2/partialAndrogenInsensitivitySyndrome||https://homosaurus.org/v2/progestinInducedVirilization||https://homosaurus.org/v2/swyerSyndrome||https://homosaurus.org/v2/turnerSyndrome	https://homosaurus.org/v2/disordersOfSexualDevelopment||https://homosaurus.org/v2/intersexPeople||https://homosaurus.org/v2/sexAssignedAtBirth	2019-05-14	2021-09-24	https://homosaurus.org/v2/intersexConditions	""
https://homosaurus.org/v2/intersexGenitalMutilation	intersexGenitalMutilation	Intersex genital mutilation	""	""	""	""	""	https://homosaurus.org/v2/clitoridectomy	https://homosaurus.org/v2/intersexPeople||https://homosaurus.org/v2/intersexphobia||https://homosaurus.org/v2/intersexRights||https://homosaurus.org/v2/sexAssignedAtBirth	2019-05-14	2021-09-24	https://homosaurus.org/v2/intersexGenitalMutilation	""
https://homosaurus.org/v2/intersexIdentity	intersexIdentity	Intersex identity	""	""	""	""	""	""	https://homosaurus.org/v2/intersex||https://homosaurus.org/v2/intersexPeople	2019-05-14	2021-09-24	https://homosaurus.org/v2/intersexIdentity	""
https://homosaurus.org/v2/intersexMovement	intersexMovement	Intersex movement	""	""	""	""	""	""	https://homosaurus.org/v2/intersex||https://homosaurus.org/v2/intersexPeople||https://homosaurus.org/v2/LGBTI||https://homosaurus.org/v2/LGBTQ+||https://homosaurus.org/v2/LGBTQIA||https://homosaurus.org/v2/socialMovements	2019-05-14	2021-09-24	https://homosaurus.org/v2/intersexMovement	""
https://homosaurus.org/v2/intersexRights	intersexRights	Intersex rights	""	""	""	""	https://homosaurus.org/v2/humanRights	""	https://homosaurus.org/v2/civilRightsLGBTQ||https://homosaurus.org/v2/intersexGenitalMutilation||https://homosaurus.org/v2/intersexPeople	2019-05-14	2021-09-24	https://homosaurus.org/v2/intersexRights	""
https://homosaurus.org/v2/intersexYouth	intersexYouth	Intersex youth	""	""	""	""	https://homosaurus.org/v2/intersexPeople||https://homosaurus.org/v2/youth	https://homosaurus.org/v2/intersexChildren	https://homosaurus.org/v2/youthLGBTQ	2019-05-14	2021-09-24	https://homosaurus.org/v2/intersexYouth	""
https://homosaurus.org/v2/intimatePartnerViolence	intimatePartnerViolence	Intimate partner violence	""	Intimate partner abuse	""	""	https://homosaurus.org/v2/LGBTQDomesticViolence	""	https://homosaurus.org/v2/LGBTQPersonalAndFamilyLaw||https://homosaurus.org/v2/partnersLGBTQ||https://homosaurus.org/v2/sexualHarassment||https://homosaurus.org/v2/significantOthers||https://homosaurus.org/v2/socialPrivilege	2019-05-14	2021-09-24	https://homosaurus.org/v2/intimatePartnerViolence	""
https://homosaurus.org/v2/LGBTQInuit	LGBTQInuit	LGBTQ Inuit	""	Inuit (LGBTQ)||LGBTQ Eskimos	""	""	https://homosaurus.org/v2/LGBTQIndigenousPeople	""	""	2019-05-14	2021-09-24	https://homosaurus.org/v2/LGBTQInuit	""
https://homosaurus.org/v2/inverts	inverts	Inverts	""	Sexual inverts	Outdated, historical term used for LGBTQ people	""	https://homosaurus.org/v2/LGBTQHistoricalTerms	""	https://homosaurus.org/v2/sexualInversion||https://homosaurus.org/v2/sexualMinorities||https://homosaurus.org/v2/uranism	2019-05-14	2021-09-24	https://homosaurus.org/v2/inverts	""
https://homosaurus.org/v2/jankha	jankha	Jankha	""	""	Term for people assigned male at birth in India who take on female dress and characteristics but who do not elect to receive castration	""	https://homosaurus.org/v2/culturallySpecificGenderIdentities	""	""	2019-05-14	2021-09-24	https://homosaurus.org/v2/jankha	""
https://homosaurus.org/v2/jealousy	jealousy	Jealousy	""	""	""	""	""	""	https://homosaurus.org/v2/LGBTQEmotions||https://homosaurus.org/v2/relationshipsLGBTQ	2019-05-14	2021-09-24	https://homosaurus.org/v2/jealousy	""
https://homosaurus.org/v2/LGBTQJehovahsWitnesses	LGBTQJehovahsWitnesses	LGBTQ Jehovah's Witnesses	""	LGBTQ Jehova's Witnesses||Jehova's Witnesses (LGBTQ)	""	""	https://homosaurus.org/v2/christiansLGBTQ	""	""	2019-05-14	2021-09-24	https://homosaurus.org/v2/LGBTQJehovahsWitnesses	""
https://homosaurus.org/v2/jerkingOff	jerkingOff	Jerking off	""	""	""	""	https://homosaurus.org/v2/masturbation	""	""	2019-05-14	2021-09-24	https://homosaurus.org/v2/jerkingOff	""
https://homosaurus.org/v2/jewsLGBTQ	jewsLGBTQ	Jews (LGBTQ)	""	""	""	""	https://homosaurus.org/v2/LGBTQEthnicGroups	https://homosaurus.org/v2/bisexualJews||https://homosaurus.org/v2/gayJews||https://homosaurus.org/v2/lesbianJews||https://homosaurus.org/v2/queerJews||https://homosaurus.org/v2/transgenderJews	https://homosaurus.org/v2/LGBTQJudaism	2019-05-14	2021-09-24	https://homosaurus.org/v2/jewsLGBTQ	""
https://homosaurus.org/v2/jizz	jizz	Jizz	""	""	""	""	""	""	https://homosaurus.org/v2/cum||https://homosaurus.org/v2/gettingOff||https://homosaurus.org/v2/happyEndings||https://homosaurus.org/v2/orgasm||https://homosaurus.org/v2/sexualClimax||https://homosaurus.org/v2/sexualExcitement	2019-05-14	2021-09-24	https://homosaurus.org/v2/jizz	""
https://homosaurus.org/v2/jogappa	jogappa	Jogappa	""	""	In India, people assigned male at birth who become gender fluid in a spiritual conversion	""	https://homosaurus.org/v2/culturallySpecificGenderIdentities	""	https://homosaurus.org/v2/hijra	2019-05-14	2021-09-24	https://homosaurus.org/v2/jogappa	""
https://homosaurus.org/v2/kabuki	kabuki	Kabuki	""	""	Japanese theatre with crossdressing actors; in the beginning, female performers played both male and female roles, but women were banned and male performers played both male and female roles	""	https://homosaurus.org/v2/theatreLGBTQ	""	https://homosaurus.org/v2/crossdressing	2019-05-14	2021-09-24	https://homosaurus.org/v2/kabuki	""
https://homosaurus.org/v2/kaposisSarcoma	kaposisSarcoma	Kaposi's sarcoma	""	""	""	""	""	""	https://homosaurus.org/v2/ARC||https://homosaurus.org/v2/HIVAIDS	2019-05-14	2021-09-24	https://homosaurus.org/v2/kaposisSarcoma	""
https://homosaurus.org/v2/katoey	katoey	Katoey	""	Kathoey||Ladyboy	""	""	https://homosaurus.org/v2/culturallySpecificGenderIdentities||https://homosaurus.org/v2/sexualMinorities	""	https://homosaurus.org/v2/dee||https://homosaurus.org/v2/tom	2019-05-14	2021-09-24	https://homosaurus.org/v2/katoey	""
https://homosaurus.org/v2/khusra	khusra	Khusra	""	""	A term used in Pakistan and Northern India for third-gender people; commonly describes people assigned male at birth who identify as female	""	https://homosaurus.org/v2/culturallySpecificGenderIdentities	""	https://homosaurus.org/v2/hijra	2019-05-14	2021-09-24	https://homosaurus.org/v2/khusra	""
https://homosaurus.org/v2/khawajaSara	khawajaSara	Khawaja sara	""	""	Urdu term used in Southeast Asia for transgender people	""	https://homosaurus.org/v2/culturallySpecificGenderIdentities	""	https://homosaurus.org/v2/hijra	2019-05-14	2021-09-24	https://homosaurus.org/v2/khawajaSara	""
https://homosaurus.org/v2/kinnar	kinnar	Kinnar	""	""	A variant term for hijra used in northern India	""	https://homosaurus.org/v2/culturallySpecificGenderIdentities	""	https://homosaurus.org/v2/hijra	2019-05-14	2021-09-24	https://homosaurus.org/v2/kinnar	""
https://homosaurus.org/v2/kissing	kissing	Kissing	""	""	""	""	https://homosaurus.org/v2/oralSex||https://homosaurus.org/v2/physicalAffection||https://homosaurus.org/v2/sexAct||https://homosaurus.org/v2/sexualPractices	""	""	2019-05-14	2021-09-24	https://homosaurus.org/v2/kissing	""
https://homosaurus.org/v2/klinefelterSyndrome	klinefelterSyndrome	Klinefelter syndrome	""	""	""	""	https://homosaurus.org/v2/intersexConditions	""	""	2019-05-14	2021-09-24	https://homosaurus.org/v2/klinefelterSyndrome	""
https://homosaurus.org/v2/köçek	köçek	Köçek	""	""	Turkish term for male dancers who cross-dressed in feminine attire forentertainment purposes	""	https://homosaurus.org/v2/culturallySpecificGenderIdentities	""	""	2019-05-14	2021-09-24	https://homosaurus.org/v2/köçek	""
https://homosaurus.org/v2/kothi	kothi	Kothi	""	""	In South Asia, people who are assigned male at birth who exhibit feminine characteristics; not all kothis identify as hijra or transgender	""	https://homosaurus.org/v2/culturallySpecificGenderIdentities	""	https://homosaurus.org/v2/hijra	2019-05-14	2021-09-24	https://homosaurus.org/v2/kothi	""
https://homosaurus.org/v2/kteuy	kteuy	Kteuy	""	""	Cambodian term for third sex; can be considered outdated and offensive	""	https://homosaurus.org/v2/culturallySpecificGenderIdentities||https://homosaurus.org/v2/slurs	""	https://homosaurus.org/v2/sakVeng||https://homosaurus.org/v2/sreySros	2019-05-14	2021-09-24	https://homosaurus.org/v2/kteuy	""
https://homosaurus.org/v2/labrys	labrys	Labrys	""	""	Symbol used to represent lesbianism and feminism	""	https://homosaurus.org/v2/LGBTQSymbols	""	""	2019-05-14	2021-09-24	https://homosaurus.org/v2/labrys	""
https://homosaurus.org/v2/lakinOn	lakinOn	Lakin-on	""	""	Filipino term for women who are attracted to women and who take on male personas and cultural work	""	https://homosaurus.org/v2/culturallySpecificGenderIdentities	""	""	2019-05-14	2021-09-24	https://homosaurus.org/v2/lakinOn	""
https://homosaurus.org/v2/lambda	lambda	Lambda	""	""	Symbol for lesbian and gay rights	""	https://homosaurus.org/v2/LGBTQSymbols	""	""	2019-05-14	2021-09-24	https://homosaurus.org/v2/lambda	""
https://homosaurus.org/v2/latentHomosexuality	latentHomosexuality	Latent homosexuality	""	""	""	""	""	""	https://homosaurus.org/v2/denialOfSexualOrientation||https://homosaurus.org/v2/internalisedHomophobia	2019-05-14	2021-09-24	https://homosaurus.org/v2/latentHomosexuality	""
https://homosaurus.org/v2/latexGloves	latexGloves	Latex gloves	""	""	""	""	https://homosaurus.org/v2/sexAccessories	""	https://homosaurus.org/v2/saferSex	2019-05-14	2021-09-24	https://homosaurus.org/v2/latexGloves	""
https://homosaurus.org/v2/lavenderScare	lavenderScare	Lavender Scare	""	""	Mid-20th century purge of lesbian and gay people in the U.S. government as a result of moral panic incited by Joseph McCarthy and others	""	""	""	https://homosaurus.org/v2/discriminationLGBTQ||https://homosaurus.org/v2/persecutionsLGBTQ	2019-05-14	2021-09-24	https://homosaurus.org/v2/lavenderScare	""
https://homosaurus.org/v2/law	law	Law	""	Legislation	""	""	""	https://homosaurus.org/v2/anti-discriminationLaw||https://homosaurus.org/v2/courtOrders||https://homosaurus.org/v2/criminalLaw||https://homosaurus.org/v2/LGBTQPersonalAndFamilyLaw||https://homosaurus.org/v2/publicBathroomBills||https://homosaurus.org/v2/victimsRightsLGBTQ	https://homosaurus.org/v2/legalStatus||https://homosaurus.org/v2/LGBTQLobbying||https://homosaurus.org/v2/undocumentedLGBTQResidents	2019-05-14	2021-09-24	https://homosaurus.org/v2/law	""
https://homosaurus.org/v2/LBT	LBT	LBT	""	""	Used only to describe lesbians, bisexuals, and transgender people as a group	""	https://homosaurus.org/v2/LGBT	""	""	2019-05-14	2021-09-24	https://homosaurus.org/v2/LBT	""
https://homosaurus.org/v2/leashes	leashes	Leashes	""	""	""	""	https://homosaurus.org/v2/sexAccessories	""	""	2019-05-14	2021-09-24	https://homosaurus.org/v2/leashes	""
https://homosaurus.org/v2/leatherCommunity	leatherCommunity	Leather community	""	Leather scene	""	""	https://homosaurus.org/v2/communitiesLGBTQ||https://homosaurus.org/v2/subcultures	https://homosaurus.org/v2/bootblacking||https://homosaurus.org/v2/dominatricesLGBTQ||https://homosaurus.org/v2/leatherFamilies||https://homosaurus.org/v2/leathermen||https://homosaurus.org/v2/leatherwomen||https://homosaurus.org/v2/mastersLGBTQ||https://homosaurus.org/v2/mistressesLGBTQ||https://homosaurus.org/v2/pups	https://homosaurus.org/v2/restraints||https://homosaurus.org/v2/rubberSubculture||https://homosaurus.org/v2/SM||https://homosaurus.org/v2/leatherBars	2019-05-14	2021-09-24	https://homosaurus.org/v2/leatherCommunity	""
https://homosaurus.org/v2/leatherDaddies	leatherDaddies	Leather daddies	""	""	""	""	https://homosaurus.org/v2/leatherFamilies||https://homosaurus.org/v2/leathermen||https://homosaurus.org/v2/sexualRoles	""	https://homosaurus.org/v2/leatherMommies	2019-05-14	2021-09-24	https://homosaurus.org/v2/leatherDaddies	""
https://homosaurus.org/v2/leatherFamilies	leatherFamilies	Leather families	""	Leather household	""	""	https://homosaurus.org/v2/BDSMCommunity||https://homosaurus.org/v2/leatherCommunity||https://homosaurus.org/v2/LGBTQChosenFamilies	https://homosaurus.org/v2/leatherDaddies||https://homosaurus.org/v2/leatherMommies	https://homosaurus.org/v2/SM	2019-05-14	2021-09-24	https://homosaurus.org/v2/leatherFamilies	""
https://homosaurus.org/v2/leatherMommies	leatherMommies	Leather mommies	""	""	""	""	https://homosaurus.org/v2/leatherFamilies||https://homosaurus.org/v2/leatherwomen||https://homosaurus.org/v2/sexualRoles	""	https://homosaurus.org/v2/leatherDaddies	2019-05-14	2021-09-24	https://homosaurus.org/v2/leatherMommies	""
https://homosaurus.org/v2/leathermen	leathermen	Leathermen	""	""	""	""	https://homosaurus.org/v2/leatherCommunity	https://homosaurus.org/v2/leatherDaddies	""	2019-05-14	2021-09-24	https://homosaurus.org/v2/leathermen	""
https://homosaurus.org/v2/leatherwomen	leatherwomen	Leatherwomen	""	""	""	""	https://homosaurus.org/v2/leatherCommunity	https://homosaurus.org/v2/leatherMommies	""	2019-05-14	2021-09-24	https://homosaurus.org/v2/leatherwomen	""
https://homosaurus.org/v2/legalName	legalName	Legal name	""	""	Use in reference to laws and regulations concerning first and family names assigned to individuals at birth	""	https://homosaurus.org/v2/LGBTQPersonalAndFamilyLaw	""	https://homosaurus.org/v2/birthCertificates||https://homosaurus.org/v2/driversLicenses||https://homosaurus.org/v2/legalNameChange||https://homosaurus.org/v2/officialDocumentation||https://homosaurus.org/v2/passports	2019-05-14	2021-09-24	https://homosaurus.org/v2/legalName	""
https://homosaurus.org/v2/legalStatus	legalStatus	Legal status	""	""	""	""	""	https://homosaurus.org/v2/LGBTQImmigrationRights||https://homosaurus.org/v2/officialDocumentation||https://homosaurus.org/v2/parentalRights||https://homosaurus.org/v2/partnerRights||https://homosaurus.org/v2/peopleInTheMilitaryLGBTQ	https://homosaurus.org/v2/civilUnions||https://homosaurus.org/v2/detentionOfLGBTQPeople||https://homosaurus.org/v2/law||https://homosaurus.org/v2/LGBTQRefugees||https://homosaurus.org/v2/maritalStatus||https://homosaurus.org/v2/undocumentedLGBTQResidents	2019-05-14	2021-09-24	https://homosaurus.org/v2/legalStatus	""
https://homosaurus.org/v2/lesbianActivism	lesbianActivism	Lesbian activism	""	""	""	""	https://homosaurus.org/v2/activismLGBTQ	""	https://homosaurus.org/v2/lesbianPoliticalActivists	2019-05-14	2021-09-24	https://homosaurus.org/v2/lesbianActivism	""
https://homosaurus.org/v2/lesbianAfricanAmericans	lesbianAfricanAmericans	Lesbian African-Americans	""	""	""	""	https://homosaurus.org/v2/africanAmericansLGBTQ	""	""	2019-05-14	2021-09-24	https://homosaurus.org/v2/lesbianAfricanAmericans	""
https://homosaurus.org/v2/lesbianAfroCanadians	lesbianAfroCanadians	Lesbian Afro-Canadians	""	""	""	""	https://homosaurus.org/v2/afroCanadiansLGBTQ	""	""	2019-05-14	2021-09-24	https://homosaurus.org/v2/lesbianAfroCanadians	""
https://homosaurus.org/v2/lesbianAfroCaribbeans	lesbianAfroCaribbeans	Lesbian Afro-Caribbeans	""	""	""	""	https://homosaurus.org/v2/afroCaribbeansLGBTQ	""	""	2019-05-14	2021-09-24	https://homosaurus.org/v2/lesbianAfroCaribbeans	""
https://homosaurus.org/v2/lesbianAfroEuropeans	lesbianAfroEuropeans	Lesbian Afro-Europeans	""	""	""	""	https://homosaurus.org/v2/afroEuropeansLGBTQ	""	""	2019-05-14	2021-09-24	https://homosaurus.org/v2/lesbianAfroEuropeans	""
https://homosaurus.org/v2/lesbianAfroLatinAmericans	lesbianAfroLatinAmericans	Lesbian Afro-Latin Americans	""	""	""	""	https://homosaurus.org/v2/afroLatinAmericansLGBTQ	""	""	2019-05-14	2021-09-24	https://homosaurus.org/v2/lesbianAfroLatinAmericans	""
https://homosaurus.org/v2/lesbianArchives	lesbianArchives	Lesbian archives	""	""	""	""	https://homosaurus.org/v2/archivesLGBTQ	""	""	2019-05-14	2021-09-24	https://homosaurus.org/v2/lesbianArchives	""
https://homosaurus.org/v2/lesbianArtists	lesbianArtists	Lesbian artists	""	""	""	""	https://homosaurus.org/v2/artistsLGBTQ	""	""	2019-05-14	2021-09-24	https://homosaurus.org/v2/lesbianArtists	""
https://homosaurus.org/v2/lesbianAsianAmericans	lesbianAsianAmericans	Lesbian Asian Americans	""	""	""	""	https://homosaurus.org/v2/asianAmericansLGBTQ	""	""	2019-05-14	2021-09-24	https://homosaurus.org/v2/lesbianAsianAmericans	""
https://homosaurus.org/v2/lesbianAsians	lesbianAsians	Lesbian Asians	""	""	""	""	https://homosaurus.org/v2/asiansLGBTQ	""	""	2019-05-14	2021-09-24	https://homosaurus.org/v2/lesbianAsians	""
https://homosaurus.org/v2/lesbianAtheists	lesbianAtheists	Lesbian atheists	""	""	""	""	https://homosaurus.org/v2/atheistsLGBTQ	""	""	2019-05-14	2021-09-24	https://homosaurus.org/v2/lesbianAtheists	""
https://homosaurus.org/v2/lesbianBars	lesbianBars	Lesbian bars	""	""	""	""	https://homosaurus.org/v2/barsLGBTQ	""	https://homosaurus.org/v2/lesbianCommunity||https://homosaurus.org/v2/LGBTQPubs	2019-05-14	2021-09-24	https://homosaurus.org/v2/lesbianBars	""
https://homosaurus.org/v2/lesbianBeaches	lesbianBeaches	Lesbian beaches	""	""	""	""	https://homosaurus.org/v2/beachesLGBTQ	""	""	2019-05-14	2021-09-24	https://homosaurus.org/v2/lesbianBeaches	""
https://homosaurus.org/v2/lesbianBlackPeople	lesbianBlackPeople	Lesbian Black people	""	""	""	""	https://homosaurus.org/v2/blackPeopleLGBTQ	""	""	2019-05-14	2021-09-24	https://homosaurus.org/v2/lesbianBlackPeople	""
https://homosaurus.org/v2/lesbianBookshops	lesbianBookshops	Lesbian bookshops	""	""	""	""	https://homosaurus.org/v2/bookshopsLGBTQ	""	https://homosaurus.org/v2/womensBookshops	2019-05-14	2021-09-24	https://homosaurus.org/v2/lesbianBookshops	""
https://homosaurus.org/v2/lesbianBuddhists	lesbianBuddhists	Lesbian Buddhists	""	""	""	""	https://homosaurus.org/v2/buddhistsLGBTQ	""	""	2019-05-14	2021-09-24	https://homosaurus.org/v2/lesbianBuddhists	""
https://homosaurus.org/v2/lesbianCharacters	lesbianCharacters	Lesbian characters	""	""	""	""	https://homosaurus.org/v2/charactersLGBTQ	""	https://homosaurus.org/v2/lesbianGirls||https://homosaurus.org/v2/lesbians||https://homosaurus.org/v2/lesbianYouth	2019-05-14	2021-09-24	https://homosaurus.org/v2/lesbianCharacters	""
https://homosaurus.org/v2/lesbianChoruses	lesbianChoruses	Lesbian choruses	""	Lesbian choirs	""	""	https://homosaurus.org/v2/lesbianCulture||https://homosaurus.org/v2/LGBTQChoruses	""	https://homosaurus.org/v2/gayChoruses	2019-05-14	2021-09-24	https://homosaurus.org/v2/lesbianChoruses	""
https://homosaurus.org/v2/lesbianChristians	lesbianChristians	Lesbian Christians	""	""	""	""	https://homosaurus.org/v2/christiansLGBTQ	""	""	2019-05-14	2021-09-24	https://homosaurus.org/v2/lesbianChristians	""
https://homosaurus.org/v2/lesbianClergy	lesbianClergy	Lesbian clergy	""	Lesbian pastors	""	""	https://homosaurus.org/v2/clergyLGBTQ	""	https://homosaurus.org/v2/bisexualClergy||https://homosaurus.org/v2/celibacy||https://homosaurus.org/v2/gayClergy||https://homosaurus.org/v2/queerClergy||https://homosaurus.org/v2/transgenderClergy	2019-05-14	2021-09-24	https://homosaurus.org/v2/lesbianClergy	""
https://homosaurus.org/v2/lesbianCommunity	lesbianCommunity	Lesbian community	""	""	""	""	https://homosaurus.org/v2/communitiesLGBTQ	""	https://homosaurus.org/v2/lesbianBars||https://homosaurus.org/v2/lesbianCommunityCentres||https://homosaurus.org/v2/LGB||https://homosaurus.org/v2/LGBT||https://homosaurus.org/v2/LGBTI||https://homosaurus.org/v2/LGBTQ||https://homosaurus.org/v2/LGBTQ+||https://homosaurus.org/v2/LGBTQIA	2019-05-14	2021-09-24	https://homosaurus.org/v2/lesbianCommunity	""
https://homosaurus.org/v2/lesbianCommunityCentres	lesbianCommunityCentres	Lesbian community centres	""	""	""	""	https://homosaurus.org/v2/communityCentresLGBTQ	""	https://homosaurus.org/v2/lesbianCommunity||https://homosaurus.org/v2/lesbianMovement	2019-05-14	2021-09-24	https://homosaurus.org/v2/lesbianCommunityCentres	""
https://homosaurus.org/v2/lesbianCouples	lesbianCouples	Lesbian couples	""	""	""	""	https://homosaurus.org/v2/couplesLGBTQ	""	https://homosaurus.org/v2/bostonMarriages	2019-05-14	2021-09-24	https://homosaurus.org/v2/lesbianCouples	""
https://homosaurus.org/v2/lesbianDaughters	lesbianDaughters	Lesbian daughters	""	""	""	""	https://homosaurus.org/v2/daughtersLGBTQ	""	""	2019-05-14	2021-09-24	https://homosaurus.org/v2/lesbianDaughters	""
https://homosaurus.org/v2/lesbianInformationCentres	lesbianInformationCentres	Lesbian information centres	""	Lesbian documentation centres	""	""	https://homosaurus.org/v2/informationCentresLGBTQ	""	https://homosaurus.org/v2/lesbianMovement	2019-05-14	2021-09-24	https://homosaurus.org/v2/lesbianInformationCentres	""
https://homosaurus.org/v2/lesbianDominatrices	lesbianDominatrices	Lesbian dominatrices	""	""	""	""	https://homosaurus.org/v2/dominatricesLGBTQ	""	https://homosaurus.org/v2/bisexualDominatrices||https://homosaurus.org/v2/queerDominatrices||https://homosaurus.org/v2/transgenderDominatrices	2019-05-14	2021-09-24	https://homosaurus.org/v2/lesbianDominatrices	""
https://homosaurus.org/v2/lesbianDrama	lesbianDrama	Lesbian drama	""	""	""	""	https://homosaurus.org/v2/dramaLGBTQ	""	""	2019-05-14	2021-09-24	https://homosaurus.org/v2/lesbianDrama	""
https://homosaurus.org/v2/lesbianFamilies	lesbianFamilies	Lesbian families	""	""	"Use only for lesbian couples living with their children; use ""LGBTQ chosen families"" to describe families that are bound by social and emotional ties, not biological or legal relationships"	""	https://homosaurus.org/v2/familiesLGBTQ	""	https://homosaurus.org/v2/childrenOfLesbians	2019-05-14	2021-09-24	https://homosaurus.org/v2/lesbianFamilies	""
https://homosaurus.org/v2/lesbianFeminism	lesbianFeminism	Lesbian feminism	""	""	""	""	https://homosaurus.org/v2/feminism	""	https://homosaurus.org/v2/heterosexualFeminism||https://homosaurus.org/v2/lesbianMovement	2019-05-14	2021-09-24	https://homosaurus.org/v2/lesbianFeminism	""
https://homosaurus.org/v2/lesbianFiction	lesbianFiction	Lesbian fiction	""	""	""	""	https://homosaurus.org/v2/fictionLGBTQ	""	""	2019-05-14	2021-09-24	https://homosaurus.org/v2/lesbianFiction	""
https://homosaurus.org/v2/lesbianGirls	lesbianGirls	Lesbian girls	""	""	""	""	https://homosaurus.org/v2/childrenLGBTQ||https://homosaurus.org/v2/gayAndLesbianYouth||https://homosaurus.org/v2/girls||https://homosaurus.org/v2/lesbianYouth	""	https://homosaurus.org/v2/lesbianCharacters||https://homosaurus.org/v2/lesbianIdentity||https://homosaurus.org/v2/lesbians	2019-05-14	2021-09-24	https://homosaurus.org/v2/lesbianGirls	""
https://homosaurus.org/v2/lesbianIdentity	lesbianIdentity	Lesbian identity	""	""	""	""	https://homosaurus.org/v2/sexualIdentity	""	https://homosaurus.org/v2/lesbianGirls||https://homosaurus.org/v2/lesbians||https://homosaurus.org/v2/lesbianYouth	2019-05-14	2021-09-24	https://homosaurus.org/v2/lesbianIdentity	""
https://homosaurus.org/v2/lesbianJews	lesbianJews	Lesbian Jews	""	""	""	""	https://homosaurus.org/v2/jewsLGBTQ	""	""	2019-05-14	2021-09-24	https://homosaurus.org/v2/lesbianJews	""
https://homosaurus.org/v2/lesbianLand	lesbianLand	Lesbian land	""	""	Rural communities populated only by lesbians	""	https://homosaurus.org/v2/lesbianSeparatism	""	https://homosaurus.org/v2/lesbianMovement	2019-05-14	2021-09-24	https://homosaurus.org/v2/lesbianLand	""
https://homosaurus.org/v2/lesbianLatinas	lesbianLatinas	Lesbian Latinas	""	""	""	""	https://homosaurus.org/v2/latinxLGBTQ	""	""	2019-05-14	2021-09-24	https://homosaurus.org/v2/lesbianLatinas	""
https://homosaurus.org/v2/lesbianLiberation	lesbianLiberation	Lesbian liberation	""	""	""	""	""	""	https://homosaurus.org/v2/gayLiberation	2019-05-14	2021-09-24	https://homosaurus.org/v2/lesbianLiberation	""
https://homosaurus.org/v2/lesbianLibraries	lesbianLibraries	Lesbian libraries	""	""	""	""	https://homosaurus.org/v2/librariesLGBTQ||https://homosaurus.org/v2/womensLibraries	""	""	2019-05-14	2021-09-24	https://homosaurus.org/v2/lesbianLibraries	""
https://homosaurus.org/v2/lesbianLiterature	lesbianLiterature	Lesbian literature	""	""	""	""	https://homosaurus.org/v2/literatureLGBTQ	""	""	2019-05-14	2021-09-24	https://homosaurus.org/v2/lesbianLiterature	""
https://homosaurus.org/v2/lesbianMistresses	lesbianMistresses	Lesbian mistresses	""	""	""	""	https://homosaurus.org/v2/mistressesLGBTQ	""	https://homosaurus.org/v2/bisexualMistresses||https://homosaurus.org/v2/queerMistresses||https://homosaurus.org/v2/transgenderMistresses	2019-05-14	2021-09-24	https://homosaurus.org/v2/lesbianMistresses	""
https://homosaurus.org/v2/lesbianParents	lesbianParents	Lesbian parents	""	Lesbian mothers	""	""	https://homosaurus.org/v2/parentsLGBTQ	""	https://homosaurus.org/v2/childrenOfLesbians||https://homosaurus.org/v2/mothers	2019-05-14	2021-09-24	https://homosaurus.org/v2/lesbianParents	""
https://homosaurus.org/v2/lesbianMovement	lesbianMovement	Lesbian movement	""	Lesbian organisations||Lesbian organizations	""	""	https://homosaurus.org/v2/movementLGBTQ	https://homosaurus.org/v2/lesbianPoliticalGroups||https://homosaurus.org/v2/lesbianReligiousGroups||https://homosaurus.org/v2/lesbianTradeUnionGroups	https://homosaurus.org/v2/gayLiberation||https://homosaurus.org/v2/lesbianCommunityCentres||https://homosaurus.org/v2/lesbianFeminism||https://homosaurus.org/v2/lesbianInformationCentres||https://homosaurus.org/v2/lesbianLand||https://homosaurus.org/v2/lesbianNation||https://homosaurus.org/v2/lesbianPress||https://homosaurus.org/v2/lesbianRadio||https://homosaurus.org/v2/lesbianTelevision||https://homosaurus.org/v2/womensMovement	2019-05-14	2021-09-24	https://homosaurus.org/v2/lesbianMovement	""
https://homosaurus.org/v2/lesbianMuseums	lesbianMuseums	Lesbian museums	""	""	""	""	https://homosaurus.org/v2/LGBTQMuseums||https://homosaurus.org/v2/museumsLGBTQ	""	""	2019-05-14	2021-09-24	https://homosaurus.org/v2/lesbianMuseums	""
https://homosaurus.org/v2/womensMusic	womensMusic	Women's music	""	Lesbian music||Wimmin's music||Women-identified music||Womyn's music	""	""	https://homosaurus.org/v2/lesbianCulture	""	https://homosaurus.org/v2/womensMusicFestivals	2019-05-14	2021-09-24	https://homosaurus.org/v2/womensMusic	""
https://homosaurus.org/v2/lesbianMuslims	lesbianMuslims	Lesbian Muslims	""	""	""	""	https://homosaurus.org/v2/muslimsLGBTQ	""	""	2019-05-14	2021-09-24	https://homosaurus.org/v2/lesbianMuslims	""
https://homosaurus.org/v2/lesbianNation	lesbianNation	Lesbian nation	""	""	Imagined autonomous, international lesbian community that is set apart from men	""	https://homosaurus.org/v2/lesbianSeparatism	""	https://homosaurus.org/v2/lesbianMovement	2019-05-14	2021-09-24	https://homosaurus.org/v2/lesbianNation	""
https://homosaurus.org/v2/lesbianNativeAmericans	lesbianNativeAmericans	Lesbian Native Americans	""	""	""	""	https://homosaurus.org/v2/nativeAmericansLGBTQ	""	""	2019-05-14	2021-09-24	https://homosaurus.org/v2/lesbianNativeAmericans	""
https://homosaurus.org/v2/lesbianNewsletters	lesbianNewsletters	Lesbian newsletters	""	""	""	""	https://homosaurus.org/v2/lesbianPress||https://homosaurus.org/v2/newslettersLGBTQ	""	https://homosaurus.org/v2/lesbianNewspapers	2019-05-14	2021-09-24	https://homosaurus.org/v2/lesbianNewsletters	""
https://homosaurus.org/v2/lesbianNewspapers	lesbianNewspapers	Lesbian newspapers	""	""	""	""	https://homosaurus.org/v2/lesbianPress||https://homosaurus.org/v2/newspapersLGBTQ	""	https://homosaurus.org/v2/lesbianNewsletters	2019-05-14	2021-09-24	https://homosaurus.org/v2/lesbianNewspapers	""
https://homosaurus.org/v2/lesbianPagans	lesbianPagans	Lesbian pagans	""	""	""	""	https://homosaurus.org/v2/pagansLGBTQ	""	https://homosaurus.org/v2/witchesLesbian	2019-05-14	2021-09-24	https://homosaurus.org/v2/lesbianPagans	""
https://homosaurus.org/v2/lesbianPoetry	lesbianPoetry	Lesbian poetry	""	""	""	""	https://homosaurus.org/v2/poetryLGBTQ	""	""	2019-05-14	2021-09-24	https://homosaurus.org/v2/lesbianPoetry	""
https://homosaurus.org/v2/lesbianPoliticalActivists	lesbianPoliticalActivists	Lesbian political activists	""	""	""	""	https://homosaurus.org/v2/activistsLGBTQ	""	https://homosaurus.org/v2/lesbianActivism	2019-05-14	2021-09-24	https://homosaurus.org/v2/lesbianPoliticalActivists	""
https://homosaurus.org/v2/lesbianPoliticalGroups	lesbianPoliticalGroups	Lesbian political groups	""	""	""	""	https://homosaurus.org/v2/lesbianMovement	""	https://homosaurus.org/v2/gayPoliticalGroups	2019-05-14	2021-09-24	https://homosaurus.org/v2/lesbianPoliticalGroups	""
https://homosaurus.org/v2/lesbianPornFilms	lesbianPornFilms	Lesbian porn films	""	""	""	""	https://homosaurus.org/v2/pornFilmsLGBTQ	""	""	2019-05-14	2021-09-24	https://homosaurus.org/v2/lesbianPornFilms	""
https://homosaurus.org/v2/lesbianPress	lesbianPress	Lesbian press	""	""	""	""	https://homosaurus.org/v2/pressLGBTQ	https://homosaurus.org/v2/lesbianNewsletters||https://homosaurus.org/v2/lesbianNewspapers	https://homosaurus.org/v2/lesbianMovement||https://homosaurus.org/v2/LGBTQMagazines	2019-05-14	2021-09-24	https://homosaurus.org/v2/lesbianPress	""
https://homosaurus.org/v2/lesbianPride	lesbianPride	Lesbian pride	""	""	""	""	https://homosaurus.org/v2/LGBTQEvents	""	https://homosaurus.org/v2/dykeMarches||https://homosaurus.org/v2/gayPride||https://homosaurus.org/v2/transMarches	2019-05-14	2021-09-24	https://homosaurus.org/v2/lesbianPride	""
https://homosaurus.org/v2/lesbianProstitutes	lesbianProstitutes	Lesbian prostitutes	""	""	""	""	https://homosaurus.org/v2/sexWorkersLGBTQ	""	https://homosaurus.org/v2/lesbianProstitution	2019-05-14	2021-09-24	https://homosaurus.org/v2/lesbianProstitutes	""
https://homosaurus.org/v2/lesbianProstitution	lesbianProstitution	Lesbian prostitution	""	""	""	""	https://homosaurus.org/v2/prostitution	""	https://homosaurus.org/v2/lesbianProstitutes	2019-05-14	2021-09-24	https://homosaurus.org/v2/lesbianProstitution	""
https://homosaurus.org/v2/lesbianProtestants	lesbianProtestants	Lesbian Protestants	""	""	""	""	https://homosaurus.org/v2/protestantsLGBTQ	""	""	2019-05-14	2021-09-24	https://homosaurus.org/v2/lesbianProtestants	""
https://homosaurus.org/v2/lesbianPublishers	lesbianPublishers	Lesbian publishers	""	""	""	""	https://homosaurus.org/v2/publishersLGBTQ	""	""	2019-05-14	2021-09-24	https://homosaurus.org/v2/lesbianPublishers	""
https://homosaurus.org/v2/lesbianRadio	lesbianRadio	Lesbian radio	""	""	""	""	https://homosaurus.org/v2/radioLGBTQ	""	https://homosaurus.org/v2/lesbianMovement	2019-05-14	2021-09-24	https://homosaurus.org/v2/lesbianRadio	""
https://homosaurus.org/v2/lesbianRelationships	lesbianRelationships	Lesbian relationships	""	""	""	""	https://homosaurus.org/v2/relationshipsLGBTQ	""	https://homosaurus.org/v2/bisexualRelationships||https://homosaurus.org/v2/queerRelationships||https://homosaurus.org/v2/transgenderRelationships	2019-05-14	2021-09-24	https://homosaurus.org/v2/lesbianRelationships	""
https://homosaurus.org/v2/lesbianReligiousGroups	lesbianReligiousGroups	Lesbian religious groups	""	""	""	""	https://homosaurus.org/v2/lesbianMovement	""	https://homosaurus.org/v2/metropolitanCommunityChurch	2019-05-14	2021-09-24	https://homosaurus.org/v2/lesbianReligiousGroups	""
https://homosaurus.org/v2/lesbianRights	lesbianRights	Lesbian rights	""	""	""	""	https://homosaurus.org/v2/civilRightsLGBTQ	""	""	2019-05-14	2021-09-24	https://homosaurus.org/v2/lesbianRights	""
https://homosaurus.org/v2/lesbianRomanCatholics	lesbianRomanCatholics	Lesbian Roman Catholics	""	""	""	""	https://homosaurus.org/v2/romanCatholicsLGBTQ	""	""	2019-05-14	2021-09-24	https://homosaurus.org/v2/lesbianRomanCatholics	""
https://homosaurus.org/v2/lesbianSensibility	lesbianSensibility	Lesbian sensibility	""	""	Specifically lesbian way of reading and looking at cultural texts (books, movies, television, magazines, etc.) and the appropriation of texts otherwise thought of as strictly for heterosexuals	""	""	""	https://homosaurus.org/v2/gaySensibility	2019-05-14	2021-09-24	https://homosaurus.org/v2/lesbianSensibility	""
https://homosaurus.org/v2/lesbianSeparatism	lesbianSeparatism	Lesbian separatism	""	""	Ideological, social, cultural, and sometimes physical separation between men and women or between lesbians and heterosexual women	""	""	https://homosaurus.org/v2/lesbianLand||https://homosaurus.org/v2/lesbianNation	https://homosaurus.org/v2/genderRelations	2019-05-14	2021-09-24	https://homosaurus.org/v2/lesbianSeparatism	""
https://homosaurus.org/v2/lesbianSlang	lesbianSlang	Lesbian slang	""	""	""	""	https://homosaurus.org/v2/lesbianCulture||https://homosaurus.org/v2/slangLGBTQ	""	https://homosaurus.org/v2/bois	2019-05-14	2021-09-24	https://homosaurus.org/v2/lesbianSlang	""
https://homosaurus.org/v2/lesbianSportsClubs	lesbianSportsClubs	Lesbian sports clubs	""	""	""	""	https://homosaurus.org/v2/LGBTQSportsClubs	""	""	2019-05-14	2021-09-24	https://homosaurus.org/v2/lesbianSportsClubs	""
https://homosaurus.org/v2/lesbianStudies	lesbianStudies	Lesbian studies	""	""	""	""	https://homosaurus.org/v2/genderStudies	""	https://homosaurus.org/v2/bisexualStudies||https://homosaurus.org/v2/gayStudies||https://homosaurus.org/v2/queerStudies||https://homosaurus.org/v2/transgenderStudies	2019-05-14	2021-09-24	https://homosaurus.org/v2/lesbianStudies	""
https://homosaurus.org/v2/lesbianSurvivorsOfHateCrimes	lesbianSurvivorsOfHateCrimes	Lesbian survivors of hate crimes	""	""	""	""	https://homosaurus.org/v2/lesbianVictimsOfHateCrimes||https://homosaurus.org/v2/survivorsOfHateCrimesLGBTQ	""	""	2019-05-14	2021-09-24	https://homosaurus.org/v2/lesbianSurvivorsOfHateCrimes	""
https://homosaurus.org/v2/lesbianSurvivorsOfRape	lesbianSurvivorsOfRape	Lesbian survivors of rape	""	""	""	""	https://homosaurus.org/v2/lesbianVictimsOfRape||https://homosaurus.org/v2/survivorsOfRapeLGBTQ	""	https://homosaurus.org/v2/correctiveRape	2019-05-14	2021-09-24	https://homosaurus.org/v2/lesbianSurvivorsOfRape	""
https://homosaurus.org/v2/lesbianSurvivorsOfSexualAbuse	lesbianSurvivorsOfSexualAbuse	Lesbian survivors of sexual abuse	""	""	""	""	https://homosaurus.org/v2/lesbianVictimsOfSexualAbuse||https://homosaurus.org/v2/survivorsOfSexualAbuseLGBTQ	""	""	2019-05-14	2021-09-24	https://homosaurus.org/v2/lesbianSurvivorsOfSexualAbuse	""
https://homosaurus.org/v2/lesbianSurvivorsOfWar	lesbianSurvivorsOfWar	Lesbian survivors of war	""	""	""	""	https://homosaurus.org/v2/lesbianVictimsOfWar||https://homosaurus.org/v2/survivorsOfWarLGBTQ	""	""	2019-05-14	2021-09-24	https://homosaurus.org/v2/lesbianSurvivorsOfWar	""
https://homosaurus.org/v2/lesbianYouth	lesbianYouth	Lesbian youth	""	Lesbian teenagers	""	""	https://homosaurus.org/v2/youthLGBTQ	https://homosaurus.org/v2/lesbianGirls	https://homosaurus.org/v2/lesbianCharacters||https://homosaurus.org/v2/lesbianIdentity||https://homosaurus.org/v2/lesbians||https://homosaurus.org/v2/lesbianYouthLiterature	2019-05-14	2021-09-24	https://homosaurus.org/v2/lesbianYouth	""
https://homosaurus.org/v2/lesbianTelevision	lesbianTelevision	Lesbian television	""	""	""	""	https://homosaurus.org/v2/televisionLGBTQ	""	https://homosaurus.org/v2/lesbianMovement	2019-05-14	2021-09-24	https://homosaurus.org/v2/lesbianTelevision	""
https://homosaurus.org/v2/lesbianTheatre	lesbianTheatre	Lesbian theatre	""	""	""	""	https://homosaurus.org/v2/theatreLGBTQ	""	https://homosaurus.org/v2/gayTheatre||https://homosaurus.org/v2/lesbianTheatreGroups||https://homosaurus.org/v2/LGBTQPlays||https://homosaurus.org/v2/musicals	2019-05-14	2021-09-24	https://homosaurus.org/v2/lesbianTheatre	""
https://homosaurus.org/v2/lesbianTheatreGroups	lesbianTheatreGroups	Lesbian theatre groups	""	""	""	""	""	""	https://homosaurus.org/v2/gayTheatreGroups||https://homosaurus.org/v2/lesbianTheatre||https://homosaurus.org/v2/musicals	2019-05-14	2021-09-24	https://homosaurus.org/v2/lesbianTheatreGroups	""
https://homosaurus.org/v2/lesbianTheology	lesbianTheology	Lesbian theology	""	""	""	""	https://homosaurus.org/v2/theologyLGBTQ	""	""	2019-05-14	2021-09-24	https://homosaurus.org/v2/lesbianTheology	""
https://homosaurus.org/v2/lesbianTradeUnionGroups	lesbianTradeUnionGroups	Lesbian trade union groups	""	""	""	""	https://homosaurus.org/v2/lesbianMovement	""	https://homosaurus.org/v2/gayTradeUnionGroups	2019-05-14	2021-09-24	https://homosaurus.org/v2/lesbianTradeUnionGroups	""
https://homosaurus.org/v2/lesbianVictimsOfHateCrimes	lesbianVictimsOfHateCrimes	Lesbian victims of hate crimes	""	""	""	""	https://homosaurus.org/v2/victimsOfHateCrimesLGBTQ	https://homosaurus.org/v2/lesbianSurvivorsOfHateCrimes	""	2019-05-14	2021-09-24	https://homosaurus.org/v2/lesbianVictimsOfHateCrimes	""
https://homosaurus.org/v2/lesbianVictimsOfRape	lesbianVictimsOfRape	Lesbian victims of rape	""	""	""	""	https://homosaurus.org/v2/victimsOfRapeLGBTQ	https://homosaurus.org/v2/lesbianSurvivorsOfRape	https://homosaurus.org/v2/correctiveRape	2019-05-14	2021-09-24	https://homosaurus.org/v2/lesbianVictimsOfRape	""
https://homosaurus.org/v2/lesbianVictimsOfSexualAbuse	lesbianVictimsOfSexualAbuse	Lesbian victims of sexual abuse	""	""	""	""	https://homosaurus.org/v2/victimsOfSexualAbuseLGBTQ	https://homosaurus.org/v2/lesbianSurvivorsOfSexualAbuse	""	2019-05-14	2021-09-24	https://homosaurus.org/v2/lesbianVictimsOfSexualAbuse	""
https://homosaurus.org/v2/lesbianVictimsOfWar	lesbianVictimsOfWar	Lesbian victims of war	""	""	""	""	https://homosaurus.org/v2/victimsOfWarLGBTQ	https://homosaurus.org/v2/lesbianSurvivorsOfWar	""	2019-05-14	2021-09-24	https://homosaurus.org/v2/lesbianVictimsOfWar	""
https://homosaurus.org/v2/lesbianVictimsRights	lesbianVictimsRights	Lesbian victims' rights	""	""	""	""	https://homosaurus.org/v2/victimsRightsLGBTQ	""	""	2019-05-14	2021-09-24	https://homosaurus.org/v2/lesbianVictimsRights	""
https://homosaurus.org/v2/lesbianWhitePeople	lesbianWhitePeople	Lesbian White people	""	""	""	""	https://homosaurus.org/v2/whitePeopleLGBTQ	""	""	2019-05-14	2021-09-24	https://homosaurus.org/v2/lesbianWhitePeople	""
https://homosaurus.org/v2/lesbianYouthLiterature	lesbianYouthLiterature	Lesbian youth literature	""	""	""	""	https://homosaurus.org/v2/literatureLGBTQ||https://homosaurus.org/v2/youthLiteratureLGBTQ	""	https://homosaurus.org/v2/lesbianYouth	2019-05-14	2021-09-24	https://homosaurus.org/v2/lesbianYouthLiterature	""
https://homosaurus.org/v2/lesbianism	lesbianism	Lesbianism	""	""	""	""	https://homosaurus.org/v2/sexualOrientation	""	https://homosaurus.org/v2/bisexuality||https://homosaurus.org/v2/homosexuality||https://homosaurus.org/v2/lesbians	2019-05-14	2021-09-24	https://homosaurus.org/v2/lesbianism	""
https://homosaurus.org/v2/lesbiansInTheMilitary	lesbiansInTheMilitary	Lesbians in the military	""	""	""	""	https://homosaurus.org/v2/peopleInTheMilitaryLGBTQ	""	""	2019-05-14	2021-09-24	https://homosaurus.org/v2/lesbiansInTheMilitary	""
https://homosaurus.org/v2/lesbiansOfColour	lesbiansOfColour	Lesbians of colour	""	""	""	""	https://homosaurus.org/v2/peopleOfColourLGBTQ	""	""	2019-05-14	2021-09-24	https://homosaurus.org/v2/lesbiansOfColour	""
https://homosaurus.org/v2/parentsOfLesbians	parentsOfLesbians	Parents of lesbians	""	Lesbians' parents	""	""	https://homosaurus.org/v2/parentsLGBTQ	https://homosaurus.org/v2/fathersOfLesbians||https://homosaurus.org/v2/mothersOfLesbians	https://homosaurus.org/v2/lesbians	2019-05-14	2021-09-24	https://homosaurus.org/v2/parentsOfLesbians	""
https://homosaurus.org/v2/lesbophobia	lesbophobia	Lesbophobia	""	""	""	""	https://homosaurus.org/v2/LGBTQPhobia	""	https://homosaurus.org/v2/anti-lesbianViolence||https://homosaurus.org/v2/antiLesbianDiscrimination||https://homosaurus.org/v2/heterosexism||https://homosaurus.org/v2/lesbians	2019-05-14	2021-09-24	https://homosaurus.org/v2/lesbophobia	""
https://homosaurus.org/v2/LGB	LGB	LGB	""	""	Used only to describe lesbians, gay people, and bisexuals as a group; has been used to exclude transgender people	""	https://homosaurus.org/v2/LGBT||https://homosaurus.org/v2/LGBTI||https://homosaurus.org/v2/LGBTQ||https://homosaurus.org/v2/LGBTQ+||https://homosaurus.org/v2/LGBTQIA	""	https://homosaurus.org/v2/bisexualCommunity||https://homosaurus.org/v2/gayCommunity||https://homosaurus.org/v2/lesbianCommunity||https://homosaurus.org/v2/transgenderCommunity	2019-05-14	2021-09-24	https://homosaurus.org/v2/LGB	""
https://homosaurus.org/v2/LGBTI	LGBTI	LGBTI	""	""	Used only to describe lesbians, gay people, bisexuals, transgender people, and intersex people as a group	""	""	https://homosaurus.org/v2/LGB||https://homosaurus.org/v2/LGBT	https://homosaurus.org/v2/bisexualCommunity||https://homosaurus.org/v2/gayCommunity||https://homosaurus.org/v2/genderExpression||https://homosaurus.org/v2/genderIdentity||https://homosaurus.org/v2/intersex||https://homosaurus.org/v2/intersexMovement||https://homosaurus.org/v2/lesbianCommunity||https://homosaurus.org/v2/sexualMinorities||https://homosaurus.org/v2/transgenderCommunity||https://homosaurus.org/v2/transgenderism	2019-05-14	2021-09-24	https://homosaurus.org/v2/LGBTI	""
https://homosaurus.org/v2/LGBTQ	LGBTQ	LGBTQ	""	""	""	""	https://homosaurus.org/v2/LGBTQ+||https://homosaurus.org/v2/LGBTQFosterFamilies||https://homosaurus.org/v2/LGBTQIA	https://homosaurus.org/v2/LGB||https://homosaurus.org/v2/LGBT	https://homosaurus.org/v2/bisexualCommunity||https://homosaurus.org/v2/gayCommunity||https://homosaurus.org/v2/lesbianCommunity||https://homosaurus.org/v2/queerCommunity||https://homosaurus.org/v2/transgenderCommunity	2019-05-14	2021-09-24	https://homosaurus.org/v2/LGBTQ	""
https://homosaurus.org/v2/LGBTQ+	LGBTQ+	LGBTQ+	""	""	Used only to describe lesbians, gay people, bisexuals, transgender people, queer people, and any emergent variations as a group	""	""	https://homosaurus.org/v2/LGB||https://homosaurus.org/v2/LGBTQ	https://homosaurus.org/v2/asexuality||https://homosaurus.org/v2/bisexualCommunity||https://homosaurus.org/v2/gayCommunity||https://homosaurus.org/v2/intersexMovement||https://homosaurus.org/v2/lesbianCommunity||https://homosaurus.org/v2/queerCommunity||https://homosaurus.org/v2/sexualDiversity||https://homosaurus.org/v2/transgenderCommunity	2019-05-14	2021-09-24	https://homosaurus.org/v2/LGBTQ+	""
https://homosaurus.org/v2/LGBTQActionCampaigns	LGBTQActionCampaigns	LGBTQ action campaigns	""	""	""	""	https://homosaurus.org/v2/LGBTQDirectAction	https://homosaurus.org/v2/LGBTQDemonstrations	""	2019-05-14	2021-09-24	https://homosaurus.org/v2/LGBTQActionCampaigns	""
https://homosaurus.org/v2/LGBTQAdoption	LGBTQAdoption	LGBTQ adoption	""	""	""	""	https://homosaurus.org/v2/LGBTQFamilyPlanning	https://homosaurus.org/v2/LGBTQAdoptiveParenthood||https://homosaurus.org/v2/LGBTQAdoptiveParents||https://homosaurus.org/v2/LGBTQBirthParents||https://homosaurus.org/v2/secondParentAdoption	https://homosaurus.org/v2/adoptiveParenthood||https://homosaurus.org/v2/adoptiveParents||https://homosaurus.org/v2/birthParents||https://homosaurus.org/v2/childCustody||https://homosaurus.org/v2/childrenOfLGBTQPeople||https://homosaurus.org/v2/familiesLGBTQ||https://homosaurus.org/v2/LGBTQAdoptiveFamilies||https://homosaurus.org/v2/LGBTQFosterFamilies||https://homosaurus.org/v2/LGBTQParenthood||https://homosaurus.org/v2/LGBTQPersonalAndFamilyLaw||https://homosaurus.org/v2/parentsLGBTQ	2019-05-14	2021-09-24	https://homosaurus.org/v2/LGBTQAdoption	""
https://homosaurus.org/v2/LGBTQAdoptiveFamilies	LGBTQAdoptiveFamilies	LGBTQ adoptive families	""	""	""	""	https://homosaurus.org/v2/familiesLGBTQ	https://homosaurus.org/v2/LGBTQAdoptiveParenthood	https://homosaurus.org/v2/LGBTQAdoption||https://homosaurus.org/v2/LGBTQAdoptiveParents	2019-05-14	2021-09-24	https://homosaurus.org/v2/LGBTQAdoptiveFamilies	""
https://homosaurus.org/v2/LGBTQAdoptiveParenthood	LGBTQAdoptiveParenthood	LGBTQ adoptive parenthood	""	""	""	""	https://homosaurus.org/v2/LGBTQAdoption||https://homosaurus.org/v2/LGBTQAdoptiveFamilies||https://homosaurus.org/v2/LGBTQParenthood	""	https://homosaurus.org/v2/familiesLGBTQ||https://homosaurus.org/v2/fatherhood||https://homosaurus.org/v2/LGBTQFamilyPlanning||https://homosaurus.org/v2/LGBTQFosterFamilies||https://homosaurus.org/v2/LGBTQFosterParenthood||https://homosaurus.org/v2/LGBTQPersonalAndFamilyLaw||https://homosaurus.org/v2/LGBTQSocialParenthood||https://homosaurus.org/v2/motherhood||https://homosaurus.org/v2/parentsLGBTQ	2019-05-14	2021-09-24	https://homosaurus.org/v2/LGBTQAdoptiveParenthood	""
https://homosaurus.org/v2/LGBTQAdoptiveParents	LGBTQAdoptiveParents	LGBTQ adoptive parents	""	""	""	""	https://homosaurus.org/v2/familiesLGBTQ||https://homosaurus.org/v2/LGBTQAdoption||https://homosaurus.org/v2/LGBTQParenthood||https://homosaurus.org/v2/parentsLGBTQ	""	https://homosaurus.org/v2/adoptiveParents||https://homosaurus.org/v2/birthParents||https://homosaurus.org/v2/LGBTQAdoptiveFamilies||https://homosaurus.org/v2/LGBTQFosterParents	2019-05-14	2021-09-24	https://homosaurus.org/v2/LGBTQAdoptiveParents	""
https://homosaurus.org/v2/LGBTQAfricanReligions	LGBTQAfricanReligions	LGBTQ African religions	""	""	""	""	https://homosaurus.org/v2/LGBTQReligions	""	""	2019-05-14	2021-09-24	https://homosaurus.org/v2/LGBTQAfricanReligions	""
https://homosaurus.org/v2/LGBTQNativeAmericanReligions	LGBTQNativeAmericanReligions	LGBTQ Native American religions	""	LGBTQ American Indian religions	""	""	https://homosaurus.org/v2/LGBTQReligions	""	https://homosaurus.org/v2/nativeAmericansLGBTQ	2019-05-14	2021-09-24	https://homosaurus.org/v2/LGBTQNativeAmericanReligions	""
https://homosaurus.org/v2/LGBTQArtCensorship	LGBTQArtCensorship	LGBTQ art censorship	""	""	""	""	https://homosaurus.org/v2/LGBTQCensorship	""	https://homosaurus.org/v2/LGBTQArts	2019-05-14	2021-09-24	https://homosaurus.org/v2/LGBTQArtCensorship	""
https://homosaurus.org/v2/LGBTQArts	LGBTQArts	LGBTQ arts	""	""	""	""	""	""	https://homosaurus.org/v2/artistsLGBTQ||https://homosaurus.org/v2/drag||https://homosaurus.org/v2/erotica||https://homosaurus.org/v2/LGBTQActors||https://homosaurus.org/v2/LGBTQArtCensorship||https://homosaurus.org/v2/LGBTQChoruses||https://homosaurus.org/v2/LGBTQFilms||https://homosaurus.org/v2/LGBTQMusicians||https://homosaurus.org/v2/LGBTQPlays||https://homosaurus.org/v2/literatureLGBTQ||https://homosaurus.org/v2/theatreLGBTQ	2019-05-14	2021-09-24	https://homosaurus.org/v2/LGBTQArts	""
https://homosaurus.org/v2/LGBTQAsianReligions	LGBTQAsianReligions	LGBTQ Asian religions	""	""	""	""	https://homosaurus.org/v2/LGBTQReligions	https://homosaurus.org/v2/buddhistsLGBTQ||https://homosaurus.org/v2/gayMuslims||https://homosaurus.org/v2/LGBTQConfucianists||https://homosaurus.org/v2/LGBTQHindus||https://homosaurus.org/v2/LGBTQShintoists||https://homosaurus.org/v2/LGBTQTaoists	""	2019-05-14	2021-09-24	https://homosaurus.org/v2/LGBTQAsianReligions	""
https://homosaurus.org/v2/LGBTQAwards	LGBTQAwards	LGBTQ awards	""	""	""	""	""	https://homosaurus.org/v2/LGBTQLiteraryAwards	""	2019-05-14	2021-09-24	https://homosaurus.org/v2/LGBTQAwards	""
https://homosaurus.org/v2/LGBTQBiologicalParents	LGBTQBiologicalParents	LGBTQ biological parents	""	""	""	""	https://homosaurus.org/v2/familiesLGBTQ||https://homosaurus.org/v2/parentsLGBTQ	https://homosaurus.org/v2/biologicalParenthood||https://homosaurus.org/v2/geneticParenthood||https://homosaurus.org/v2/gestationalParenthood	https://homosaurus.org/v2/birthParents||https://homosaurus.org/v2/LGBTQFamilyPlanning||https://homosaurus.org/v2/LGBTQParenthood	2019-05-14	2021-09-24	https://homosaurus.org/v2/LGBTQBiologicalParents	""
https://homosaurus.org/v2/LGBTQBiracialPeople	LGBTQBiracialPeople	LGBTQ biracial people	""	""	""	""	https://homosaurus.org/v2/LGBTQEthnicGroups||https://homosaurus.org/v2/peopleOfColourLGBTQ	""	https://homosaurus.org/v2/LGBTQMultiRacialPeople	2019-05-14	2021-09-24	https://homosaurus.org/v2/LGBTQBiracialPeople	""
https://homosaurus.org/v2/LGBTQBirthParents	LGBTQBirthParents	LGBTQ birth parents	""	""	""	""	https://homosaurus.org/v2/birthParents||https://homosaurus.org/v2/LGBTQAdoption||https://homosaurus.org/v2/parentsLGBTQ	""	https://homosaurus.org/v2/birthParents	2019-05-14	2021-09-24	https://homosaurus.org/v2/LGBTQBirthParents	""
https://homosaurus.org/v2/LGBTQBlindPeople	LGBTQBlindPeople	LGBTQ blind people	""	""	""	""	https://homosaurus.org/v2/LGBTQPeopleWithVisualDisabilities	""	""	2019-05-14	2021-09-24	https://homosaurus.org/v2/LGBTQBlindPeople	""
https://homosaurus.org/v2/LGBTQBlogs	LGBTQBlogs	LGBTQ blogs	""	""	""	""	https://homosaurus.org/v2/blogs||https://homosaurus.org/v2/LGBTQSocialMedia	""	""	2019-05-14	2021-09-24	https://homosaurus.org/v2/LGBTQBlogs	""
https://homosaurus.org/v2/LGBTQBloodDonors	LGBTQBloodDonors	LGBTQ blood donors	""	""	""	""	https://homosaurus.org/v2/donors	""	""	2019-05-14	2021-09-24	https://homosaurus.org/v2/LGBTQBloodDonors	""
https://homosaurus.org/v2/LGBTQBookCensorship	LGBTQBookCensorship	LGBTQ book censorship	""	""	""	""	https://homosaurus.org/v2/LGBTQCensorship	""	https://homosaurus.org/v2/LGBTQBooks||https://homosaurus.org/v2/LGBTQChallengedBooks	2019-05-14	2021-09-24	https://homosaurus.org/v2/LGBTQBookCensorship	""
https://homosaurus.org/v2/LGBTQBookClubs	LGBTQBookClubs	LGBTQ book clubs	""	""	""	""	https://homosaurus.org/v2/LGBTQClubs	""	https://homosaurus.org/v2/LGBTQBooks	2019-05-14	2021-09-24	https://homosaurus.org/v2/LGBTQBookClubs	""
https://homosaurus.org/v2/LGBTQBooks	LGBTQBooks	LGBTQ books	""	""	""	""	""	https://homosaurus.org/v2/LGBTQChallengedBooks	https://homosaurus.org/v2/bookshopsLGBTQ||https://homosaurus.org/v2/LGBTQBookCensorship||https://homosaurus.org/v2/LGBTQBookClubs||https://homosaurus.org/v2/librariesLGBTQ||https://homosaurus.org/v2/literatureLGBTQ||https://homosaurus.org/v2/pressLGBTQ	2019-05-14	2021-09-24	https://homosaurus.org/v2/LGBTQBooks	""
https://homosaurus.org/v2/LGBTQCartoons	LGBTQCartoons	LGBTQ cartoons	""	""	Satirical drawings of someone or something relating to LGBTQ culture	""	https://homosaurus.org/v2/comicsLGBTQ	""	""	2019-05-14	2021-09-24	https://homosaurus.org/v2/LGBTQCartoons	""
https://homosaurus.org/v2/LGBTQCensorship	LGBTQCensorship	LGBTQ censorship	""	""	""	""	https://homosaurus.org/v2/censorship	https://homosaurus.org/v2/LGBTQArtCensorship||https://homosaurus.org/v2/LGBTQBookCensorship||https://homosaurus.org/v2/LGBTQFilmCensorship	""	2019-05-14	2021-09-24	https://homosaurus.org/v2/LGBTQCensorship	""
https://homosaurus.org/v2/LGBTQCentres	LGBTQCentres	LGBTQ centres	""	LGBTQ centers	""	""	""	https://homosaurus.org/v2/communityCentresLGBTQ||https://homosaurus.org/v2/informationCentresLGBTQ||https://homosaurus.org/v2/LGBTQHealthCareCentres||https://homosaurus.org/v2/LGBTQYouthCentres	""	2019-05-14	2021-09-24	https://homosaurus.org/v2/LGBTQCentres	""
https://homosaurus.org/v2/LGBTQChallengedBooks	LGBTQChallengedBooks	LGBTQ challenged books	""	""	LGBTQ books that have been formally requested to be removed from libraries by parents or community members due to the perceived inappropriateness of their content	""	https://homosaurus.org/v2/LGBTQBooks	""	https://homosaurus.org/v2/LGBTQBookCensorship	2019-05-14	2021-09-24	https://homosaurus.org/v2/LGBTQChallengedBooks	""
https://homosaurus.org/v2/LGBTQChatrooms	LGBTQChatrooms	LGBTQ chatrooms	""	""	""	""	https://homosaurus.org/v2/chatrooms||https://homosaurus.org/v2/LGBTQSocialMedia	""	""	2019-05-14	2021-09-24	https://homosaurus.org/v2/LGBTQChatrooms	""
https://homosaurus.org/v2/LGBTQChoruses	LGBTQChoruses	LGBTQ choruses	""	LGBTQ choirs	""	""	""	https://homosaurus.org/v2/gayChoruses||https://homosaurus.org/v2/lesbianChoruses	https://homosaurus.org/v2/LGBTQArts||https://homosaurus.org/v2/LGBTQClubs||https://homosaurus.org/v2/LGBTQMusicians	2019-05-14	2021-09-24	https://homosaurus.org/v2/LGBTQChoruses	""
https://homosaurus.org/v2/LGBTQChosenFamilies	LGBTQChosenFamilies	LGBTQ chosen families	""	""	""	""	https://homosaurus.org/v2/familiesLGBTQ	https://homosaurus.org/v2/ballroomFamilies||https://homosaurus.org/v2/dragFamilies||https://homosaurus.org/v2/leatherFamilies	""	2019-05-14	2021-09-24	https://homosaurus.org/v2/LGBTQChosenFamilies	""
https://homosaurus.org/v2/LGBTQCivilDisobedience	LGBTQCivilDisobedience	LGBTQ civil disobedience	""	""	""	""	https://homosaurus.org/v2/LGBTQDirectAction	""	https://homosaurus.org/v2/arrestsOfLGBTQPeople	2019-05-14	2021-09-24	https://homosaurus.org/v2/LGBTQCivilDisobedience	""
https://homosaurus.org/v2/LGBTQClubs	LGBTQClubs	LGBTQ clubs	""	""	""	""	""	https://homosaurus.org/v2/LGBTQBookClubs||https://homosaurus.org/v2/LGBTQMotorcycleClubs||https://homosaurus.org/v2/LGBTQSportsClubs||https://homosaurus.org/v2/LGBTQStudentsClubs||https://homosaurus.org/v2/sexClubs	https://homosaurus.org/v2/LGBTQChoruses	2019-05-14	2021-09-24	https://homosaurus.org/v2/LGBTQClubs	""
https://homosaurus.org/v2/LGBTQCoFathers	LGBTQCoFathers	LGBTQ co-fathers	""	""	""	""	https://homosaurus.org/v2/fathers||https://homosaurus.org/v2/LGBTQCoParents	""	""	2019-05-14	2021-09-24	https://homosaurus.org/v2/LGBTQCoFathers	""
https://homosaurus.org/v2/LGBTQCoMothers	LGBTQCoMothers	LGBTQ co-mothers	""	""	""	""	https://homosaurus.org/v2/LGBTQCoParents||https://homosaurus.org/v2/mothers	""	""	2019-05-14	2021-09-24	https://homosaurus.org/v2/LGBTQCoMothers	""
https://homosaurus.org/v2/LGBTQCoParenthood	LGBTQCoParenthood	LGBTQ co-parenthood	""	""	""	""	https://homosaurus.org/v2/LGBTQParenthood	""	https://homosaurus.org/v2/LGBTQCoParents	2019-05-14	2021-09-24	https://homosaurus.org/v2/LGBTQCoParenthood	""
https://homosaurus.org/v2/LGBTQCoParents	LGBTQCoParents	LGBTQ co-parents	""	""	""	""	https://homosaurus.org/v2/parentsLGBTQ	https://homosaurus.org/v2/LGBTQCoFathers||https://homosaurus.org/v2/LGBTQCoMothers	https://homosaurus.org/v2/LGBTQCoParenthood	2019-05-14	2021-09-24	https://homosaurus.org/v2/LGBTQCoParents	""
https://homosaurus.org/v2/comicsLGBTQ	comicsLGBTQ	Comics (LGBTQ)	""	""	""	""	https://homosaurus.org/v2/fictionLGBTQ	https://homosaurus.org/v2/LGBTQCartoons||https://homosaurus.org/v2/LGBTQGraphicNovels||https://homosaurus.org/v2/LGBTQMangas||https://homosaurus.org/v2/lesbianComics||https://homosaurus.org/v2/gayComics||https://homosaurus.org/v2/bisexualComics||https://homosaurus.org/v2/transgenderComics||https://homosaurus.org/v2/queerComics	""	2019-05-14	2021-09-24	https://homosaurus.org/v2/comicsLGBTQ	""
https://homosaurus.org/v2/LGBTQCommunes	LGBTQCommunes	LGBTQ communes	""	""	""	""	https://homosaurus.org/v2/communitiesLGBTQ	""	""	2019-05-14	2021-09-24	https://homosaurus.org/v2/LGBTQCommunes	""
https://homosaurus.org/v2/ConceptionByLGBTQPeople	ConceptionByLGBTQPeople	Conception by LGBTQ people	""	""	""	""	https://homosaurus.org/v2/LGBTQFamilyPlanning	https://homosaurus.org/v2/insemination||https://homosaurus.org/v2/inVitroFertilisation||https://homosaurus.org/v2/self-insemination||https://homosaurus.org/v2/surrogacy	https://homosaurus.org/v2/birthParents||https://homosaurus.org/v2/desireToHaveChildren||https://homosaurus.org/v2/donors||https://homosaurus.org/v2/parentsLGBTQ	2019-05-14	2021-09-24	https://homosaurus.org/v2/ConceptionByLGBTQPeople	""
https://homosaurus.org/v2/LGBTQConscientiousObjection	LGBTQConscientiousObjection	LGBTQ conscientious objection	""	""	Use to describe LGBTQ people exercising their right to refuse to perform military service or participate in same-sex marriages on the grounds of freedom of thought, conscience, and/or religion	""	https://homosaurus.org/v2/LGBTQDirectAction	""	https://homosaurus.org/v2/same-sexMarriage	2019-05-14	2021-09-24	https://homosaurus.org/v2/LGBTQConscientiousObjection	""
https://homosaurus.org/v2/LGBTQCruises	LGBTQCruises	LGBTQ cruises	""	""	""	""	https://homosaurus.org/v2/LGBTQTourism	""	""	2019-05-14	2021-09-24	https://homosaurus.org/v2/LGBTQCruises	""
https://homosaurus.org/v2/LGBTQDatingApplications	LGBTQDatingApplications	LGBTQ dating applications	""	""	""	""	https://homosaurus.org/v2/datingApplications||https://homosaurus.org/v2/LGBTQSocialMedia	""	https://homosaurus.org/v2/LGBTQDatingWebsites||https://homosaurus.org/v2/LGBTQMeetingPlaces	2019-05-14	2021-09-24	https://homosaurus.org/v2/LGBTQDatingApplications	""
https://homosaurus.org/v2/LGBTQDatingWebsites	LGBTQDatingWebsites	LGBTQ dating websites	""	""	""	""	https://homosaurus.org/v2/datingWebsites||https://homosaurus.org/v2/LGBTQWebsites	""	https://homosaurus.org/v2/LGBTQDatingApplications||https://homosaurus.org/v2/LGBTQMeetingPlaces	2019-05-14	2021-09-24	https://homosaurus.org/v2/LGBTQDatingWebsites	""
https://homosaurus.org/v2/LGBTQDeathAndDying	LGBTQDeathAndDying	LGBTQ death and dying	""	""	""	""	""	https://homosaurus.org/v2/LGBTQSuicide	https://homosaurus.org/v2/LGBTQDeathNotices||https://homosaurus.org/v2/LGBTQObituaries||https://homosaurus.org/v2/terminalCareAIDS	2019-05-14	2021-09-24	https://homosaurus.org/v2/LGBTQDeathAndDying	""
https://homosaurus.org/v2/LGBTQDeathNotices	LGBTQDeathNotices	LGBTQ death notices	""	LGBTQ death announcements	""	""	""	""	https://homosaurus.org/v2/LGBTQDeathAndDying||https://homosaurus.org/v2/LGBTQObituaries	2019-05-14	2021-09-24	https://homosaurus.org/v2/LGBTQDeathNotices	""
https://homosaurus.org/v2/LGBTQDefamationCampaigns	LGBTQDefamationCampaigns	LGBTQ defamation campaigns	""	LGBTQ smear campaigns	""	""	https://homosaurus.org/v2/persecutionsLGBTQ	""	https://homosaurus.org/v2/hateSpeech	2019-05-14	2021-09-24	https://homosaurus.org/v2/LGBTQDefamationCampaigns	""
https://homosaurus.org/v2/LGBTQDemonstrations	LGBTQDemonstrations	LGBTQ demonstrations	""	LGBTQ political marches||LGBTQ protests||LGBTQ rallies	""	""	https://homosaurus.org/v2/LGBTQActionCampaigns||https://homosaurus.org/v2/LGBTQDirectAction	""	https://homosaurus.org/v2/LGBTQRiots	2019-05-14	2021-09-24	https://homosaurus.org/v2/LGBTQDemonstrations	""
https://homosaurus.org/v2/mysteryAndDetectiveFictionLGBTQ	mysteryAndDetectiveFictionLGBTQ	Mystery and detective fiction (LGBTQ)	""	LGBTQ detective and mystery fiction	""	""	https://homosaurus.org/v2/fictionLGBTQ	https://homosaurus.org/v2/lesbianMysteryAndDectectiveFiction||https://homosaurus.org/v2/gayMysteryAndDetectiveFiction||https://homosaurus.org/v2/bisexualMysteryAndDetectiveFiction||https://homosaurus.org/v2/transgenderMysteryAndDetectiveFiction||https://homosaurus.org/v2/queerMysteryAndDetectiveFiction	""	2019-05-14	2021-09-24	https://homosaurus.org/v2/mysteryAndDetectiveFictionLGBTQ	""
https://homosaurus.org/v2/LGBTQDirectAction	LGBTQDirectAction	LGBTQ direct action	""	""	Use to describe a group of LGBTQ people taking action that is intended to reveal an existing problem, highlight an alternative, or demonstrate a possible solution to a social issue	""	https://homosaurus.org/v2/activismLGBTQ	https://homosaurus.org/v2/LGBTQActionCampaigns||https://homosaurus.org/v2/LGBTQCivilDisobedience||https://homosaurus.org/v2/LGBTQConscientiousObjection||https://homosaurus.org/v2/LGBTQDemonstrations||https://homosaurus.org/v2/LGBTQLobbying||https://homosaurus.org/v2/LGBTQNonviolentResistance||https://homosaurus.org/v2/LGBTQPetitions||https://homosaurus.org/v2/LGBTQSelfDefence||https://homosaurus.org/v2/outing	https://homosaurus.org/v2/LGBTQEvents	2019-05-14	2021-09-24	https://homosaurus.org/v2/LGBTQDirectAction	""
https://homosaurus.org/v2/LGBTQDivorce	LGBTQDivorce	LGBTQ divorce	""	""	""	""	https://homosaurus.org/v2/LGBTQSeparation||https://homosaurus.org/v2/marriage	https://homosaurus.org/v2/sameSexDivorce	https://homosaurus.org/v2/childCustody||https://homosaurus.org/v2/divorcedPeople	2019-05-14	2021-09-24	https://homosaurus.org/v2/LGBTQDivorce	""
https://homosaurus.org/v2/LGBTQDomesticViolence	LGBTQDomesticViolence	LGBTQ domestic violence	""	""	""	""	https://homosaurus.org/v2/antiLGBTQViolence||https://homosaurus.org/v2/sexualViolence	https://homosaurus.org/v2/intimatePartnerViolence	https://homosaurus.org/v2/consent||https://homosaurus.org/v2/LGBTQSexualAbuse||https://homosaurus.org/v2/partnersLGBTQ||https://homosaurus.org/v2/sexualAssault||https://homosaurus.org/v2/significantOthers||https://homosaurus.org/v2/survivorsOfSexualAbuseLGBTQ||https://homosaurus.org/v2/victimsOfSexualAbuseLGBTQ	2019-05-14	2021-09-24	https://homosaurus.org/v2/LGBTQDomesticViolence	""
https://homosaurus.org/v2/LGBTQOlderPeoplesOrganisations	LGBTQOlderPeoplesOrganisations	LGBTQ older people's organisations	""	LGBTQ elder organisations||LGBTQ older people's organizations||LGBTQ older people’s organizations	""	""	""	""	https://homosaurus.org/v2/movementLGBTQ||https://homosaurus.org/v2/olderPeopleLGBTQ	2019-05-14	2021-09-24	https://homosaurus.org/v2/LGBTQOlderPeoplesOrganisations	""
https://homosaurus.org/v2/LGBTQEmancipation	LGBTQEmancipation	LGBTQ emancipation	""	""	Term used to describe efforts to obtain LGBTQ political rights or equality	""	https://homosaurus.org/v2/LGBTQSocialProcesses	""	https://homosaurus.org/v2/gayLiberation	2019-05-14	2021-09-24	https://homosaurus.org/v2/LGBTQEmancipation	""
https://homosaurus.org/v2/LGBTQEmotions	LGBTQEmotions	LGBTQ emotions	""	""	""	""	""	https://homosaurus.org/v2/LGBTQIntimacy||https://homosaurus.org/v2/LGBTQLove	https://homosaurus.org/v2/demisexualPeople||https://homosaurus.org/v2/jealousy||https://homosaurus.org/v2/megasexuality||https://homosaurus.org/v2/megasexualPeople	2019-05-14	2021-09-24	https://homosaurus.org/v2/LGBTQEmotions	""
https://homosaurus.org/v2/eroticLiteratureLGBTQ	eroticLiteratureLGBTQ	Erotic literature (LGBTQ)	""	""	""	""	https://homosaurus.org/v2/erotica||https://homosaurus.org/v2/fictionLGBTQ	https://homosaurus.org/v2/lesbianEroticLiterature||https://homosaurus.org/v2/gayEroticLiterature||https://homosaurus.org/v2/bisexualEroticLiterature||https://homosaurus.org/v2/transgenderEroticLiterature||https://homosaurus.org/v2/queerEroticLiterature	""	2019-05-14	2021-09-24	https://homosaurus.org/v2/eroticLiteratureLGBTQ	""
https://homosaurus.org/v2/LGBTQEthnicGroups	LGBTQEthnicGroups	LGBTQ ethnic groups	""	LGBTQ races	Groups of people who share an identity based on a common nationality, culture, ancestry, language, religion, etc. and who also identify as LGBTQ. Do not use to describe migrants	""	""	https://homosaurus.org/v2/asiansLGBTQ||https://homosaurus.org/v2/blackPeopleLGBTQ||https://homosaurus.org/v2/jewsLGBTQ||https://homosaurus.org/v2/latinxLGBTQ||https://homosaurus.org/v2/LGBTQBiracialPeople||https://homosaurus.org/v2/LGBTQMultiRacialPeople||https://homosaurus.org/v2/LGBTQRoma||https://homosaurus.org/v2/peopleOfColourLGBTQ||https://homosaurus.org/v2/whitePeopleLGBTQ	https://homosaurus.org/v2/intersectionality||https://homosaurus.org/v2/LGBTQIndigenousPeople||https://homosaurus.org/v2/LGBTQMigrants||https://homosaurus.org/v2/socialPrivilege||https://homosaurus.org/v2/undocumentedLGBTQResidents	2019-05-14	2021-09-24	https://homosaurus.org/v2/LGBTQEthnicGroups	""
https://homosaurus.org/v2/LGBTQEvents	LGBTQEvents	LGBTQ events	""	""	""	""	""	https://homosaurus.org/v2/dragBalls||https://homosaurus.org/v2/dykeMarches||https://homosaurus.org/v2/gayPride||https://homosaurus.org/v2/halloween||https://homosaurus.org/v2/lesbianPride||https://homosaurus.org/v2/LGBTQSportingEvents||https://homosaurus.org/v2/transMarches||https://homosaurus.org/v2/womensMusicFestivals	https://homosaurus.org/v2/LGBTQDirectAction||https://homosaurus.org/v2/LGBTQMeetingPlaces	2019-05-14	2021-09-24	https://homosaurus.org/v2/LGBTQEvents	""
https://homosaurus.org/v2/LGBTQVeterans	LGBTQVeterans	LGBTQ veterans	""	LGBTQ ex-military personnel	""	""	https://homosaurus.org/v2/LGBTQPeople	""	https://homosaurus.org/v2/peopleInTheMilitaryLGBTQ	2019-05-14	2021-09-24	https://homosaurus.org/v2/LGBTQVeterans	""
https://homosaurus.org/v2/LGBTQExPartners	LGBTQExPartners	LGBTQ ex-partners	""	""	""	""	https://homosaurus.org/v2/partnersLGBTQ	""	""	2019-05-14	2021-09-24	https://homosaurus.org/v2/LGBTQExPartners	""
https://homosaurus.org/v2/LGBTQFamilyPlanning	LGBTQFamilyPlanning	LGBTQ family planning	""	""	""	""	""	https://homosaurus.org/v2/ConceptionByLGBTQPeople||https://homosaurus.org/v2/LGBTQAdoption	https://homosaurus.org/v2/desireToHaveChildren||https://homosaurus.org/v2/eggDonors||https://homosaurus.org/v2/familiesLGBTQ||https://homosaurus.org/v2/fatherhood||https://homosaurus.org/v2/LGBTQAdoptiveParenthood||https://homosaurus.org/v2/LGBTQBiologicalParents||https://homosaurus.org/v2/LGBTQFosterParenthood||https://homosaurus.org/v2/LGBTQSocialParenthood||https://homosaurus.org/v2/motherhood||https://homosaurus.org/v2/parentsLGBTQ||https://homosaurus.org/v2/spermDonors	2019-05-14	2021-09-24	https://homosaurus.org/v2/LGBTQFamilyPlanning	""
https://homosaurus.org/v2/fantasyFictionLGBTQ	fantasyFictionLGBTQ	Fantasy fiction (LGBTQ)	""	""	Genre that uses magic and other supernatural phenomena as a primary element of plot, theme, and/or setting; use for fantasy fiction focusing on LGBTQ characters or themes	""	https://homosaurus.org/v2/fictionLGBTQ	https://homosaurus.org/v2/lesbianFantasyFiction||https://homosaurus.org/v2/gayFantasyFiction||https://homosaurus.org/v2/bisexualFantasyFiction||https://homosaurus.org/v2/transgenderFantasyFiction||https://homosaurus.org/v2/queerFantasyFiction	https://homosaurus.org/v2/scienceFictionLGBTQ	2019-05-14	2021-09-24	https://homosaurus.org/v2/fantasyFictionLGBTQ	""
https://homosaurus.org/v2/LGBTQFatherhood	LGBTQFatherhood	LGBTQ fatherhood	""	Paternity	""	""	https://homosaurus.org/v2/LGBTQParenthood	""	https://homosaurus.org/v2/fathers	2019-05-14	2021-09-24	https://homosaurus.org/v2/LGBTQFatherhood	""
https://homosaurus.org/v2/LGBTQFilmCensorship	LGBTQFilmCensorship	LGBTQ film censorship	""	""	""	""	https://homosaurus.org/v2/LGBTQCensorship	""	https://homosaurus.org/v2/LGBTQFilms	2019-05-14	2021-09-24	https://homosaurus.org/v2/LGBTQFilmCensorship	""
https://homosaurus.org/v2/LGBTQFilmFestivals	LGBTQFilmFestivals	LGBTQ film festivals	""	""	""	""	""	""	https://homosaurus.org/v2/LGBTQFilms	2019-05-14	2021-09-24	https://homosaurus.org/v2/LGBTQFilmFestivals	""
https://homosaurus.org/v2/LGBTQFilms	LGBTQFilms	LGBTQ films	""	""	""	""	""	""	https://homosaurus.org/v2/charactersLGBTQ||https://homosaurus.org/v2/LGBTQArts||https://homosaurus.org/v2/LGBTQFilmCensorship||https://homosaurus.org/v2/LGBTQFilmFestivals||https://homosaurus.org/v2/pornFilmsLGBTQ	2019-05-14	2021-09-24	https://homosaurus.org/v2/LGBTQFilms	""
https://homosaurus.org/v2/LGBTQFosterFamilies	LGBTQFosterFamilies	LGBTQ foster families	""	""	""	""	https://homosaurus.org/v2/familiesLGBTQ	https://homosaurus.org/v2/LGBTQ||https://homosaurus.org/v2/LGBTQFosterParents	https://homosaurus.org/v2/childCustody||https://homosaurus.org/v2/LGBTQAdoption||https://homosaurus.org/v2/LGBTQAdoptiveParenthood||https://homosaurus.org/v2/LGBTQParenthood||https://homosaurus.org/v2/parentsLGBTQ	2019-05-14	2021-09-24	https://homosaurus.org/v2/LGBTQFosterFamilies	""
https://homosaurus.org/v2/LGBTQFosterParenthood	LGBTQFosterParenthood	LGBTQ foster parenthood	""	""	""	""	https://homosaurus.org/v2/LGBTQParenthood	""	https://homosaurus.org/v2/familiesLGBTQ||https://homosaurus.org/v2/fatherhood||https://homosaurus.org/v2/LGBTQAdoptiveParenthood||https://homosaurus.org/v2/LGBTQFamilyPlanning||https://homosaurus.org/v2/LGBTQSocialParenthood||https://homosaurus.org/v2/motherhood	2019-05-14	2021-09-24	https://homosaurus.org/v2/LGBTQFosterParenthood	""
https://homosaurus.org/v2/LGBTQFosterParents	LGBTQFosterParents	LGBTQ foster parents	""	""	""	""	https://homosaurus.org/v2/familiesLGBTQ||https://homosaurus.org/v2/LGBTQFosterFamilies||https://homosaurus.org/v2/parentsLGBTQ	""	https://homosaurus.org/v2/LGBTQAdoptiveParents	2019-05-14	2021-09-24	https://homosaurus.org/v2/LGBTQFosterParents	""
https://homosaurus.org/v2/LGBTQFriendliness	LGBTQFriendliness	LGBTQ friendliness	""	""	Places, policies, people, or institutions that are open and welcoming to LGBTQ people	""	""	""	https://homosaurus.org/v2/allies||https://homosaurus.org/v2/gay-straightAlliances||https://homosaurus.org/v2/pinkwashing	2019-05-14	2021-09-24	https://homosaurus.org/v2/LGBTQFriendliness	""
https://homosaurus.org/v2/LGBTQGraphicNovels	LGBTQGraphicNovels	LGBTQ graphic novels	""	""	""	""	https://homosaurus.org/v2/comicsLGBTQ||https://homosaurus.org/v2/fictionLGBTQ	""	""	2019-05-14	2021-09-24	https://homosaurus.org/v2/LGBTQGraphicNovels	""
https://homosaurus.org/v2/LGBTQRoma	LGBTQRoma	LGBTQ Roma	""	LGBTQ Gypsies||LGBTQ Roma and sinti||LGBTQ Romani||LGBTQ Sinti||Roma (LGBTQ)||LGBTQ Roma and Sinti	""	""	https://homosaurus.org/v2/LGBTQEthnicGroups	""	""	2019-05-14	2021-09-24	https://homosaurus.org/v2/LGBTQRoma	""
https://homosaurus.org/v2/LGBTQHealthCareCentres	LGBTQHealthCareCentres	LGBTQ health care centres	""	""	""	""	https://homosaurus.org/v2/LGBTQCentres	""	https://homosaurus.org/v2/healthCareForLGBTQPeople	2019-05-14	2021-09-24	https://homosaurus.org/v2/LGBTQHealthCareCentres	""
https://homosaurus.org/v2/LGBTQHealthEducation	LGBTQHealthEducation	LGBTQ health education	""	""	""	""	https://homosaurus.org/v2/informationProvision	""	""	2019-05-14	2021-09-24	https://homosaurus.org/v2/LGBTQHealthEducation	""
https://homosaurus.org/v2/LGBTQHistoricalTerms	LGBTQHistoricalTerms	LGBTQ historical terms	""	""	Historical terms for LGBTQ people, identities, and practices that are now considered outdated and/or offensive	""	""	https://homosaurus.org/v2/banjees||https://homosaurus.org/v2/berdache||https://homosaurus.org/v2/clonesGayMen||https://homosaurus.org/v2/dandies||https://homosaurus.org/v2/eonism||https://homosaurus.org/v2/eonistPeople||https://homosaurus.org/v2/faggots||https://homosaurus.org/v2/fricatrices||https://homosaurus.org/v2/FtMs||https://homosaurus.org/v2/homophiles||https://homosaurus.org/v2/homosexuals||https://homosaurus.org/v2/inverts||https://homosaurus.org/v2/MtFs||https://homosaurus.org/v2/pederasts||https://homosaurus.org/v2/pederasty||https://homosaurus.org/v2/seaQueens||https://homosaurus.org/v2/sexualInversion||https://homosaurus.org/v2/sodomites||https://homosaurus.org/v2/sodomy||https://homosaurus.org/v2/transvestites||https://homosaurus.org/v2/tribades||https://homosaurus.org/v2/uranians||https://homosaurus.org/v2/uranism	https://homosaurus.org/v2/bostonMarriages	2019-05-14	2021-09-24	https://homosaurus.org/v2/LGBTQHistoricalTerms	""
https://homosaurus.org/v2/LGBTQHomelessPeople	LGBTQHomelessPeople	LGBTQ homeless people	""	LGBTQ street people||LGBTQ tramps||LGBTQ unhoused people	""	""	https://homosaurus.org/v2/LGBTQPeople	https://homosaurus.org/v2/LGBTQHomelessYouth	""	2019-05-14	2021-09-24	https://homosaurus.org/v2/LGBTQHomelessPeople	""
https://homosaurus.org/v2/LGBTQHomelessYouth	LGBTQHomelessYouth	LGBTQ homeless youth	""	""	""	""	https://homosaurus.org/v2/LGBTQHomelessPeople||https://homosaurus.org/v2/youthLGBTQ	""	""	2019-05-14	2021-09-24	https://homosaurus.org/v2/LGBTQHomelessYouth	""
https://homosaurus.org/v2/LGBTQHotels	LGBTQHotels	LGBTQ hotels	""	""	""	""	""	https://homosaurus.org/v2/LGBTQResorts	https://homosaurus.org/v2/LGBTQTourism	2019-05-14	2021-09-24	https://homosaurus.org/v2/LGBTQHotels	""
https://homosaurus.org/v2/LGBTQIA	LGBTQIA	LGBTQIA	""	""	Used only to describe lesbians, gay people, bisexuals, transgender people, queer people, intersexual people, and asexual people as a group	""	""	https://homosaurus.org/v2/LGB||https://homosaurus.org/v2/LGBTQ	https://homosaurus.org/v2/asexuality||https://homosaurus.org/v2/bisexualCommunity||https://homosaurus.org/v2/gayCommunity||https://homosaurus.org/v2/intersexMovement||https://homosaurus.org/v2/lesbianCommunity||https://homosaurus.org/v2/queerCommunity||https://homosaurus.org/v2/transgenderCommunity	2019-05-14	2021-09-24	https://homosaurus.org/v2/LGBTQIA	""
https://homosaurus.org/v2/LGBTQImmigrationRights	LGBTQImmigrationRights	LGBTQ immigration rights	""	""	""	""	https://homosaurus.org/v2/legalStatus	""	https://homosaurus.org/v2/detentionOfLGBTQPeople||https://homosaurus.org/v2/LGBTQRefugees||https://homosaurus.org/v2/officialDocumentation||https://homosaurus.org/v2/passports||https://homosaurus.org/v2/undocumentedLGBTQResidents	2019-05-14	2021-09-24	https://homosaurus.org/v2/LGBTQImmigrationRights	""
https://homosaurus.org/v2/LGBTQImprisonment	LGBTQImprisonment	LGBTQ imprisonment	""	""	""	""	https://homosaurus.org/v2/detentionOfLGBTQPeople	""	https://homosaurus.org/v2/LGBTQPrisoners	2019-05-14	2021-09-24	https://homosaurus.org/v2/LGBTQImprisonment	""
https://homosaurus.org/v2/LGBTQIncestVictims	LGBTQIncestVictims	LGBTQ incest victims	""	LGBTQ victims of incest	""	""	https://homosaurus.org/v2/victimsOfSexualAbuseLGBTQ	""	""	2019-05-14	2021-09-24	https://homosaurus.org/v2/LGBTQIncestVictims	""
https://homosaurus.org/v2/LGBTQIndigenousPeople	LGBTQIndigenousPeople	LGBTQ indigenous people	""	LGBTQ native people	""	""	https://homosaurus.org/v2/peopleOfColourLGBTQ	https://homosaurus.org/v2/LGBTQAboriginalPeople||https://homosaurus.org/v2/LGBTQInuit||https://homosaurus.org/v2/LGBTQPapuans||https://homosaurus.org/v2/nativeAmericansLGBTQ||https://homosaurus.org/v2/takatapui	https://homosaurus.org/v2/LGBTQEthnicGroups||https://homosaurus.org/v2/ritualHomosexuality||https://homosaurus.org/v2/two-spiritPeople	2019-05-14	2021-09-24	https://homosaurus.org/v2/LGBTQIndigenousPeople	""
https://homosaurus.org/v2/LGBTQPrisoners	LGBTQPrisoners	LGBTQ prisoners	""	LGBTQ inmates||Prisoners (LGBTQ)	""	""	https://homosaurus.org/v2/LGBTQPeople	https://homosaurus.org/v2/LGBTQPrisonersOfConscience	https://homosaurus.org/v2/detentionOfLGBTQPeople||https://homosaurus.org/v2/LGBTQImprisonment	2019-05-14	2021-09-24	https://homosaurus.org/v2/LGBTQPrisoners	""
https://homosaurus.org/v2/LGBTQInternetForums	LGBTQInternetForums	LGBTQ Internet forums	""	""	""	""	https://homosaurus.org/v2/internetForums||https://homosaurus.org/v2/LGBTQSocialMedia	""	""	2019-05-14	2021-09-24	https://homosaurus.org/v2/LGBTQInternetForums	""
https://homosaurus.org/v2/LGBTQIntimacy	LGBTQIntimacy	LGBTQ intimacy	""	""	""	""	https://homosaurus.org/v2/LGBTQEmotions	""	""	2019-05-14	2021-09-24	https://homosaurus.org/v2/LGBTQIntimacy	""
https://homosaurus.org/v2/LGBTQJudaism	LGBTQJudaism	LGBTQ Judaism	""	""	Jewish religion and culture as practiced by LGBTQ people	""	https://homosaurus.org/v2/LGBTQReligions	https://homosaurus.org/v2/androgynos	https://homosaurus.org/v2/jewsLGBTQ	2019-05-14	2021-09-24	https://homosaurus.org/v2/LGBTQJudaism	""
https://homosaurus.org/v2/LGBTQLiteraryAwards	LGBTQLiteraryAwards	LGBTQ literary awards	""	""	""	""	https://homosaurus.org/v2/LGBTQAwards	""	https://homosaurus.org/v2/literatureLGBTQ	2019-05-14	2021-09-24	https://homosaurus.org/v2/LGBTQLiteraryAwards	""
https://homosaurus.org/v2/LGBTQLiterarySalons	LGBTQLiterarySalons	LGBTQ literary salons	""	""	""	""	""	""	https://homosaurus.org/v2/LGBTQNightLife||https://homosaurus.org/v2/literatureLGBTQ	2019-05-14	2021-09-24	https://homosaurus.org/v2/LGBTQLiterarySalons	""
https://homosaurus.org/v2/LGBTQLobbying	LGBTQLobbying	LGBTQ lobbying	""	""	""	""	https://homosaurus.org/v2/LGBTQDirectAction	""	https://homosaurus.org/v2/law	2019-05-14	2021-09-24	https://homosaurus.org/v2/LGBTQLobbying	""
https://homosaurus.org/v2/LGBTQLove	LGBTQLove	LGBTQ love	""	""	""	""	https://homosaurus.org/v2/LGBTQEmotions	https://homosaurus.org/v2/beingInLove||https://homosaurus.org/v2/LGBTQPlatonicLove||https://homosaurus.org/v2/LGBTQUnrequitedLove	https://homosaurus.org/v2/loveTriangles||https://homosaurus.org/v2/relationshipsLGBTQ	2019-05-14	2021-09-24	https://homosaurus.org/v2/LGBTQLove	""
https://homosaurus.org/v2/LGBTQLovers	LGBTQLovers	LGBTQ lovers	""	Lovers (LGBTQ)	Refers to LGBTQ people engaging in sexual or romantic relationships with other people; typically used to describe people who are not married	""	https://homosaurus.org/v2/LGBTQPeople	""	https://homosaurus.org/v2/fuckBuddies||https://homosaurus.org/v2/partnersLGBTQ||https://homosaurus.org/v2/sexualRelationships||https://homosaurus.org/v2/significantOthers	2019-05-14	2021-09-24	https://homosaurus.org/v2/LGBTQLovers	""
https://homosaurus.org/v2/LGBTQMagazines	LGBTQMagazines	LGBTQ magazines	""	""	""	""	https://homosaurus.org/v2/pressLGBTQ	""	https://homosaurus.org/v2/bisexualPress||https://homosaurus.org/v2/gayPress||https://homosaurus.org/v2/lesbianPress||https://homosaurus.org/v2/LGBTQZines||https://homosaurus.org/v2/newslettersLGBTQ||https://homosaurus.org/v2/newspapersLGBTQ||https://homosaurus.org/v2/transgenderPress	2019-05-14	2021-09-24	https://homosaurus.org/v2/LGBTQMagazines	""
https://homosaurus.org/v2/LGBTQMangas	LGBTQMangas	LGBTQ manga	""	""	Japanese comics or graphic novels focused on LGBTQ people or themes	""	https://homosaurus.org/v2/comicsLGBTQ	""	""	2019-05-14	2021-09-24	https://homosaurus.org/v2/LGBTQMangas	""
https://homosaurus.org/v2/takatapui	takatapui	Takatāpui	""	LGBTQ Māoris||Māoris (LGBTQ)||LGBTQ Māori||Māori LGBTQ	""	""	https://homosaurus.org/v2/LGBTQIndigenousPeople||https://homosaurus.org/v2/culturallySpecificGenderIdentities||https://homosaurus.org/v2/sexualMinorities	""	""	2019-05-14	2021-09-24	https://homosaurus.org/v2/takatapui	""
https://homosaurus.org/v2/LGBTQMarketing	LGBTQMarketing	LGBTQ marketing	""	""	Marketing to LGBTQ customers	""	""	""	https://homosaurus.org/v2/pinkwashing	2019-05-14	2021-09-24	https://homosaurus.org/v2/LGBTQMarketing	""
https://homosaurus.org/v2/LGBTQMeetingPlaces	LGBTQMeetingPlaces	LGBTQ meeting places	""	""	""	""	""	""	https://homosaurus.org/v2/barsLGBTQ||https://homosaurus.org/v2/beachesLGBTQ||https://homosaurus.org/v2/communityCentresLGBTQ||https://homosaurus.org/v2/cruising||https://homosaurus.org/v2/LGBTQDatingApplications||https://homosaurus.org/v2/LGBTQDatingWebsites||https://homosaurus.org/v2/LGBTQEvents||https://homosaurus.org/v2/LGBTQNightLife||https://homosaurus.org/v2/LGBTQSocialMedia||https://homosaurus.org/v2/publicSex||https://homosaurus.org/v2/sexLocations	2019-05-14	2021-09-24	https://homosaurus.org/v2/LGBTQMeetingPlaces	""
https://homosaurus.org/v2/LGBTQMemorials	LGBTQMemorials	LGBTQ memorials	""	""	""	""	""	https://homosaurus.org/v2/transgenderDayOfRemembrance	https://homosaurus.org/v2/AIDSMemorialQuilts||https://homosaurus.org/v2/AIDSMemorials||https://homosaurus.org/v2/homomonuments	2019-05-14	2021-09-24	https://homosaurus.org/v2/LGBTQMemorials	""
https://homosaurus.org/v2/LGBTQMigrants	LGBTQMigrants	LGBTQ migrants	""	Migrants (LGBTQ)	""	""	https://homosaurus.org/v2/LGBTQPeople	https://homosaurus.org/v2/LGBTQRefugees||https://homosaurus.org/v2/undocumentedLGBTQResidents	https://homosaurus.org/v2/LGBTQEthnicGroups	2019-05-14	2021-09-24	https://homosaurus.org/v2/LGBTQMigrants	""
https://homosaurus.org/v2/LGBTQMultiRacialPeople	LGBTQMultiRacialPeople	LGBTQ multi-racial people	""	LGBTQ mixed-race people	""	""	https://homosaurus.org/v2/LGBTQEthnicGroups||https://homosaurus.org/v2/peopleOfColourLGBTQ	""	https://homosaurus.org/v2/intersectionality||https://homosaurus.org/v2/LGBTQBiracialPeople	2019-05-14	2021-09-24	https://homosaurus.org/v2/LGBTQMultiRacialPeople	""
https://homosaurus.org/v2/LGBTQMormons	LGBTQMormons	LGBTQ Mormons	""	Mormons (LGBTQ)	""	""	https://homosaurus.org/v2/christiansLGBTQ	""	""	2019-05-14	2021-09-24	https://homosaurus.org/v2/LGBTQMormons	""
https://homosaurus.org/v2/LGBTQMotherhood	LGBTQMotherhood	LGBTQ motherhood	""	Maternity	""	""	https://homosaurus.org/v2/LGBTQParenthood	""	https://homosaurus.org/v2/motherhood||https://homosaurus.org/v2/mothers	2019-05-14	2021-09-24	https://homosaurus.org/v2/LGBTQMotherhood	""
https://homosaurus.org/v2/LGBTQMotorcycleClubs	LGBTQMotorcycleClubs	LGBTQ motorcycle clubs	""	""	""	""	https://homosaurus.org/v2/LGBTQClubs	""	https://homosaurus.org/v2/dykesOnBikes	2019-05-14	2021-09-24	https://homosaurus.org/v2/LGBTQMotorcycleClubs	""
https://homosaurus.org/v2/LGBTQMuseums	LGBTQMuseums	LGBTQ museums	""	""	""	""	""	https://homosaurus.org/v2/gayMuseums||https://homosaurus.org/v2/lesbianMuseums	""	2019-05-14	2021-09-24	https://homosaurus.org/v2/LGBTQMuseums	""
https://homosaurus.org/v2/LGBTQMusicians	LGBTQMusicians	LGBTQ musicians	""	Musicians (LGBTQ)	""	""	https://homosaurus.org/v2/LGBTQPeople	""	https://homosaurus.org/v2/LGBTQArts||https://homosaurus.org/v2/LGBTQChoruses	2019-05-14	2021-09-24	https://homosaurus.org/v2/LGBTQMusicians	""
https://homosaurus.org/v2/LGBTQNightLife	LGBTQNightLife	LGBTQ night life	""	""	""	""	""	https://homosaurus.org/v2/gayDiscos||https://homosaurus.org/v2/gaySaunas	https://homosaurus.org/v2/barsLGBTQ||https://homosaurus.org/v2/LGBTQLiterarySalons||https://homosaurus.org/v2/LGBTQMeetingPlaces||https://homosaurus.org/v2/LGBTQRestaurants	2019-05-14	2021-09-24	https://homosaurus.org/v2/LGBTQNightLife	""
https://homosaurus.org/v2/LGBTQNonviolentResistance	LGBTQNonviolentResistance	LGBTQ nonviolent resistance	""	""	""	""	https://homosaurus.org/v2/LGBTQDirectAction	""	""	2019-05-14	2021-09-24	https://homosaurus.org/v2/LGBTQNonviolentResistance	""
https://homosaurus.org/v2/LGBTQObituaries	LGBTQObituaries	LGBTQ obituaries	""	""	""	""	https://homosaurus.org/v2/newspapersLGBTQ	""	https://homosaurus.org/v2/LGBTQDeathAndDying||https://homosaurus.org/v2/LGBTQDeathNotices	2019-05-14	2021-09-24	https://homosaurus.org/v2/LGBTQObituaries	""
https://homosaurus.org/v2/LGBTQOldCatholicChurch	LGBTQOldCatholicChurch	LGBTQ Old Catholic Church	""	""	LGBT members or congregations of the anti-papal-primacy Christian denomination that originated with groups that split from the Holy See because they disagreed with essential doctrines	""	https://homosaurus.org/v2/christiansLGBTQ	""	""	2019-05-14	2021-09-24	https://homosaurus.org/v2/LGBTQOldCatholicChurch	""
https://homosaurus.org/v2/LGBTQPapuans	LGBTQPapuans	LGBTQ Papuans	""	Papuans (LGBTQ)	""	""	https://homosaurus.org/v2/LGBTQIndigenousPeople	""	""	2019-05-14	2021-09-24	https://homosaurus.org/v2/LGBTQPapuans	""
https://homosaurus.org/v2/LGBTQParenthood	LGBTQParenthood	LGBTQ parenthood	""	Parenting	""	""	""	https://homosaurus.org/v2/adoptiveParenthood||https://homosaurus.org/v2/biologicalParenthood||https://homosaurus.org/v2/LGBTQAdoptiveParenthood||https://homosaurus.org/v2/LGBTQAdoptiveParents||https://homosaurus.org/v2/LGBTQCoParenthood||https://homosaurus.org/v2/LGBTQFatherhood||https://homosaurus.org/v2/LGBTQFosterParenthood||https://homosaurus.org/v2/LGBTQMotherhood||https://homosaurus.org/v2/LGBTQSocialParenthood	https://homosaurus.org/v2/desireToHaveChildren||https://homosaurus.org/v2/familiesLGBTQ||https://homosaurus.org/v2/fatherhood||https://homosaurus.org/v2/geneticParenthood||https://homosaurus.org/v2/LGBTQAdoption||https://homosaurus.org/v2/LGBTQBiologicalParents||https://homosaurus.org/v2/LGBTQFosterFamilies||https://homosaurus.org/v2/motherhood||https://homosaurus.org/v2/parentalRights||https://homosaurus.org/v2/parentsLGBTQ	2019-05-14	2021-09-24	https://homosaurus.org/v2/LGBTQParenthood	""
https://homosaurus.org/v2/LGBTQPeople	LGBTQPeople	LGBTQ people	""	Gays	""	""	""	https://homosaurus.org/v2/activistsLGBTQ||https://homosaurus.org/v2/artistsLGBTQ||https://homosaurus.org/v2/atheistsLGBTQ||https://homosaurus.org/v2/bi+People||https://homosaurus.org/v2/bisexualPeople||https://homosaurus.org/v2/gayMen||https://homosaurus.org/v2/lesbians||https://homosaurus.org/v2/LGBTQActors||https://homosaurus.org/v2/LGBTQHomelessPeople||https://homosaurus.org/v2/LGBTQLovers||https://homosaurus.org/v2/LGBTQMigrants||https://homosaurus.org/v2/LGBTQMusicians||https://homosaurus.org/v2/LGBTQPeopleWithPhysicalDisabilities||https://homosaurus.org/v2/LGBTQPrisoners||https://homosaurus.org/v2/LGBTQVeterans||https://homosaurus.org/v2/LGBTQVictimsOfCrime||https://homosaurus.org/v2/menWhoHaveSexWithMen||https://homosaurus.org/v2/olderPeopleLGBTQ||https://homosaurus.org/v2/pansexualPeople||https://homosaurus.org/v2/queerPeople||https://homosaurus.org/v2/survivorsOfWarLGBTQ||https://homosaurus.org/v2/transgenderPeople||https://homosaurus.org/v2/victimsOfWarLGBTQ||https://homosaurus.org/v2/womenWhoHaveSexWithWomen||https://homosaurus.org/v2/LGBTQPartnersOfAlcoholics||https://homosaurus.org/v2/LGBTQPeopleInAdultChildrenOfAlcoholics||https://homosaurus.org/v2/LGBTQPeopleInAlAnon||https://homosaurus.org/v2/LGBTQPeopleInAlcoholicsAnonymous||https://homosaurus.org/v2/LGBTQPeopleInCocaineAnonymous||https://homosaurus.org/v2/LGBTQPeopleInCrystalMethAnonymous||https://homosaurus.org/v2/LGBTQPeopleInNarcoticsAnonymous||https://homosaurus.org/v2/LGBTQPeopleInRecovery	https://homosaurus.org/v2/sexualMinorities	2019-05-14	2021-09-24	https://homosaurus.org/v2/LGBTQPeople	""
https://homosaurus.org/v2/LGBTQPeopleWithPhysicalDisabilities	LGBTQPeopleWithPhysicalDisabilities	LGBTQ people with physical disabilities	""	People with physical disabilities (LGBTQ)	""	""	https://homosaurus.org/v2/LGBTQPeople	https://homosaurus.org/v2/LGBTQDeafPeople||https://homosaurus.org/v2/LGBTQPeopleWithVisualDisabilities	""	2019-05-14	2021-09-24	https://homosaurus.org/v2/LGBTQPeopleWithPhysicalDisabilities	""
https://homosaurus.org/v2/LGBTQPeopleWithVisualDisabilities	LGBTQPeopleWithVisualDisabilities	LGBTQ people with visual disabilities	""	LGBTQ people with visual impairments||People with visual disabilities (LGBTQ)||Visually disabled LGBTQ people	""	""	https://homosaurus.org/v2/LGBTQPeopleWithPhysicalDisabilities	https://homosaurus.org/v2/LGBTQBlindPeople	""	2019-05-14	2021-09-24	https://homosaurus.org/v2/LGBTQPeopleWithVisualDisabilities	""
https://homosaurus.org/v2/LGBTQPersonalAndFamilyLaw	LGBTQPersonalAndFamilyLaw	LGBTQ personal and family law	""	""	Legal regulations and laws addressing changes to LGBTQ people’s legal names or gender markers, as well as LGBTQ people’s family relationships, including cohabitation, marriage, adoption, parent-child relationships, divorce, and child custody	""	https://homosaurus.org/v2/law	https://homosaurus.org/v2/legalName||https://homosaurus.org/v2/legalNameChange||https://homosaurus.org/v2/marriageLaw	https://homosaurus.org/v2/birthCertificateAmendments||https://homosaurus.org/v2/childCustody||https://homosaurus.org/v2/civilUnions||https://homosaurus.org/v2/domesticPartnershipContracts||https://homosaurus.org/v2/domesticPartnershipRetirementBenefits||https://homosaurus.org/v2/donors||https://homosaurus.org/v2/intimatePartnerViolence||https://homosaurus.org/v2/LGBTQAdoption||https://homosaurus.org/v2/LGBTQAdoptiveParenthood||https://homosaurus.org/v2/officialDocumentation||https://homosaurus.org/v2/parentalRights||https://homosaurus.org/v2/secondParentAdoption	2019-05-14	2021-09-24	https://homosaurus.org/v2/LGBTQPersonalAndFamilyLaw	""
https://homosaurus.org/v2/LGBTQPetitions	LGBTQPetitions	LGBTQ petitions	""	""	""	""	https://homosaurus.org/v2/LGBTQDirectAction	""	""	2019-05-14	2021-09-24	https://homosaurus.org/v2/LGBTQPetitions	""
https://homosaurus.org/v2/LGBTQPhobia	LGBTQPhobia	LGBTQ phobia	""	""	""	""	""	https://homosaurus.org/v2/biphobia||https://homosaurus.org/v2/genderism||https://homosaurus.org/v2/homophobia||https://homosaurus.org/v2/lesbophobia||https://homosaurus.org/v2/queerphobia||https://homosaurus.org/v2/transphobia	https://homosaurus.org/v2/AIDSPhobia||https://homosaurus.org/v2/bullying||https://homosaurus.org/v2/intersexphobia	2019-05-14	2021-09-24	https://homosaurus.org/v2/LGBTQPhobia	""
https://homosaurus.org/v2/LGBTQPlatonicLove	LGBTQPlatonicLove	LGBTQ platonic love	""	""	""	""	https://homosaurus.org/v2/LGBTQLove	""	""	2019-05-14	2021-09-24	https://homosaurus.org/v2/LGBTQPlatonicLove	""
https://homosaurus.org/v2/LGBTQPlays	LGBTQPlays	LGBTQ plays	""	LGBTQ stage performances	""	""	""	""	https://homosaurus.org/v2/dramaLGBTQ||https://homosaurus.org/v2/gayTheatre||https://homosaurus.org/v2/lesbianTheatre||https://homosaurus.org/v2/LGBTQArts	2019-05-14	2021-09-24	https://homosaurus.org/v2/LGBTQPlays	""
https://homosaurus.org/v2/LGBTQPornMagazines	LGBTQPornMagazines	LGBTQ porn magazines	""	""	""	""	https://homosaurus.org/v2/pressLGBTQ	""	https://homosaurus.org/v2/pornIndustry||https://homosaurus.org/v2/pornography	2019-05-14	2021-09-24	https://homosaurus.org/v2/LGBTQPornMagazines	""
https://homosaurus.org/v2/LGBTQPrisonersOfConscience	LGBTQPrisonersOfConscience	LGBTQ prisoners of conscience	""	Prisoners of conscience (LGBTQ)	""	""	https://homosaurus.org/v2/LGBTQPrisoners	""	""	2019-05-14	2021-09-24	https://homosaurus.org/v2/LGBTQPrisonersOfConscience	""
https://homosaurus.org/v2/LGBTQPubs	LGBTQPubs	LGBTQ pubs	""	LGBTQ public houses	""	""	""	""	https://homosaurus.org/v2/barsLGBTQ||https://homosaurus.org/v2/dragBars||https://homosaurus.org/v2/gayBars||https://homosaurus.org/v2/lesbianBars	2019-05-14	2021-09-24	https://homosaurus.org/v2/LGBTQPubs	""
https://homosaurus.org/v2/LGBTQQuakers	LGBTQQuakers	LGBTQ Quakers	""	LGBTQ Religious Society of Friends||LGBTQ Society of Friends||Quakers (LGBTQ)	""	""	https://homosaurus.org/v2/protestantsLGBTQ	""	""	2019-05-14	2021-09-24	https://homosaurus.org/v2/LGBTQQuakers	""
https://homosaurus.org/v2/LGBTQRefugees	LGBTQRefugees	LGBTQ refugees	""	Refugees (LGBTQ)	""	""	https://homosaurus.org/v2/LGBTQMigrants||https://homosaurus.org/v2/undocumentedLGBTQResidents	""	https://homosaurus.org/v2/legalStatus||https://homosaurus.org/v2/LGBTQImmigrationRights||https://homosaurus.org/v2/persecutionsLGBTQ	2019-05-14	2021-09-24	https://homosaurus.org/v2/LGBTQRefugees	""
https://homosaurus.org/v2/LGBTQReligions	LGBTQReligions	LGBTQ religions	""	""	""	""	""	https://homosaurus.org/v2/christiansLGBTQ||https://homosaurus.org/v2/LGBTQAfricanReligions||https://homosaurus.org/v2/LGBTQAsianReligions||https://homosaurus.org/v2/LGBTQJudaism||https://homosaurus.org/v2/LGBTQNativeAmericanReligions||https://homosaurus.org/v2/LGBTQShamans||https://homosaurus.org/v2/muslimsLGBTQ	https://homosaurus.org/v2/atheistsLGBTQ||https://homosaurus.org/v2/LGBTQSpirituality||https://homosaurus.org/v2/pagansLGBTQ||https://homosaurus.org/v2/theologyLGBTQ	2019-05-14	2021-09-24	https://homosaurus.org/v2/LGBTQReligions	""
https://homosaurus.org/v2/LGBTQResorts	LGBTQResorts	LGBTQ resorts	""	""	""	""	https://homosaurus.org/v2/LGBTQHotels	""	""	2019-05-14	2021-09-24	https://homosaurus.org/v2/LGBTQResorts	""
https://homosaurus.org/v2/LGBTQRestaurants	LGBTQRestaurants	LGBTQ restaurants	""	""	""	""	""	""	https://homosaurus.org/v2/LGBTQNightLife||https://homosaurus.org/v2/LGBTQTourism	2019-05-14	2021-09-24	https://homosaurus.org/v2/LGBTQRestaurants	""
https://homosaurus.org/v2/LGBTQRetirementHomes	LGBTQRetirementHomes	LGBTQ retirement homes	""	""	""	""	""	""	https://homosaurus.org/v2/olderPeopleLGBTQ	2019-05-14	2021-09-24	https://homosaurus.org/v2/LGBTQRetirementHomes	""
https://homosaurus.org/v2/LGBTQRiots	LGBTQRiots	LGBTQ riots	""	""	""	""	""	https://homosaurus.org/v2/stonewallRiots	https://homosaurus.org/v2/LGBTQDemonstrations	2019-05-14	2021-09-24	https://homosaurus.org/v2/LGBTQRiots	""
https://homosaurus.org/v2/schoolsForLGBTQYouth	schoolsForLGBTQYouth	Schools for LGBTQ youth	""	LGBTQ schools	""	""	""	""	https://homosaurus.org/v2/youthLGBTQ	2019-05-14	2021-09-24	https://homosaurus.org/v2/schoolsForLGBTQYouth	""
https://homosaurus.org/v2/scienceFictionLGBTQ	scienceFictionLGBTQ	Science fiction (LGBTQ)	""	""	""	""	https://homosaurus.org/v2/fictionLGBTQ	https://homosaurus.org/v2/lesbianScienceFiction||https://homosaurus.org/v2/gayScienceFiction||https://homosaurus.org/v2/bisexualScienceFiction||https://homosaurus.org/v2/transgenderScienceFiction||https://homosaurus.org/v2/queerScienceFiction	https://homosaurus.org/v2/fantasyFictionLGBTQ	2019-05-14	2021-09-24	https://homosaurus.org/v2/scienceFictionLGBTQ	""
https://homosaurus.org/v2/LGBTQSelfDefence	LGBTQSelfDefence	LGBTQ self-defence	""	""	""	""	https://homosaurus.org/v2/LGBTQDirectAction	""	""	2019-05-14	2021-09-24	https://homosaurus.org/v2/LGBTQSelfDefence	""
https://homosaurus.org/v2/LGBTQSelfRepression	LGBTQSelfRepression	LGBTQ self-repression	""	""	""	""	""	""	https://homosaurus.org/v2/denialOfSexualOrientation||https://homosaurus.org/v2/internalisedHomophobia	2019-05-14	2021-09-24	https://homosaurus.org/v2/LGBTQSelfRepression	""
https://homosaurus.org/v2/LGBTQSeparation	LGBTQSeparation	LGBTQ separation	""	Marital separation (LGBTQ)	""	""	https://homosaurus.org/v2/marriage	https://homosaurus.org/v2/LGBTQDivorce	https://homosaurus.org/v2/childCustody||https://homosaurus.org/v2/maritalStatus||https://homosaurus.org/v2/relationshipsLGBTQ	2019-05-14	2021-09-24	https://homosaurus.org/v2/LGBTQSeparation	""
https://homosaurus.org/v2/LGBTQSexualAbuse	LGBTQSexualAbuse	LGBTQ sexual abuse	""	""	""	""	https://homosaurus.org/v2/sexualViolence	""	https://homosaurus.org/v2/consent||https://homosaurus.org/v2/LGBTQDomesticViolence||https://homosaurus.org/v2/survivorsOfSexualAbuseLGBTQ||https://homosaurus.org/v2/victimsOfSexualAbuseLGBTQ	2019-05-14	2021-09-24	https://homosaurus.org/v2/LGBTQSexualAbuse	""
https://homosaurus.org/v2/LGBTQShamans	LGBTQShamans	LGBTQ shamans	""	Shamans (LGBTQ)	""	""	https://homosaurus.org/v2/LGBTQReligions	""	""	2019-05-14	2021-09-24	https://homosaurus.org/v2/LGBTQShamans	""
https://homosaurus.org/v2/LGBTQShintoists	LGBTQShintoists	LGBTQ Shintoists	""	LGBTQ Shinto||Shintoists (LGBTQ)	""	""	https://homosaurus.org/v2/LGBTQAsianReligions	""	""	2019-05-14	2021-09-24	https://homosaurus.org/v2/LGBTQShintoists	""
https://homosaurus.org/v2/LGBTQSingleFathers	LGBTQSingleFathers	LGBTQ single fathers	""	""	""	""	https://homosaurus.org/v2/fathers||https://homosaurus.org/v2/LGBTQSingleParents	""	""	2019-05-14	2021-09-24	https://homosaurus.org/v2/LGBTQSingleFathers	""
https://homosaurus.org/v2/LGBTQSingleMothers	LGBTQSingleMothers	LGBTQ single mothers	""	""	""	""	https://homosaurus.org/v2/LGBTQSingleParents||https://homosaurus.org/v2/mothers	""	""	2019-05-14	2021-09-24	https://homosaurus.org/v2/LGBTQSingleMothers	""
https://homosaurus.org/v2/LGBTQSingleParentFamilies	LGBTQSingleParentFamilies	LGBTQ single parent families	""	""	""	""	https://homosaurus.org/v2/familiesLGBTQ	""	https://homosaurus.org/v2/LGBTQSingleParents	2019-05-14	2021-09-24	https://homosaurus.org/v2/LGBTQSingleParentFamilies	""
https://homosaurus.org/v2/LGBTQSingleParents	LGBTQSingleParents	LGBTQ single parents	""	""	""	""	https://homosaurus.org/v2/parentsLGBTQ||https://homosaurus.org/v2/singlePeople	https://homosaurus.org/v2/LGBTQSingleFathers||https://homosaurus.org/v2/LGBTQSingleMothers	https://homosaurus.org/v2/LGBTQSingleParentFamilies	2019-05-14	2021-09-24	https://homosaurus.org/v2/LGBTQSingleParents	""
https://homosaurus.org/v2/LGBTQSocialParenthood	LGBTQSocialParenthood	LGBTQ social parenthood	""	Non-genetic parenthood	The actual care for and upbringing of children by LGBTQ people	""	https://homosaurus.org/v2/LGBTQParenthood	""	https://homosaurus.org/v2/familiesLGBTQ||https://homosaurus.org/v2/LGBTQAdoptiveParenthood||https://homosaurus.org/v2/LGBTQFamilyPlanning||https://homosaurus.org/v2/LGBTQFosterParenthood	2019-05-14	2021-09-24	https://homosaurus.org/v2/LGBTQSocialParenthood	""
https://homosaurus.org/v2/LGBTQSocialMedia	LGBTQSocialMedia	LGBTQ social media	""	""	Web-based and mobile technologies that facilitate interactive dialogue, as used by or designed for LGBTQ people	""	""	https://homosaurus.org/v2/LGBTQBlogs||https://homosaurus.org/v2/LGBTQChatrooms||https://homosaurus.org/v2/LGBTQDatingApplications||https://homosaurus.org/v2/LGBTQInternetForums||https://homosaurus.org/v2/LGBTQWebsites	https://homosaurus.org/v2/LGBTQMeetingPlaces||https://homosaurus.org/v2/socialMedia	2019-05-14	2021-09-24	https://homosaurus.org/v2/LGBTQSocialMedia	""
https://homosaurus.org/v2/LGBTQSocialProcesses	LGBTQSocialProcesses	LGBTQ social processes	""	""	""	""	""	https://homosaurus.org/v2/gay-straightAlliances||https://homosaurus.org/v2/gayLiberation||https://homosaurus.org/v2/genderRelations||https://homosaurus.org/v2/LGBTQEmancipation||https://homosaurus.org/v2/LGBTQVisibility	https://homosaurus.org/v2/normalisation||https://homosaurus.org/v2/sexScandals||https://homosaurus.org/v2/sexualReform||https://homosaurus.org/v2/sexualRevolution	2019-05-14	2021-09-24	https://homosaurus.org/v2/LGBTQSocialProcesses	""
https://homosaurus.org/v2/LGBTQSpirituality	LGBTQSpirituality	LGBTQ spirituality	""	""	""	""	""	""	https://homosaurus.org/v2/faeries||https://homosaurus.org/v2/LGBTQReligions	2019-05-14	2021-09-24	https://homosaurus.org/v2/LGBTQSpirituality	""
https://homosaurus.org/v2/LGBTQSportingEvents	LGBTQSportingEvents	LGBTQ sporting events	""	""	""	""	https://homosaurus.org/v2/LGBTQEvents	https://homosaurus.org/v2/eurogames||https://homosaurus.org/v2/gayGames||https://homosaurus.org/v2/outgames	""	2019-05-14	2021-09-24	https://homosaurus.org/v2/LGBTQSportingEvents	""
https://homosaurus.org/v2/LGBTQSportsClubs	LGBTQSportsClubs	LGBTQ sports clubs	""	""	""	""	https://homosaurus.org/v2/LGBTQClubs	https://homosaurus.org/v2/gaySportsClubs||https://homosaurus.org/v2/lesbianSportsClubs	""	2019-05-14	2021-09-24	https://homosaurus.org/v2/LGBTQSportsClubs	""
https://homosaurus.org/v2/LGBTQStudentsClubs	LGBTQStudentsClubs	LGBTQ students' clubs	""	""	""	""	https://homosaurus.org/v2/LGBTQClubs	""	""	2019-05-14	2021-09-24	https://homosaurus.org/v2/LGBTQStudentsClubs	""
https://homosaurus.org/v2/LGBTQSuicide	LGBTQSuicide	LGBTQ suicide	""	""	""	""	https://homosaurus.org/v2/LGBTQDeathAndDying	""	https://homosaurus.org/v2/mentalHealthCareForLGBTQPeople	2019-05-14	2021-09-24	https://homosaurus.org/v2/LGBTQSuicide	""
https://homosaurus.org/v2/LGBTQSupportGroups	LGBTQSupportGroups	LGBTQ support groups	""	""	""	""	https://homosaurus.org/v2/mentalHealthCareForLGBTQPeople	""	https://homosaurus.org/v2/LGBTQRecoveryGroups	2019-05-14	2021-09-24	https://homosaurus.org/v2/LGBTQSupportGroups	""
https://homosaurus.org/v2/LGBTQSymbols	LGBTQSymbols	LGBTQ symbols	""	""	""	""	""	https://homosaurus.org/v2/freedomRings||https://homosaurus.org/v2/handkerchiefCodes||https://homosaurus.org/v2/homomonuments||https://homosaurus.org/v2/labrys||https://homosaurus.org/v2/lambda||https://homosaurus.org/v2/pinkTriangles||https://homosaurus.org/v2/rainbowFlags||https://homosaurus.org/v2/redRibbons	""	2019-05-14	2021-09-24	https://homosaurus.org/v2/LGBTQSymbols	""
https://homosaurus.org/v2/LGBTQTaoists	LGBTQTaoists	LGBTQ Taoists	""	Taoists (LGBTQ)	""	""	https://homosaurus.org/v2/LGBTQAsianReligions	""	""	2019-05-14	2021-09-24	https://homosaurus.org/v2/LGBTQTaoists	""
https://homosaurus.org/v2/LGBTQTourism	LGBTQTourism	LGBTQ tourism	""	""	""	""	""	https://homosaurus.org/v2/LGBTQCruises||https://homosaurus.org/v2/sexTourism	https://homosaurus.org/v2/LGBTQHotels||https://homosaurus.org/v2/LGBTQRestaurants	2019-05-14	2021-09-24	https://homosaurus.org/v2/LGBTQTourism	""
https://homosaurus.org/v2/LGBTQUnrequitedLove	LGBTQUnrequitedLove	LGBTQ unrequited love	""	""	""	""	https://homosaurus.org/v2/LGBTQLove	""	""	2019-05-14	2021-09-24	https://homosaurus.org/v2/LGBTQUnrequitedLove	""
https://homosaurus.org/v2/victimsOfRapeLGBTQ	victimsOfRapeLGBTQ	Victims of rape (LGBTQ)	""	LGBTQ victims of rape||Rape victims (LGBTQ)	""	""	https://homosaurus.org/v2/LGBTQVictimsOfCrime||https://homosaurus.org/v2/sexualViolence||https://homosaurus.org/v2/victimsOfSexualAbuseLGBTQ	https://homosaurus.org/v2/bisexualVictimsOfRape||https://homosaurus.org/v2/gayVictimsOfRape||https://homosaurus.org/v2/lesbianVictimsOfRape||https://homosaurus.org/v2/queerVictimsOfRape||https://homosaurus.org/v2/survivorsOfRapeLGBTQ||https://homosaurus.org/v2/survivorsOfSexualAbuseLGBTQ||https://homosaurus.org/v2/transgenderVictimsOfRape	https://homosaurus.org/v2/antiLGBTQViolence||https://homosaurus.org/v2/consent||https://homosaurus.org/v2/sexuallyAbusedLGBTQChildren	2019-05-14	2021-09-24	https://homosaurus.org/v2/victimsOfRapeLGBTQ	""
https://homosaurus.org/v2/victimsOfSexualAbuseLGBTQ	victimsOfSexualAbuseLGBTQ	Victims of sexual abuse (LGBTQ)	""	LGBTQ victims of sex crimes||Sexual abuse victims (LGBTQ)||Sexual violence victims (LGBTQ)||Victims of sex crimes (LGBTQ)	""	""	https://homosaurus.org/v2/LGBTQVictimsOfCrime	https://homosaurus.org/v2/bisexualVictimsOfSexualAbuse||https://homosaurus.org/v2/gayVictimsOfSexualAbuse||https://homosaurus.org/v2/lesbianVictimsOfSexualAbuse||https://homosaurus.org/v2/LGBTQIncestVictims||https://homosaurus.org/v2/queerVictimsOfSexualAbuse||https://homosaurus.org/v2/sexuallyAbusedLGBTQChildren||https://homosaurus.org/v2/survivorsOfSexualAbuseLGBTQ||https://homosaurus.org/v2/transgenderVictimsOfSexualAbuse||https://homosaurus.org/v2/victimsOfRapeLGBTQ	https://homosaurus.org/v2/antiLGBTQViolence||https://homosaurus.org/v2/consent||https://homosaurus.org/v2/LGBTQDomesticViolence||https://homosaurus.org/v2/LGBTQSexualAbuse	2019-05-14	2021-09-24	https://homosaurus.org/v2/victimsOfSexualAbuseLGBTQ	""
https://homosaurus.org/v2/LGBTQVisibility	LGBTQVisibility	LGBTQ visibility	""	Visibility of LGBTQ people	Visibility of LGBTQ people in society	""	https://homosaurus.org/v2/LGBTQSocialProcesses	""	""	2019-05-14	2021-09-24	https://homosaurus.org/v2/LGBTQVisibility	""
https://homosaurus.org/v2/victimsOfWarLGBTQ	victimsOfWarLGBTQ	Victims of war (LGBTQ)	""	LGBTQ war victims	""	""	https://homosaurus.org/v2/LGBTQPeople	https://homosaurus.org/v2/bisexualVictimsOfWar||https://homosaurus.org/v2/gayVictimsOfWar||https://homosaurus.org/v2/lesbianVictimsOfWar||https://homosaurus.org/v2/queerVictimsOfWar||https://homosaurus.org/v2/transgenderVictimsOfWar	https://homosaurus.org/v2/survivorsOfWarLGBTQ	2019-05-14	2021-09-24	https://homosaurus.org/v2/victimsOfWarLGBTQ	""
https://homosaurus.org/v2/LGBTQWebsites	LGBTQWebsites	LGBTQ websites	""	""	""	""	https://homosaurus.org/v2/LGBTQSocialMedia	https://homosaurus.org/v2/LGBTQDatingWebsites	""	2019-05-14	2021-09-24	https://homosaurus.org/v2/LGBTQWebsites	""
https://homosaurus.org/v2/LGBTQWeddings	LGBTQWeddings	LGBTQ weddings	""	""	""	""	""	""	https://homosaurus.org/v2/domesticPartnershipContracts||https://homosaurus.org/v2/marriage	2019-05-14	2021-09-24	https://homosaurus.org/v2/LGBTQWeddings	""
https://homosaurus.org/v2/LGBTQYouthCentres	LGBTQYouthCentres	LGBTQ youth centres	""	""	""	""	https://homosaurus.org/v2/LGBTQCentres	""	https://homosaurus.org/v2/youthLGBTQ	2019-05-14	2021-09-24	https://homosaurus.org/v2/LGBTQYouthCentres	""
https://homosaurus.org/v2/LGBTQZines	LGBTQZines	LGBTQ zines	""	""	A small circulation publication usually reproduced via photocopier; use for zines created by LGBTQ people and/or focusing on LGBTQ identities, issues, or cultures	""	https://homosaurus.org/v2/pressLGBTQ	""	https://homosaurus.org/v2/LGBTQMagazines	2019-05-14	2021-09-24	https://homosaurus.org/v2/LGBTQZines	""
https://homosaurus.org/v2/lhamana	lhamana	Lhamana	""	""	Native American Zuni people assigned male at birth who exhibit mixed gender traits	""	https://homosaurus.org/v2/culturallySpecificGenderIdentities	""	https://homosaurus.org/v2/two-spiritPeople	2019-05-14	2021-09-24	https://homosaurus.org/v2/lhamana	""
https://homosaurus.org/v2/libido	libido	Libido	""	Sex drive	A person's overall sexual drive or desire for sexual activity	""	""	""	https://homosaurus.org/v2/sexAct||https://homosaurus.org/v2/sexualExcitement||https://homosaurus.org/v2/sexualFunction||https://homosaurus.org/v2/sexuality	2019-05-14	2021-09-24	https://homosaurus.org/v2/libido	""
https://homosaurus.org/v2/librariesLGBTQ	librariesLGBTQ	Libraries (LGBTQ)	""	""	""	""	""	https://homosaurus.org/v2/bisexualLibraries||https://homosaurus.org/v2/gayLibraries||https://homosaurus.org/v2/lesbianLibraries||https://homosaurus.org/v2/queerLibraries||https://homosaurus.org/v2/transgenderLibraries||https://homosaurus.org/v2/womensLibraries	https://homosaurus.org/v2/archivesLGBTQ||https://homosaurus.org/v2/LGBTQBooks	2019-05-14	2021-09-24	https://homosaurus.org/v2/librariesLGBTQ	""
https://homosaurus.org/v2/licking	licking	Licking	""	""	""	""	https://homosaurus.org/v2/oralSex	https://homosaurus.org/v2/cunnilingus||https://homosaurus.org/v2/rimming	""	2019-05-14	2021-09-24	https://homosaurus.org/v2/licking	""
https://homosaurus.org/v2/lingerie	lingerie	Lingerie	""	""	""	""	https://homosaurus.org/v2/clothing||https://homosaurus.org/v2/drag||https://homosaurus.org/v2/sexAccessories	""	https://homosaurus.org/v2/crossdressers||https://homosaurus.org/v2/crossdressing	2019-05-14	2021-09-24	https://homosaurus.org/v2/lingerie	""
https://homosaurus.org/v2/lipstickLesbians	lipstickLesbians	Lipstick lesbians	""	""	Lesbians whose appearance or mannerisms are more feminine	""	https://homosaurus.org/v2/lesbians	""	https://homosaurus.org/v2/femmes||https://homosaurus.org/v2/passingGender	2019-05-14	2021-09-24	https://homosaurus.org/v2/lipstickLesbians	""
https://homosaurus.org/v2/literatureLGBTQ	literatureLGBTQ	Literature (LGBTQ)	""	""	""	""	""	https://homosaurus.org/v2/bisexualLiterature||https://homosaurus.org/v2/dramaLGBTQ||https://homosaurus.org/v2/fictionLGBTQ||https://homosaurus.org/v2/gayLiterature||https://homosaurus.org/v2/gayYouthLiterature||https://homosaurus.org/v2/lesbianLiterature||https://homosaurus.org/v2/lesbianYouthLiterature||https://homosaurus.org/v2/poetryLGBTQ||https://homosaurus.org/v2/queerLiterature||https://homosaurus.org/v2/transgenderLiterature||https://homosaurus.org/v2/transgenderYouthLiterature||https://homosaurus.org/v2/youthLiteratureLGBTQ	https://homosaurus.org/v2/LGBTQArts||https://homosaurus.org/v2/LGBTQBooks||https://homosaurus.org/v2/LGBTQLiteraryAwards||https://homosaurus.org/v2/LGBTQLiterarySalons||https://homosaurus.org/v2/pressLGBTQ||https://homosaurus.org/v2/queerVerb||https://homosaurus.org/v2/literaryCriticismLGBTQ	2019-05-14	2021-09-24	https://homosaurus.org/v2/literatureLGBTQ	""
https://homosaurus.org/v2/livingArrangements	livingArrangements	Living arrangements	""	""	""	""	""	https://homosaurus.org/v2/civilUnions||https://homosaurus.org/v2/domesticPartnerships||https://homosaurus.org/v2/marriage	https://homosaurus.org/v2/domesticPartnershipContracts	2019-05-14	2021-09-24	https://homosaurus.org/v2/livingArrangements	""
https://homosaurus.org/v2/sexLocations	sexLocations	Sex locations	""	Locations for sex	""	""	""	https://homosaurus.org/v2/cottages||https://homosaurus.org/v2/darkRooms||https://homosaurus.org/v2/gaySaunas||https://homosaurus.org/v2/sexParties||https://homosaurus.org/v2/tearooms	https://homosaurus.org/v2/anonymousSex||https://homosaurus.org/v2/LGBTQMeetingPlaces||https://homosaurus.org/v2/publicSex||https://homosaurus.org/v2/sexAct||https://homosaurus.org/v2/sexuality	2019-05-14	2021-09-24	https://homosaurus.org/v2/sexLocations	""
https://homosaurus.org/v2/lockerRooms	lockerRooms	Locker rooms	""	""	""	""	https://homosaurus.org/v2/publicFacilities	""	https://homosaurus.org/v2/publicBathroomBills	2019-05-14	2021-09-24	https://homosaurus.org/v2/lockerRooms	""
https://homosaurus.org/v2/loveTriangles	loveTriangles	Love triangles	""	""	""	""	https://homosaurus.org/v2/sexualRelationships	""	https://homosaurus.org/v2/LGBTQLove	2019-05-14	2021-09-24	https://homosaurus.org/v2/loveTriangles	""
https://homosaurus.org/v2/lubricants	lubricants	Lubricants	""	""	""	""	https://homosaurus.org/v2/sexAccessories	""	""	2019-05-14	2021-09-24	https://homosaurus.org/v2/lubricants	""
https://homosaurus.org/v2/machoMen	machoMen	Macho men	""	Machos	""	""	https://homosaurus.org/v2/gayMen	""	https://homosaurus.org/v2/banjees||https://homosaurus.org/v2/machismo||https://homosaurus.org/v2/masculinity	2019-05-14	2021-09-24	https://homosaurus.org/v2/machoMen	""
https://homosaurus.org/v2/mahu	mahu	Māhū	""	""	Term used in Hawaiian and Tahitian cultures for third gender people who blend genders and often hold spiritual roles	""	https://homosaurus.org/v2/culturallySpecificGenderIdentities	""	""	2019-05-14	2021-09-24	https://homosaurus.org/v2/mahu	""
https://homosaurus.org/v2/makNyah	makNyah	Mak nyah	""	""	Term used in Malaysia for transgender women	""	https://homosaurus.org/v2/culturallySpecificGenderIdentities	""	""	2019-05-14	2021-09-24	https://homosaurus.org/v2/makNyah	""
https://homosaurus.org/v2/maleBonding	maleBonding	Male bonding	""	""	""	""	""	""	https://homosaurus.org/v2/homosociality||https://homosaurus.org/v2/mensFriendships	2019-05-14	2021-09-24	https://homosaurus.org/v2/maleBonding	""
https://homosaurus.org/v2/mensFriendships	mensFriendships	Men's friendships	""	Male friendships	""	""	https://homosaurus.org/v2/friendships||https://homosaurus.org/v2/homosociality	""	https://homosaurus.org/v2/maleBonding	2019-05-14	2021-09-24	https://homosaurus.org/v2/mensFriendships	""
https://homosaurus.org/v2/maleImpersonators	maleImpersonators	Male impersonators	""	""	""	""	https://homosaurus.org/v2/theatreLGBTQ	""	https://homosaurus.org/v2/dragKings	2019-05-14	2021-09-24	https://homosaurus.org/v2/maleImpersonators	""
https://homosaurus.org/v2/maleProstitution	maleProstitution	Male prostitution	""	""	""	""	https://homosaurus.org/v2/prostitution	""	https://homosaurus.org/v2/gayProstitutes||https://homosaurus.org/v2/maleProstitutes	2019-05-14	2021-09-24	https://homosaurus.org/v2/maleProstitution	""
https://homosaurus.org/v2/males	males	Males	""	""	""	""	""	https://homosaurus.org/v2/cissexualPeople||https://homosaurus.org/v2/FtMs||https://homosaurus.org/v2/transMen	""	2019-05-14	2021-09-24	https://homosaurus.org/v2/males	""
https://homosaurus.org/v2/MtFs	MtFs	MtFs	""	Males transitioning to females||MtF transsexuals||Male-to-female||M2Fs||Transsexual women	"MtF (male-to-female) is a mostly historical term that has been largely replaced by ""trans women."" This is due in part to the term’s connection to the medicalisation of transgender people and its assumption that trans women are ""born"" male and become female (typically through hormones and/or surgery)."	""	https://homosaurus.org/v2/females||https://homosaurus.org/v2/LGBTQHistoricalTerms||https://homosaurus.org/v2/transsexualPeople||https://homosaurus.org/v2/women||https://homosaurus.org/v2/transWomen	""	https://homosaurus.org/v2/FtMs||https://homosaurus.org/v2/ftxs||https://homosaurus.org/v2/mtxs	2019-05-14	2021-09-24	https://homosaurus.org/v2/MtFs	""
https://homosaurus.org/v2/mangaiko	mangaiko	Mangaiko	""	""	Mbo term for third gender	""	https://homosaurus.org/v2/culturallySpecificGenderIdentities	""	""	2019-05-14	2021-09-24	https://homosaurus.org/v2/mangaiko	""
https://homosaurus.org/v2/manualSex	manualSex	Manual sex	""	""	""	""	https://homosaurus.org/v2/sexAct||https://homosaurus.org/v2/sexualPractices	https://homosaurus.org/v2/fingering||https://homosaurus.org/v2/fisting||https://homosaurus.org/v2/pinching||https://homosaurus.org/v2/wackingOff||https://homosaurus.org/v2/wanking	https://homosaurus.org/v2/eroticMassage||https://homosaurus.org/v2/masturbation	2019-05-14	2021-09-24	https://homosaurus.org/v2/manualSex	""
https://homosaurus.org/v2/maritalStatus	maritalStatus	Marital status	""	""	""	""	https://homosaurus.org/v2/marriage	https://homosaurus.org/v2/divorcedPeople||https://homosaurus.org/v2/marriedPeople||https://homosaurus.org/v2/singlePeople||https://homosaurus.org/v2/widowedPeople	https://homosaurus.org/v2/legalStatus||https://homosaurus.org/v2/LGBTQSeparation||https://homosaurus.org/v2/marriageLaw	2019-05-14	2021-09-24	https://homosaurus.org/v2/maritalStatus	""
https://homosaurus.org/v2/marriage	marriage	Marriage	""	""	""	""	https://homosaurus.org/v2/livingArrangements	https://homosaurus.org/v2/commonLawMarriage||https://homosaurus.org/v2/heterosexualMarriage||https://homosaurus.org/v2/LGBTQDivorce||https://homosaurus.org/v2/LGBTQSeparation||https://homosaurus.org/v2/maritalStatus||https://homosaurus.org/v2/marriageCertificates||https://homosaurus.org/v2/marriageLicenses||https://homosaurus.org/v2/mixed-orientationMarriage||https://homosaurus.org/v2/same-sexMarriage||https://homosaurus.org/v2/womensMarriages	https://homosaurus.org/v2/civilUnions||https://homosaurus.org/v2/domesticPartnershipContracts||https://homosaurus.org/v2/domesticPartnerships||https://homosaurus.org/v2/legalNameChange||https://homosaurus.org/v2/LGBTQWeddings||https://homosaurus.org/v2/marriageLaw||https://homosaurus.org/v2/officialDocumentation	2019-05-14	2021-09-24	https://homosaurus.org/v2/marriage	""
https://homosaurus.org/v2/marriageCertificates	marriageCertificates	Marriage certificates	""	""	""	""	https://homosaurus.org/v2/marriage||https://homosaurus.org/v2/officialDocumentation	""	https://homosaurus.org/v2/marriageLaw	2019-05-14	2021-09-24	https://homosaurus.org/v2/marriageCertificates	""
https://homosaurus.org/v2/marriageLaw	marriageLaw	Marriage law	""	Matrimonial law	""	""	https://homosaurus.org/v2/LGBTQPersonalAndFamilyLaw	https://homosaurus.org/v2/commonLawMarriage	https://homosaurus.org/v2/civilUnions||https://homosaurus.org/v2/maritalStatus||https://homosaurus.org/v2/marriage||https://homosaurus.org/v2/marriageCertificates||https://homosaurus.org/v2/marriageLicenses	2019-05-14	2021-09-24	https://homosaurus.org/v2/marriageLaw	""
https://homosaurus.org/v2/marriageLicenses	marriageLicenses	Marriage licenses	""	""	""	""	https://homosaurus.org/v2/marriage||https://homosaurus.org/v2/officialDocumentation	""	https://homosaurus.org/v2/marriageLaw	2019-05-14	2021-09-24	https://homosaurus.org/v2/marriageLicenses	""
https://homosaurus.org/v2/marriedPeople	marriedPeople	Married people	""	""	""	""	https://homosaurus.org/v2/couplesLGBTQ||https://homosaurus.org/v2/maritalStatus	""	""	2019-05-14	2021-09-24	https://homosaurus.org/v2/marriedPeople	""
https://homosaurus.org/v2/masculinity	masculinity	Masculinity	""	""	""	""	https://homosaurus.org/v2/genderExpression	https://homosaurus.org/v2/femaleMasculinity||https://homosaurus.org/v2/toxicMasculinity	https://homosaurus.org/v2/androgyny||https://homosaurus.org/v2/butches||https://homosaurus.org/v2/femininity||https://homosaurus.org/v2/genderRoles||https://homosaurus.org/v2/machismo||https://homosaurus.org/v2/machoMen||https://homosaurus.org/v2/transmasculinePeople||https://homosaurus.org/v2/wolves	2019-05-14	2021-09-24	https://homosaurus.org/v2/masculinity	""
https://homosaurus.org/v2/mashoga	mashoga	Mashoga	""	""	Swahili term for people assigned male at birth who engage in sex with men and who may dress as women	""	https://homosaurus.org/v2/culturallySpecificGenderIdentities	""	""	2019-05-14	2021-09-24	https://homosaurus.org/v2/mashoga	""
https://homosaurus.org/v2/masochism	masochism	Masochism	""	""	""	""	https://homosaurus.org/v2/BDSM||https://homosaurus.org/v2/fetishism||https://homosaurus.org/v2/sexualPreference||https://homosaurus.org/v2/SM	""	https://homosaurus.org/v2/BDSMCommunity||https://homosaurus.org/v2/bondage||https://homosaurus.org/v2/sexualIdentity	2019-05-14	2021-09-24	https://homosaurus.org/v2/masochism	""
https://homosaurus.org/v2/massage	massage	Massage	""	""	""	""	""	https://homosaurus.org/v2/eroticMassage	https://homosaurus.org/v2/physicalAffection	2019-05-14	2021-09-24	https://homosaurus.org/v2/massage	""
https://homosaurus.org/v2/mastersLGBTQ	mastersLGBTQ	Masters (LGBTQ)	""	""	""	""	https://homosaurus.org/v2/leatherCommunity||https://homosaurus.org/v2/sexualIdentity||https://homosaurus.org/v2/sexualRoles||https://homosaurus.org/v2/tops	https://homosaurus.org/v2/bisexualMasters||https://homosaurus.org/v2/gayMasters||https://homosaurus.org/v2/queerMasters||https://homosaurus.org/v2/transgenderMasters	https://homosaurus.org/v2/BDSM||https://homosaurus.org/v2/BDSMCommunity||https://homosaurus.org/v2/bottoms||https://homosaurus.org/v2/dominatricesLGBTQ||https://homosaurus.org/v2/mistressesLGBTQ||https://homosaurus.org/v2/sadism||https://homosaurus.org/v2/slaves||https://homosaurus.org/v2/socialPrivilege	2019-05-14	2021-09-24	https://homosaurus.org/v2/mastersLGBTQ	""
https://homosaurus.org/v2/masturbation	masturbation	Masturbation	""	Wanking	Sexual stimulation of one's own genitals for sexual arousal or other sexual pleasure	""	https://homosaurus.org/v2/sexAct||https://homosaurus.org/v2/sexualPractices	https://homosaurus.org/v2/jerkingOff||https://homosaurus.org/v2/mutualMasturbation||https://homosaurus.org/v2/wackingOff	https://homosaurus.org/v2/autoeroticism||https://homosaurus.org/v2/gettingOff||https://homosaurus.org/v2/manualSex||https://homosaurus.org/v2/soloSex	2019-05-14	2021-09-24	https://homosaurus.org/v2/masturbation	""
https://homosaurus.org/v2/motherhood	motherhood	Motherhood	""	Maternity	""	""	""	""	https://homosaurus.org/v2/biologicalParenthood||https://homosaurus.org/v2/LGBTQAdoptiveParenthood||https://homosaurus.org/v2/LGBTQFamilyPlanning||https://homosaurus.org/v2/LGBTQFosterParenthood||https://homosaurus.org/v2/LGBTQMotherhood||https://homosaurus.org/v2/LGBTQParenthood||https://homosaurus.org/v2/mothers	2019-05-14	2021-09-24	https://homosaurus.org/v2/motherhood	""
https://homosaurus.org/v2/mati	mati	Mati	""	""	Surinamese-Creole women who have sexual relations with other women but who also have had or do have relationships with men	""	https://homosaurus.org/v2/bisexualWomen||https://homosaurus.org/v2/womenWhoHaveSexWithWomen	""	""	2019-05-14	2021-09-24	https://homosaurus.org/v2/mati	""
https://homosaurus.org/v2/metropolitanCommunityChurch	metropolitanCommunityChurch	Metropolitan Community Church	""	MCC	""	""	https://homosaurus.org/v2/protestantsLGBTQ	""	https://homosaurus.org/v2/gayReligiousGroups||https://homosaurus.org/v2/lesbianReligiousGroups	2019-05-14	2021-09-24	https://homosaurus.org/v2/metropolitanCommunityChurch	""
https://homosaurus.org/v2/medicalCare	medicalCare	Medical care	""	""	""	""	""	https://homosaurus.org/v2/AIDSMemorials||https://homosaurus.org/v2/genderConfirmingSurgery||https://homosaurus.org/v2/medicalisation||https://homosaurus.org/v2/therapies	https://homosaurus.org/v2/donors||https://homosaurus.org/v2/medicalPractitionersStatements	2019-05-14	2021-09-24	https://homosaurus.org/v2/medicalCare	""
https://homosaurus.org/v2/medicalPractitionersStatements	medicalPractitionersStatements	Medical practitioners' statements	""	""	""	""	https://homosaurus.org/v2/officialDocumentation	""	https://homosaurus.org/v2/birthCertificates||https://homosaurus.org/v2/driversLicenses||https://homosaurus.org/v2/genderMarkers||https://homosaurus.org/v2/medicalCare||https://homosaurus.org/v2/transitioningTransgender	2019-05-14	2021-09-24	https://homosaurus.org/v2/medicalPractitionersStatements	""
https://homosaurus.org/v2/medicalisation	medicalisation	Medicalisation	""	Medicalization	Process by which human conditions and problems come to be defined and treated as medical conditions and thus become the subject of medical study, diagnosis, prevention, or treatment	""	https://homosaurus.org/v2/medicalCare	https://homosaurus.org/v2/disordersOfSexualDevelopment||https://homosaurus.org/v2/eonism||https://homosaurus.org/v2/genderDysphoria||https://homosaurus.org/v2/genderIdentityDisorder||https://homosaurus.org/v2/intersexConditions||https://homosaurus.org/v2/sexualInversion||https://homosaurus.org/v2/transgenderism||https://homosaurus.org/v2/transsexualism||https://homosaurus.org/v2/transvestism	https://homosaurus.org/v2/antiTransgenderDiscrimination||https://homosaurus.org/v2/sexAssignedAtBirth||https://homosaurus.org/v2/socialConstructionism	2019-05-14	2021-09-24	https://homosaurus.org/v2/medicalisation	""
https://homosaurus.org/v2/medication	medication	Medication	""	Pharmaceuticals	Non-recreational drugs commonly used within the LGBTQ community	""	https://homosaurus.org/v2/therapies	https://homosaurus.org/v2/erectionPills||https://homosaurus.org/v2/hormoneBlockers||https://homosaurus.org/v2/passiveImmuneTherapy||https://homosaurus.org/v2/prep||https://homosaurus.org/v2/pubertyBlockers	https://homosaurus.org/v2/drugs||https://homosaurus.org/v2/hormoneTherapyGender	2019-05-14	2021-09-24	https://homosaurus.org/v2/medication	""
https://homosaurus.org/v2/men	men	Men	""	""	""	""	https://homosaurus.org/v2/genderIdentity	https://homosaurus.org/v2/bisexualMen||https://homosaurus.org/v2/cisgenderMen||https://homosaurus.org/v2/FtMs||https://homosaurus.org/v2/gayMen||https://homosaurus.org/v2/heterosexualMen||https://homosaurus.org/v2/menWhoHaveSexWithMen||https://homosaurus.org/v2/transMen	https://homosaurus.org/v2/cisgenderPeople||https://homosaurus.org/v2/genderBinary||https://homosaurus.org/v2/culturallySpecificGenderIdentities||https://homosaurus.org/v2/transgenderPeople||https://homosaurus.org/v2/women	2019-05-14	2021-09-24	https://homosaurus.org/v2/men	""
https://homosaurus.org/v2/menWhoHaveSexWithMen	menWhoHaveSexWithMen	Men who have sex with men	""	MSM	Men who engage in sexual activity with other men	""	https://homosaurus.org/v2/LGBTQPeople||https://homosaurus.org/v2/men	""	https://homosaurus.org/v2/banjees||https://homosaurus.org/v2/bisexualMen||https://homosaurus.org/v2/downLow||https://homosaurus.org/v2/gayMen||https://homosaurus.org/v2/sameGenderLoving||https://homosaurus.org/v2/sexualMinorities	2019-05-14	2021-09-24	https://homosaurus.org/v2/menWhoHaveSexWithMen	""
https://homosaurus.org/v2/mensMovement	mensMovement	Men's movement	""	""	""	""	https://homosaurus.org/v2/socialMovements	""	""	2019-05-14	2021-09-24	https://homosaurus.org/v2/mensMovement	""
https://homosaurus.org/v2/mentalDisorders	mentalDisorders	Mental disorders	""	Mental illnesses||Psychiatric disorders	""	""	""	https://homosaurus.org/v2/ego-dystonicSexualOrientation	""	2019-05-14	2021-09-24	https://homosaurus.org/v2/mentalDisorders	""
https://homosaurus.org/v2/mentalHealthCareForLGBTQPeople	mentalHealthCareForLGBTQPeople	Mental health care for LGBTQ people	""	""	""	""	https://homosaurus.org/v2/healthCareForLGBTQPeople	https://homosaurus.org/v2/LGBTQSupportGroups||https://homosaurus.org/v2/LGBTQRecoveryGroups	https://homosaurus.org/v2/detentionOfLGBTQPeopleUnderAHospital||https://homosaurus.org/v2/DSM||https://homosaurus.org/v2/LGBTQSuicide||https://homosaurus.org/v2/therapies	2019-05-14	2021-09-24	https://homosaurus.org/v2/mentalHealthCareForLGBTQPeople	""
https://homosaurus.org/v2/metis	metis	Metis	""	""	Officially recognized third gender in Nepal; predominantly used to refer to transgender women	""	https://homosaurus.org/v2/culturallySpecificGenderIdentities	""	""	2019-05-14	2021-09-24	https://homosaurus.org/v2/metis	""
https://homosaurus.org/v2/micropenis	micropenis	Micropenis	""	""	""	""	https://homosaurus.org/v2/intersexConditions	""	""	2019-05-14	2021-09-24	https://homosaurus.org/v2/micropenis	""
https://homosaurus.org/v2/misandry	misandry	Misandry	""	""	Hate or dislike of men or boys	""	""	""	https://homosaurus.org/v2/intoleranceTowardsLGBTQPeople	2019-05-14	2021-09-24	https://homosaurus.org/v2/misandry	""
https://homosaurus.org/v2/misgendering	misgendering	Misgendering	""	""	""	""	""	""	https://homosaurus.org/v2/deadnaming||https://homosaurus.org/v2/genderIdentity||https://homosaurus.org/v2/pronouns	2019-05-14	2021-09-24	https://homosaurus.org/v2/misgendering	""
https://homosaurus.org/v2/misogyny	misogyny	Misogyny	""	""	Hate or dislike of women or girls	""	""	""	https://homosaurus.org/v2/intoleranceTowardsLGBTQPeople||https://homosaurus.org/v2/socialPrivilege	2019-05-14	2021-09-24	https://homosaurus.org/v2/misogyny	""
https://homosaurus.org/v2/mistressesLGBTQ	mistressesLGBTQ	Mistresses (LGBTQ)	""	""	""	""	https://homosaurus.org/v2/leatherCommunity||https://homosaurus.org/v2/sexualIdentity||https://homosaurus.org/v2/sexualRoles||https://homosaurus.org/v2/tops	https://homosaurus.org/v2/bisexualMistresses||https://homosaurus.org/v2/lesbianMistresses||https://homosaurus.org/v2/queerMistresses||https://homosaurus.org/v2/transgenderMistresses	https://homosaurus.org/v2/BDSM||https://homosaurus.org/v2/bottoms||https://homosaurus.org/v2/dominatricesLGBTQ||https://homosaurus.org/v2/mastersLGBTQ||https://homosaurus.org/v2/slaves||https://homosaurus.org/v2/socialPrivilege	2019-05-14	2021-09-24	https://homosaurus.org/v2/mistressesLGBTQ	""
https://homosaurus.org/v2/monogamy	monogamy	Monogamy	""	""	""	""	https://homosaurus.org/v2/partnerPreference||https://homosaurus.org/v2/sexualRelationships||https://homosaurus.org/v2/relationshipOrientation	""	https://homosaurus.org/v2/sexualIdentity||https://homosaurus.org/v2/mononormativity	2019-05-14	2021-09-24	https://homosaurus.org/v2/monogamy	""
https://homosaurus.org/v2/mosaicismInvolvingSexChromosomes	mosaicismInvolvingSexChromosomes	"Mosaicism involving ""sex"" chromosomes"	""	""	""	""	https://homosaurus.org/v2/intersexConditions	""	""	2019-05-14	2021-09-24	https://homosaurus.org/v2/mosaicismInvolvingSexChromosomes	""
https://homosaurus.org/v2/mothers	mothers	Mothers	""	""	""	""	https://homosaurus.org/v2/parentsLGBTQ	https://homosaurus.org/v2/LGBTQCoMothers||https://homosaurus.org/v2/LGBTQSingleMothers||https://homosaurus.org/v2/mothersOfBisexualPeople||https://homosaurus.org/v2/mothersOfGayMen||https://homosaurus.org/v2/mothersOfLesbians||https://homosaurus.org/v2/mothersOfTransgenderPeople||https://homosaurus.org/v2/transgenderMothers	https://homosaurus.org/v2/lesbianParents||https://homosaurus.org/v2/LGBTQMotherhood||https://homosaurus.org/v2/motherhood	2019-05-14	2021-09-24	https://homosaurus.org/v2/mothers	""
https://homosaurus.org/v2/mothersOfBisexualPeople	mothersOfBisexualPeople	Mothers of bisexual people	""	""	""	""	https://homosaurus.org/v2/mothers||https://homosaurus.org/v2/parentsOfBisexualPeople	""	""	2019-05-14	2021-09-24	https://homosaurus.org/v2/mothersOfBisexualPeople	""
https://homosaurus.org/v2/mothersOfGayMen	mothersOfGayMen	Mothers of gay men	""	""	""	""	https://homosaurus.org/v2/mothers||https://homosaurus.org/v2/parentsOfGayMen	""	""	2019-05-14	2021-09-24	https://homosaurus.org/v2/mothersOfGayMen	""
https://homosaurus.org/v2/mothersOfLesbians	mothersOfLesbians	Mothers of lesbians	""	""	""	""	https://homosaurus.org/v2/mothers||https://homosaurus.org/v2/parentsOfLesbians||https://homosaurus.org/v2/parentsOfQueerPeople	""	""	2019-05-14	2021-09-24	https://homosaurus.org/v2/mothersOfLesbians	""
https://homosaurus.org/v2/mothersOfTransgenderPeople	mothersOfTransgenderPeople	Mothers of transgender people	""	""	""	""	https://homosaurus.org/v2/mothers||https://homosaurus.org/v2/parentsOfTransgenderPeople	""	""	2019-05-14	2021-09-24	https://homosaurus.org/v2/mothersOfTransgenderPeople	""
https://homosaurus.org/v2/movementLGBTQ	movementLGBTQ	Movement (LGBTQ)	""	""	""	""	https://homosaurus.org/v2/socialMovements	https://homosaurus.org/v2/bisexualMovement||https://homosaurus.org/v2/gayMovement||https://homosaurus.org/v2/lesbianMovement||https://homosaurus.org/v2/queerMovement||https://homosaurus.org/v2/transgenderMovement	https://homosaurus.org/v2/AIDSActivists||https://homosaurus.org/v2/AIDSOrganisations||https://homosaurus.org/v2/civilRightsLGBTQ||https://homosaurus.org/v2/gay-straightAlliances||https://homosaurus.org/v2/gayPrideWeek||https://homosaurus.org/v2/LGBTQOlderPeoplesOrganisations||https://homosaurus.org/v2/organisationsForSexualResearchAndSex	2019-05-14	2021-09-24	https://homosaurus.org/v2/movementLGBTQ	""
https://homosaurus.org/v2/mtxs	mtxs	MtXs	""	""	People who transition from male to unknown or not male	""	https://homosaurus.org/v2/transgenderPeople	""	https://homosaurus.org/v2/FtMs||https://homosaurus.org/v2/ftxs||https://homosaurus.org/v2/MtFs||https://homosaurus.org/v2/XJenda	2019-05-14	2021-09-24	https://homosaurus.org/v2/mtxs	""
https://homosaurus.org/v2/mudSex	mudSex	Mud sex	""	""	Sex in the mud	""	https://homosaurus.org/v2/sexAct||https://homosaurus.org/v2/sexualPractices	""	""	2019-05-14	2021-09-24	https://homosaurus.org/v2/mudSex	""
https://homosaurus.org/v2/mukhannathun	mukhannathun	Mukhannathun	""	""	A term used in classical Arabic to refer to men who are perceived as effeminate	""	https://homosaurus.org/v2/culturallySpecificGenderIdentities	""	""	2019-05-14	2021-09-24	https://homosaurus.org/v2/mukhannathun	""
https://homosaurus.org/v2/museumsLGBTQ	museumsLGBTQ	Museums (LGBTQ)	""	""	""	""	""	https://homosaurus.org/v2/bisexualMuseums||https://homosaurus.org/v2/gayMuseums||https://homosaurus.org/v2/lesbianMuseums||https://homosaurus.org/v2/queerMuseums||https://homosaurus.org/v2/transgenderMuseums	""	2019-05-14	2021-09-24	https://homosaurus.org/v2/museumsLGBTQ	""
https://homosaurus.org/v2/musicals	musicals	Musicals	""	""	""	""	""	""	https://homosaurus.org/v2/gayTheatre||https://homosaurus.org/v2/gayTheatreGroups||https://homosaurus.org/v2/lesbianTheatre||https://homosaurus.org/v2/lesbianTheatreGroups	2019-05-14	2021-09-24	https://homosaurus.org/v2/musicals	""
https://homosaurus.org/v2/muslimsLGBTQ	muslimsLGBTQ	Muslims (LGBTQ)	""	""	""	""	https://homosaurus.org/v2/LGBTQAsianReligions||https://homosaurus.org/v2/LGBTQReligions	https://homosaurus.org/v2/bisexualMuslims||https://homosaurus.org/v2/gayMuslims||https://homosaurus.org/v2/lesbianMuslims||https://homosaurus.org/v2/queerMuslims||https://homosaurus.org/v2/transgenderMuslims	""	2019-05-14	2021-09-24	https://homosaurus.org/v2/muslimsLGBTQ	""
https://homosaurus.org/v2/mutualMasturbation	mutualMasturbation	Mutual masturbation	""	""	""	""	https://homosaurus.org/v2/masturbation||https://homosaurus.org/v2/sexAct||https://homosaurus.org/v2/sexualPractices	""	""	2019-05-14	2021-09-24	https://homosaurus.org/v2/mutualMasturbation	""
https://homosaurus.org/v2/muxe	muxe	Muxe	""	""	In Zapotec cultures of Oaxaca (southern Mexico), this term refers to people assigned male at birth who dress and behave in feminine ways; sometimes considered a third gender	""	https://homosaurus.org/v2/culturallySpecificGenderIdentities	""	""	2019-05-14	2021-09-24	https://homosaurus.org/v2/muxe	""
https://homosaurus.org/v2/nadleehi	nadleehi	Nádleehi	""	""	Used in Native American Navajo tribes for a person assigned male at birth who takes on the role of a girl in childhood and a woman in adulthood	""	https://homosaurus.org/v2/culturallySpecificGenderIdentities	""	https://homosaurus.org/v2/dilbaa||https://homosaurus.org/v2/two-spiritPeople	2019-05-14	2021-09-24	https://homosaurus.org/v2/nadleehi	""
https://homosaurus.org/v2/namban	namban	Namban	""	""	""	""	https://homosaurus.org/v2/culturallySpecificGenderIdentities	""	""	2019-05-14	2021-09-24	https://homosaurus.org/v2/namban	""
https://homosaurus.org/v2/nativeAmericansLGBTQ	nativeAmericansLGBTQ	Native Americans (LGBTQ)	""	American Indians (LGBTQ)	""	""	https://homosaurus.org/v2/LGBTQIndigenousPeople	https://homosaurus.org/v2/bisexualNativeAmericans||https://homosaurus.org/v2/gayNativeAmericans||https://homosaurus.org/v2/lesbianNativeAmericans||https://homosaurus.org/v2/queerNativeAmericans||https://homosaurus.org/v2/transgenderNativeAmericans	https://homosaurus.org/v2/LGBTQNativeAmericanReligions||https://homosaurus.org/v2/two-spiritPeople	2019-05-14	2021-09-24	https://homosaurus.org/v2/nativeAmericansLGBTQ	""
https://homosaurus.org/v2/nudism	nudism	Nudism	""	Naturism	""	""	""	""	https://homosaurus.org/v2/nudeBeaches	2019-05-14	2021-09-24	https://homosaurus.org/v2/nudism	""
https://homosaurus.org/v2/tantricSex	tantricSex	Tantric sex	""	Neotantra	""	""	https://homosaurus.org/v2/sexAct||https://homosaurus.org/v2/sexualPractices	""	""	2019-05-14	2021-09-24	https://homosaurus.org/v2/tantricSex	""
https://homosaurus.org/v2/neovagina	neovagina	Neovagina	""	""	Construction of an entirely new vagina	""	https://homosaurus.org/v2/genderConfirmingSurgery||https://homosaurus.org/v2/vaginas	""	""	2019-05-14	2021-09-24	https://homosaurus.org/v2/neovagina	""
https://homosaurus.org/v2/newslettersLGBTQ	newslettersLGBTQ	Newsletters (LGBTQ)	""	""	""	""	https://homosaurus.org/v2/pressLGBTQ	https://homosaurus.org/v2/bisexualNewsletters||https://homosaurus.org/v2/gayNewsletters||https://homosaurus.org/v2/lesbianNewsletters||https://homosaurus.org/v2/queerNewsletters||https://homosaurus.org/v2/transgenderNewsletters	https://homosaurus.org/v2/LGBTQMagazines||https://homosaurus.org/v2/newspapersLGBTQ	2019-05-14	2021-09-24	https://homosaurus.org/v2/newslettersLGBTQ	""
https://homosaurus.org/v2/newspapersLGBTQ	newspapersLGBTQ	Newspapers (LGBTQ)	""	""	""	""	https://homosaurus.org/v2/pressLGBTQ	https://homosaurus.org/v2/bisexualNewspapers||https://homosaurus.org/v2/gayNewspapers||https://homosaurus.org/v2/lesbianNewspapers||https://homosaurus.org/v2/LGBTQObituaries||https://homosaurus.org/v2/queerNewspapers||https://homosaurus.org/v2/transgenderNewspapers	https://homosaurus.org/v2/LGBTQMagazines||https://homosaurus.org/v2/newslettersLGBTQ	2019-05-14	2021-09-24	https://homosaurus.org/v2/newspapersLGBTQ	""
https://homosaurus.org/v2/niizhManidoowag	niizhManidoowag	Niizh manidoowag	""	""	Native American Ojibwa term for two-spirit people	""	https://homosaurus.org/v2/culturallySpecificGenderIdentities	""	https://homosaurus.org/v2/two-spiritPeople	2019-05-14	2021-09-24	https://homosaurus.org/v2/niizhManidoowag	""
https://homosaurus.org/v2/ninauposkitzipxpe	ninauposkitzipxpe	Ninauposkitzipxpe	""	""	"Used in Native American Blackfoot tribes for people assigned female at birth who are not constrained to the social role of a woman; translates to ""manly-hearted woman"""	""	https://homosaurus.org/v2/culturallySpecificGenderIdentities	""	https://homosaurus.org/v2/two-spiritPeople	2019-05-14	2021-09-24	https://homosaurus.org/v2/ninauposkitzipxpe	""
https://homosaurus.org/v2/nippleClamps	nippleClamps	Nipple clamps	""	""	""	""	https://homosaurus.org/v2/sexAccessories	""	""	2019-05-14	2021-09-24	https://homosaurus.org/v2/nippleClamps	""
https://homosaurus.org/v2/nipplePlay	nipplePlay	Nipple play	""	Nipple sex	""	""	https://homosaurus.org/v2/sexAct||https://homosaurus.org/v2/sexualPractices	""	""	2019-05-14	2021-09-24	https://homosaurus.org/v2/nipplePlay	""
https://homosaurus.org/v2/noHormoneIdentity	noHormoneIdentity	No hormone identity	""	""	""	""	https://homosaurus.org/v2/transitioningStatus	""	https://homosaurus.org/v2/herbalTreatments||https://homosaurus.org/v2/hormoneTherapyGender||https://homosaurus.org/v2/nonOperative||https://homosaurus.org/v2/transgenderPeople||https://homosaurus.org/v2/transsexualPeople	2019-05-14	2021-09-24	https://homosaurus.org/v2/noHormoneIdentity	""
https://homosaurus.org/v2/nonBinaryPeople	nonBinaryPeople	Non-binary people	""	Nonbinary people||Enbies||NB-ies	""	""	https://homosaurus.org/v2/transgenderPeople	""	https://homosaurus.org/v2/agenderPeople||https://homosaurus.org/v2/androgynousPeople||https://homosaurus.org/v2/genderIdentity	2019-05-14	2021-09-24	https://homosaurus.org/v2/nonBinaryPeople	""
https://homosaurus.org/v2/nonOperative	nonOperative	Non-operative	""	""	""	""	https://homosaurus.org/v2/transitioningStatus	""	https://homosaurus.org/v2/genderConfirmingSurgery||https://homosaurus.org/v2/herbalTreatments||https://homosaurus.org/v2/noHormoneIdentity||https://homosaurus.org/v2/transgenderPeople||https://homosaurus.org/v2/transsexualPeople	2019-05-14	2021-09-24	https://homosaurus.org/v2/nonOperative	""
https://homosaurus.org/v2/nudeBeaches	nudeBeaches	Nude beaches	""	""	""	""	https://homosaurus.org/v2/beachesLGBTQ	""	https://homosaurus.org/v2/nudism	2019-05-14	2021-09-24	https://homosaurus.org/v2/nudeBeaches	""
https://homosaurus.org/v2/nudePhotographs	nudePhotographs	Nude photographs	""	""	""	""	""	""	https://homosaurus.org/v2/nudes	2019-05-14	2021-09-24	https://homosaurus.org/v2/nudePhotographs	""
https://homosaurus.org/v2/nudes	nudes	Nudes	""	""	""	""	""	""	https://homosaurus.org/v2/nudePhotographs	2019-05-14	2021-09-24	https://homosaurus.org/v2/nudes	""
https://homosaurus.org/v2/officialDocumentation	officialDocumentation	Official documentation	""	""	""	""	https://homosaurus.org/v2/legalStatus	https://homosaurus.org/v2/birthCertificates||https://homosaurus.org/v2/civilUnionCertificates||https://homosaurus.org/v2/civilUnionDocuments||https://homosaurus.org/v2/courtOrders||https://homosaurus.org/v2/domesticPartnershipContracts||https://homosaurus.org/v2/driversLicenses||https://homosaurus.org/v2/legalNameChange||https://homosaurus.org/v2/marriageCertificates||https://homosaurus.org/v2/marriageLicenses||https://homosaurus.org/v2/medicalPractitionersStatements||https://homosaurus.org/v2/passports||https://homosaurus.org/v2/socialSecurityCards	https://homosaurus.org/v2/civilUnions||https://homosaurus.org/v2/domesticPartnerships||https://homosaurus.org/v2/legalName||https://homosaurus.org/v2/LGBTQImmigrationRights||https://homosaurus.org/v2/LGBTQPersonalAndFamilyLaw||https://homosaurus.org/v2/marriage	2019-05-14	2021-09-24	https://homosaurus.org/v2/officialDocumentation	""
https://homosaurus.org/v2/olderBisexualPeople	olderBisexualPeople	Older bisexual people	""	""	""	""	https://homosaurus.org/v2/bisexualPeople||https://homosaurus.org/v2/olderPeopleLGBTQ	""	""	2019-05-14	2021-09-24	https://homosaurus.org/v2/olderBisexualPeople	""
https://homosaurus.org/v2/olderGayMen	olderGayMen	Older gay men	""	""	""	""	https://homosaurus.org/v2/gayMen||https://homosaurus.org/v2/olderPeopleLGBTQ	""	""	2019-05-14	2021-09-24	https://homosaurus.org/v2/olderGayMen	""
https://homosaurus.org/v2/olderLesbians	olderLesbians	Older lesbians	""	""	""	""	https://homosaurus.org/v2/lesbians||https://homosaurus.org/v2/olderPeopleLGBTQ	""	""	2019-05-14	2021-09-24	https://homosaurus.org/v2/olderLesbians	""
https://homosaurus.org/v2/olderQueerPeople	olderQueerPeople	Older queer people	""	""	""	""	https://homosaurus.org/v2/olderPeopleLGBTQ	""	""	2019-05-14	2021-09-24	https://homosaurus.org/v2/olderQueerPeople	""
https://homosaurus.org/v2/olderTransgenderPeople	olderTransgenderPeople	Older transgender people	""	""	""	""	https://homosaurus.org/v2/olderPeopleLGBTQ||https://homosaurus.org/v2/transgenderPeople	""	""	2019-05-14	2021-09-24	https://homosaurus.org/v2/olderTransgenderPeople	""
https://homosaurus.org/v2/singleParentFamilies	singleParentFamilies	Single parent families	""	One-parent families	""	""	https://homosaurus.org/v2/familiesLGBTQ	""	""	2019-05-14	2021-09-24	https://homosaurus.org/v2/singleParentFamilies	""
https://homosaurus.org/v2/orchiectomy	orchiectomy	Orchiectomy	""	""	""	""	https://homosaurus.org/v2/castration||https://homosaurus.org/v2/genderConfirmingSurgery	""	""	2019-05-14	2021-09-24	https://homosaurus.org/v2/orchiectomy	""
https://homosaurus.org/v2/organisationsForSexualResearchAndSex	organisationsForSexualResearchAndSex	Organisations for sexual research and sexual reform	""	Organizations for sexual research and sexual reform||Sexual reform organisations||Sexual reform organizations||Sexual research organisations||Sexual research organizations	""	""	https://homosaurus.org/v2/sexuality	""	https://homosaurus.org/v2/movementLGBTQ	2019-05-14	2021-09-24	https://homosaurus.org/v2/organisationsForSexualResearchAndSex	""
https://homosaurus.org/v2/orgasm	orgasm	Orgasm	""	""	""	""	https://homosaurus.org/v2/sexualExcitement	""	https://homosaurus.org/v2/cum||https://homosaurus.org/v2/g-spot||https://homosaurus.org/v2/gettingOff||https://homosaurus.org/v2/happyEndings||https://homosaurus.org/v2/jizz||https://homosaurus.org/v2/sexAct||https://homosaurus.org/v2/sexualClimax||https://homosaurus.org/v2/sexuality	2019-05-14	2021-09-24	https://homosaurus.org/v2/orgasm	""
https://homosaurus.org/v2/otters	otters	Otters	""	Otter men	""	""	https://homosaurus.org/v2/gayCulture||https://homosaurus.org/v2/gayMen||https://homosaurus.org/v2/sexualIdentity	""	https://homosaurus.org/v2/bears||https://homosaurus.org/v2/wolves	2019-05-14	2021-09-24	https://homosaurus.org/v2/otters	""
https://homosaurus.org/v2/outgames	outgames	Outgames	""	""	""	""	https://homosaurus.org/v2/LGBTQSportingEvents	""	https://homosaurus.org/v2/gayGames	2019-05-14	2021-09-24	https://homosaurus.org/v2/outgames	""
https://homosaurus.org/v2/outing	outing	Outing	""	""	""	""	https://homosaurus.org/v2/LGBTQDirectAction	""	https://homosaurus.org/v2/babyDyke||https://homosaurus.org/v2/babyGay||https://homosaurus.org/v2/closetedBisexualPeople||https://homosaurus.org/v2/closetedGayMen||https://homosaurus.org/v2/closetedLesbians||https://homosaurus.org/v2/comingOut||https://homosaurus.org/v2/deadnaming||https://homosaurus.org/v2/secrecy||https://homosaurus.org/v2/stealthTransgender	2019-05-14	2021-09-24	https://homosaurus.org/v2/outing	""
https://homosaurus.org/v2/ovoTestes	ovoTestes	Ovo-testes	""	True Hermaphroditism||True hermaphroditism	""	""	https://homosaurus.org/v2/intersexConditions	""	""	2019-05-14	2021-09-24	https://homosaurus.org/v2/ovoTestes	""
https://homosaurus.org/v2/packingPhallus	packingPhallus	Packing (phallus)	""	""	Wearing padding or a phallic object in the front of the pants or underwear to give the appearance of having a penis and bulge	""	https://homosaurus.org/v2/genderExpression	""	https://homosaurus.org/v2/penises	2019-05-14	2021-09-24	https://homosaurus.org/v2/packingPhallus	""
https://homosaurus.org/v2/spankingPaddles	spankingPaddles	Spanking paddles	""	""	""	""	https://homosaurus.org/v2/sexAccessories	""	""	2019-05-14	2021-09-24	https://homosaurus.org/v2/spankingPaddles	""
https://homosaurus.org/v2/pagansLGBTQ	pagansLGBTQ	Pagans (LGBTQ)	""	""	""	""	""	https://homosaurus.org/v2/bisexualPagans||https://homosaurus.org/v2/gayPagans||https://homosaurus.org/v2/lesbianPagans||https://homosaurus.org/v2/queerPagans||https://homosaurus.org/v2/transgenderPagans	https://homosaurus.org/v2/LGBTQReligions	2019-05-14	2021-09-24	https://homosaurus.org/v2/pagansLGBTQ	""
https://homosaurus.org/v2/palaoana	palaoana	Palao'ana	""	""	Chamarro (Mariana Islands) term for third gender	""	https://homosaurus.org/v2/culturallySpecificGenderIdentities	""	https://homosaurus.org/v2/culturallySpecificGenderIdentities	2019-05-14	2021-09-24	https://homosaurus.org/v2/palaoana	""
https://homosaurus.org/v2/pangenderIdentity	pangenderIdentity	Pangender identity	""	""	Gender identity including multiple or all genders	""	https://homosaurus.org/v2/genderIdentity	""	https://homosaurus.org/v2/pangenderPeople	2019-05-14	2021-09-24	https://homosaurus.org/v2/pangenderIdentity	""
https://homosaurus.org/v2/pangenderPeople	pangenderPeople	Pangender people	""	""	People who identify as multiple or all genders	""	https://homosaurus.org/v2/culturallySpecificGenderIdentities||https://homosaurus.org/v2/transgenderPeople	""	https://homosaurus.org/v2/pangenderIdentity	2019-05-14	2021-09-24	https://homosaurus.org/v2/pangenderPeople	""
https://homosaurus.org/v2/pansexualPeople	pansexualPeople	Pansexual people	""	Omnisexual	""	""	https://homosaurus.org/v2/bi+People||https://homosaurus.org/v2/LGBTQPeople	""	https://homosaurus.org/v2/bisexualPeople||https://homosaurus.org/v2/cissexualPeople||https://homosaurus.org/v2/transsexualPeople||https://homosaurus.org/v2/allosexuality	2019-05-14	2021-09-24	https://homosaurus.org/v2/pansexualPeople	""
https://homosaurus.org/v2/parentalRights	parentalRights	Parental rights	""	""	""	""	https://homosaurus.org/v2/legalStatus	""	https://homosaurus.org/v2/LGBTQParenthood||https://homosaurus.org/v2/LGBTQPersonalAndFamilyLaw	2019-05-14	2021-09-24	https://homosaurus.org/v2/parentalRights	""
https://homosaurus.org/v2/parentsLGBTQ	parentsLGBTQ	Parents (LGBTQ)	""	""	""	""	https://homosaurus.org/v2/familiesLGBTQ||https://homosaurus.org/v2/familyMembers	https://homosaurus.org/v2/adoptiveParents||https://homosaurus.org/v2/birthParents||https://homosaurus.org/v2/bisexualParents||https://homosaurus.org/v2/fathers||https://homosaurus.org/v2/gayParents||https://homosaurus.org/v2/grandparents||https://homosaurus.org/v2/lesbianParents||https://homosaurus.org/v2/LGBTQAdoptiveParents||https://homosaurus.org/v2/LGBTQBiologicalParents||https://homosaurus.org/v2/LGBTQBirthParents||https://homosaurus.org/v2/LGBTQCoParents||https://homosaurus.org/v2/LGBTQFosterParents||https://homosaurus.org/v2/LGBTQSingleParents||https://homosaurus.org/v2/mothers||https://homosaurus.org/v2/parentsOfBisexualPeople||https://homosaurus.org/v2/parentsOfCrossdressers||https://homosaurus.org/v2/parentsOfGayMen||https://homosaurus.org/v2/parentsOfLesbians||https://homosaurus.org/v2/parentsOfQueerPeople||https://homosaurus.org/v2/parentsOfTransgenderPeople||https://homosaurus.org/v2/queerParents||https://homosaurus.org/v2/transgenderFathers||https://homosaurus.org/v2/transgenderMothers||https://homosaurus.org/v2/transgenderParents	https://homosaurus.org/v2/biologicalParenthood||https://homosaurus.org/v2/ConceptionByLGBTQPeople||https://homosaurus.org/v2/LGBTQAdoption||https://homosaurus.org/v2/LGBTQAdoptiveParenthood||https://homosaurus.org/v2/LGBTQFamilyPlanning||https://homosaurus.org/v2/LGBTQFosterFamilies||https://homosaurus.org/v2/LGBTQParenthood	2019-05-14	2021-09-24	https://homosaurus.org/v2/parentsLGBTQ	""
https://homosaurus.org/v2/parentsOfCrossdressers	parentsOfCrossdressers	Parents of crossdressers	""	""	""	""	https://homosaurus.org/v2/parentsLGBTQ	""	https://homosaurus.org/v2/crossdressers	2019-05-14	2021-09-24	https://homosaurus.org/v2/parentsOfCrossdressers	""
https://homosaurus.org/v2/parentsOfQueerPeople	parentsOfQueerPeople	Parents of queer people	""	Queer people's parents	""	""	https://homosaurus.org/v2/parentsLGBTQ	https://homosaurus.org/v2/fathersOfQueerPeople||https://homosaurus.org/v2/mothersOfLesbians	https://homosaurus.org/v2/queerPeople	2019-05-14	2021-09-24	https://homosaurus.org/v2/parentsOfQueerPeople	""
https://homosaurus.org/v2/parentsOfTransgenderPeople	parentsOfTransgenderPeople	Parents of transgender people	""	Transgender people's parents	""	""	https://homosaurus.org/v2/parentsLGBTQ	https://homosaurus.org/v2/fathersOfTransgenderPeople||https://homosaurus.org/v2/mothersOfTransgenderPeople	https://homosaurus.org/v2/transgenderPeople	2019-05-14	2021-09-24	https://homosaurus.org/v2/parentsOfTransgenderPeople	""
https://homosaurus.org/v2/partialAndrogenInsensitivitySyndrome	partialAndrogenInsensitivitySyndrome	Partial androgen insensitivity syndrome	""	""	""	""	https://homosaurus.org/v2/intersexConditions	""	""	2019-05-14	2021-09-24	https://homosaurus.org/v2/partialAndrogenInsensitivitySyndrome	""
https://homosaurus.org/v2/partnerNotification	partnerNotification	Partner notification	""	""	The practice of notifying the sexual partners of a person who has been newly diagnosed with a sexually transmitted infection to inform them that they have been exposed to the infection	""	""	""	https://homosaurus.org/v2/partnersLGBTQ||https://homosaurus.org/v2/sexualRelationships||https://homosaurus.org/v2/significantOthers||https://homosaurus.org/v2/STDs	2019-05-14	2021-09-24	https://homosaurus.org/v2/partnerNotification	""
https://homosaurus.org/v2/partnerPreference	partnerPreference	Partner preference	""	""	""	""	https://homosaurus.org/v2/sexualPreference	https://homosaurus.org/v2/monogamy||https://homosaurus.org/v2/polygamy	https://homosaurus.org/v2/partnersLGBTQ||https://homosaurus.org/v2/sexualIdentity||https://homosaurus.org/v2/sexualRelationships||https://homosaurus.org/v2/significantOthers	2019-05-14	2021-09-24	https://homosaurus.org/v2/partnerPreference	""
https://homosaurus.org/v2/partnerRights	partnerRights	Partner rights	""	""	""	""	https://homosaurus.org/v2/legalStatus	""	https://homosaurus.org/v2/partnersLGBTQ||https://homosaurus.org/v2/significantOthers	2019-05-14	2021-09-24	https://homosaurus.org/v2/partnerRights	""
https://homosaurus.org/v2/partnersLGBTQ	partnersLGBTQ	Partners (LGBTQ)	""	""	""	""	https://homosaurus.org/v2/familiesLGBTQ||https://homosaurus.org/v2/familyMembers	https://homosaurus.org/v2/LGBTQExPartners||https://homosaurus.org/v2/partnersOfBisexualPeople||https://homosaurus.org/v2/partnersOfGayMen||https://homosaurus.org/v2/partnersOfLesbians||https://homosaurus.org/v2/partnersOfQueerPeople||https://homosaurus.org/v2/partnersOfTransgenderPeople||https://homosaurus.org/v2/LGBTQPartnersOfAlcoholics||https://homosaurus.org/v2/metamours||https://homosaurus.org/v2/primaryPartners	https://homosaurus.org/v2/couplesLGBTQ||https://homosaurus.org/v2/domesticPartnerships||https://homosaurus.org/v2/intimatePartnerViolence||https://homosaurus.org/v2/LGBTQDomesticViolence||https://homosaurus.org/v2/LGBTQLovers||https://homosaurus.org/v2/partnerNotification||https://homosaurus.org/v2/partnerPreference||https://homosaurus.org/v2/partnerRights||https://homosaurus.org/v2/relationshipsLGBTQ||https://homosaurus.org/v2/sexualPreference||https://homosaurus.org/v2/significantOthers||https://homosaurus.org/v2/secondaryPartners	2019-05-14	2021-09-24	https://homosaurus.org/v2/partnersLGBTQ	""
https://homosaurus.org/v2/partnersOfBisexualPeople	partnersOfBisexualPeople	Partners of bisexual people	""	""	""	""	https://homosaurus.org/v2/partnersLGBTQ	""	https://homosaurus.org/v2/bisexualPeople	2019-05-14	2021-09-24	https://homosaurus.org/v2/partnersOfBisexualPeople	""
https://homosaurus.org/v2/partnersOfCrossdressers	partnersOfCrossdressers	Partners of crossdressers	""	""	""	""	""	""	https://homosaurus.org/v2/crossdressers	2019-05-14	2021-09-24	https://homosaurus.org/v2/partnersOfCrossdressers	""
https://homosaurus.org/v2/partnersOfGayMen	partnersOfGayMen	Partners of gay men	""	""	""	""	https://homosaurus.org/v2/partnersLGBTQ	""	https://homosaurus.org/v2/gayMen	2019-05-14	2021-09-24	https://homosaurus.org/v2/partnersOfGayMen	""
https://homosaurus.org/v2/partnersOfLesbians	partnersOfLesbians	Partners of lesbians	""	""	""	""	https://homosaurus.org/v2/partnersLGBTQ	""	https://homosaurus.org/v2/lesbians	2019-05-14	2021-09-24	https://homosaurus.org/v2/partnersOfLesbians	""
https://homosaurus.org/v2/partnersOfQueerPeople	partnersOfQueerPeople	Partners of queer people	""	""	""	""	https://homosaurus.org/v2/partnersLGBTQ	""	""	2019-05-14	2021-09-24	https://homosaurus.org/v2/partnersOfQueerPeople	""
https://homosaurus.org/v2/partnersOfTransgenderPeople	partnersOfTransgenderPeople	Partners of transgender people	""	""	""	""	https://homosaurus.org/v2/partnersLGBTQ	""	https://homosaurus.org/v2/transgenderPeople	2019-05-14	2021-09-24	https://homosaurus.org/v2/partnersOfTransgenderPeople	""
https://homosaurus.org/v2/passingGender	passingGender	Passing (gender)	""	""	An individual's ability to be accepted or regarded as a member of the gender they identify with	""	""	""	https://homosaurus.org/v2/crossdressers||https://homosaurus.org/v2/gender||https://homosaurus.org/v2/lipstickLesbians||https://homosaurus.org/v2/publicBathrooms||https://homosaurus.org/v2/stealthTransgender||https://homosaurus.org/v2/transgenderPeople	2019-05-14	2021-09-24	https://homosaurus.org/v2/passingGender	""
https://homosaurus.org/v2/passiveImmuneTherapy	passiveImmuneTherapy	Passive immune therapy	""	""	""	""	https://homosaurus.org/v2/medication	""	https://homosaurus.org/v2/HIVAIDS	2019-05-14	2021-09-24	https://homosaurus.org/v2/passiveImmuneTherapy	""
https://homosaurus.org/v2/passports	passports	Passports	""	""	""	""	https://homosaurus.org/v2/officialDocumentation	https://homosaurus.org/v2/genderMarkers	https://homosaurus.org/v2/legalName||https://homosaurus.org/v2/legalNameChange||https://homosaurus.org/v2/LGBTQImmigrationRights||https://homosaurus.org/v2/transitioningTransgender	2019-05-14	2021-09-24	https://homosaurus.org/v2/passports	""
https://homosaurus.org/v2/fatherhood	fatherhood	Fatherhood	""	Paternity	""	""	""	""	https://homosaurus.org/v2/biologicalParenthood||https://homosaurus.org/v2/fathers||https://homosaurus.org/v2/LGBTQAdoptiveParenthood||https://homosaurus.org/v2/LGBTQFamilyPlanning||https://homosaurus.org/v2/LGBTQFosterParenthood||https://homosaurus.org/v2/LGBTQParenthood	2019-05-14	2021-09-24	https://homosaurus.org/v2/fatherhood	""
https://homosaurus.org/v2/pederasts	pederasts	Pederasts	""	""	Men having consensually sexual and mentor/protegee relationships with adolescent boys; term has been used historically as a synonym for gay men	""	https://homosaurus.org/v2/LGBTQHistoricalTerms||https://homosaurus.org/v2/sexualIdentity||https://homosaurus.org/v2/sexualPreference	""	https://homosaurus.org/v2/pederasty	2019-05-14	2021-09-24	https://homosaurus.org/v2/pederasts	""
https://homosaurus.org/v2/pederasty	pederasty	Pederasty	""	""	Erotic relationships between adult men and adolescent boys; use term only in historical contexts	""	https://homosaurus.org/v2/LGBTQHistoricalTerms	""	https://homosaurus.org/v2/pederasts||https://homosaurus.org/v2/sexualPreference||https://homosaurus.org/v2/sodomy	2019-05-14	2021-09-24	https://homosaurus.org/v2/pederasty	""
https://homosaurus.org/v2/peepShows	peepShows	Peep shows	""	Peepshows	""	""	""	""	https://homosaurus.org/v2/sexIndustry	2019-05-14	2021-09-24	https://homosaurus.org/v2/peepShows	""
https://homosaurus.org/v2/penectomy	penectomy	Penectomy	""	""	""	""	https://homosaurus.org/v2/castration||https://homosaurus.org/v2/genderConfirmingSurgery	""	""	2019-05-14	2021-09-24	https://homosaurus.org/v2/penectomy	""
https://homosaurus.org/v2/penilePlethysmography	penilePlethysmography	Penile plethysmography	""	Penile response measurement||Phallometry	Assessments of penile tumescence in response to erotic stimuli in order to test an individual's sexual preference or excitement	""	""	""	https://homosaurus.org/v2/penises	2019-05-14	2021-09-24	https://homosaurus.org/v2/penilePlethysmography	""
https://homosaurus.org/v2/penises	penises	Penises	""	Cocks	""	""	https://homosaurus.org/v2/erogenousBodyParts||https://homosaurus.org/v2/genitals	""	https://homosaurus.org/v2/cockRings||https://homosaurus.org/v2/dildos||https://homosaurus.org/v2/erections||https://homosaurus.org/v2/fellatio||https://homosaurus.org/v2/packingPhallus||https://homosaurus.org/v2/penilePlethysmography||https://homosaurus.org/v2/sexAssignedAtBirth||https://homosaurus.org/v2/strapOnSex||https://homosaurus.org/v2/tucking	2019-05-14	2021-09-24	https://homosaurus.org/v2/penises	""
https://homosaurus.org/v2/peopleInTheMilitaryLGBTQ	peopleInTheMilitaryLGBTQ	People in the military (LGBTQ)	""	""	""	""	https://homosaurus.org/v2/legalStatus	https://homosaurus.org/v2/bisexualPeopleInTheMilitary||https://homosaurus.org/v2/gayMenInTheMilitary||https://homosaurus.org/v2/lesbiansInTheMilitary||https://homosaurus.org/v2/queerPeopleInTheMilitary||https://homosaurus.org/v2/transgenderPeopleInTheMilitary	https://homosaurus.org/v2/LGBTQVeterans	2019-05-14	2021-09-24	https://homosaurus.org/v2/peopleInTheMilitaryLGBTQ	""
https://homosaurus.org/v2/peopleOfColourLGBTQ	peopleOfColourLGBTQ	People of colour (LGBTQ)	""	Third World people (LGBTQ)	""	""	https://homosaurus.org/v2/LGBTQEthnicGroups	https://homosaurus.org/v2/asiansLGBTQ||https://homosaurus.org/v2/bisexualPeopleOfColour||https://homosaurus.org/v2/blackPeopleLGBTQ||https://homosaurus.org/v2/gayMenOfColour||https://homosaurus.org/v2/latinxLGBTQ||https://homosaurus.org/v2/lesbiansOfColour||https://homosaurus.org/v2/LGBTQBiracialPeople||https://homosaurus.org/v2/LGBTQIndigenousPeople||https://homosaurus.org/v2/LGBTQMultiRacialPeople||https://homosaurus.org/v2/queerPeopleOfColour||https://homosaurus.org/v2/transgenderPeopleOfColour	https://homosaurus.org/v2/ballroomFamilies||https://homosaurus.org/v2/socialPrivilege	2019-05-14	2021-09-24	https://homosaurus.org/v2/peopleOfColourLGBTQ	""
https://homosaurus.org/v2/performanceArt	performanceArt	Performance art	""	""	""	""	https://homosaurus.org/v2/theatreLGBTQ	""	""	2019-05-14	2021-09-24	https://homosaurus.org/v2/performanceArt	""
https://homosaurus.org/v2/persecutionOfBisexualPeople	persecutionOfBisexualPeople	Persecution of bisexual people	""	""	""	""	https://homosaurus.org/v2/persecutionsLGBTQ	""	https://homosaurus.org/v2/bisexualPeople	2019-05-14	2021-09-24	https://homosaurus.org/v2/persecutionOfBisexualPeople	""
https://homosaurus.org/v2/persecutionOfGayMen	persecutionOfGayMen	Persecution of gay men	""	""	""	""	https://homosaurus.org/v2/persecutionsLGBTQ	""	https://homosaurus.org/v2/gayMen	2019-05-14	2021-09-24	https://homosaurus.org/v2/persecutionOfGayMen	""
https://homosaurus.org/v2/persecutionOfLesbians	persecutionOfLesbians	Persecution of lesbians	""	""	""	""	https://homosaurus.org/v2/persecutionsLGBTQ	""	https://homosaurus.org/v2/lesbians	2019-05-14	2021-09-24	https://homosaurus.org/v2/persecutionOfLesbians	""
https://homosaurus.org/v2/persecutionOfQueerPeople	persecutionOfQueerPeople	Persecution of queer people	""	""	""	""	https://homosaurus.org/v2/persecutionsLGBTQ	""	https://homosaurus.org/v2/queerPeople	2019-05-14	2021-09-24	https://homosaurus.org/v2/persecutionOfQueerPeople	""
https://homosaurus.org/v2/persecutionOfTransgenderPeople	persecutionOfTransgenderPeople	Persecution of transgender people	""	""	""	""	https://homosaurus.org/v2/persecutionsLGBTQ	""	https://homosaurus.org/v2/transgenderPeople	2019-05-14	2021-09-24	https://homosaurus.org/v2/persecutionOfTransgenderPeople	""
https://homosaurus.org/v2/persecutionsLGBTQ	persecutionsLGBTQ	Persecutions (LGBTQ)	""	""	""	""	""	https://homosaurus.org/v2/LGBTQDefamationCampaigns||https://homosaurus.org/v2/persecutionOfBisexualPeople||https://homosaurus.org/v2/persecutionOfGayMen||https://homosaurus.org/v2/persecutionOfLesbians||https://homosaurus.org/v2/persecutionOfQueerPeople||https://homosaurus.org/v2/persecutionOfTransgenderPeople||https://homosaurus.org/v2/policeRaids	https://homosaurus.org/v2/antiLGBTQViolence||https://homosaurus.org/v2/arrestsOfLGBTQPeople||https://homosaurus.org/v2/discriminationLGBTQ||https://homosaurus.org/v2/gendercide||https://homosaurus.org/v2/lavenderScare||https://homosaurus.org/v2/LGBTQRefugees||https://homosaurus.org/v2/policeHarassment||https://homosaurus.org/v2/undocumentedLGBTQResidents||https://homosaurus.org/v2/slurs	2019-05-14	2021-09-24	https://homosaurus.org/v2/persecutionsLGBTQ	""
https://homosaurus.org/v2/phallicSex	phallicSex	Phallic sex	""	""	""	""	https://homosaurus.org/v2/sexAct||https://homosaurus.org/v2/sexualPractices	https://homosaurus.org/v2/fellatio||https://homosaurus.org/v2/fucking||https://homosaurus.org/v2/wackingOff||https://homosaurus.org/v2/wanking	""	2019-05-14	2021-09-24	https://homosaurus.org/v2/phallicSex	""
https://homosaurus.org/v2/phoneSex	phoneSex	Phone sex	""	Telephone sex	""	""	https://homosaurus.org/v2/sexAct||https://homosaurus.org/v2/sexualPractices	""	https://homosaurus.org/v2/phoneSexWorkers||https://homosaurus.org/v2/sexIndustry	2019-05-14	2021-09-24	https://homosaurus.org/v2/phoneSex	""
https://homosaurus.org/v2/phoneSexWorkers	phoneSexWorkers	Phone sex workers	""	Phone sex operators	""	""	https://homosaurus.org/v2/sexWorkersLGBTQ	""	https://homosaurus.org/v2/phoneSex	2019-05-14	2021-09-24	https://homosaurus.org/v2/phoneSexWorkers	""
https://homosaurus.org/v2/physicalAffection	physicalAffection	Physical affection	""	""	""	""	""	https://homosaurus.org/v2/kissing	https://homosaurus.org/v2/eroticism||https://homosaurus.org/v2/massage	2019-05-14	2021-09-24	https://homosaurus.org/v2/physicalAffection	""
https://homosaurus.org/v2/physicalHealthCareForLGBTQPeople	physicalHealthCareForLGBTQPeople	Physical health care for LGBTQ people	""	""	""	""	https://homosaurus.org/v2/healthCareForLGBTQPeople	""	""	2019-05-14	2021-09-24	https://homosaurus.org/v2/physicalHealthCareForLGBTQPeople	""
https://homosaurus.org/v2/piercings	piercings	Piercings	""	""	""	""	https://homosaurus.org/v2/bodyAdornments	""	""	2019-05-14	2021-09-24	https://homosaurus.org/v2/piercings	""
https://homosaurus.org/v2/pinching	pinching	Pinching	""	""	""	""	https://homosaurus.org/v2/manualSex||https://homosaurus.org/v2/sexualPractices	""	""	2019-05-14	2021-09-24	https://homosaurus.org/v2/pinching	""
https://homosaurus.org/v2/pinkTriangles	pinkTriangles	Pink triangles	""	""	International symbol of gay pride and the gay rights movement; used in Nazi Germany to identify male prisoners who were sent to concentration camps because of their homosexuality; in later years, this category of prisoners also included bisexual men and transgender women	""	https://homosaurus.org/v2/LGBTQSymbols	""	""	2019-05-14	2021-09-24	https://homosaurus.org/v2/pinkTriangles	""
https://homosaurus.org/v2/pinkwashing	pinkwashing	Pinkwashing	""	""	A variety of marketing and political strategies aimed at promoting products, countries, people, or entities through an appeal to LGBTQ friendliness, in order to be perceived as progressive, modern, and tolerant	""	""	""	https://homosaurus.org/v2/homonationalism||https://homosaurus.org/v2/LGBTQFriendliness||https://homosaurus.org/v2/LGBTQMarketing	2019-05-14	2021-09-24	https://homosaurus.org/v2/pinkwashing	""
https://homosaurus.org/v2/poetryLGBTQ	poetryLGBTQ	Poetry (LGBTQ)	""	""	""	""	https://homosaurus.org/v2/literatureLGBTQ	https://homosaurus.org/v2/bisexualPoetry||https://homosaurus.org/v2/gayPoetry||https://homosaurus.org/v2/lesbianPoetry||https://homosaurus.org/v2/queerPoetry||https://homosaurus.org/v2/transgenderPoetry	""	2019-05-14	2021-09-24	https://homosaurus.org/v2/poetryLGBTQ	""
https://homosaurus.org/v2/police	police	Police	""	""	""	""	""	""	https://homosaurus.org/v2/policeEntrapment||https://homosaurus.org/v2/policeRaids	2019-05-14	2021-09-24	https://homosaurus.org/v2/police	""
https://homosaurus.org/v2/policeEntrapment	policeEntrapment	Police entrapment	""	Undercover agents	""	""	https://homosaurus.org/v2/policeHarassment	""	https://homosaurus.org/v2/arrestsOfLGBTQPeople||https://homosaurus.org/v2/police	2019-05-14	2021-09-24	https://homosaurus.org/v2/policeEntrapment	""
https://homosaurus.org/v2/policeHarassment	policeHarassment	Police harassment	""	""	""	""	https://homosaurus.org/v2/harassment	https://homosaurus.org/v2/policeEntrapment||https://homosaurus.org/v2/policeRaids	https://homosaurus.org/v2/discriminationLGBTQ||https://homosaurus.org/v2/persecutionsLGBTQ||https://homosaurus.org/v2/stonewallRiots	2019-05-14	2021-09-24	https://homosaurus.org/v2/policeHarassment	""
https://homosaurus.org/v2/policeRaids	policeRaids	Police raids	""	""	""	""	https://homosaurus.org/v2/persecutionsLGBTQ||https://homosaurus.org/v2/policeHarassment	""	https://homosaurus.org/v2/arrestsOfLGBTQPeople||https://homosaurus.org/v2/police	2019-05-14	2021-09-24	https://homosaurus.org/v2/policeRaids	""
https://homosaurus.org/v2/polyamory	polyamory	Polyamory	""	""	Practice of engaging in romantic relationships with more than one person simultaneously with the knowledge and consent of all parties involved	""	""	https://homosaurus.org/v2/metamours||https://homosaurus.org/v2/hierarchicalNonmonogamy	https://homosaurus.org/v2/consent||https://homosaurus.org/v2/groupSex||https://homosaurus.org/v2/polygamy||https://homosaurus.org/v2/sexualIdentity||https://homosaurus.org/v2/polysexuality	2019-05-14	2021-09-24	https://homosaurus.org/v2/polyamory	""
https://homosaurus.org/v2/polygamy	polygamy	Polygamy	""	""	Practice of engaging in relationships where the dominant partner has multiple spouses, though the marriages are not typically recognized by society or law	""	https://homosaurus.org/v2/partnerPreference||https://homosaurus.org/v2/sexualRelationships	""	https://homosaurus.org/v2/consent||https://homosaurus.org/v2/groupSex||https://homosaurus.org/v2/polyamory||https://homosaurus.org/v2/sexualIdentity	2019-05-14	2021-09-24	https://homosaurus.org/v2/polygamy	""
https://homosaurus.org/v2/poppers	poppers	Poppers	""	Tape head cleaner	""	""	https://homosaurus.org/v2/partyDrugs||https://homosaurus.org/v2/sexAccessories	""	""	2019-05-14	2021-09-24	https://homosaurus.org/v2/poppers	""
https://homosaurus.org/v2/pornIndustry	pornIndustry	Porn industry	""	""	""	""	https://homosaurus.org/v2/sexIndustry	""	https://homosaurus.org/v2/LGBTQPornMagazines||https://homosaurus.org/v2/pornFilmsLGBTQ	2019-05-14	2021-09-24	https://homosaurus.org/v2/pornIndustry	""
https://homosaurus.org/v2/pornStars	pornStars	Porn stars	""	Pornographic actors||Pornstars	""	""	https://homosaurus.org/v2/LGBTQActors||https://homosaurus.org/v2/sexWorkersLGBTQ	""	https://homosaurus.org/v2/gayForPay||https://homosaurus.org/v2/pornFilmsLGBTQ||https://homosaurus.org/v2/pornography	2019-05-14	2021-09-24	https://homosaurus.org/v2/pornStars	""
https://homosaurus.org/v2/pornography	pornography	Pornography	""	""	The depiction of sexual acts for the purposes of arousal	""	https://homosaurus.org/v2/sexualPractices	""	https://homosaurus.org/v2/erotica||https://homosaurus.org/v2/LGBTQPornMagazines||https://homosaurus.org/v2/pornFilmsLGBTQ||https://homosaurus.org/v2/pornStars||https://homosaurus.org/v2/sexting||https://homosaurus.org/v2/sexuality	2019-05-14	2021-09-24	https://homosaurus.org/v2/pornography	""
https://homosaurus.org/v2/postOperative	postOperative	Post-operative	""	""	""	""	https://homosaurus.org/v2/transitioningStatus	""	https://homosaurus.org/v2/genderConfirmingSurgery||https://homosaurus.org/v2/transgenderPeople||https://homosaurus.org/v2/transsexualPeople	2019-05-14	2021-09-24	https://homosaurus.org/v2/postOperative	""
https://homosaurus.org/v2/prep	prep	PrEP	""	Pre-exposure prophylaxis	""	""	https://homosaurus.org/v2/medication	""	https://homosaurus.org/v2/HIVAIDS	2019-05-14	2021-09-24	https://homosaurus.org/v2/prep	""
https://homosaurus.org/v2/preOperative	preOperative	Pre-operative	""	""	""	""	https://homosaurus.org/v2/transitioningStatus	""	https://homosaurus.org/v2/genderConfirmingSurgery||https://homosaurus.org/v2/transgenderPeople||https://homosaurus.org/v2/transsexualPeople	2019-05-14	2021-09-24	https://homosaurus.org/v2/preOperative	""
https://homosaurus.org/v2/pressLGBTQ	pressLGBTQ	Press (LGBTQ)	""	""	""	""	""	https://homosaurus.org/v2/bisexualPress||https://homosaurus.org/v2/gayPress||https://homosaurus.org/v2/lesbianPress||https://homosaurus.org/v2/LGBTQMagazines||https://homosaurus.org/v2/LGBTQPornMagazines||https://homosaurus.org/v2/LGBTQZines||https://homosaurus.org/v2/newslettersLGBTQ||https://homosaurus.org/v2/newspapersLGBTQ||https://homosaurus.org/v2/queerPress||https://homosaurus.org/v2/transgenderPress	https://homosaurus.org/v2/AIDSPeriodicals||https://homosaurus.org/v2/bookshopsLGBTQ||https://homosaurus.org/v2/LGBTQBooks||https://homosaurus.org/v2/literatureLGBTQ	2019-05-14	2021-09-24	https://homosaurus.org/v2/pressLGBTQ	""
https://homosaurus.org/v2/socialPrivilege	socialPrivilege	Social privilege	""	""	A special right or immunity granted to a specific person or group that is used to falsely homogenize or discriminate against other people or groups	""	""	""	https://homosaurus.org/v2/anti-feminism||https://homosaurus.org/v2/BDSM||https://homosaurus.org/v2/bottoms||https://homosaurus.org/v2/consent||https://homosaurus.org/v2/dutchBoys||https://homosaurus.org/v2/fagHags||https://homosaurus.org/v2/fagStags||https://homosaurus.org/v2/goldilocks||https://homosaurus.org/v2/heterosexualFeminism||https://homosaurus.org/v2/intersectionality||https://homosaurus.org/v2/intimatePartnerViolence||https://homosaurus.org/v2/LGBTQEthnicGroups||https://homosaurus.org/v2/mastersLGBTQ||https://homosaurus.org/v2/misogyny||https://homosaurus.org/v2/mistressesLGBTQ||https://homosaurus.org/v2/peopleOfColourLGBTQ||https://homosaurus.org/v2/radicalFeminism||https://homosaurus.org/v2/tops||https://homosaurus.org/v2/toxicMasculinity||https://homosaurus.org/v2/whitePeopleLGBTQ	2019-05-14	2021-09-24	https://homosaurus.org/v2/socialPrivilege	""
https://homosaurus.org/v2/progestinInducedVirilization	progestinInducedVirilization	Progestin induced virilization	""	""	""	""	https://homosaurus.org/v2/intersexConditions	""	""	2019-05-14	2021-09-24	https://homosaurus.org/v2/progestinInducedVirilization	""
https://homosaurus.org/v2/pronouns	pronouns	Pronouns	""	Personal pronouns	A word used in place of a noun or a noun phrase, usually personal pronouns.	""	""	""	https://homosaurus.org/v2/misgendering	2019-05-14	2021-09-24	https://homosaurus.org/v2/pronouns	""
https://homosaurus.org/v2/prostitution	prostitution	Prostitution	""	""	""	""	https://homosaurus.org/v2/sexualPractices||https://homosaurus.org/v2/sexWork	https://homosaurus.org/v2/femaleProstitution||https://homosaurus.org/v2/gayForPay||https://homosaurus.org/v2/lesbianProstitution||https://homosaurus.org/v2/maleProstitution||https://homosaurus.org/v2/transgenderProstitution	https://homosaurus.org/v2/brothels||https://homosaurus.org/v2/escortServices||https://homosaurus.org/v2/prostitutesClients||https://homosaurus.org/v2/sexTourism	2019-05-14	2021-09-24	https://homosaurus.org/v2/prostitution	""
https://homosaurus.org/v2/protestantsLGBTQ	protestantsLGBTQ	Protestants (LGBTQ)	""	""	""	""	https://homosaurus.org/v2/christiansLGBTQ	https://homosaurus.org/v2/bisexualProtestants||https://homosaurus.org/v2/gayProtestants||https://homosaurus.org/v2/lesbianProtestants||https://homosaurus.org/v2/LGBTQAnglicans||https://homosaurus.org/v2/LGBTQBaptists||https://homosaurus.org/v2/LGBTQCalvinists||https://homosaurus.org/v2/LGBTQQuakers||https://homosaurus.org/v2/metropolitanCommunityChurch||https://homosaurus.org/v2/queerProtestants||https://homosaurus.org/v2/transgenderProtestants	""	2019-05-14	2021-09-24	https://homosaurus.org/v2/protestantsLGBTQ	""
https://homosaurus.org/v2/pubertyBlockers	pubertyBlockers	Puberty blockers	""	""	Group of medications used to inhibit puberty	""	https://homosaurus.org/v2/hormoneBlockers||https://homosaurus.org/v2/medication	""	https://homosaurus.org/v2/genderDysphoria||https://homosaurus.org/v2/transgenderChildren	2019-05-14	2021-09-24	https://homosaurus.org/v2/pubertyBlockers	""
https://homosaurus.org/v2/publicBathroomBills	publicBathroomBills	Public bathroom bills	""	""	Commonly includes bills regarding other gender-segregated public facilities	""	https://homosaurus.org/v2/law	""	https://homosaurus.org/v2/antiTransgenderDiscrimination||https://homosaurus.org/v2/changingRooms||https://homosaurus.org/v2/criminalisation||https://homosaurus.org/v2/lockerRooms||https://homosaurus.org/v2/publicBathrooms||https://homosaurus.org/v2/publicFacilities||https://homosaurus.org/v2/publicShowers	2019-05-14	2021-09-24	https://homosaurus.org/v2/publicBathroomBills	""
https://homosaurus.org/v2/publicBathrooms	publicBathrooms	Public bathrooms	""	Public restrooms||Toilets	Rooms or small buildings with one or more toilets (or urinals) available for use by the general public or by customers or employees of a business	""	https://homosaurus.org/v2/publicFacilities	https://homosaurus.org/v2/gloryHoles	https://homosaurus.org/v2/antiTransgenderDiscrimination||https://homosaurus.org/v2/cottages||https://homosaurus.org/v2/passingGender||https://homosaurus.org/v2/publicBathroomBills||https://homosaurus.org/v2/tearooms	2019-05-14	2021-09-24	https://homosaurus.org/v2/publicBathrooms	""
https://homosaurus.org/v2/publicFacilities	publicFacilities	Public facilities	""	""	""	""	""	https://homosaurus.org/v2/changingRooms||https://homosaurus.org/v2/lockerRooms||https://homosaurus.org/v2/publicBathrooms||https://homosaurus.org/v2/publicShowers	https://homosaurus.org/v2/anti-discriminationLaw||https://homosaurus.org/v2/antiTransgenderDiscrimination||https://homosaurus.org/v2/publicBathroomBills	2019-05-14	2021-09-24	https://homosaurus.org/v2/publicFacilities	""
https://homosaurus.org/v2/publicSex	publicSex	Public sex	""	""	Sex in public places such as beaches, parks, cottages, etc.	""	https://homosaurus.org/v2/sexualPractices	""	https://homosaurus.org/v2/cottaging||https://homosaurus.org/v2/cruising||https://homosaurus.org/v2/exhibitionism||https://homosaurus.org/v2/gaySaunas||https://homosaurus.org/v2/LGBTQMeetingPlaces||https://homosaurus.org/v2/sexLocations||https://homosaurus.org/v2/sexuality||https://homosaurus.org/v2/tearoomSex	2019-05-14	2021-09-24	https://homosaurus.org/v2/publicSex	""
https://homosaurus.org/v2/publicShowers	publicShowers	Public showers	""	""	""	""	https://homosaurus.org/v2/publicFacilities	""	https://homosaurus.org/v2/publicBathroomBills	2019-05-14	2021-09-24	https://homosaurus.org/v2/publicShowers	""
https://homosaurus.org/v2/publishersLGBTQ	publishersLGBTQ	Publishers (LGBTQ)	""	""	""	""	""	https://homosaurus.org/v2/bisexualPublishers||https://homosaurus.org/v2/gayPublishers||https://homosaurus.org/v2/lesbianPublishers||https://homosaurus.org/v2/queerPublishers||https://homosaurus.org/v2/transgenderPublishers	""	2019-05-14	2021-09-24	https://homosaurus.org/v2/publishersLGBTQ	""
https://homosaurus.org/v2/pups	pups	Pups	""	""	Adolescent or young gay men with earnest, naïve, and energetic qualities	""	https://homosaurus.org/v2/gayAndLesbianYouth||https://homosaurus.org/v2/gayCulture||https://homosaurus.org/v2/gayMen||https://homosaurus.org/v2/leatherCommunity||https://homosaurus.org/v2/sexualIdentity||https://homosaurus.org/v2/wolves	""	https://homosaurus.org/v2/twinks	2019-05-14	2021-09-24	https://homosaurus.org/v2/pups	""
https://homosaurus.org/v2/queerPeopleOfColour	queerPeopleOfColour	Queer people of colour	""	QPOC	""	""	https://homosaurus.org/v2/peopleOfColourLGBTQ	""	""	2019-05-14	2021-09-24	https://homosaurus.org/v2/queerPeopleOfColour	""
https://homosaurus.org/v2/quariwarmi	quariwarmi	Quariwarmi	""	""	North American Inca term for people assigned male at birth who fulfill a third gender role that is often spiritual in nature	""	https://homosaurus.org/v2/culturallySpecificGenderIdentities	""	https://homosaurus.org/v2/two-spiritPeople	2019-05-14	2021-09-24	https://homosaurus.org/v2/quariwarmi	""
https://homosaurus.org/v2/queens	queens	Queens	""	""	Slang term for effeminate gay men, predominantly used in the U.S.	""	https://homosaurus.org/v2/gayMen	https://homosaurus.org/v2/dragQueens	https://homosaurus.org/v2/sissies	2019-05-14	2021-09-24	https://homosaurus.org/v2/queens	""
https://homosaurus.org/v2/queerVerb	queerVerb	Queer (verb)	""	""	Commonly used in academic disciplines to describe actions that address sexual and gender normativity, expose systems of oppression, and attempt to undermine those systems	""	""	""	https://homosaurus.org/v2/genderStudies||https://homosaurus.org/v2/literatureLGBTQ||https://homosaurus.org/v2/queerArchives||https://homosaurus.org/v2/queerTheory	2019-05-14	2021-09-24	https://homosaurus.org/v2/queerVerb	""
https://homosaurus.org/v2/queerActivism	queerActivism	Queer activism	""	""	""	""	https://homosaurus.org/v2/activismLGBTQ	""	https://homosaurus.org/v2/queerPoliticalActivists	2019-05-14	2021-09-24	https://homosaurus.org/v2/queerActivism	""
https://homosaurus.org/v2/queerAfricanAmericans	queerAfricanAmericans	Queer African-Americans	""	""	""	""	https://homosaurus.org/v2/africanAmericansLGBTQ	""	""	2019-05-14	2021-09-24	https://homosaurus.org/v2/queerAfricanAmericans	""
https://homosaurus.org/v2/queerAfroCanadians	queerAfroCanadians	Queer Afro-Canadians	""	""	""	""	https://homosaurus.org/v2/afroCanadiansLGBTQ	""	""	2019-05-14	2021-09-24	https://homosaurus.org/v2/queerAfroCanadians	""
https://homosaurus.org/v2/queerAfroCaribbeans	queerAfroCaribbeans	Queer Afro-Caribbeans	""	""	""	""	https://homosaurus.org/v2/afroCaribbeansLGBTQ	""	""	2019-05-14	2021-09-24	https://homosaurus.org/v2/queerAfroCaribbeans	""
https://homosaurus.org/v2/queerAfroEuropeans	queerAfroEuropeans	Queer Afro-Europeans	""	""	""	""	https://homosaurus.org/v2/afroEuropeansLGBTQ	""	""	2019-05-14	2021-09-24	https://homosaurus.org/v2/queerAfroEuropeans	""
https://homosaurus.org/v2/queerAfroLatinAmericans	queerAfroLatinAmericans	Queer Afro-Latin Americans	""	""	""	""	https://homosaurus.org/v2/afroLatinAmericansLGBTQ	""	""	2019-05-14	2021-09-24	https://homosaurus.org/v2/queerAfroLatinAmericans	""
https://homosaurus.org/v2/queerArchives	queerArchives	Queer archives	""	""	""	""	https://homosaurus.org/v2/archivesLGBTQ	""	https://homosaurus.org/v2/queerVerb	2019-05-14	2021-09-24	https://homosaurus.org/v2/queerArchives	""
https://homosaurus.org/v2/queerArtists	queerArtists	Queer artists	""	""	""	""	https://homosaurus.org/v2/artistsLGBTQ	""	""	2019-05-14	2021-09-24	https://homosaurus.org/v2/queerArtists	""
https://homosaurus.org/v2/queerAsianAmericans	queerAsianAmericans	Queer Asian Americans	""	""	""	""	https://homosaurus.org/v2/asianAmericansLGBTQ	""	""	2019-05-14	2021-09-24	https://homosaurus.org/v2/queerAsianAmericans	""
https://homosaurus.org/v2/queerAsians	queerAsians	Queer Asians	""	""	""	""	https://homosaurus.org/v2/asiansLGBTQ	""	""	2019-05-14	2021-09-24	https://homosaurus.org/v2/queerAsians	""
https://homosaurus.org/v2/queerAtheists	queerAtheists	Queer atheists	""	""	""	""	https://homosaurus.org/v2/atheistsLGBTQ	""	""	2019-05-14	2021-09-24	https://homosaurus.org/v2/queerAtheists	""
https://homosaurus.org/v2/queerBars	queerBars	Queer bars	""	""	""	""	https://homosaurus.org/v2/barsLGBTQ	""	https://homosaurus.org/v2/queerCommunity	2019-05-14	2021-09-24	https://homosaurus.org/v2/queerBars	""
https://homosaurus.org/v2/queerBeaches	queerBeaches	Queer beaches	""	""	""	""	https://homosaurus.org/v2/beachesLGBTQ	""	""	2019-05-14	2021-09-24	https://homosaurus.org/v2/queerBeaches	""
https://homosaurus.org/v2/queerBlackPeople	queerBlackPeople	Queer Black people	""	""	""	""	https://homosaurus.org/v2/blackPeopleLGBTQ	""	""	2019-05-14	2021-09-24	https://homosaurus.org/v2/queerBlackPeople	""
https://homosaurus.org/v2/queerBookshops	queerBookshops	Queer bookshops	""	""	""	""	https://homosaurus.org/v2/bookshopsLGBTQ	""	""	2019-05-14	2021-09-24	https://homosaurus.org/v2/queerBookshops	""
https://homosaurus.org/v2/queerBuddhists	queerBuddhists	Queer Buddhists	""	""	""	""	https://homosaurus.org/v2/buddhistsLGBTQ	""	""	2019-05-14	2021-09-24	https://homosaurus.org/v2/queerBuddhists	""
https://homosaurus.org/v2/queerCharacters	queerCharacters	Queer characters	""	""	""	""	https://homosaurus.org/v2/charactersLGBTQ	""	https://homosaurus.org/v2/queerChildren||https://homosaurus.org/v2/queerPeople	2019-05-14	2021-09-24	https://homosaurus.org/v2/queerCharacters	""
https://homosaurus.org/v2/queerChildren	queerChildren	Queer children	""	""	""	""	https://homosaurus.org/v2/childrenLGBTQ||https://homosaurus.org/v2/queerYouth	""	https://homosaurus.org/v2/queerCharacters||https://homosaurus.org/v2/queerIdentity	2019-05-14	2021-09-24	https://homosaurus.org/v2/queerChildren	""
https://homosaurus.org/v2/queerChristians	queerChristians	Queer Christians	""	""	""	""	https://homosaurus.org/v2/christiansLGBTQ	""	""	2019-05-14	2021-09-24	https://homosaurus.org/v2/queerChristians	""
https://homosaurus.org/v2/queerClergy	queerClergy	Queer clergy	""	""	""	""	https://homosaurus.org/v2/clergyLGBTQ	""	https://homosaurus.org/v2/bisexualClergy||https://homosaurus.org/v2/celibacy||https://homosaurus.org/v2/gayClergy||https://homosaurus.org/v2/lesbianClergy||https://homosaurus.org/v2/transgenderClergy	2019-05-14	2021-09-24	https://homosaurus.org/v2/queerClergy	""
https://homosaurus.org/v2/queerCommunity	queerCommunity	Queer community	""	""	""	""	https://homosaurus.org/v2/communitiesLGBTQ	""	https://homosaurus.org/v2/LGBTQ||https://homosaurus.org/v2/LGBTQ+||https://homosaurus.org/v2/LGBTQIA||https://homosaurus.org/v2/queerBars	2019-05-14	2021-09-24	https://homosaurus.org/v2/queerCommunity	""
https://homosaurus.org/v2/queerCommunityCentres	queerCommunityCentres	Queer community centres	""	""	""	""	https://homosaurus.org/v2/communityCentresLGBTQ	""	""	2019-05-14	2021-09-24	https://homosaurus.org/v2/queerCommunityCentres	""
https://homosaurus.org/v2/queerCouples	queerCouples	Queer couples	""	""	""	""	https://homosaurus.org/v2/couplesLGBTQ	""	""	2019-05-14	2021-09-24	https://homosaurus.org/v2/queerCouples	""
https://homosaurus.org/v2/queerDaughters	queerDaughters	Queer daughters	""	""	""	""	https://homosaurus.org/v2/daughtersLGBTQ	""	""	2019-05-14	2021-09-24	https://homosaurus.org/v2/queerDaughters	""
https://homosaurus.org/v2/queerDrama	queerDrama	Queer drama	""	""	""	""	https://homosaurus.org/v2/dramaLGBTQ	""	""	2019-05-14	2021-09-24	https://homosaurus.org/v2/queerDrama	""
https://homosaurus.org/v2/queerDominatrices	queerDominatrices	Queer dominatrices	""	""	""	""	https://homosaurus.org/v2/dominatricesLGBTQ	""	https://homosaurus.org/v2/bisexualDominatrices||https://homosaurus.org/v2/lesbianDominatrices||https://homosaurus.org/v2/transgenderDominatrices	2019-05-14	2021-09-24	https://homosaurus.org/v2/queerDominatrices	""
https://homosaurus.org/v2/queerFamilies	queerFamilies	Queer families	""	""	""	""	https://homosaurus.org/v2/familiesLGBTQ	""	https://homosaurus.org/v2/childrenOfQueerPeople||https://homosaurus.org/v2/LGBTQParenthood||https://homosaurus.org/v2/queerPeople	2019-05-14	2021-09-24	https://homosaurus.org/v2/queerFamilies	""
https://homosaurus.org/v2/queerFiction	queerFiction	Queer fiction	""	""	""	""	https://homosaurus.org/v2/fictionLGBTQ	""	""	2019-05-14	2021-09-24	https://homosaurus.org/v2/queerFiction	""
https://homosaurus.org/v2/queerIdentity	queerIdentity	Queer identity	""	""	""	""	https://homosaurus.org/v2/sexualIdentity	""	https://homosaurus.org/v2/queerChildren||https://homosaurus.org/v2/queerPeople	2019-05-14	2021-09-24	https://homosaurus.org/v2/queerIdentity	""
https://homosaurus.org/v2/queerInformationCentres	queerInformationCentres	Queer information centres	""	""	""	""	https://homosaurus.org/v2/informationCentresLGBTQ	""	https://homosaurus.org/v2/queerMovement	2019-05-14	2021-09-24	https://homosaurus.org/v2/queerInformationCentres	""
https://homosaurus.org/v2/queerJews	queerJews	Queer Jews	""	""	""	""	https://homosaurus.org/v2/jewsLGBTQ	""	""	2019-05-14	2021-09-24	https://homosaurus.org/v2/queerJews	""
https://homosaurus.org/v2/queerLatinx	queerLatinx	Queer Latinx	""	""	""	""	https://homosaurus.org/v2/latinxLGBTQ	""	""	2019-05-14	2021-09-24	https://homosaurus.org/v2/queerLatinx	""
https://homosaurus.org/v2/queerLibraries	queerLibraries	Queer libraries	""	""	""	""	https://homosaurus.org/v2/librariesLGBTQ	""	""	2019-05-14	2021-09-24	https://homosaurus.org/v2/queerLibraries	""
https://homosaurus.org/v2/queerLiterature	queerLiterature	Queer literature	""	""	""	""	https://homosaurus.org/v2/literatureLGBTQ	""	""	2019-05-14	2021-09-24	https://homosaurus.org/v2/queerLiterature	""
https://homosaurus.org/v2/queerMasters	queerMasters	Queer masters	""	""	""	""	https://homosaurus.org/v2/mastersLGBTQ	""	https://homosaurus.org/v2/bisexualMasters||https://homosaurus.org/v2/gayMasters||https://homosaurus.org/v2/transgenderMasters	2019-05-14	2021-09-24	https://homosaurus.org/v2/queerMasters	""
https://homosaurus.org/v2/queerMen	queerMen	Queer men	""	""	""	""	https://homosaurus.org/v2/queerPeople	""	https://homosaurus.org/v2/bisexualMen||https://homosaurus.org/v2/gayMen	2019-05-14	2021-09-24	https://homosaurus.org/v2/queerMen	""
https://homosaurus.org/v2/queerMistresses	queerMistresses	Queer mistresses	""	""	""	""	https://homosaurus.org/v2/mistressesLGBTQ	""	https://homosaurus.org/v2/bisexualMistresses||https://homosaurus.org/v2/lesbianMistresses||https://homosaurus.org/v2/transgenderMistresses	2019-05-14	2021-09-24	https://homosaurus.org/v2/queerMistresses	""
https://homosaurus.org/v2/queerMovement	queerMovement	Queer movement	""	""	""	""	https://homosaurus.org/v2/movementLGBTQ	""	https://homosaurus.org/v2/queerInformationCentres	2019-05-14	2021-09-24	https://homosaurus.org/v2/queerMovement	""
https://homosaurus.org/v2/queerMuseums	queerMuseums	Queer museums	""	""	""	""	https://homosaurus.org/v2/museumsLGBTQ	""	""	2019-05-14	2021-09-24	https://homosaurus.org/v2/queerMuseums	""
https://homosaurus.org/v2/queerMuslims	queerMuslims	Queer Muslims	""	""	""	""	https://homosaurus.org/v2/muslimsLGBTQ	""	""	2019-05-14	2021-09-24	https://homosaurus.org/v2/queerMuslims	""
https://homosaurus.org/v2/queerNativeAmericans	queerNativeAmericans	Queer Native Americans	""	""	""	""	https://homosaurus.org/v2/nativeAmericansLGBTQ	""	""	2019-05-14	2021-09-24	https://homosaurus.org/v2/queerNativeAmericans	""
https://homosaurus.org/v2/queerNewsletters	queerNewsletters	Queer newsletters	""	""	""	""	https://homosaurus.org/v2/newslettersLGBTQ	""	""	2019-05-14	2021-09-24	https://homosaurus.org/v2/queerNewsletters	""
https://homosaurus.org/v2/queerNewspapers	queerNewspapers	Queer newspapers	""	""	""	""	https://homosaurus.org/v2/newspapersLGBTQ	""	""	2019-05-14	2021-09-24	https://homosaurus.org/v2/queerNewspapers	""
https://homosaurus.org/v2/queerPagans	queerPagans	Queer pagans	""	""	""	""	https://homosaurus.org/v2/pagansLGBTQ	""	""	2019-05-14	2021-09-24	https://homosaurus.org/v2/queerPagans	""
https://homosaurus.org/v2/queerParents	queerParents	Queer parents	""	""	""	""	https://homosaurus.org/v2/parentsLGBTQ	""	https://homosaurus.org/v2/childrenOfQueerPeople||https://homosaurus.org/v2/queerPeople	2019-05-14	2021-09-24	https://homosaurus.org/v2/queerParents	""
https://homosaurus.org/v2/queerPeople	queerPeople	Queer people	""	""	""	""	https://homosaurus.org/v2/bi+People||https://homosaurus.org/v2/LGBTQPeople||https://homosaurus.org/v2/reclaimedTerms	https://homosaurus.org/v2/queerMen||https://homosaurus.org/v2/queerTransgenderPeople||https://homosaurus.org/v2/queerWomen||https://homosaurus.org/v2/queerYouth	https://homosaurus.org/v2/parentsOfQueerPeople||https://homosaurus.org/v2/persecutionOfQueerPeople||https://homosaurus.org/v2/queerCharacters||https://homosaurus.org/v2/queerIdentity||https://homosaurus.org/v2/queerphobia||https://homosaurus.org/v2/trans	2019-05-14	2021-09-24	https://homosaurus.org/v2/queerPeople	""
https://homosaurus.org/v2/queerPeopleInTheMilitary	queerPeopleInTheMilitary	Queer people in the military	""	""	""	""	https://homosaurus.org/v2/peopleInTheMilitaryLGBTQ	""	""	2019-05-14	2021-09-24	https://homosaurus.org/v2/queerPeopleInTheMilitary	""
https://homosaurus.org/v2/queerPoetry	queerPoetry	Queer poetry	""	""	""	""	https://homosaurus.org/v2/poetryLGBTQ	""	""	2019-05-14	2021-09-24	https://homosaurus.org/v2/queerPoetry	""
https://homosaurus.org/v2/queerPoliticalActivists	queerPoliticalActivists	Queer political activists	""	""	""	""	https://homosaurus.org/v2/activistsLGBTQ	""	https://homosaurus.org/v2/queerActivism	2019-05-14	2021-09-24	https://homosaurus.org/v2/queerPoliticalActivists	""
https://homosaurus.org/v2/queerPornFilms	queerPornFilms	Queer porn films	""	""	""	""	https://homosaurus.org/v2/pornFilmsLGBTQ	""	""	2019-05-14	2021-09-24	https://homosaurus.org/v2/queerPornFilms	""
https://homosaurus.org/v2/queerPress	queerPress	Queer press	""	""	""	""	https://homosaurus.org/v2/pressLGBTQ	""	""	2019-05-14	2021-09-24	https://homosaurus.org/v2/queerPress	""
https://homosaurus.org/v2/queerProstitutes	queerProstitutes	Queer prostitutes	""	""	""	""	https://homosaurus.org/v2/sexWorkersLGBTQ	""	""	2019-05-14	2021-09-24	https://homosaurus.org/v2/queerProstitutes	""
https://homosaurus.org/v2/queerProtestants	queerProtestants	Queer Protestants	""	""	""	""	https://homosaurus.org/v2/protestantsLGBTQ	""	""	2019-05-14	2021-09-24	https://homosaurus.org/v2/queerProtestants	""
https://homosaurus.org/v2/queerPublishers	queerPublishers	Queer publishers	""	""	""	""	https://homosaurus.org/v2/publishersLGBTQ	""	""	2019-05-14	2021-09-24	https://homosaurus.org/v2/queerPublishers	""
https://homosaurus.org/v2/queerRadio	queerRadio	Queer radio	""	""	""	""	https://homosaurus.org/v2/radioLGBTQ	""	""	2019-05-14	2021-09-24	https://homosaurus.org/v2/queerRadio	""
https://homosaurus.org/v2/queerRelationships	queerRelationships	Queer relationships	""	""	""	""	https://homosaurus.org/v2/relationshipsLGBTQ	""	https://homosaurus.org/v2/bisexualRelationships||https://homosaurus.org/v2/gayRelationships||https://homosaurus.org/v2/lesbianRelationships||https://homosaurus.org/v2/transgenderRelationships	2019-05-14	2021-09-24	https://homosaurus.org/v2/queerRelationships	""
https://homosaurus.org/v2/queerRights	queerRights	Queer rights	""	""	""	""	https://homosaurus.org/v2/civilRightsLGBTQ	""	""	2019-05-14	2021-09-24	https://homosaurus.org/v2/queerRights	""
https://homosaurus.org/v2/queerRomanCatholics	queerRomanCatholics	Queer Roman Catholics	""	""	""	""	https://homosaurus.org/v2/romanCatholicsLGBTQ	""	""	2019-05-14	2021-09-24	https://homosaurus.org/v2/queerRomanCatholics	""
https://homosaurus.org/v2/queerSlang	queerSlang	Queer slang	""	""	""	""	https://homosaurus.org/v2/slangLGBTQ	""	https://homosaurus.org/v2/reclaimedTerms	2019-05-14	2021-09-24	https://homosaurus.org/v2/queerSlang	""
https://homosaurus.org/v2/queerSons	queerSons	Queer sons	""	""	""	""	https://homosaurus.org/v2/sonsLGBTQ	""	""	2019-05-14	2021-09-24	https://homosaurus.org/v2/queerSons	""
https://homosaurus.org/v2/queerStudies	queerStudies	Queer studies	""	""	""	""	""	""	https://homosaurus.org/v2/bisexualStudies||https://homosaurus.org/v2/gayStudies||https://homosaurus.org/v2/genderStudies||https://homosaurus.org/v2/lesbianStudies||https://homosaurus.org/v2/queerTheory||https://homosaurus.org/v2/transgenderStudies	2019-05-14	2021-09-24	https://homosaurus.org/v2/queerStudies	""
https://homosaurus.org/v2/queerSurvivorsOfHateCrimes	queerSurvivorsOfHateCrimes	Queer survivors of hate crimes	""	""	""	""	https://homosaurus.org/v2/queerVictimsOfHateCrimes||https://homosaurus.org/v2/survivorsOfHateCrimesLGBTQ	""	""	2019-05-14	2021-09-24	https://homosaurus.org/v2/queerSurvivorsOfHateCrimes	""
https://homosaurus.org/v2/queerSurvivorsOfRape	queerSurvivorsOfRape	Queer survivors of rape	""	""	""	""	https://homosaurus.org/v2/queerVictimsOfRape||https://homosaurus.org/v2/survivorsOfRapeLGBTQ	""	""	2019-05-14	2021-09-24	https://homosaurus.org/v2/queerSurvivorsOfRape	""
https://homosaurus.org/v2/queerSurvivorsOfSexualAbuse	queerSurvivorsOfSexualAbuse	Queer survivors of sexual abuse	""	""	""	""	https://homosaurus.org/v2/queerVictimsOfSexualAbuse||https://homosaurus.org/v2/survivorsOfSexualAbuseLGBTQ	""	""	2019-05-14	2021-09-24	https://homosaurus.org/v2/queerSurvivorsOfSexualAbuse	""
https://homosaurus.org/v2/queerSurvivorsOfWar	queerSurvivorsOfWar	Queer survivors of war	""	""	""	""	https://homosaurus.org/v2/queerVictimsOfWar||https://homosaurus.org/v2/survivorsOfWarLGBTQ	""	""	2019-05-14	2021-09-24	https://homosaurus.org/v2/queerSurvivorsOfWar	""
https://homosaurus.org/v2/queerYouth	queerYouth	Queer youth	""	Queer teenagers	""	""	https://homosaurus.org/v2/queerPeople||https://homosaurus.org/v2/youthLGBTQ	https://homosaurus.org/v2/gayAndLesbianYouth||https://homosaurus.org/v2/queerChildren	https://homosaurus.org/v2/queerYouthLiterature	2019-05-14	2021-09-24	https://homosaurus.org/v2/queerYouth	""
https://homosaurus.org/v2/queerTelevision	queerTelevision	Queer television	""	""	""	""	https://homosaurus.org/v2/televisionLGBTQ	""	""	2019-05-14	2021-09-24	https://homosaurus.org/v2/queerTelevision	""
https://homosaurus.org/v2/queerTheatre	queerTheatre	Queer theatre	""	""	""	""	https://homosaurus.org/v2/theatreLGBTQ	""	""	2019-05-14	2021-09-24	https://homosaurus.org/v2/queerTheatre	""
https://homosaurus.org/v2/queerTheology	queerTheology	Queer theology	""	""	""	""	https://homosaurus.org/v2/theologyLGBTQ	""	""	2019-05-14	2021-09-24	https://homosaurus.org/v2/queerTheology	""
https://homosaurus.org/v2/queerTheory	queerTheory	Queer theory	""	""	""	""	https://homosaurus.org/v2/theories	""	https://homosaurus.org/v2/essentialism||https://homosaurus.org/v2/genderStudies||https://homosaurus.org/v2/queerStudies||https://homosaurus.org/v2/queerVerb||https://homosaurus.org/v2/socialConstructionism	2019-05-14	2021-09-24	https://homosaurus.org/v2/queerTheory	""
https://homosaurus.org/v2/queerTransgenderPeople	queerTransgenderPeople	Queer transgender people	""	""	""	""	https://homosaurus.org/v2/queerPeople	""	""	2019-05-14	2021-09-24	https://homosaurus.org/v2/queerTransgenderPeople	""
https://homosaurus.org/v2/queerVictimsOfHateCrimes	queerVictimsOfHateCrimes	Queer victims of hate crimes	""	""	""	""	https://homosaurus.org/v2/victimsOfHateCrimesLGBTQ	https://homosaurus.org/v2/queerSurvivorsOfHateCrimes	""	2019-05-14	2021-09-24	https://homosaurus.org/v2/queerVictimsOfHateCrimes	""
https://homosaurus.org/v2/queerVictimsOfRape	queerVictimsOfRape	Queer victims of rape	""	""	""	""	https://homosaurus.org/v2/victimsOfRapeLGBTQ	https://homosaurus.org/v2/queerSurvivorsOfRape	""	2019-05-14	2021-09-24	https://homosaurus.org/v2/queerVictimsOfRape	""
https://homosaurus.org/v2/queerVictimsOfSexualAbuse	queerVictimsOfSexualAbuse	Queer victims of sexual abuse	""	""	""	""	https://homosaurus.org/v2/victimsOfSexualAbuseLGBTQ	https://homosaurus.org/v2/queerSurvivorsOfSexualAbuse	""	2019-05-14	2021-09-24	https://homosaurus.org/v2/queerVictimsOfSexualAbuse	""
https://homosaurus.org/v2/queerVictimsOfWar	queerVictimsOfWar	Queer victims of war	""	""	""	""	https://homosaurus.org/v2/victimsOfWarLGBTQ	https://homosaurus.org/v2/queerSurvivorsOfWar	""	2019-05-14	2021-09-24	https://homosaurus.org/v2/queerVictimsOfWar	""
https://homosaurus.org/v2/queerVictimsRights	queerVictimsRights	Queer victims' rights	""	""	""	""	https://homosaurus.org/v2/victimsRightsLGBTQ	""	""	2019-05-14	2021-09-24	https://homosaurus.org/v2/queerVictimsRights	""
https://homosaurus.org/v2/queerWhitePeople	queerWhitePeople	Queer White people	""	""	""	""	https://homosaurus.org/v2/whitePeopleLGBTQ	""	""	2019-05-14	2021-09-24	https://homosaurus.org/v2/queerWhitePeople	""
https://homosaurus.org/v2/queerWomen	queerWomen	Queer women	""	""	""	""	https://homosaurus.org/v2/queerPeople	""	https://homosaurus.org/v2/lesbians	2019-05-14	2021-09-24	https://homosaurus.org/v2/queerWomen	""
https://homosaurus.org/v2/queerYouthLiterature	queerYouthLiterature	Queer youth literature	""	""	""	""	https://homosaurus.org/v2/literatureLGBTQ||https://homosaurus.org/v2/youthLiteratureLGBTQ	""	https://homosaurus.org/v2/queerYouth	2019-05-14	2021-09-24	https://homosaurus.org/v2/queerYouthLiterature	""
https://homosaurus.org/v2/queerphobia	queerphobia	Queerphobia	""	""	""	""	https://homosaurus.org/v2/LGBTQPhobia	""	https://homosaurus.org/v2/antiQueerDiscrimination||https://homosaurus.org/v2/antiQueerViolence||https://homosaurus.org/v2/heterosexism||https://homosaurus.org/v2/queerPeople	2019-05-14	2021-09-24	https://homosaurus.org/v2/queerphobia	""
https://homosaurus.org/v2/radicalFeminism	radicalFeminism	Radical feminism	""	""	Perspective within feminism that calls for a radical reordering of society in which male supremacy is eliminated in all social and economic contexts	""	https://homosaurus.org/v2/feminism	""	https://homosaurus.org/v2/socialPrivilege||https://homosaurus.org/v2/womyn	2019-05-14	2021-09-24	https://homosaurus.org/v2/radicalFeminism	""
https://homosaurus.org/v2/radioLGBTQ	radioLGBTQ	Radio (LGBTQ)	""	""	""	""	""	https://homosaurus.org/v2/bisexualRadio||https://homosaurus.org/v2/gayRadio||https://homosaurus.org/v2/lesbianRadio||https://homosaurus.org/v2/queerRadio||https://homosaurus.org/v2/transgenderRadio	""	2019-05-14	2021-09-24	https://homosaurus.org/v2/radioLGBTQ	""
https://homosaurus.org/v2/rainbowFlags	rainbowFlags	Rainbow flags	""	""	Symbol of lesbian, gay, bisexual, and transgender (LGBT) pride and LGBT social movements	""	https://homosaurus.org/v2/LGBTQSymbols	""	""	2019-05-14	2021-09-24	https://homosaurus.org/v2/rainbowFlags	""
https://homosaurus.org/v2/readingTransgender	readingTransgender	Reading (Transgender)	""	""	""	""	""	""	https://homosaurus.org/v2/crossdressing||https://homosaurus.org/v2/transgenderPeople	2019-05-14	2021-09-24	https://homosaurus.org/v2/readingTransgender	""
https://homosaurus.org/v2/reciprocalInVitroFertilisation	reciprocalInVitroFertilisation	Reciprocal in vitro fertilisation	""	""	""	""	https://homosaurus.org/v2/inVitroFertilisation	""	""	2019-05-14	2021-09-24	https://homosaurus.org/v2/reciprocalInVitroFertilisation	""
https://homosaurus.org/v2/recreationalDrugUse	recreationalDrugUse	Recreational drug use	""	""	""	""	""	""	https://homosaurus.org/v2/drugAbuse||https://homosaurus.org/v2/drugs||https://homosaurus.org/v2/sobriety	2019-05-14	2021-09-24	https://homosaurus.org/v2/recreationalDrugUse	""
https://homosaurus.org/v2/relationshipSatisfaction	relationshipSatisfaction	Relationship satisfaction	""	""	""	""	""	""	https://homosaurus.org/v2/relationshipsLGBTQ	2019-05-14	2021-09-24	https://homosaurus.org/v2/relationshipSatisfaction	""
https://homosaurus.org/v2/relationshipsLGBTQ	relationshipsLGBTQ	Relationships (LGBTQ)	""	""	""	""	""	https://homosaurus.org/v2/bisexualRelationships||https://homosaurus.org/v2/butchFemmeRelationships||https://homosaurus.org/v2/couplesLGBTQ||https://homosaurus.org/v2/cross-culturalRelationships||https://homosaurus.org/v2/friendships||https://homosaurus.org/v2/gayRelationships||https://homosaurus.org/v2/heterosociality||https://homosaurus.org/v2/intergenerationalRelationships||https://homosaurus.org/v2/lesbianRelationships||https://homosaurus.org/v2/queerRelationships||https://homosaurus.org/v2/sexualRelationships||https://homosaurus.org/v2/transgenderRelationships	https://homosaurus.org/v2/aromanticPeople||https://homosaurus.org/v2/beingInLove||https://homosaurus.org/v2/domesticPartnerships||https://homosaurus.org/v2/familyMembers||https://homosaurus.org/v2/jealousy||https://homosaurus.org/v2/LGBTQLove||https://homosaurus.org/v2/LGBTQSeparation||https://homosaurus.org/v2/partnersLGBTQ||https://homosaurus.org/v2/relationshipSatisfaction||https://homosaurus.org/v2/significantOthers||https://homosaurus.org/v2/relationshipOrientation	2019-05-14	2021-09-24	https://homosaurus.org/v2/relationshipsLGBTQ	""
https://homosaurus.org/v2/restraints	restraints	Restraints	""	""	Binding objects such as handcuffs, legcuffs, ropes, chains, straps, or straitjackets	""	https://homosaurus.org/v2/sexAccessories	""	https://homosaurus.org/v2/BDSM||https://homosaurus.org/v2/leatherCommunity	2019-05-14	2021-09-24	https://homosaurus.org/v2/restraints	""
https://homosaurus.org/v2/riskBehaviours	riskBehaviours	Risk behaviours	""	""	Use with regard to STDs and HIV/AIDS	""	""	https://homosaurus.org/v2/barebacking	https://homosaurus.org/v2/saferSex||https://homosaurus.org/v2/sexualBehaviourChange	2019-05-14	2021-09-24	https://homosaurus.org/v2/riskBehaviours	""
https://homosaurus.org/v2/ritualHomosexuality	ritualHomosexuality	Ritual homosexuality	""	""	""	""	https://homosaurus.org/v2/homosexuality||https://homosaurus.org/v2/sexualPractices	""	https://homosaurus.org/v2/LGBTQIndigenousPeople	2019-05-14	2021-09-24	https://homosaurus.org/v2/ritualHomosexuality	""
https://homosaurus.org/v2/roleBehaviour	roleBehaviour	Role behaviour	""	""	Behaviour determining one's response to a social situation, as influenced by social norms; internal andexternal expectations; social sanctions and rewards	""	""	https://homosaurus.org/v2/genderRoles||https://homosaurus.org/v2/sexualRoles	https://homosaurus.org/v2/butchFemmeRelationships||https://homosaurus.org/v2/genderIdentity||https://homosaurus.org/v2/roleplay||https://homosaurus.org/v2/sexualIdentity||https://homosaurus.org/v2/socialNorms	2019-05-14	2021-09-24	https://homosaurus.org/v2/roleBehaviour	""
https://homosaurus.org/v2/roleplay	roleplay	Roleplay	""	""	""	""	https://homosaurus.org/v2/sexAct	https://homosaurus.org/v2/ageplay||https://homosaurus.org/v2/genderSwapping	https://homosaurus.org/v2/roleBehaviour||https://homosaurus.org/v2/sexualIdentity||https://homosaurus.org/v2/sexualRoles	2019-05-14	2021-09-24	https://homosaurus.org/v2/roleplay	""
https://homosaurus.org/v2/ropePlay	ropePlay	Rope play	""	Shibari	""	""	https://homosaurus.org/v2/bondage||https://homosaurus.org/v2/sexAccessories	""	https://homosaurus.org/v2/restraints	2019-05-14	2021-09-24	https://homosaurus.org/v2/ropePlay	""
https://homosaurus.org/v2/romanCatholicsLGBTQ	romanCatholicsLGBTQ	Roman Catholics (LGBTQ)	""	""	""	""	https://homosaurus.org/v2/christiansLGBTQ	https://homosaurus.org/v2/bisexualRomanCatholics||https://homosaurus.org/v2/gayRomanCatholics||https://homosaurus.org/v2/lesbianRomanCatholics||https://homosaurus.org/v2/queerRomanCatholics||https://homosaurus.org/v2/transgenderRomanCatholics	""	2019-05-14	2021-09-24	https://homosaurus.org/v2/romanCatholicsLGBTQ	""
https://homosaurus.org/v2/romanticFriendships	romanticFriendships	Romantic friendships	""	""	Very close but non-sexual relationships between friends, often involving a degree of physical closeness beyond that which is common in modern Western societies; this may include, for example, friends holding hands, cuddling, kissing, and/or sharing a bed	""	https://homosaurus.org/v2/friendships	""	""	2019-05-14	2021-09-24	https://homosaurus.org/v2/romanticFriendships	""
https://homosaurus.org/v2/rubberSex	rubberSex	Rubber sex	""	""	BDSM practice of sex play where the submissive partner wears a rubber suit and/or restraining layer of clothing, causing personal sensory deprivation	""	https://homosaurus.org/v2/rubberSubculture||https://homosaurus.org/v2/sexAct||https://homosaurus.org/v2/sexualPractices	""	https://homosaurus.org/v2/SM	2019-05-14	2021-09-24	https://homosaurus.org/v2/rubberSex	""
https://homosaurus.org/v2/rubberSubculture	rubberSubculture	Rubber subculture	""	""	""	""	https://homosaurus.org/v2/subcultures	https://homosaurus.org/v2/rubbermen||https://homosaurus.org/v2/rubberSex||https://homosaurus.org/v2/rubberwomen	https://homosaurus.org/v2/leatherCommunity	2019-05-14	2021-09-24	https://homosaurus.org/v2/rubberSubculture	""
https://homosaurus.org/v2/rubbermen	rubbermen	Rubbermen	""	""	""	""	https://homosaurus.org/v2/rubberSubculture||https://homosaurus.org/v2/sexualRoles	""	https://homosaurus.org/v2/rubberwomen	2019-05-14	2021-09-24	https://homosaurus.org/v2/rubbermen	""
https://homosaurus.org/v2/rubberwomen	rubberwomen	Rubberwomen	""	""	""	""	https://homosaurus.org/v2/rubberSubculture||https://homosaurus.org/v2/sexualRoles	""	https://homosaurus.org/v2/rubbermen	2019-05-14	2021-09-24	https://homosaurus.org/v2/rubberwomen	""
https://homosaurus.org/v2/sadism	sadism	Sadism	""	""	""	""	https://homosaurus.org/v2/fetishism||https://homosaurus.org/v2/sexualPreference||https://homosaurus.org/v2/SM	""	https://homosaurus.org/v2/BDSMCommunity||https://homosaurus.org/v2/bondage||https://homosaurus.org/v2/dominatricesLGBTQ||https://homosaurus.org/v2/mastersLGBTQ	2019-05-14	2021-09-24	https://homosaurus.org/v2/sadism	""
https://homosaurus.org/v2/saferSex	saferSex	Safer sex	""	""	""	""	https://homosaurus.org/v2/sexAct||https://homosaurus.org/v2/sexualPractices	""	https://homosaurus.org/v2/AIDSEducation||https://homosaurus.org/v2/condoms||https://homosaurus.org/v2/dentalDams||https://homosaurus.org/v2/latexGloves||https://homosaurus.org/v2/riskBehaviours||https://homosaurus.org/v2/saferSexParties||https://homosaurus.org/v2/sexualBehaviourChange	2019-05-14	2021-09-24	https://homosaurus.org/v2/saferSex	""
https://homosaurus.org/v2/saferSexParties	saferSexParties	Safer sex parties	""	""	""	""	https://homosaurus.org/v2/sexParties	""	https://homosaurus.org/v2/saferSex	2019-05-14	2021-09-24	https://homosaurus.org/v2/saferSexParties	""
https://homosaurus.org/v2/sakVeng	sakVeng	Sak veng	""	""	"Term used in Cambodia for people assigned male at birth who identify as women; translates to ""long hairs"""	""	https://homosaurus.org/v2/culturallySpecificGenderIdentities	""	https://homosaurus.org/v2/kteuy||https://homosaurus.org/v2/sreySros	2019-05-14	2021-09-24	https://homosaurus.org/v2/sakVeng	""
https://homosaurus.org/v2/sameGenderLoving	sameGenderLoving	Same-gender-loving	""	SGL	Culturally affirming identity often used to describe African-American homosexual people	""	https://homosaurus.org/v2/sexualIdentity	""	https://homosaurus.org/v2/africanAmericansLGBTQ||https://homosaurus.org/v2/menWhoHaveSexWithMen||https://homosaurus.org/v2/womenWhoHaveSexWithWomen	2019-05-14	2021-09-24	https://homosaurus.org/v2/sameGenderLoving	""
https://homosaurus.org/v2/sameSexDivorce	sameSexDivorce	Same-sex divorce	""	""	""	""	https://homosaurus.org/v2/LGBTQDivorce	""	""	2019-05-14	2021-09-24	https://homosaurus.org/v2/sameSexDivorce	""
https://homosaurus.org/v2/saris	saris	Saris	""	""	""	""	https://homosaurus.org/v2/culturallySpecificGenderIdentities	""	""	2019-05-14	2021-09-24	https://homosaurus.org/v2/saris	""
https://homosaurus.org/v2/voyeurism	voyeurism	Voyeurism	""	Scopophilia||Scoptophilia	""	""	https://homosaurus.org/v2/fetishism||https://homosaurus.org/v2/sexAct||https://homosaurus.org/v2/sexualPractices||https://homosaurus.org/v2/sexualPreference	""	https://homosaurus.org/v2/exhibitionism	2019-05-14	2021-09-24	https://homosaurus.org/v2/voyeurism	""
https://homosaurus.org/v2/seaQueens	seaQueens	Sea queens	""	""	Gay men who worked aboard ships, mainly merchant vessels, before the 1960s	""	https://homosaurus.org/v2/LGBTQHistoricalTerms	""	https://homosaurus.org/v2/gayMen	2019-05-14	2021-09-24	https://homosaurus.org/v2/seaQueens	""
https://homosaurus.org/v2/secondarySexCharacteristics	secondarySexCharacteristics	Secondary sex characteristics	""	""	""	""	https://homosaurus.org/v2/sexBody	https://homosaurus.org/v2/breasts||https://homosaurus.org/v2/fatDistribution||https://homosaurus.org/v2/hair||https://homosaurus.org/v2/stature||https://homosaurus.org/v2/voice	""	2019-05-14	2021-09-24	https://homosaurus.org/v2/secondarySexCharacteristics	""
https://homosaurus.org/v2/secondWaveFeminism	secondWaveFeminism	Second wave feminism	""	""	""	""	https://homosaurus.org/v2/feminism	""	""	2019-05-14	2021-09-24	https://homosaurus.org/v2/secondWaveFeminism	""
https://homosaurus.org/v2/secrecy	secrecy	Secrecy	""	""	""	""	""	""	https://homosaurus.org/v2/closetedBisexualPeople||https://homosaurus.org/v2/closetedGayMen||https://homosaurus.org/v2/closetedLesbians||https://homosaurus.org/v2/comingOut||https://homosaurus.org/v2/downLow||https://homosaurus.org/v2/outing||https://homosaurus.org/v2/stealthTransgender	2019-05-14	2021-09-24	https://homosaurus.org/v2/secrecy	""
https://homosaurus.org/v2/seduction	seduction	Seduction	""	Temptation	""	""	""	""	https://homosaurus.org/v2/sexuality	2019-05-14	2021-09-24	https://homosaurus.org/v2/seduction	""
https://homosaurus.org/v2/sekhet	sekhet	Sekhet	""	""	""	""	https://homosaurus.org/v2/culturallySpecificGenderIdentities	""	""	2019-05-14	2021-09-24	https://homosaurus.org/v2/sekhet	""
https://homosaurus.org/v2/sekrata	sekrata	Sekrata	""	""	""	""	https://homosaurus.org/v2/culturallySpecificGenderIdentities	""	""	2019-05-14	2021-09-24	https://homosaurus.org/v2/sekrata	""
https://homosaurus.org/v2/self-insemination	self-insemination	Self-insemination	""	""	""	""	https://homosaurus.org/v2/ConceptionByLGBTQPeople||https://homosaurus.org/v2/insemination	""	""	2019-05-14	2021-09-24	https://homosaurus.org/v2/self-insemination	""
https://homosaurus.org/v2/sexAccessories	sexAccessories	Sex accessories	""	""	""	""	""	https://homosaurus.org/v2/analBeads||https://homosaurus.org/v2/ballgags||https://homosaurus.org/v2/blindfolds||https://homosaurus.org/v2/buttplugs||https://homosaurus.org/v2/clitRings||https://homosaurus.org/v2/cockRings||https://homosaurus.org/v2/collars||https://homosaurus.org/v2/condoms||https://homosaurus.org/v2/corsets||https://homosaurus.org/v2/dentalDams||https://homosaurus.org/v2/dildos||https://homosaurus.org/v2/floggers||https://homosaurus.org/v2/handcuffs||https://homosaurus.org/v2/harnesses||https://homosaurus.org/v2/latexGloves||https://homosaurus.org/v2/leashes||https://homosaurus.org/v2/lingerie||https://homosaurus.org/v2/lubricants||https://homosaurus.org/v2/nippleClamps||https://homosaurus.org/v2/poppers||https://homosaurus.org/v2/restraints||https://homosaurus.org/v2/ropePlay||https://homosaurus.org/v2/sexDolls||https://homosaurus.org/v2/spankingPaddles||https://homosaurus.org/v2/spreaderBars||https://homosaurus.org/v2/vibrators||https://homosaurus.org/v2/whips	https://homosaurus.org/v2/sexAct||https://homosaurus.org/v2/sexShops||https://homosaurus.org/v2/sexuality||https://homosaurus.org/v2/sexualPractices	2019-05-14	2021-09-24	https://homosaurus.org/v2/sexAccessories	""
https://homosaurus.org/v2/sexAct	sexAct	Sex (Act)	""	""	The act of engaging in a physical and/or mental interaction with another person or object with the specific intent to illicit sexual arousal or climax	""	""	https://homosaurus.org/v2/analSex||https://homosaurus.org/v2/autoeroticAsphyxiation||https://homosaurus.org/v2/BDSM||https://homosaurus.org/v2/clitoralSex||https://homosaurus.org/v2/cottaging||https://homosaurus.org/v2/cruising||https://homosaurus.org/v2/cunnilingus||https://homosaurus.org/v2/eroticMassage||https://homosaurus.org/v2/exhibitionism||https://homosaurus.org/v2/fellatio||https://homosaurus.org/v2/frottage||https://homosaurus.org/v2/fucking||https://homosaurus.org/v2/gettingLaid||https://homosaurus.org/v2/kissing||https://homosaurus.org/v2/manualSex||https://homosaurus.org/v2/masturbation||https://homosaurus.org/v2/mudSex||https://homosaurus.org/v2/mutualMasturbation||https://homosaurus.org/v2/nipplePlay||https://homosaurus.org/v2/oralSex||https://homosaurus.org/v2/phallicSex||https://homosaurus.org/v2/phoneSex||https://homosaurus.org/v2/roleplay||https://homosaurus.org/v2/rubberSex||https://homosaurus.org/v2/saferSex||https://homosaurus.org/v2/sexting||https://homosaurus.org/v2/sexualAbstinence||https://homosaurus.org/v2/sexualIntercourse||https://homosaurus.org/v2/strapOnSex||https://homosaurus.org/v2/tantricSex||https://homosaurus.org/v2/vaginalSex||https://homosaurus.org/v2/voyeurism||https://homosaurus.org/v2/waterSports	https://homosaurus.org/v2/consent||https://homosaurus.org/v2/handkerchiefCodes||https://homosaurus.org/v2/libido||https://homosaurus.org/v2/orgasm||https://homosaurus.org/v2/sexAccessories||https://homosaurus.org/v2/sexLocations||https://homosaurus.org/v2/sexualExcitement||https://homosaurus.org/v2/sexualFunction||https://homosaurus.org/v2/sexuality||https://homosaurus.org/v2/situationalSexualBehaviour||https://homosaurus.org/v2/sodomy	2019-05-14	2021-09-24	https://homosaurus.org/v2/sexAct	""
https://homosaurus.org/v2/sexAssignedAtBirth	sexAssignedAtBirth	Sex assigned at birth	""	Birth sex||Birth-assigned sex||Natal sex||Sex at birth||Sex reported at birth||ASAB ||SAAB	"An individual’s sex determined relatively shortly after birth by a medical practitioner or provider (and/or birth professional). Determination is usually based on the appearance of external genitalia but may use other methodologies. In practice, sex assigned at birth is often culturally variable; the term “gender assigned at birth” is often more applicable or accurate.
"	""	""	https://homosaurus.org/v2/assignedFemaleAtBirth||https://homosaurus.org/v2/assignedMaleAtBirth	https://homosaurus.org/v2/genderAssignedAtBirth||https://homosaurus.org/v2/genitals||https://homosaurus.org/v2/gonads||https://homosaurus.org/v2/intersex||https://homosaurus.org/v2/intersexChildren||https://homosaurus.org/v2/intersexConditions||https://homosaurus.org/v2/intersexGenitalMutilation||https://homosaurus.org/v2/medicalisation||https://homosaurus.org/v2/penises||https://homosaurus.org/v2/sexBody||https://homosaurus.org/v2/vaginas	2019-05-14	2021-09-24	https://homosaurus.org/v2/sexAssignedAtBirth	""
https://homosaurus.org/v2/sexBody	sexBody	Sex (Body)	""	""	""	""	""	https://homosaurus.org/v2/chromosomes||https://homosaurus.org/v2/genitals||https://homosaurus.org/v2/gonads||https://homosaurus.org/v2/hormones||https://homosaurus.org/v2/intersex||https://homosaurus.org/v2/secondarySexCharacteristics	https://homosaurus.org/v2/gender||https://homosaurus.org/v2/sexAssignedAtBirth	2019-05-14	2021-09-24	https://homosaurus.org/v2/sexBody	""
https://homosaurus.org/v2/sexClubs	sexClubs	Sex clubs	""	""	""	""	https://homosaurus.org/v2/LGBTQClubs||https://homosaurus.org/v2/sexIndustry	""	https://homosaurus.org/v2/sexuality	2019-05-14	2021-09-24	https://homosaurus.org/v2/sexClubs	""
https://homosaurus.org/v2/sexEducation	sexEducation	Sex education	""	""	""	""	https://homosaurus.org/v2/informationProvision	""	""	2019-05-14	2021-09-24	https://homosaurus.org/v2/sexEducation	""
https://homosaurus.org/v2/sexParties	sexParties	Sex parties	""	""	""	""	https://homosaurus.org/v2/sexLocations	https://homosaurus.org/v2/saferSexParties	https://homosaurus.org/v2/darkRooms||https://homosaurus.org/v2/groupSex||https://homosaurus.org/v2/sexuality	2019-05-14	2021-09-24	https://homosaurus.org/v2/sexParties	""
https://homosaurus.org/v2/sexScandals	sexScandals	Sex scandals	""	Sexual scandals	Public scandals surrounding sensational cases of sexual indecency or sex crimes	""	""	""	https://homosaurus.org/v2/LGBTQSocialProcesses	2019-05-14	2021-09-24	https://homosaurus.org/v2/sexScandals	""
https://homosaurus.org/v2/sexTherapy	sexTherapy	Sex therapy	""	""	""	""	https://homosaurus.org/v2/therapies	""	https://homosaurus.org/v2/sexualDysfunction	2019-05-14	2021-09-24	https://homosaurus.org/v2/sexTherapy	""
https://homosaurus.org/v2/sexTourism	sexTourism	Sex tourism	""	""	""	""	https://homosaurus.org/v2/LGBTQTourism||https://homosaurus.org/v2/sexIndustry	""	https://homosaurus.org/v2/prostitution	2019-05-14	2021-09-24	https://homosaurus.org/v2/sexTourism	""
https://homosaurus.org/v2/sexWork	sexWork	Sex work	""	""	The exchange of sexual services, performances, or products for material compensation; includes activities involving direct physical contact between buyers and sellers, as well as indirect sexual stimulation	""	""	https://homosaurus.org/v2/escortServices||https://homosaurus.org/v2/prostitution	https://homosaurus.org/v2/eroticMassage||https://homosaurus.org/v2/sexIndustry	2019-05-14	2021-09-24	https://homosaurus.org/v2/sexWork	""
https://homosaurus.org/v2/sexWorkersLGBTQ	sexWorkersLGBTQ	Sex workers (LGBTQ)	""	""	""	""	""	https://homosaurus.org/v2/bisexualProstitutes||https://homosaurus.org/v2/escorts||https://homosaurus.org/v2/femaleProstitutes||https://homosaurus.org/v2/gayProstitutes||https://homosaurus.org/v2/lesbianProstitutes||https://homosaurus.org/v2/maleProstitutes||https://homosaurus.org/v2/phoneSexWorkers||https://homosaurus.org/v2/pornStars||https://homosaurus.org/v2/queerProstitutes||https://homosaurus.org/v2/strippers||https://homosaurus.org/v2/transgenderProstitutes	https://homosaurus.org/v2/gayForPay||https://homosaurus.org/v2/prostitutesClients||https://homosaurus.org/v2/sexIndustry	2019-05-14	2021-09-24	https://homosaurus.org/v2/sexWorkersLGBTQ	""
https://homosaurus.org/v2/sexism	sexism	Sexism	""	""	""	""	""	""	https://homosaurus.org/v2/genderism||https://homosaurus.org/v2/heterosexism||https://homosaurus.org/v2/sexualHarassment	2019-05-14	2021-09-24	https://homosaurus.org/v2/sexism	""
https://homosaurus.org/v2/sexologists	sexologists	Sexologists	""	""	""	""	""	""	https://homosaurus.org/v2/sexology	2019-05-14	2021-09-24	https://homosaurus.org/v2/sexologists	""
https://homosaurus.org/v2/sexology	sexology	Sexology	""	""	""	""	""	""	https://homosaurus.org/v2/sexologists||https://homosaurus.org/v2/sexuality	2019-05-14	2021-09-24	https://homosaurus.org/v2/sexology	""
https://homosaurus.org/v2/sexting	sexting	Sexting	""	""	Act of sending sexually explicit messages or photographs, primarily between mobile phones	""	https://homosaurus.org/v2/sexAct	""	https://homosaurus.org/v2/pornography||https://homosaurus.org/v2/sexuality	2019-05-14	2021-09-24	https://homosaurus.org/v2/sexting	""
https://homosaurus.org/v2/sexualAbstinence	sexualAbstinence	Sexual abstinence	""	""	""	""	https://homosaurus.org/v2/sexAct	https://homosaurus.org/v2/virginity	https://homosaurus.org/v2/asexuality||https://homosaurus.org/v2/celibacy||https://homosaurus.org/v2/sexuality	2019-05-14	2021-09-24	https://homosaurus.org/v2/sexualAbstinence	""
https://homosaurus.org/v2/sexualAddiction	sexualAddiction	Sexual addiction	""	Addiction to sex||Compulsive hypersexual behavior||Compulsive sexual behavior||Sexaholism||Sex addiction||Sexual compulsion||Sexual dependency||Sexual impulsivity	""	""	""	https://homosaurus.org/v2/internetSexAddiction	https://homosaurus.org/v2/exhibitionism||https://homosaurus.org/v2/hypersexuality||https://homosaurus.org/v2/erotomania	2019-05-14	2021-09-24	https://homosaurus.org/v2/sexualAddiction	""
https://homosaurus.org/v2/sexualExcitement	sexualExcitement	Sexual excitement	""	Sexual arousal	""	""	https://homosaurus.org/v2/hypersexuality	https://homosaurus.org/v2/orgasm	https://homosaurus.org/v2/cum||https://homosaurus.org/v2/eroticism||https://homosaurus.org/v2/gettingOff||https://homosaurus.org/v2/happyEndings||https://homosaurus.org/v2/jizz||https://homosaurus.org/v2/libido||https://homosaurus.org/v2/sexAct||https://homosaurus.org/v2/sexualClimax||https://homosaurus.org/v2/sexualDysfunction||https://homosaurus.org/v2/sexualFunction||https://homosaurus.org/v2/sexuality	2019-05-14	2021-09-24	https://homosaurus.org/v2/sexualExcitement	""
https://homosaurus.org/v2/sexualAssault	sexualAssault	Sexual assault	""	""	""	""	https://homosaurus.org/v2/sexualViolence	""	https://homosaurus.org/v2/LGBTQDomesticViolence	2019-05-14	2021-09-24	https://homosaurus.org/v2/sexualAssault	""
https://homosaurus.org/v2/sexualAutonomy	sexualAutonomy	Sexual autonomy	""	""	""	""	""	""	https://homosaurus.org/v2/sexuality||https://homosaurus.org/v2/sexualPreference	2019-05-14	2021-09-24	https://homosaurus.org/v2/sexualAutonomy	""
https://homosaurus.org/v2/sexualBehaviourChange	sexualBehaviourChange	Sexual behaviour change	""	""	""	""	""	""	https://homosaurus.org/v2/riskBehaviours||https://homosaurus.org/v2/saferSex||https://homosaurus.org/v2/sexualPreference	2019-05-14	2021-09-24	https://homosaurus.org/v2/sexualBehaviourChange	""
https://homosaurus.org/v2/sexualClimax	sexualClimax	Sexual climax	""	""	""	""	""	""	https://homosaurus.org/v2/cum||https://homosaurus.org/v2/gettingOff||https://homosaurus.org/v2/happyEndings||https://homosaurus.org/v2/jizz||https://homosaurus.org/v2/orgasm||https://homosaurus.org/v2/sexualExcitement	2019-05-14	2021-09-24	https://homosaurus.org/v2/sexualClimax	""
https://homosaurus.org/v2/sexualOffencesLaws	sexualOffencesLaws	Sexual offences laws	""	Sexual criminal codes	""	""	https://homosaurus.org/v2/criminalLaw	https://homosaurus.org/v2/sodomyLaws	https://homosaurus.org/v2/ageOfConsent	2019-05-14	2021-09-24	https://homosaurus.org/v2/sexualOffencesLaws	""
https://homosaurus.org/v2/sexualDiversity	sexualDiversity	Sexual diversity	""	""	Diversity in sexual orientation	""	https://homosaurus.org/v2/diversity	https://homosaurus.org/v2/polysexuality	https://homosaurus.org/v2/LGBTQ+||https://homosaurus.org/v2/sexualFunction||https://homosaurus.org/v2/sexualIdentity||https://homosaurus.org/v2/sexualOrientation||https://homosaurus.org/v2/sexualPreference||https://homosaurus.org/v2/monosexuality	2019-05-14	2021-09-24	https://homosaurus.org/v2/sexualDiversity	""
https://homosaurus.org/v2/sexualDysfunction	sexualDysfunction	Sexual dysfunction	""	Sexual malfunction	""	""	""	https://homosaurus.org/v2/erectileDysfunction||https://homosaurus.org/v2/vaginismus	https://homosaurus.org/v2/sexTherapy||https://homosaurus.org/v2/sexualExcitement||https://homosaurus.org/v2/sexualFunction||https://homosaurus.org/v2/sexualHealth||https://homosaurus.org/v2/sexuality	2019-05-14	2021-09-24	https://homosaurus.org/v2/sexualDysfunction	""
https://homosaurus.org/v2/sexualFunction	sexualFunction	Sexual function	""	""	The individual process by which the body experiences and reacts to sexual stimuli	""	https://homosaurus.org/v2/sexualOrientation	""	https://homosaurus.org/v2/libido||https://homosaurus.org/v2/sexAct||https://homosaurus.org/v2/sexualDiversity||https://homosaurus.org/v2/sexualDysfunction||https://homosaurus.org/v2/sexualExcitement||https://homosaurus.org/v2/sexualHealth||https://homosaurus.org/v2/sexuality	2019-05-14	2021-09-24	https://homosaurus.org/v2/sexualFunction	""
https://homosaurus.org/v2/sexualHarassment	sexualHarassment	Sexual harassment	""	""	""	""	https://homosaurus.org/v2/harassment	""	https://homosaurus.org/v2/antiLGBTQViolence||https://homosaurus.org/v2/intimatePartnerViolence||https://homosaurus.org/v2/sexism	2019-05-14	2021-09-24	https://homosaurus.org/v2/sexualHarassment	""
https://homosaurus.org/v2/sexualHealth	sexualHealth	Sexual health	""	""	""	""	""	""	https://homosaurus.org/v2/AIDSEducation||https://homosaurus.org/v2/sexualDysfunction||https://homosaurus.org/v2/sexualFunction	2019-05-14	2021-09-24	https://homosaurus.org/v2/sexualHealth	""
https://homosaurus.org/v2/sexualIdentity	sexualIdentity	Sexual identity	""	""	How an individual understands their identity in relation to their romantic or sexual attraction to other people	""	""	https://homosaurus.org/v2/banjees||https://homosaurus.org/v2/bears||https://homosaurus.org/v2/bisexualIdentity||https://homosaurus.org/v2/bottoms||https://homosaurus.org/v2/butches||https://homosaurus.org/v2/chubsGayMen||https://homosaurus.org/v2/dandies||https://homosaurus.org/v2/demisexualPeople||https://homosaurus.org/v2/dominatricesLGBTQ||https://homosaurus.org/v2/faeries||https://homosaurus.org/v2/femmes||https://homosaurus.org/v2/gayIdentity||https://homosaurus.org/v2/heterosexualIdentity||https://homosaurus.org/v2/lesbianIdentity||https://homosaurus.org/v2/mastersLGBTQ||https://homosaurus.org/v2/mistressesLGBTQ||https://homosaurus.org/v2/otters||https://homosaurus.org/v2/pederasts||https://homosaurus.org/v2/pups||https://homosaurus.org/v2/queerIdentity||https://homosaurus.org/v2/sameGenderLoving||https://homosaurus.org/v2/slaves||https://homosaurus.org/v2/softButches||https://homosaurus.org/v2/stoneButches||https://homosaurus.org/v2/switches||https://homosaurus.org/v2/tops||https://homosaurus.org/v2/twinks||https://homosaurus.org/v2/wolves||https://homosaurus.org/v2/polysexuality||https://homosaurus.org/v2/megasexuality	https://homosaurus.org/v2/ballCulture||https://homosaurus.org/v2/BDSM||https://homosaurus.org/v2/butchFemmeRelationships||https://homosaurus.org/v2/cross-culturalRelationships||https://homosaurus.org/v2/decadence||https://homosaurus.org/v2/dragCommunity||https://homosaurus.org/v2/essentialism||https://homosaurus.org/v2/fetishism||https://homosaurus.org/v2/fuckBuddies||https://homosaurus.org/v2/gayCulture||https://homosaurus.org/v2/genderIdentity||https://homosaurus.org/v2/intergenerationalRelationships||https://homosaurus.org/v2/lesbianCulture||https://homosaurus.org/v2/masochism||https://homosaurus.org/v2/monogamy||https://homosaurus.org/v2/culturallySpecificGenderIdentities||https://homosaurus.org/v2/partnerPreference||https://homosaurus.org/v2/polyamory||https://homosaurus.org/v2/polygamy||https://homosaurus.org/v2/roleBehaviour||https://homosaurus.org/v2/roleplay||https://homosaurus.org/v2/sexualDiversity||https://homosaurus.org/v2/sexualOrientation||https://homosaurus.org/v2/sexualPreference||https://homosaurus.org/v2/sexualRoles||https://homosaurus.org/v2/transgenderCulture||https://homosaurus.org/v2/monosexuality	2019-05-14	2021-09-24	https://homosaurus.org/v2/sexualIdentity	""
https://homosaurus.org/v2/sexualInversion	sexualInversion	Sexual inversion	""	""	Historical term for homosexuality used by sexologists to refer to an inborn reversal of gender traits or roles	""	https://homosaurus.org/v2/LGBTQHistoricalTerms||https://homosaurus.org/v2/medicalisation	""	https://homosaurus.org/v2/eonism||https://homosaurus.org/v2/inverts||https://homosaurus.org/v2/sexualPreference||https://homosaurus.org/v2/uranism	2019-05-14	2021-09-24	https://homosaurus.org/v2/sexualInversion	""
https://homosaurus.org/v2/sexualMinorities	sexualMinorities	Sexual minorities	""	""	People whose sexual practices differ from those of the dominant culture	""	""	https://homosaurus.org/v2/asexualPeople||https://homosaurus.org/v2/bisexualPeople||https://homosaurus.org/v2/demisexualPeople||https://homosaurus.org/v2/gayMen||https://homosaurus.org/v2/katoey||https://homosaurus.org/v2/lesbians||https://homosaurus.org/v2/takatapui||https://homosaurus.org/v2/tongzhi||https://homosaurus.org/v2/two-spiritPeople||https://homosaurus.org/v2/greysexualPeople||https://homosaurus.org/v2/megasexualPeople	https://homosaurus.org/v2/bi+People||https://homosaurus.org/v2/homophiles||https://homosaurus.org/v2/homosexuals||https://homosaurus.org/v2/inverts||https://homosaurus.org/v2/LGBTI||https://homosaurus.org/v2/LGBTQPeople||https://homosaurus.org/v2/menWhoHaveSexWithMen||https://homosaurus.org/v2/sexuality||https://homosaurus.org/v2/sexualOrientation||https://homosaurus.org/v2/sexualPreference||https://homosaurus.org/v2/sodomites||https://homosaurus.org/v2/uranians||https://homosaurus.org/v2/womenWhoHaveSexWithWomen||https://homosaurus.org/v2/relationshipMinorities	2019-05-14	2021-09-24	https://homosaurus.org/v2/sexualMinorities	""
https://homosaurus.org/v2/sexualOrientation	sexualOrientation	Sexual orientation	""	""	The direction of an individual's sexual attraction towards other individuals of the same, opposite, or multiple sexes; commonly understood to be biologically and physiologically dictated, rather than sociologically determined	""	""	https://homosaurus.org/v2/asexuality||https://homosaurus.org/v2/bisexuality||https://homosaurus.org/v2/demisexuality||https://homosaurus.org/v2/heterosexuality||https://homosaurus.org/v2/homosexuality||https://homosaurus.org/v2/lesbianism||https://homosaurus.org/v2/sexualFunction||https://homosaurus.org/v2/allosexuality||https://homosaurus.org/v2/monosexuality||https://homosaurus.org/v2/polysexuality||https://homosaurus.org/v2/greysexuality||https://homosaurus.org/v2/megasexuality	https://homosaurus.org/v2/denialOfSexualOrientation||https://homosaurus.org/v2/gaydar||https://homosaurus.org/v2/sexualDiversity||https://homosaurus.org/v2/sexualIdentity||https://homosaurus.org/v2/sexualMinorities||https://homosaurus.org/v2/sexualPreference||https://homosaurus.org/v2/sexualReorientation||https://homosaurus.org/v2/relationshipOrientation	2019-05-14	2021-09-24	https://homosaurus.org/v2/sexualOrientation	""
https://homosaurus.org/v2/sexualPractices	sexualPractices	Sexual practices	""	""	Activities associated with physical and/or mental sexual stimuli, including but not limited to intercourse and sexual pleasure	""	""	https://homosaurus.org/v2/analSex||https://homosaurus.org/v2/anonymousSex||https://homosaurus.org/v2/autoeroticAsphyxiation||https://homosaurus.org/v2/BDSM||https://homosaurus.org/v2/biting||https://homosaurus.org/v2/bondage||https://homosaurus.org/v2/casualSex||https://homosaurus.org/v2/clitoralSex||https://homosaurus.org/v2/cottaging||https://homosaurus.org/v2/cruising||https://homosaurus.org/v2/cunnilingus||https://homosaurus.org/v2/eroticMassage||https://homosaurus.org/v2/exhibitionism||https://homosaurus.org/v2/fellatio||https://homosaurus.org/v2/frottage||https://homosaurus.org/v2/gettingLaid||https://homosaurus.org/v2/groupSex||https://homosaurus.org/v2/kissing||https://homosaurus.org/v2/manualSex||https://homosaurus.org/v2/masturbation||https://homosaurus.org/v2/mudSex||https://homosaurus.org/v2/mutualMasturbation||https://homosaurus.org/v2/nipplePlay||https://homosaurus.org/v2/oralSex||https://homosaurus.org/v2/phallicSex||https://homosaurus.org/v2/phoneSex||https://homosaurus.org/v2/pinching||https://homosaurus.org/v2/pornography||https://homosaurus.org/v2/prostitution||https://homosaurus.org/v2/publicSex||https://homosaurus.org/v2/ritualHomosexuality||https://homosaurus.org/v2/rubberSex||https://homosaurus.org/v2/saferSex||https://homosaurus.org/v2/sexualIntercourse||https://homosaurus.org/v2/spanking||https://homosaurus.org/v2/striptease||https://homosaurus.org/v2/tantricSex||https://homosaurus.org/v2/tearoomSex||https://homosaurus.org/v2/vaginalSex||https://homosaurus.org/v2/vampirism||https://homosaurus.org/v2/voyeurism||https://homosaurus.org/v2/waterSports||https://homosaurus.org/v2/hardSwap||https://homosaurus.org/v2/softSwap	https://homosaurus.org/v2/consent||https://homosaurus.org/v2/enemas||https://homosaurus.org/v2/gloryHoles||https://homosaurus.org/v2/handkerchiefCodes||https://homosaurus.org/v2/sexAccessories||https://homosaurus.org/v2/sexuality||https://homosaurus.org/v2/situationalSexualBehaviour||https://homosaurus.org/v2/sodomy||https://homosaurus.org/v2/swinging	2019-05-14	2021-09-24	https://homosaurus.org/v2/sexualPractices	""
https://homosaurus.org/v2/sexualPreference	sexualPreference	Sexual preference	""	""	An enduring pattern of sexual attraction towards a certain sex or multiple sexes, as well as characterizations, objects, situational fantasies, or behaviors; generally understood to be either or both biologically determined and culturally and/or sociologically dictated	""	""	https://homosaurus.org/v2/demisexualPeople||https://homosaurus.org/v2/ephebophilia||https://homosaurus.org/v2/fetishism||https://homosaurus.org/v2/gerontophilia||https://homosaurus.org/v2/hebephilia||https://homosaurus.org/v2/masochism||https://homosaurus.org/v2/partnerPreference||https://homosaurus.org/v2/pederasts||https://homosaurus.org/v2/sadism||https://homosaurus.org/v2/sexualRoles||https://homosaurus.org/v2/voyeurism||https://homosaurus.org/v2/polysexuality	https://homosaurus.org/v2/bondage||https://homosaurus.org/v2/casualSex||https://homosaurus.org/v2/partnersLGBTQ||https://homosaurus.org/v2/pederasty||https://homosaurus.org/v2/sexualAutonomy||https://homosaurus.org/v2/sexualBehaviourChange||https://homosaurus.org/v2/sexualDiversity||https://homosaurus.org/v2/sexualIdentity||https://homosaurus.org/v2/sexualInversion||https://homosaurus.org/v2/sexualMinorities||https://homosaurus.org/v2/sexualOrientation||https://homosaurus.org/v2/sexualRelationships||https://homosaurus.org/v2/sexualReorientation||https://homosaurus.org/v2/significantOthers||https://homosaurus.org/v2/situationalSexualBehaviour||https://homosaurus.org/v2/virginity||https://homosaurus.org/v2/monosexuality	2019-05-14	2021-09-24	https://homosaurus.org/v2/sexualPreference	""
https://homosaurus.org/v2/sexualReform	sexualReform	Sexual reform	""	""	Use in reference to European movements for sexual reform in the 20th century	""	""	""	https://homosaurus.org/v2/LGBTQSocialProcesses||https://homosaurus.org/v2/sexuality	2019-05-14	2021-09-24	https://homosaurus.org/v2/sexualReform	""
https://homosaurus.org/v2/sexualRelationships	sexualRelationships	Sexual relationships	""	""	""	""	https://homosaurus.org/v2/relationshipsLGBTQ	https://homosaurus.org/v2/casualSex||https://homosaurus.org/v2/loveTriangles||https://homosaurus.org/v2/monogamy||https://homosaurus.org/v2/polygamy	https://homosaurus.org/v2/anonymousSex||https://homosaurus.org/v2/demisexualPeople||https://homosaurus.org/v2/fuckBuddies||https://homosaurus.org/v2/LGBTQLovers||https://homosaurus.org/v2/partnerNotification||https://homosaurus.org/v2/partnerPreference||https://homosaurus.org/v2/sexualPreference||https://homosaurus.org/v2/megasexuality||https://homosaurus.org/v2/megasexualPeople||https://homosaurus.org/v2/relationshipOrientation	2019-05-14	2021-09-24	https://homosaurus.org/v2/sexualRelationships	""
https://homosaurus.org/v2/sexualRevolution	sexualRevolution	Sexual revolution	""	""	Social perspective from the 1960s into the 1970s that challenged traditional codes of behaviour related to sexuality and interpersonal relationships throughout the Western world	""	""	""	https://homosaurus.org/v2/LGBTQSocialProcesses	2019-05-14	2021-09-24	https://homosaurus.org/v2/sexualRevolution	""
https://homosaurus.org/v2/sexualRoles	sexualRoles	Sexual roles	""	""	An erotic identity an individual assumes during sexual play with one or more people; this identity can either be restricted to the bedroom or extended into day-to-day life	""	https://homosaurus.org/v2/roleBehaviour||https://homosaurus.org/v2/sexualPreference	https://homosaurus.org/v2/bottoms||https://homosaurus.org/v2/butches||https://homosaurus.org/v2/dominatricesLGBTQ||https://homosaurus.org/v2/femmes||https://homosaurus.org/v2/leatherDaddies||https://homosaurus.org/v2/leatherMommies||https://homosaurus.org/v2/mastersLGBTQ||https://homosaurus.org/v2/mistressesLGBTQ||https://homosaurus.org/v2/rubbermen||https://homosaurus.org/v2/rubberwomen||https://homosaurus.org/v2/slaves||https://homosaurus.org/v2/switches||https://homosaurus.org/v2/tops	https://homosaurus.org/v2/handkerchiefCodes||https://homosaurus.org/v2/roleplay||https://homosaurus.org/v2/sexualIdentity||https://homosaurus.org/v2/sexuality	2019-05-14	2021-09-24	https://homosaurus.org/v2/sexualRoles	""
https://homosaurus.org/v2/sexualViolence	sexualViolence	Sexual violence	""	""	""	""	""	https://homosaurus.org/v2/LGBTQDomesticViolence||https://homosaurus.org/v2/LGBTQSexualAbuse||https://homosaurus.org/v2/sexualAssault||https://homosaurus.org/v2/victimsOfRapeLGBTQ	https://homosaurus.org/v2/antiLGBTQViolence||https://homosaurus.org/v2/correctiveRape	2019-05-14	2021-09-24	https://homosaurus.org/v2/sexualViolence	""
https://homosaurus.org/v2/sexuality	sexuality	Sexuality	""	""	""	""	""	https://homosaurus.org/v2/childrensSexuality||https://homosaurus.org/v2/organisationsForSexualResearchAndSex	https://homosaurus.org/v2/anonymousSex||https://homosaurus.org/v2/casualSex||https://homosaurus.org/v2/cybersex||https://homosaurus.org/v2/eroticism||https://homosaurus.org/v2/genderRoles||https://homosaurus.org/v2/genderStudies||https://homosaurus.org/v2/groupSex||https://homosaurus.org/v2/hypersexuality||https://homosaurus.org/v2/libido||https://homosaurus.org/v2/orgasm||https://homosaurus.org/v2/pornography||https://homosaurus.org/v2/publicSex||https://homosaurus.org/v2/seduction||https://homosaurus.org/v2/sexAccessories||https://homosaurus.org/v2/sexAct||https://homosaurus.org/v2/sexClubs||https://homosaurus.org/v2/sexIndustry||https://homosaurus.org/v2/sexLocations||https://homosaurus.org/v2/sexology||https://homosaurus.org/v2/sexParties||https://homosaurus.org/v2/sexting||https://homosaurus.org/v2/sexualAbstinence||https://homosaurus.org/v2/sexualAutonomy||https://homosaurus.org/v2/sexualDysfunction||https://homosaurus.org/v2/sexualExcitement||https://homosaurus.org/v2/sexualFunction||https://homosaurus.org/v2/sexualMinorities||https://homosaurus.org/v2/sexualPractices||https://homosaurus.org/v2/sexualReform||https://homosaurus.org/v2/sexualRoles||https://homosaurus.org/v2/situationalSexualBehaviour	2019-05-14	2021-09-24	https://homosaurus.org/v2/sexuality	""
https://homosaurus.org/v2/sexuallyAbusedLGBTQChildren	sexuallyAbusedLGBTQChildren	Sexually abused LGBTQ children	""	""	""	""	https://homosaurus.org/v2/childrenLGBTQ||https://homosaurus.org/v2/victimsOfSexualAbuseLGBTQ	""	https://homosaurus.org/v2/victimsOfRapeLGBTQ	2019-05-14	2021-09-24	https://homosaurus.org/v2/sexuallyAbusedLGBTQChildren	""
https://homosaurus.org/v2/STDs	STDs	STDs	""	Sexually transmitted diseases||VD||Venereal diseases	""	""	""	https://homosaurus.org/v2/HIVAIDS	https://homosaurus.org/v2/partnerNotification	2019-05-14	2021-09-24	https://homosaurus.org/v2/STDs	""
https://homosaurus.org/v2/shivShakthis	shivShakthis	Shiv-Shakthis	""	""	""	""	https://homosaurus.org/v2/culturallySpecificGenderIdentities	""	""	2019-05-14	2021-09-24	https://homosaurus.org/v2/shivShakthis	""
https://homosaurus.org/v2/siblings	siblings	Siblings	""	""	""	""	https://homosaurus.org/v2/familyMembers	""	https://homosaurus.org/v2/familiesLGBTQ	2019-05-14	2021-09-24	https://homosaurus.org/v2/siblings	""
https://homosaurus.org/v2/significantOthers	significantOthers	Significant others	""	""	""	""	""	""	https://homosaurus.org/v2/couplesLGBTQ||https://homosaurus.org/v2/domesticPartnerships||https://homosaurus.org/v2/intimatePartnerViolence||https://homosaurus.org/v2/LGBTQDomesticViolence||https://homosaurus.org/v2/LGBTQLovers||https://homosaurus.org/v2/partnerNotification||https://homosaurus.org/v2/partnerPreference||https://homosaurus.org/v2/partnerRights||https://homosaurus.org/v2/partnersLGBTQ||https://homosaurus.org/v2/relationshipsLGBTQ||https://homosaurus.org/v2/sexualPreference	2019-05-14	2021-09-24	https://homosaurus.org/v2/significantOthers	""
https://homosaurus.org/v2/singlePeople	singlePeople	Single people	""	Single person households||Singles	""	""	https://homosaurus.org/v2/maritalStatus	https://homosaurus.org/v2/LGBTQSingleParents	https://homosaurus.org/v2/divorcedPeople	2019-05-14	2021-09-24	https://homosaurus.org/v2/singlePeople	""
https://homosaurus.org/v2/sissies	sissies	Sissies	""	Sissy boys	Pejorative term applied to boys or men who are perceived to be effeminate and who do not conform to traditional masculine roles	""	https://homosaurus.org/v2/boys||https://homosaurus.org/v2/genderRoles	""	https://homosaurus.org/v2/queens	2019-05-14	2021-09-24	https://homosaurus.org/v2/sissies	""
https://homosaurus.org/v2/sistergirls	sistergirls	Sistergirls	""	Sistagirls	""	""	https://homosaurus.org/v2/culturallySpecificGenderIdentities	""	https://homosaurus.org/v2/brotherboys||https://homosaurus.org/v2/LGBTQAboriginalPeople	2019-05-14	2021-09-24	https://homosaurus.org/v2/sistergirls	""
https://homosaurus.org/v2/situationalSexualBehaviour	situationalSexualBehaviour	Situational sexual behaviour	""	Situational homosexuality	""	""	""	""	https://homosaurus.org/v2/sexAct||https://homosaurus.org/v2/sexuality||https://homosaurus.org/v2/sexualPractices||https://homosaurus.org/v2/sexualPreference	2019-05-14	2021-09-24	https://homosaurus.org/v2/situationalSexualBehaviour	""
https://homosaurus.org/v2/skoptsy	skoptsy	Skoptsy	""	""	""	""	https://homosaurus.org/v2/culturallySpecificGenderIdentities	""	""	2019-05-14	2021-09-24	https://homosaurus.org/v2/skoptsy	""
https://homosaurus.org/v2/slangLGBTQ	slangLGBTQ	Slang (LGBTQ)	""	""	""	""	""	https://homosaurus.org/v2/bisexualSlang||https://homosaurus.org/v2/gaySlang||https://homosaurus.org/v2/lesbianSlang||https://homosaurus.org/v2/queerSlang||https://homosaurus.org/v2/transgenderSlang||https://homosaurus.org/v2/reclaimedTerms	https://homosaurus.org/v2/slurs	2019-05-14	2021-09-24	https://homosaurus.org/v2/slangLGBTQ	""
https://homosaurus.org/v2/slaves	slaves	Slaves	""	""	""	""	https://homosaurus.org/v2/sexualIdentity||https://homosaurus.org/v2/sexualRoles	""	https://homosaurus.org/v2/BDSM||https://homosaurus.org/v2/bottoms||https://homosaurus.org/v2/dominatricesLGBTQ||https://homosaurus.org/v2/mastersLGBTQ||https://homosaurus.org/v2/mistressesLGBTQ||https://homosaurus.org/v2/SM||https://homosaurus.org/v2/tops	2019-05-14	2021-09-24	https://homosaurus.org/v2/slaves	""
https://homosaurus.org/v2/SMMovement	SMMovement	SM movement	""	""	""	""	https://homosaurus.org/v2/socialMovements	""	https://homosaurus.org/v2/BDSMCommunity||https://homosaurus.org/v2/SM	2019-05-14	2021-09-24	https://homosaurus.org/v2/SMMovement	""
https://homosaurus.org/v2/socialConstructionism	socialConstructionism	Social constructionism	""	""	Notion that categories of gender, sexual orientation, and ethnicity are cultural constructs rather than intrinsic categories of nature	""	https://homosaurus.org/v2/theories	""	https://homosaurus.org/v2/essentialism||https://homosaurus.org/v2/medicalisation||https://homosaurus.org/v2/queerTheory	2019-05-14	2021-09-24	https://homosaurus.org/v2/socialConstructionism	""
https://homosaurus.org/v2/socialMedia	socialMedia	Social media	""	""	Web-based and mobile technologies used to turn communication into interactive dialogues	""	""	https://homosaurus.org/v2/blogs||https://homosaurus.org/v2/chatrooms||https://homosaurus.org/v2/datingApplications||https://homosaurus.org/v2/datingWebsites||https://homosaurus.org/v2/internetForums	https://homosaurus.org/v2/cyberbullying||https://homosaurus.org/v2/LGBTQSocialMedia	2019-05-14	2021-09-24	https://homosaurus.org/v2/socialMedia	""
https://homosaurus.org/v2/socialMovements	socialMovements	Social movements	""	""	""	""	""	https://homosaurus.org/v2/ex-gayMovement||https://homosaurus.org/v2/mensMovement||https://homosaurus.org/v2/movementLGBTQ||https://homosaurus.org/v2/SMMovement||https://homosaurus.org/v2/womensMovement	https://homosaurus.org/v2/intersexMovement	2019-05-14	2021-09-24	https://homosaurus.org/v2/socialMovements	""
https://homosaurus.org/v2/socialNorms	socialNorms	Social norms	""	""	Group-held beliefs about how members should behave in a given context	""	""	https://homosaurus.org/v2/heteronormativity||https://homosaurus.org/v2/homonormativity||https://homosaurus.org/v2/amatonormativity||https://homosaurus.org/v2/compulsorySexuality||https://homosaurus.org/v2/mononormativity	https://homosaurus.org/v2/homonationalism||https://homosaurus.org/v2/normalisation||https://homosaurus.org/v2/roleBehaviour	2019-05-14	2021-09-24	https://homosaurus.org/v2/socialNorms	""
https://homosaurus.org/v2/socialSecurityCards	socialSecurityCards	Social security cards	""	""	""	""	https://homosaurus.org/v2/officialDocumentation	""	https://homosaurus.org/v2/birthCertificates||https://homosaurus.org/v2/driversLicenses||https://homosaurus.org/v2/genderMarkers||https://homosaurus.org/v2/legalNameChange||https://homosaurus.org/v2/transitioningTransgender	2019-05-14	2021-09-24	https://homosaurus.org/v2/socialSecurityCards	""
https://homosaurus.org/v2/sodomy	sodomy	Sodomy	""	""	"Historical term for ""unnatural"" sexual acts unrelated to procreation, including oral sex, anal sex, and bestiality"	""	https://homosaurus.org/v2/LGBTQHistoricalTerms	""	https://homosaurus.org/v2/pederasty||https://homosaurus.org/v2/sexAct||https://homosaurus.org/v2/sexualPractices||https://homosaurus.org/v2/sodomites||https://homosaurus.org/v2/sodomyLaws	2019-05-14	2021-09-24	https://homosaurus.org/v2/sodomy	""
https://homosaurus.org/v2/sodomyLaws	sodomyLaws	Sodomy laws	""	""	Use to refer to laws related to sodomy in the United States, Great Britain, and/or former British colonies	""	https://homosaurus.org/v2/sexualOffencesLaws	""	https://homosaurus.org/v2/sodomy	2019-05-14	2021-09-24	https://homosaurus.org/v2/sodomyLaws	""
https://homosaurus.org/v2/softButches	softButches	Soft butches	""	""	A person who is a little bit masculine in their appearance; commonly used in the lesbian community	""	https://homosaurus.org/v2/sexualIdentity	""	https://homosaurus.org/v2/butches||https://homosaurus.org/v2/lesbians	2019-05-14	2021-09-24	https://homosaurus.org/v2/softButches	""
https://homosaurus.org/v2/soloSex	soloSex	Solo sex	""	""	""	""	""	""	https://homosaurus.org/v2/masturbation	2019-05-14	2021-09-24	https://homosaurus.org/v2/soloSex	""
https://homosaurus.org/v2/sonsLGBTQ	sonsLGBTQ	Sons (LGBTQ)	""	""	""	""	https://homosaurus.org/v2/familyMembers	https://homosaurus.org/v2/bisexualSons||https://homosaurus.org/v2/gaySons||https://homosaurus.org/v2/queerSons||https://homosaurus.org/v2/sonsOfBisexualPeople||https://homosaurus.org/v2/sonsOfGayMen||https://homosaurus.org/v2/sonsOfLesbians||https://homosaurus.org/v2/sonsOfQueerPeople||https://homosaurus.org/v2/sonsOfTransgenderPeople||https://homosaurus.org/v2/transgenderSons	""	2019-05-14	2021-09-24	https://homosaurus.org/v2/sonsLGBTQ	""
https://homosaurus.org/v2/sonsOfBisexualPeople	sonsOfBisexualPeople	Sons of bisexual people	""	""	""	""	https://homosaurus.org/v2/childrenOfBisexualPeople||https://homosaurus.org/v2/childrenOfLGBTQPeople||https://homosaurus.org/v2/sonsLGBTQ	""	""	2019-05-14	2021-09-24	https://homosaurus.org/v2/sonsOfBisexualPeople	""
https://homosaurus.org/v2/sonsOfGayMen	sonsOfGayMen	Sons of gay men	""	""	""	""	https://homosaurus.org/v2/childrenOfGayMen||https://homosaurus.org/v2/childrenOfLGBTQPeople||https://homosaurus.org/v2/sonsLGBTQ	""	""	2019-05-14	2021-09-24	https://homosaurus.org/v2/sonsOfGayMen	""
https://homosaurus.org/v2/sonsOfLesbians	sonsOfLesbians	Sons of lesbians	""	""	""	""	https://homosaurus.org/v2/childrenOfLesbians||https://homosaurus.org/v2/childrenOfLGBTQPeople||https://homosaurus.org/v2/sonsLGBTQ	""	""	2019-05-14	2021-09-24	https://homosaurus.org/v2/sonsOfLesbians	""
https://homosaurus.org/v2/sonsOfTransgenderPeople	sonsOfTransgenderPeople	Sons of transgender people	""	""	""	""	https://homosaurus.org/v2/childrenOfLGBTQPeople||https://homosaurus.org/v2/childrenOfTransgenderPeople||https://homosaurus.org/v2/sonsLGBTQ	""	""	2019-05-14	2021-09-24	https://homosaurus.org/v2/sonsOfTransgenderPeople	""
https://homosaurus.org/v2/sonsOfQueerPeople	sonsOfQueerPeople	Sons of queer people	""	""	""	""	https://homosaurus.org/v2/childrenOfLGBTQPeople||https://homosaurus.org/v2/childrenOfQueerPeople||https://homosaurus.org/v2/sonsLGBTQ	""	""	2019-05-14	2021-09-24	https://homosaurus.org/v2/sonsOfQueerPeople	""
https://homosaurus.org/v2/spanking	spanking	Spanking	""	""	""	""	https://homosaurus.org/v2/sexualPractices||https://homosaurus.org/v2/SM	""	https://homosaurus.org/v2/assplay||https://homosaurus.org/v2/buttocks	2019-05-14	2021-09-24	https://homosaurus.org/v2/spanking	""
https://homosaurus.org/v2/spermDonors	spermDonors	Sperm donors	""	""	""	""	https://homosaurus.org/v2/donors	""	https://homosaurus.org/v2/insemination||https://homosaurus.org/v2/LGBTQFamilyPlanning	2019-05-14	2021-09-24	https://homosaurus.org/v2/spermDonors	""
https://homosaurus.org/v2/spreaderBars	spreaderBars	Spreader bars	""	""	""	""	https://homosaurus.org/v2/sexAccessories	""	""	2019-05-14	2021-09-24	https://homosaurus.org/v2/spreaderBars	""
https://homosaurus.org/v2/sreySros	sreySros	Srey sros	""	""	"Term used in Cambodia for people assigned male at birth who identify as women; translates to ""charming girls"""	""	https://homosaurus.org/v2/culturallySpecificGenderIdentities	""	https://homosaurus.org/v2/kteuy||https://homosaurus.org/v2/sakVeng	2019-05-14	2021-09-24	https://homosaurus.org/v2/sreySros	""
https://homosaurus.org/v2/stature	stature	Stature	""	""	""	""	https://homosaurus.org/v2/secondarySexCharacteristics	""	""	2019-05-14	2021-09-24	https://homosaurus.org/v2/stature	""
https://homosaurus.org/v2/stoneButches	stoneButches	Stone butches	""	""	Individuals whose gender expression and/or identity is masculine-presenting and who usually do not like to be sexually touched, though they will still provide their partners with sexual pleasure. The term is commonly used in the lesbian community	""	https://homosaurus.org/v2/sexualIdentity	""	https://homosaurus.org/v2/butches||https://homosaurus.org/v2/butchFemmeRelationships||https://homosaurus.org/v2/femmes||https://homosaurus.org/v2/lesbians	2019-05-14	2021-09-24	https://homosaurus.org/v2/stoneButches	""
https://homosaurus.org/v2/stonewallRiots	stonewallRiots	Stonewall riots	""	""	The series of spontaneous, violent demonstrations against the police raid that took place on June 28, 1969 at the Stonewall Inn in the Greenwich Village neighbourhood of New York City	""	https://homosaurus.org/v2/LGBTQRiots	""	https://homosaurus.org/v2/gayLiberation||https://homosaurus.org/v2/policeHarassment	2019-05-14	2021-09-24	https://homosaurus.org/v2/stonewallRiots	""
https://homosaurus.org/v2/strapOnSex	strapOnSex	Strap-on sex	""	""	Sexual intercourse in which a dildo attached to a harness is used for either vaginal or anal penetration	""	https://homosaurus.org/v2/sexAct	""	https://homosaurus.org/v2/dildos||https://homosaurus.org/v2/penises||https://homosaurus.org/v2/sexualIntercourse||https://homosaurus.org/v2/womenWhoHaveSexWithWomen	2019-05-14	2021-09-24	https://homosaurus.org/v2/strapOnSex	""
https://homosaurus.org/v2/strippers	strippers	Strippers	""	Stripteasers	""	""	https://homosaurus.org/v2/sexWorkersLGBTQ	""	https://homosaurus.org/v2/striptease	2019-05-14	2021-09-24	https://homosaurus.org/v2/strippers	""
https://homosaurus.org/v2/striptease	striptease	Striptease	""	""	""	""	https://homosaurus.org/v2/sexualPractices||https://homosaurus.org/v2/theatreLGBTQ	""	https://homosaurus.org/v2/strippers	2019-05-14	2021-09-24	https://homosaurus.org/v2/striptease	""
https://homosaurus.org/v2/subcultures	subcultures	Subcultures	""	""	Groups of people belonging to cultures that differentiate them from the larger culture to which they belong. Subcultures develop their own norms and values regarding cultural, political, and sexual matters	""	""	https://homosaurus.org/v2/ballCulture||https://homosaurus.org/v2/dandyism||https://homosaurus.org/v2/decadence||https://homosaurus.org/v2/gayCulture||https://homosaurus.org/v2/leatherCommunity||https://homosaurus.org/v2/lesbianCulture||https://homosaurus.org/v2/rubberSubculture||https://homosaurus.org/v2/transgenderCulture	""	2019-05-14	2021-09-24	https://homosaurus.org/v2/subcultures	""
https://homosaurus.org/v2/suffragettes	suffragettes	Suffragettes	""	""	""	""	https://homosaurus.org/v2/feminists	""	""	2019-05-14	2021-09-24	https://homosaurus.org/v2/suffragettes	""
https://homosaurus.org/v2/surrogacy	surrogacy	Surrogacy	""	""	A method or agreement whereby a person consents to carry a pregnancy for another person or people who will become the child's parent(s) afterbirth	""	https://homosaurus.org/v2/ConceptionByLGBTQPeople||https://homosaurus.org/v2/gestationalParenthood	""	https://homosaurus.org/v2/donors||https://homosaurus.org/v2/gestationalParenthood	2019-05-14	2021-09-24	https://homosaurus.org/v2/surrogacy	""
https://homosaurus.org/v2/survivorsOfAntiLGBTQViolence	survivorsOfAntiLGBTQViolence	Survivors of anti-LGBTQ violence	""	""	""	""	""	""	https://homosaurus.org/v2/antiLGBTQViolence	2019-05-14	2021-09-24	https://homosaurus.org/v2/survivorsOfAntiLGBTQViolence	""
https://homosaurus.org/v2/survivorsOfHateCrimesLGBTQ	survivorsOfHateCrimesLGBTQ	Survivors of hate crimes (LGBTQ)	""	""	""	""	https://homosaurus.org/v2/victimsOfHateCrimesLGBTQ	https://homosaurus.org/v2/bisexualSurvivorsOfHateCrimes||https://homosaurus.org/v2/gaySurvivorsOfHateCrimes||https://homosaurus.org/v2/lesbianSurvivorsOfHateCrimes||https://homosaurus.org/v2/queerSurvivorsOfHateCrimes||https://homosaurus.org/v2/transgenderSurvivorsOfHateCrimes	""	2019-05-14	2021-09-24	https://homosaurus.org/v2/survivorsOfHateCrimesLGBTQ	""
https://homosaurus.org/v2/survivorsOfRapeLGBTQ	survivorsOfRapeLGBTQ	Survivors of rape (LGBTQ)	""	""	""	""	https://homosaurus.org/v2/victimsOfRapeLGBTQ	https://homosaurus.org/v2/bisexualSurvivorsOfRape||https://homosaurus.org/v2/gaySurvivorsOfRape||https://homosaurus.org/v2/lesbianSurvivorsOfRape||https://homosaurus.org/v2/queerSurvivorsOfRape||https://homosaurus.org/v2/transgenderSurvivorsOfRape	""	2019-05-14	2021-09-24	https://homosaurus.org/v2/survivorsOfRapeLGBTQ	""
https://homosaurus.org/v2/survivorsOfSexualAbuseLGBTQ	survivorsOfSexualAbuseLGBTQ	Survivors of sexual abuse (LGBTQ)	""	""	""	""	https://homosaurus.org/v2/victimsOfRapeLGBTQ||https://homosaurus.org/v2/victimsOfSexualAbuseLGBTQ	https://homosaurus.org/v2/bisexualSurvivorsOfSexualAbuse||https://homosaurus.org/v2/gaySurvivorsOfSexualAbuse||https://homosaurus.org/v2/gayVictimsOfSexualAbuse||https://homosaurus.org/v2/lesbianSurvivorsOfSexualAbuse||https://homosaurus.org/v2/queerSurvivorsOfSexualAbuse||https://homosaurus.org/v2/transgenderSurvivorsOfSexualAbuse	https://homosaurus.org/v2/LGBTQDomesticViolence||https://homosaurus.org/v2/LGBTQSexualAbuse	2019-05-14	2021-09-24	https://homosaurus.org/v2/survivorsOfSexualAbuseLGBTQ	""
https://homosaurus.org/v2/survivorsOfWarLGBTQ	survivorsOfWarLGBTQ	Survivors of war (LGBTQ)	""	""	""	""	https://homosaurus.org/v2/LGBTQPeople	https://homosaurus.org/v2/bisexualSurvivorsOfWar||https://homosaurus.org/v2/gaySurvivorsOfWar||https://homosaurus.org/v2/lesbianSurvivorsOfWar||https://homosaurus.org/v2/queerSurvivorsOfWar||https://homosaurus.org/v2/transgenderSurvivorsOfWar	https://homosaurus.org/v2/victimsOfWarLGBTQ	2019-05-14	2021-09-24	https://homosaurus.org/v2/survivorsOfWarLGBTQ	""
https://homosaurus.org/v2/switches	switches	Switches	""	""	A person in BDSM play or sex who alternates between being the giving partner or the receiving partner	""	https://homosaurus.org/v2/sexualIdentity||https://homosaurus.org/v2/sexualRoles	""	https://homosaurus.org/v2/BDSM||https://homosaurus.org/v2/BDSMCommunity||https://homosaurus.org/v2/bottoms||https://homosaurus.org/v2/tops	2019-05-14	2021-09-24	https://homosaurus.org/v2/switches	""
https://homosaurus.org/v2/swyerSyndrome	swyerSyndrome	Swyer syndrome	""	""	""	""	https://homosaurus.org/v2/intersexConditions	""	""	2019-05-14	2021-09-24	https://homosaurus.org/v2/swyerSyndrome	""
https://homosaurus.org/v2/sydneyGayAndLesbianMardiGras	sydneyGayAndLesbianMardiGras	Sydney Gay and Lesbian Mardi Gras	""	""	Annual gay pride parade and festival in Sydney, Australia	""	https://homosaurus.org/v2/gayPride	""	""	2019-05-14	2021-09-24	https://homosaurus.org/v2/sydneyGayAndLesbianMardiGras	""
https://homosaurus.org/v2/tattoos	tattoos	Tattoos	""	""	""	""	https://homosaurus.org/v2/bodyAdornments	""	""	2019-05-14	2021-09-24	https://homosaurus.org/v2/tattoos	""
https://homosaurus.org/v2/tearoomSex	tearoomSex	Tearoom sex	""	""	U.S. slang term that refers to anonymous sex in a public bathroom or the practice of cruising for sexual partners in public bathrooms	""	https://homosaurus.org/v2/sexualPractices	""	https://homosaurus.org/v2/anonymousSex||https://homosaurus.org/v2/cottaging||https://homosaurus.org/v2/cruising||https://homosaurus.org/v2/publicSex||https://homosaurus.org/v2/tearooms	2019-05-14	2021-09-24	https://homosaurus.org/v2/tearoomSex	""
https://homosaurus.org/v2/tearooms	tearooms	Tearooms	""	""	U.S. slang term for public bathrooms that are used as sex locations	""	https://homosaurus.org/v2/sexLocations	https://homosaurus.org/v2/gloryHoles	https://homosaurus.org/v2/cottages||https://homosaurus.org/v2/publicBathrooms||https://homosaurus.org/v2/tearoomSex	2019-05-14	2021-09-24	https://homosaurus.org/v2/tearooms	""
https://homosaurus.org/v2/televisionLGBTQ	televisionLGBTQ	Television (LGBTQ)	""	""	""	""	""	https://homosaurus.org/v2/bisexualTelevision||https://homosaurus.org/v2/gayTelevision||https://homosaurus.org/v2/lesbianTelevision||https://homosaurus.org/v2/queerTelevision||https://homosaurus.org/v2/transgenderTelevision	https://homosaurus.org/v2/charactersLGBTQ	2019-05-14	2021-09-24	https://homosaurus.org/v2/televisionLGBTQ	""
https://homosaurus.org/v2/terminalCareAIDS	terminalCareAIDS	Terminal care (AIDS)	""	""	""	""	https://homosaurus.org/v2/healthCareForLGBTQPeople	""	https://homosaurus.org/v2/LGBTQDeathAndDying	2019-05-14	2021-09-24	https://homosaurus.org/v2/terminalCareAIDS	""
https://homosaurus.org/v2/testes	testes	Testes	""	Testicles	""	""	https://homosaurus.org/v2/erogenousBodyParts||https://homosaurus.org/v2/genitals||https://homosaurus.org/v2/gonads	""	""	2019-05-14	2021-09-24	https://homosaurus.org/v2/testes	""
https://homosaurus.org/v2/testosterone	testosterone	Testosterone	""	""	""	""	https://homosaurus.org/v2/hormones||https://homosaurus.org/v2/hormoneTherapyGender	""	https://homosaurus.org/v2/transMen	2019-05-14	2021-09-24	https://homosaurus.org/v2/testosterone	""
https://homosaurus.org/v2/theatreLGBTQ	theatreLGBTQ	Theatre (LGBTQ)	""	""	""	""	""	https://homosaurus.org/v2/bisexualTheatre||https://homosaurus.org/v2/femaleImpersonators||https://homosaurus.org/v2/gayTheatre||https://homosaurus.org/v2/kabuki||https://homosaurus.org/v2/lesbianTheatre||https://homosaurus.org/v2/maleImpersonators||https://homosaurus.org/v2/performanceArt||https://homosaurus.org/v2/queerTheatre||https://homosaurus.org/v2/striptease||https://homosaurus.org/v2/transgenderTheatre	https://homosaurus.org/v2/dramaLGBTQ||https://homosaurus.org/v2/LGBTQArts	2019-05-14	2021-09-24	https://homosaurus.org/v2/theatreLGBTQ	""
https://homosaurus.org/v2/theologyLGBTQ	theologyLGBTQ	Theology (LGBTQ)	""	""	""	""	""	https://homosaurus.org/v2/bisexualTheology||https://homosaurus.org/v2/gayTheology||https://homosaurus.org/v2/lesbianTheology||https://homosaurus.org/v2/queerTheology||https://homosaurus.org/v2/transgenderTheology	https://homosaurus.org/v2/LGBTQReligions	2019-05-14	2021-09-24	https://homosaurus.org/v2/theologyLGBTQ	""
https://homosaurus.org/v2/theories	theories	Theories	""	""	""	""	""	https://homosaurus.org/v2/essentialism||https://homosaurus.org/v2/etiology||https://homosaurus.org/v2/queerTheory||https://homosaurus.org/v2/socialConstructionism	""	2019-05-14	2021-09-24	https://homosaurus.org/v2/theories	""
https://homosaurus.org/v2/therapies	therapies	Therapies	""	""	""	""	https://homosaurus.org/v2/medicalCare	https://homosaurus.org/v2/behaviouralTherapy||https://homosaurus.org/v2/electroshockTherapy||https://homosaurus.org/v2/herbalTreatments||https://homosaurus.org/v2/hormoneTherapyGender||https://homosaurus.org/v2/medication||https://homosaurus.org/v2/sexTherapy||https://homosaurus.org/v2/sexualReorientation||https://homosaurus.org/v2/voiceTherapyTransgender	https://homosaurus.org/v2/mentalHealthCareForLGBTQPeople	2019-05-14	2021-09-24	https://homosaurus.org/v2/therapies	""
https://homosaurus.org/v2/thighHarnesses	thighHarnesses	Thigh harnesses	""	""	""	""	https://homosaurus.org/v2/harnesses	""	https://homosaurus.org/v2/chestHarnesses||https://homosaurus.org/v2/dildoHarnesses	2019-05-14	2021-09-24	https://homosaurus.org/v2/thighHarnesses	""
https://homosaurus.org/v2/thirdGender	thirdGender	Third gender	""	""	Social category present in societies that recognize three or more genders	""	https://homosaurus.org/v2/culturallySpecificGenderIdentities	""	https://homosaurus.org/v2/thirdGenderPeople	2019-05-14	2021-09-24	https://homosaurus.org/v2/thirdGender	""
https://homosaurus.org/v2/thirdGenderPeople	thirdGenderPeople	Third gender people	""	""	Individuals who are categorized (by their will or by social consensus) as neither man nor woman	""	https://homosaurus.org/v2/transgenderPeople	""	https://homosaurus.org/v2/thirdGender	2019-05-14	2021-09-24	https://homosaurus.org/v2/thirdGenderPeople	""
https://homosaurus.org/v2/thirunangai	thirunangai	Thirunangai	""	""	Regional term in Tamil Nadu, India for people assigned male at birth who identify as women	""	https://homosaurus.org/v2/culturallySpecificGenderIdentities	""	https://homosaurus.org/v2/aravani	2019-05-14	2021-09-24	https://homosaurus.org/v2/thirunangai	""
https://homosaurus.org/v2/thirunambi	thirunambi	Thirunambi	""	""	Regional term in Tamil Nadu, India for people assigned female at birth who identify as men	""	https://homosaurus.org/v2/culturallySpecificGenderIdentities	""	""	2019-05-14	2021-09-24	https://homosaurus.org/v2/thirunambi	""
https://homosaurus.org/v2/tidaWena	tidaWena	Tida wena	""	""	"In Venezuela's indigenous Warao culture, this term refers to people assigned male at birth who are thought to possess two spirits and often assume a spiritual role; translates to ""twisted women"""	""	https://homosaurus.org/v2/culturallySpecificGenderIdentities	""	https://homosaurus.org/v2/two-spiritPeople	2019-05-14	2021-09-24	https://homosaurus.org/v2/tidaWena	""
https://homosaurus.org/v2/tom	tom	Tom	""	""	In Thailand, people assigned female at birth who exhibit masculine traits, often partnering with feminine dees; similar to a butch in U.S. lesbian culture	""	https://homosaurus.org/v2/culturallySpecificGenderIdentities	""	https://homosaurus.org/v2/dee||https://homosaurus.org/v2/katoey	2019-05-14	2021-09-24	https://homosaurus.org/v2/tom	""
https://homosaurus.org/v2/tomboys	tomboys	Tomboys	""	""	Girls who exhibit some characteristics associated with the gender role of a boy	""	https://homosaurus.org/v2/genderRoles||https://homosaurus.org/v2/girls	""	https://homosaurus.org/v2/butches	2019-05-14	2021-09-24	https://homosaurus.org/v2/tomboys	""
https://homosaurus.org/v2/tongzhi	tongzhi	Tongzhi	""	""	Contemporary term for LGBTQ people in China and Taiwan	""	https://homosaurus.org/v2/sexualMinorities	""	""	2019-05-14	2021-09-24	https://homosaurus.org/v2/tongzhi	""
https://homosaurus.org/v2/tops	tops	Tops	""	""	A dominant partner in BDSM play or the giving partner during sex	""	https://homosaurus.org/v2/sexualIdentity||https://homosaurus.org/v2/sexualRoles	https://homosaurus.org/v2/dominatricesLGBTQ||https://homosaurus.org/v2/mastersLGBTQ||https://homosaurus.org/v2/mistressesLGBTQ	https://homosaurus.org/v2/BDSM||https://homosaurus.org/v2/BDSMCommunity||https://homosaurus.org/v2/bottoms||https://homosaurus.org/v2/slaves||https://homosaurus.org/v2/socialPrivilege||https://homosaurus.org/v2/switches	2019-05-14	2021-09-24	https://homosaurus.org/v2/tops	""
https://homosaurus.org/v2/toxicMasculinity	toxicMasculinity	Toxic masculinity	""	""	""	""	https://homosaurus.org/v2/masculinity	""	https://homosaurus.org/v2/machismo||https://homosaurus.org/v2/socialPrivilege	2019-05-14	2021-09-24	https://homosaurus.org/v2/toxicMasculinity	""
https://homosaurus.org/v2/transgenderPeople	transgenderPeople	Transgender people	""	Trans people||Trans||Transgender||Transgendered||Transgendered people||Transpeople||Trans-people||Transgender-identified people||Trans-identified people	Broad term for people who do not conform to their gender assigned at birth. Add more specific terms when possible	""	https://homosaurus.org/v2/LGBTQPeople	https://homosaurus.org/v2/agenderPeople||https://homosaurus.org/v2/androgynousPeople||https://homosaurus.org/v2/bigenderPeople||https://homosaurus.org/v2/demigenderPeople||https://homosaurus.org/v2/ftxs||https://homosaurus.org/v2/genderfluidPeople||https://homosaurus.org/v2/mtxs||https://homosaurus.org/v2/nonBinaryPeople||https://homosaurus.org/v2/olderTransgenderPeople||https://homosaurus.org/v2/pangenderPeople||https://homosaurus.org/v2/thirdGenderPeople||https://homosaurus.org/v2/transfemininePeople||https://homosaurus.org/v2/transgenderChildren||https://homosaurus.org/v2/transgenderDaughters||https://homosaurus.org/v2/transgenderFathers||https://homosaurus.org/v2/transgenderMothers||https://homosaurus.org/v2/transgenderParents||https://homosaurus.org/v2/transgenderSons||https://homosaurus.org/v2/transgenderYouth||https://homosaurus.org/v2/transmasculinePeople||https://homosaurus.org/v2/transsexualPeople||https://homosaurus.org/v2/trigenderPeople||https://homosaurus.org/v2/transWomen||https://homosaurus.org/v2/transMen	https://homosaurus.org/v2/cisgenderPeople||https://homosaurus.org/v2/crossdressers||https://homosaurus.org/v2/eonistPeople||https://homosaurus.org/v2/genderAssignedAtBirth||https://homosaurus.org/v2/genderConfirmingSurgery||https://homosaurus.org/v2/genderDysphoria||https://homosaurus.org/v2/genderIdentity||https://homosaurus.org/v2/genderIdentityDisorder||https://homosaurus.org/v2/genderMarkers||https://homosaurus.org/v2/genderNonConformingPeople||https://homosaurus.org/v2/genderqueerPeople||https://homosaurus.org/v2/hormoneTherapyGender||https://homosaurus.org/v2/men||https://homosaurus.org/v2/noHormoneIdentity||https://homosaurus.org/v2/nonOperative||https://homosaurus.org/v2/parentsOfTransgenderPeople||https://homosaurus.org/v2/partnersOfTransgenderPeople||https://homosaurus.org/v2/passingGender||https://homosaurus.org/v2/persecutionOfTransgenderPeople||https://homosaurus.org/v2/postOperative||https://homosaurus.org/v2/preOperative||https://homosaurus.org/v2/stealthTransgender||https://homosaurus.org/v2/transgenderCharacters||https://homosaurus.org/v2/transgenderCommunity||https://homosaurus.org/v2/transgenderCommunityCentres||https://homosaurus.org/v2/transgenderIdentity||https://homosaurus.org/v2/transgenderism||https://homosaurus.org/v2/transitioningStatus||https://homosaurus.org/v2/transitioningTransgender||https://homosaurus.org/v2/transphobia||https://homosaurus.org/v2/transvestites||https://homosaurus.org/v2/women||https://homosaurus.org/v2/trans	2019-05-14	2021-09-24	https://homosaurus.org/v2/transgenderPeople	""
https://homosaurus.org/v2/transMarches	transMarches	Trans marches	""	Transgender marches	""	""	https://homosaurus.org/v2/LGBTQEvents	""	https://homosaurus.org/v2/dykeMarches||https://homosaurus.org/v2/gayPride||https://homosaurus.org/v2/lesbianPride	2019-05-14	2021-09-24	https://homosaurus.org/v2/transMarches	""
https://homosaurus.org/v2/transsexuality	transsexuality	Transsexuality	""	Transexuality	""	""	""	""	""	2019-05-14	2021-09-24	https://homosaurus.org/v2/transsexuality	""
https://homosaurus.org/v2/transsexualPeople	transsexualPeople	Transsexual people	""	Transexuals||Transsexuals	""	""	https://homosaurus.org/v2/transgenderPeople	https://homosaurus.org/v2/FtMs||https://homosaurus.org/v2/MtFs	https://homosaurus.org/v2/genderConfirmingSurgery||https://homosaurus.org/v2/genderDysphoria||https://homosaurus.org/v2/genderIdentityDisorder||https://homosaurus.org/v2/noHormoneIdentity||https://homosaurus.org/v2/nonOperative||https://homosaurus.org/v2/pansexualPeople||https://homosaurus.org/v2/postOperative||https://homosaurus.org/v2/preOperative||https://homosaurus.org/v2/transitioningStatus||https://homosaurus.org/v2/transitioningTransgender||https://homosaurus.org/v2/transsexualism	2019-05-14	2021-09-24	https://homosaurus.org/v2/transsexualPeople	""
https://homosaurus.org/v2/transfemininePeople	transfemininePeople	Transfeminine people	""	""	""	""	https://homosaurus.org/v2/transgenderPeople	""	https://homosaurus.org/v2/femininity	2019-05-14	2021-09-24	https://homosaurus.org/v2/transfemininePeople	""
https://homosaurus.org/v2/transgenderActivism	transgenderActivism	Transgender activism	""	""	""	""	https://homosaurus.org/v2/activismLGBTQ	""	https://homosaurus.org/v2/transgenderPoliticalActivists	2019-05-14	2021-09-24	https://homosaurus.org/v2/transgenderActivism	""
https://homosaurus.org/v2/transgenderAfricanAmericans	transgenderAfricanAmericans	Transgender African-Americans	""	""	""	""	https://homosaurus.org/v2/africanAmericansLGBTQ	""	https://homosaurus.org/v2/transgenderBlackPeople	2019-05-14	2021-09-24	https://homosaurus.org/v2/transgenderAfricanAmericans	""
https://homosaurus.org/v2/transgenderAfroCanadians	transgenderAfroCanadians	Transgender Afro-Canadians	""	""	""	""	https://homosaurus.org/v2/afroCanadiansLGBTQ	""	https://homosaurus.org/v2/transgenderBlackPeople	2019-05-14	2021-09-24	https://homosaurus.org/v2/transgenderAfroCanadians	""
https://homosaurus.org/v2/transgenderAfroCaribbeans	transgenderAfroCaribbeans	Transgender Afro-Caribbeans	""	""	""	""	https://homosaurus.org/v2/afroCaribbeansLGBTQ	""	https://homosaurus.org/v2/transgenderBlackPeople	2019-05-14	2021-09-24	https://homosaurus.org/v2/transgenderAfroCaribbeans	""
https://homosaurus.org/v2/transgenderAfroEuropeans	transgenderAfroEuropeans	Transgender Afro-Europeans	""	""	""	""	https://homosaurus.org/v2/afroEuropeansLGBTQ	""	https://homosaurus.org/v2/transgenderBlackPeople	2019-05-14	2021-09-24	https://homosaurus.org/v2/transgenderAfroEuropeans	""
https://homosaurus.org/v2/transgenderAfroLatinAmericans	transgenderAfroLatinAmericans	Transgender Afro-Latin Americans	""	""	""	""	https://homosaurus.org/v2/afroLatinAmericansLGBTQ	""	https://homosaurus.org/v2/transgenderBlackPeople	2019-05-14	2021-09-24	https://homosaurus.org/v2/transgenderAfroLatinAmericans	""
https://homosaurus.org/v2/transgenderArchives	transgenderArchives	Transgender archives	""	""	""	""	https://homosaurus.org/v2/archivesLGBTQ	""	""	2019-05-14	2021-09-24	https://homosaurus.org/v2/transgenderArchives	""
https://homosaurus.org/v2/transgenderArtists	transgenderArtists	Transgender artists	""	""	""	""	https://homosaurus.org/v2/artistsLGBTQ	""	""	2019-05-14	2021-09-24	https://homosaurus.org/v2/transgenderArtists	""
https://homosaurus.org/v2/transgenderAsianAmericans	transgenderAsianAmericans	Transgender Asian Americans	""	""	""	""	https://homosaurus.org/v2/asianAmericansLGBTQ	""	""	2019-05-14	2021-09-24	https://homosaurus.org/v2/transgenderAsianAmericans	""
https://homosaurus.org/v2/transgenderAsians	transgenderAsians	Transgender Asians	""	""	""	""	https://homosaurus.org/v2/asiansLGBTQ	""	""	2019-05-14	2021-09-24	https://homosaurus.org/v2/transgenderAsians	""
https://homosaurus.org/v2/transgenderAtheists	transgenderAtheists	Transgender atheists	""	""	""	""	https://homosaurus.org/v2/atheistsLGBTQ	""	""	2019-05-14	2021-09-24	https://homosaurus.org/v2/transgenderAtheists	""
https://homosaurus.org/v2/transgenderBars	transgenderBars	Transgender bars	""	""	""	""	https://homosaurus.org/v2/barsLGBTQ	""	""	2019-05-14	2021-09-24	https://homosaurus.org/v2/transgenderBars	""
https://homosaurus.org/v2/transgenderBeaches	transgenderBeaches	Transgender beaches	""	""	""	""	https://homosaurus.org/v2/beachesLGBTQ	""	""	2019-05-14	2021-09-24	https://homosaurus.org/v2/transgenderBeaches	""
https://homosaurus.org/v2/transgenderBlackPeople	transgenderBlackPeople	Transgender Black people	""	""	""	""	https://homosaurus.org/v2/blackPeopleLGBTQ	""	https://homosaurus.org/v2/transgenderAfricanAmericans||https://homosaurus.org/v2/transgenderAfroCanadians||https://homosaurus.org/v2/transgenderAfroCaribbeans||https://homosaurus.org/v2/transgenderAfroEuropeans||https://homosaurus.org/v2/transgenderAfroLatinAmericans	2019-05-14	2021-09-24	https://homosaurus.org/v2/transgenderBlackPeople	""
https://homosaurus.org/v2/transgenderBookshops	transgenderBookshops	Transgender bookshops	""	""	""	""	https://homosaurus.org/v2/bookshopsLGBTQ	""	""	2019-05-14	2021-09-24	https://homosaurus.org/v2/transgenderBookshops	""
https://homosaurus.org/v2/transgenderBuddhists	transgenderBuddhists	Transgender Buddhists	""	""	""	""	https://homosaurus.org/v2/buddhistsLGBTQ	""	""	2019-05-14	2021-09-24	https://homosaurus.org/v2/transgenderBuddhists	""
https://homosaurus.org/v2/transgenderCharacters	transgenderCharacters	Transgender characters	""	""	""	""	https://homosaurus.org/v2/charactersLGBTQ	""	https://homosaurus.org/v2/transgenderChildren||https://homosaurus.org/v2/transgenderPeople	2019-05-14	2021-09-24	https://homosaurus.org/v2/transgenderCharacters	""
https://homosaurus.org/v2/transgenderChildren	transgenderChildren	Transgender children	""	""	""	""	https://homosaurus.org/v2/childrenLGBTQ||https://homosaurus.org/v2/transgenderPeople||https://homosaurus.org/v2/transgenderYouth	""	https://homosaurus.org/v2/pubertyBlockers||https://homosaurus.org/v2/transgenderCharacters||https://homosaurus.org/v2/transgenderIdentity	2019-05-14	2021-09-24	https://homosaurus.org/v2/transgenderChildren	""
https://homosaurus.org/v2/transgenderChristians	transgenderChristians	Transgender Christians	""	""	""	""	https://homosaurus.org/v2/christiansLGBTQ	""	""	2019-05-14	2021-09-24	https://homosaurus.org/v2/transgenderChristians	""
https://homosaurus.org/v2/transgenderClergy	transgenderClergy	Transgender clergy	""	""	""	""	https://homosaurus.org/v2/clergyLGBTQ	""	https://homosaurus.org/v2/bisexualClergy||https://homosaurus.org/v2/celibacy||https://homosaurus.org/v2/gayClergy||https://homosaurus.org/v2/lesbianClergy||https://homosaurus.org/v2/queerClergy	2019-05-14	2021-09-24	https://homosaurus.org/v2/transgenderClergy	""
https://homosaurus.org/v2/transgenderCommunity	transgenderCommunity	Transgender community	""	""	""	""	https://homosaurus.org/v2/communitiesLGBTQ	""	https://homosaurus.org/v2/LGB||https://homosaurus.org/v2/LGBT||https://homosaurus.org/v2/LGBTI||https://homosaurus.org/v2/LGBTQ||https://homosaurus.org/v2/LGBTQ+||https://homosaurus.org/v2/LGBTQIA||https://homosaurus.org/v2/transgenderPeople	2019-05-14	2021-09-24	https://homosaurus.org/v2/transgenderCommunity	""
https://homosaurus.org/v2/transgenderCommunityCentres	transgenderCommunityCentres	Transgender community centres	""	""	""	""	https://homosaurus.org/v2/communityCentresLGBTQ	""	https://homosaurus.org/v2/transgenderPeople	2019-05-14	2021-09-24	https://homosaurus.org/v2/transgenderCommunityCentres	""
https://homosaurus.org/v2/transgenderCouples	transgenderCouples	Transgender couples	""	""	""	""	https://homosaurus.org/v2/couplesLGBTQ	""	""	2019-05-14	2021-09-24	https://homosaurus.org/v2/transgenderCouples	""
https://homosaurus.org/v2/transgenderCulture	transgenderCulture	Transgender culture	""	""	""	""	https://homosaurus.org/v2/subcultures	https://homosaurus.org/v2/transgenderSlang	https://homosaurus.org/v2/sexualIdentity	2019-05-14	2021-09-24	https://homosaurus.org/v2/transgenderCulture	""
https://homosaurus.org/v2/transgenderDaughters	transgenderDaughters	Transgender daughters	""	""	""	""	https://homosaurus.org/v2/daughtersLGBTQ||https://homosaurus.org/v2/transgenderPeople	""	""	2019-05-14	2021-09-24	https://homosaurus.org/v2/transgenderDaughters	""
https://homosaurus.org/v2/transgenderDayOfRemembrance	transgenderDayOfRemembrance	Transgender Day of Remembrance	""	""	""	""	https://homosaurus.org/v2/LGBTQMemorials	""	""	2019-05-14	2021-09-24	https://homosaurus.org/v2/transgenderDayOfRemembrance	""
https://homosaurus.org/v2/transgenderInformationCentres	transgenderInformationCentres	Transgender information centres	""	Transgender documentation centres	""	""	https://homosaurus.org/v2/informationCentresLGBTQ	""	https://homosaurus.org/v2/transgenderism||https://homosaurus.org/v2/transgenderMovement	2019-05-14	2021-09-24	https://homosaurus.org/v2/transgenderInformationCentres	""
https://homosaurus.org/v2/transgenderDominatrices	transgenderDominatrices	Transgender dominatrices	""	""	""	""	https://homosaurus.org/v2/dominatricesLGBTQ	""	https://homosaurus.org/v2/bisexualDominatrices||https://homosaurus.org/v2/lesbianDominatrices||https://homosaurus.org/v2/queerDominatrices	2019-05-14	2021-09-24	https://homosaurus.org/v2/transgenderDominatrices	""
https://homosaurus.org/v2/transgenderDrama	transgenderDrama	Transgender drama	""	""	""	""	https://homosaurus.org/v2/dramaLGBTQ	""	""	2019-05-14	2021-09-24	https://homosaurus.org/v2/transgenderDrama	""
https://homosaurus.org/v2/transgenderFamilies	transgenderFamilies	Transgender families	""	""	""	""	https://homosaurus.org/v2/familiesLGBTQ	""	https://homosaurus.org/v2/childrenOfTransgenderPeople||https://homosaurus.org/v2/transgenderParents	2019-05-14	2021-09-24	https://homosaurus.org/v2/transgenderFamilies	""
https://homosaurus.org/v2/transgenderFathers	transgenderFathers	Transgender fathers	""	""	""	""	https://homosaurus.org/v2/fathers||https://homosaurus.org/v2/parentsLGBTQ||https://homosaurus.org/v2/transgenderParents||https://homosaurus.org/v2/transgenderPeople	""	""	2019-05-14	2021-09-24	https://homosaurus.org/v2/transgenderFathers	""
https://homosaurus.org/v2/transgenderFiction	transgenderFiction	Transgender fiction	""	""	""	""	https://homosaurus.org/v2/fictionLGBTQ	""	""	2019-05-14	2021-09-24	https://homosaurus.org/v2/transgenderFiction	""
https://homosaurus.org/v2/transgenderIdentity	transgenderIdentity	Transgender identity	""	""	""	""	https://homosaurus.org/v2/genderIdentity	""	https://homosaurus.org/v2/transgenderChildren||https://homosaurus.org/v2/transgenderPeople||https://homosaurus.org/v2/trans	2019-05-14	2021-09-24	https://homosaurus.org/v2/transgenderIdentity	""
https://homosaurus.org/v2/transgenderJews	transgenderJews	Transgender Jews	""	""	""	""	https://homosaurus.org/v2/jewsLGBTQ	""	""	2019-05-14	2021-09-24	https://homosaurus.org/v2/transgenderJews	""
https://homosaurus.org/v2/transgenderLatinx	transgenderLatinx	Transgender Latinx	""	""	""	""	https://homosaurus.org/v2/latinxLGBTQ	""	""	2019-05-14	2021-09-24	https://homosaurus.org/v2/transgenderLatinx	""
https://homosaurus.org/v2/transgenderLibraries	transgenderLibraries	Transgender libraries	""	""	""	""	https://homosaurus.org/v2/librariesLGBTQ	""	""	2019-05-14	2021-09-24	https://homosaurus.org/v2/transgenderLibraries	""
https://homosaurus.org/v2/transgenderLiterature	transgenderLiterature	Transgender literature	""	""	""	""	https://homosaurus.org/v2/literatureLGBTQ	""	""	2019-05-14	2021-09-24	https://homosaurus.org/v2/transgenderLiterature	""
https://homosaurus.org/v2/transgenderMasters	transgenderMasters	Transgender masters	""	""	""	""	https://homosaurus.org/v2/mastersLGBTQ	""	https://homosaurus.org/v2/bisexualMasters||https://homosaurus.org/v2/gayMasters||https://homosaurus.org/v2/queerMasters	2019-05-14	2021-09-24	https://homosaurus.org/v2/transgenderMasters	""
https://homosaurus.org/v2/transgenderMistresses	transgenderMistresses	Transgender mistresses	""	""	""	""	https://homosaurus.org/v2/mistressesLGBTQ	""	https://homosaurus.org/v2/bisexualMistresses||https://homosaurus.org/v2/lesbianMistresses||https://homosaurus.org/v2/queerMistresses	2019-05-14	2021-09-24	https://homosaurus.org/v2/transgenderMistresses	""
https://homosaurus.org/v2/transgenderMothers	transgenderMothers	Transgender mothers	""	""	""	""	https://homosaurus.org/v2/mothers||https://homosaurus.org/v2/parentsLGBTQ||https://homosaurus.org/v2/transgenderParents||https://homosaurus.org/v2/transgenderPeople	""	""	2019-05-14	2021-09-24	https://homosaurus.org/v2/transgenderMothers	""
https://homosaurus.org/v2/transgenderMovement	transgenderMovement	Transgender movement	""	""	""	""	https://homosaurus.org/v2/movementLGBTQ	""	https://homosaurus.org/v2/transgenderInformationCentres||https://homosaurus.org/v2/transgenderism||https://homosaurus.org/v2/transgenderPress||https://homosaurus.org/v2/transgenderTelevision	2019-05-14	2021-09-24	https://homosaurus.org/v2/transgenderMovement	""
https://homosaurus.org/v2/transgenderMuseums	transgenderMuseums	Transgender museums	""	""	""	""	https://homosaurus.org/v2/museumsLGBTQ	""	""	2019-05-14	2021-09-24	https://homosaurus.org/v2/transgenderMuseums	""
https://homosaurus.org/v2/transgenderMuslims	transgenderMuslims	Transgender Muslims	""	""	""	""	https://homosaurus.org/v2/muslimsLGBTQ	""	""	2019-05-14	2021-09-24	https://homosaurus.org/v2/transgenderMuslims	""
https://homosaurus.org/v2/transgenderNativeAmericans	transgenderNativeAmericans	Transgender Native Americans	""	""	""	""	https://homosaurus.org/v2/nativeAmericansLGBTQ	""	""	2019-05-14	2021-09-24	https://homosaurus.org/v2/transgenderNativeAmericans	""
https://homosaurus.org/v2/transgenderNewsletters	transgenderNewsletters	Transgender newsletters	""	""	""	""	https://homosaurus.org/v2/newslettersLGBTQ||https://homosaurus.org/v2/transgenderPress	""	https://homosaurus.org/v2/transgenderNewspapers	2019-05-14	2021-09-24	https://homosaurus.org/v2/transgenderNewsletters	""
https://homosaurus.org/v2/transgenderNewspapers	transgenderNewspapers	Transgender newspapers	""	""	""	""	https://homosaurus.org/v2/newspapersLGBTQ||https://homosaurus.org/v2/transgenderPress	""	https://homosaurus.org/v2/transgenderNewsletters	2019-05-14	2021-09-24	https://homosaurus.org/v2/transgenderNewspapers	""
https://homosaurus.org/v2/transgenderPagans	transgenderPagans	Transgender pagans	""	""	""	""	https://homosaurus.org/v2/pagansLGBTQ	""	""	2019-05-14	2021-09-24	https://homosaurus.org/v2/transgenderPagans	""
https://homosaurus.org/v2/transgenderParents	transgenderParents	Transgender parents	""	""	""	""	https://homosaurus.org/v2/parentsLGBTQ||https://homosaurus.org/v2/transgenderPeople	https://homosaurus.org/v2/transgenderFathers||https://homosaurus.org/v2/transgenderMothers	https://homosaurus.org/v2/childrenOfTransgenderPeople||https://homosaurus.org/v2/transgenderFamilies	2019-05-14	2021-09-24	https://homosaurus.org/v2/transgenderParents	""
https://homosaurus.org/v2/transgenderPeopleInTheMilitary	transgenderPeopleInTheMilitary	Transgender people in the military	""	""	""	""	https://homosaurus.org/v2/peopleInTheMilitaryLGBTQ	""	""	2019-05-14	2021-09-24	https://homosaurus.org/v2/transgenderPeopleInTheMilitary	""
https://homosaurus.org/v2/transgenderPeopleOfColour	transgenderPeopleOfColour	Transgender people of colour	""	""	""	""	https://homosaurus.org/v2/peopleOfColourLGBTQ	""	""	2019-05-14	2021-09-24	https://homosaurus.org/v2/transgenderPeopleOfColour	""
https://homosaurus.org/v2/transgenderPoetry	transgenderPoetry	Transgender poetry	""	""	""	""	https://homosaurus.org/v2/poetryLGBTQ	""	""	2019-05-14	2021-09-24	https://homosaurus.org/v2/transgenderPoetry	""
https://homosaurus.org/v2/transgenderPoliticalActivists	transgenderPoliticalActivists	Transgender political activists	""	""	""	""	https://homosaurus.org/v2/activistsLGBTQ	""	https://homosaurus.org/v2/transgenderActivism	2019-05-14	2021-09-24	https://homosaurus.org/v2/transgenderPoliticalActivists	""
https://homosaurus.org/v2/transgenderPornFilms	transgenderPornFilms	Transgender porn films	""	""	""	""	https://homosaurus.org/v2/pornFilmsLGBTQ	""	""	2019-05-14	2021-09-24	https://homosaurus.org/v2/transgenderPornFilms	""
https://homosaurus.org/v2/transgenderPress	transgenderPress	Transgender press	""	""	""	""	https://homosaurus.org/v2/pressLGBTQ	https://homosaurus.org/v2/transgenderNewsletters||https://homosaurus.org/v2/transgenderNewspapers	https://homosaurus.org/v2/LGBTQMagazines||https://homosaurus.org/v2/transgenderMovement	2019-05-14	2021-09-24	https://homosaurus.org/v2/transgenderPress	""
https://homosaurus.org/v2/transgenderProstitutes	transgenderProstitutes	Transgender prostitutes	""	""	""	""	https://homosaurus.org/v2/sexWorkersLGBTQ	""	https://homosaurus.org/v2/transgenderProstitution	2019-05-14	2021-09-24	https://homosaurus.org/v2/transgenderProstitutes	""
https://homosaurus.org/v2/transgenderProstitution	transgenderProstitution	Transgender prostitution	""	""	""	""	https://homosaurus.org/v2/prostitution	""	https://homosaurus.org/v2/transgenderProstitutes	2019-05-14	2021-09-24	https://homosaurus.org/v2/transgenderProstitution	""
https://homosaurus.org/v2/transgenderProtestants	transgenderProtestants	Transgender Protestants	""	""	""	""	https://homosaurus.org/v2/protestantsLGBTQ	""	""	2019-05-14	2021-09-24	https://homosaurus.org/v2/transgenderProtestants	""
https://homosaurus.org/v2/transgenderPublishers	transgenderPublishers	Transgender publishers	""	""	""	""	https://homosaurus.org/v2/publishersLGBTQ	""	""	2019-05-14	2021-09-24	https://homosaurus.org/v2/transgenderPublishers	""
https://homosaurus.org/v2/transgenderRadio	transgenderRadio	Transgender radio	""	""	""	""	https://homosaurus.org/v2/radioLGBTQ	""	""	2019-05-14	2021-09-24	https://homosaurus.org/v2/transgenderRadio	""
https://homosaurus.org/v2/transgenderRelationships	transgenderRelationships	Transgender relationships	""	""	""	""	https://homosaurus.org/v2/relationshipsLGBTQ	""	https://homosaurus.org/v2/bisexualRelationships||https://homosaurus.org/v2/gayRelationships||https://homosaurus.org/v2/lesbianRelationships||https://homosaurus.org/v2/queerRelationships	2019-05-14	2021-09-24	https://homosaurus.org/v2/transgenderRelationships	""
https://homosaurus.org/v2/transgenderRights	transgenderRights	Transgender rights	""	""	""	""	https://homosaurus.org/v2/civilRightsLGBTQ	""	""	2019-05-14	2021-09-24	https://homosaurus.org/v2/transgenderRights	""
https://homosaurus.org/v2/transgenderRomanCatholics	transgenderRomanCatholics	Transgender Roman Catholics	""	""	""	""	https://homosaurus.org/v2/romanCatholicsLGBTQ	""	""	2019-05-14	2021-09-24	https://homosaurus.org/v2/transgenderRomanCatholics	""
https://homosaurus.org/v2/transgenderSlang	transgenderSlang	Transgender slang	""	""	""	""	https://homosaurus.org/v2/slangLGBTQ||https://homosaurus.org/v2/transgenderCulture	""	""	2019-05-14	2021-09-24	https://homosaurus.org/v2/transgenderSlang	""
https://homosaurus.org/v2/transgenderSons	transgenderSons	Transgender sons	""	""	""	""	https://homosaurus.org/v2/sonsLGBTQ||https://homosaurus.org/v2/transgenderPeople	""	""	2019-05-14	2021-09-24	https://homosaurus.org/v2/transgenderSons	""
https://homosaurus.org/v2/transgenderStudies	transgenderStudies	Transgender studies	""	""	""	""	https://homosaurus.org/v2/genderStudies	""	https://homosaurus.org/v2/bisexualStudies||https://homosaurus.org/v2/gayStudies||https://homosaurus.org/v2/lesbianStudies||https://homosaurus.org/v2/queerStudies||https://homosaurus.org/v2/transgenderism	2019-05-14	2021-09-24	https://homosaurus.org/v2/transgenderStudies	""
https://homosaurus.org/v2/transgenderSurvivorsOfHateCrimes	transgenderSurvivorsOfHateCrimes	Transgender survivors of hate crimes	""	""	""	""	https://homosaurus.org/v2/survivorsOfHateCrimesLGBTQ||https://homosaurus.org/v2/transgenderVictimsOfHateCrimes	""	""	2019-05-14	2021-09-24	https://homosaurus.org/v2/transgenderSurvivorsOfHateCrimes	""
https://homosaurus.org/v2/transgenderSurvivorsOfRape	transgenderSurvivorsOfRape	Transgender survivors of rape	""	""	""	""	https://homosaurus.org/v2/survivorsOfRapeLGBTQ||https://homosaurus.org/v2/transgenderVictimsOfRape	""	""	2019-05-14	2021-09-24	https://homosaurus.org/v2/transgenderSurvivorsOfRape	""
https://homosaurus.org/v2/transgenderSurvivorsOfSexualAbuse	transgenderSurvivorsOfSexualAbuse	Transgender survivors of sexual abuse	""	""	""	""	https://homosaurus.org/v2/survivorsOfSexualAbuseLGBTQ||https://homosaurus.org/v2/transgenderVictimsOfSexualAbuse	""	""	2019-05-14	2021-09-24	https://homosaurus.org/v2/transgenderSurvivorsOfSexualAbuse	""
https://homosaurus.org/v2/transgenderSurvivorsOfWar	transgenderSurvivorsOfWar	Transgender survivors of war	""	""	""	""	https://homosaurus.org/v2/survivorsOfWarLGBTQ||https://homosaurus.org/v2/transgenderVictimsOfWar	""	""	2019-05-14	2021-09-24	https://homosaurus.org/v2/transgenderSurvivorsOfWar	""
https://homosaurus.org/v2/transgenderYouth	transgenderYouth	Transgender youth	""	Transgender teenagers	""	""	https://homosaurus.org/v2/transgenderPeople||https://homosaurus.org/v2/youthLGBTQ	https://homosaurus.org/v2/transgenderChildren	https://homosaurus.org/v2/transgenderYouthLiterature	2019-05-14	2021-09-24	https://homosaurus.org/v2/transgenderYouth	""
https://homosaurus.org/v2/transgenderTelevision	transgenderTelevision	Transgender television	""	""	""	""	https://homosaurus.org/v2/televisionLGBTQ	""	https://homosaurus.org/v2/transgenderMovement	2019-05-14	2021-09-24	https://homosaurus.org/v2/transgenderTelevision	""
https://homosaurus.org/v2/transgenderTheatre	transgenderTheatre	Transgender theatre	""	""	""	""	https://homosaurus.org/v2/theatreLGBTQ	""	""	2019-05-14	2021-09-24	https://homosaurus.org/v2/transgenderTheatre	""
https://homosaurus.org/v2/transgenderTheology	transgenderTheology	Transgender theology	""	""	""	""	https://homosaurus.org/v2/theologyLGBTQ	""	""	2019-05-14	2021-09-24	https://homosaurus.org/v2/transgenderTheology	""
https://homosaurus.org/v2/transgenderVictimsOfHateCrimes	transgenderVictimsOfHateCrimes	Transgender victims of hate crimes	""	""	""	""	https://homosaurus.org/v2/victimsOfHateCrimesLGBTQ	https://homosaurus.org/v2/transgenderSurvivorsOfHateCrimes	""	2019-05-14	2021-09-24	https://homosaurus.org/v2/transgenderVictimsOfHateCrimes	""
https://homosaurus.org/v2/transgenderVictimsOfRape	transgenderVictimsOfRape	Transgender victims of rape	""	""	""	""	https://homosaurus.org/v2/victimsOfRapeLGBTQ	https://homosaurus.org/v2/transgenderSurvivorsOfRape	""	2019-05-14	2021-09-24	https://homosaurus.org/v2/transgenderVictimsOfRape	""
https://homosaurus.org/v2/transgenderVictimsOfSexualAbuse	transgenderVictimsOfSexualAbuse	Transgender victims of sexual abuse	""	""	""	""	https://homosaurus.org/v2/victimsOfSexualAbuseLGBTQ	https://homosaurus.org/v2/transgenderSurvivorsOfSexualAbuse	""	2019-05-14	2021-09-24	https://homosaurus.org/v2/transgenderVictimsOfSexualAbuse	""
https://homosaurus.org/v2/transgenderVictimsOfWar	transgenderVictimsOfWar	Transgender victims of war	""	""	""	""	https://homosaurus.org/v2/victimsOfWarLGBTQ	https://homosaurus.org/v2/transgenderSurvivorsOfWar	""	2019-05-14	2021-09-24	https://homosaurus.org/v2/transgenderVictimsOfWar	""
https://homosaurus.org/v2/transgenderVictimsRights	transgenderVictimsRights	Transgender victims' rights	""	""	""	""	https://homosaurus.org/v2/victimsRightsLGBTQ	""	""	2019-05-14	2021-09-24	https://homosaurus.org/v2/transgenderVictimsRights	""
https://homosaurus.org/v2/transgenderWhitePeople	transgenderWhitePeople	Transgender White people	""	""	""	""	https://homosaurus.org/v2/whitePeopleLGBTQ	""	""	2019-05-14	2021-09-24	https://homosaurus.org/v2/transgenderWhitePeople	""
https://homosaurus.org/v2/transgenderYouthLiterature	transgenderYouthLiterature	Transgender youth literature	""	""	""	""	https://homosaurus.org/v2/literatureLGBTQ||https://homosaurus.org/v2/youthLiteratureLGBTQ	""	https://homosaurus.org/v2/transgenderYouth	2019-05-14	2021-09-24	https://homosaurus.org/v2/transgenderYouthLiterature	""
https://homosaurus.org/v2/transgenderism	transgenderism	Transgenderism	""	""	Pathologizing term often used in the medicalization of transgender people; use only in historical contexts	""	https://homosaurus.org/v2/medicalisation	https://homosaurus.org/v2/transsexualism	https://homosaurus.org/v2/eonism||https://homosaurus.org/v2/gender||https://homosaurus.org/v2/genderExpression||https://homosaurus.org/v2/genderIdentity||https://homosaurus.org/v2/intersex||https://homosaurus.org/v2/LGBTI||https://homosaurus.org/v2/transgenderInformationCentres||https://homosaurus.org/v2/transgenderMovement||https://homosaurus.org/v2/transgenderPeople||https://homosaurus.org/v2/transgenderStudies||https://homosaurus.org/v2/trans	2019-05-14	2021-09-24	https://homosaurus.org/v2/transgenderism	""
https://homosaurus.org/v2/transitioningStatus	transitioningStatus	Transitioning status	""	""	""	""	https://homosaurus.org/v2/transitioningTransgender	https://homosaurus.org/v2/noHormoneIdentity||https://homosaurus.org/v2/nonOperative||https://homosaurus.org/v2/postOperative||https://homosaurus.org/v2/preOperative	https://homosaurus.org/v2/genderConfirmingSurgery||https://homosaurus.org/v2/transgenderPeople||https://homosaurus.org/v2/transsexualPeople	2019-05-14	2021-09-24	https://homosaurus.org/v2/transitioningStatus	""
https://homosaurus.org/v2/transitioningTransgender	transitioningTransgender	Transitioning (Transgender)	""	""	The process of changing one's gender presentation to affirm one's internal sense of gender	""	""	https://homosaurus.org/v2/transitioningStatus	https://homosaurus.org/v2/assignedGender||https://homosaurus.org/v2/birthCertificates||https://homosaurus.org/v2/driversLicenses||https://homosaurus.org/v2/genderConfirmingSurgery||https://homosaurus.org/v2/genderIdentity||https://homosaurus.org/v2/genderMarkers||https://homosaurus.org/v2/hairRemoval||https://homosaurus.org/v2/medicalPractitionersStatements||https://homosaurus.org/v2/passports||https://homosaurus.org/v2/socialSecurityCards||https://homosaurus.org/v2/transgenderPeople||https://homosaurus.org/v2/transsexualism||https://homosaurus.org/v2/transsexualPeople||https://homosaurus.org/v2/voiceTherapyTransgender	2019-05-14	2021-09-24	https://homosaurus.org/v2/transitioningTransgender	""
https://homosaurus.org/v2/transmasculinePeople	transmasculinePeople	Transmasculine people	""	""	""	""	https://homosaurus.org/v2/transgenderPeople	""	https://homosaurus.org/v2/bois||https://homosaurus.org/v2/masculinity	2019-05-14	2021-09-24	https://homosaurus.org/v2/transmasculinePeople	""
https://homosaurus.org/v2/transphobia	transphobia	Transphobia	""	""	""	""	https://homosaurus.org/v2/LGBTQPhobia	""	https://homosaurus.org/v2/anti-transgenderViolence||https://homosaurus.org/v2/antiTransgenderDiscrimination||https://homosaurus.org/v2/heterosexism||https://homosaurus.org/v2/transgenderPeople	2019-05-14	2021-09-24	https://homosaurus.org/v2/transphobia	""
https://homosaurus.org/v2/transsexualism	transsexualism	Transsexualism	""	""	An individual's identification with a gender inconsistent with or not culturally associated with their assigned sex	""	https://homosaurus.org/v2/medicalisation||https://homosaurus.org/v2/transgenderism	""	https://homosaurus.org/v2/eonism||https://homosaurus.org/v2/genderDysphoria||https://homosaurus.org/v2/transitioningTransgender||https://homosaurus.org/v2/transsexualPeople||https://homosaurus.org/v2/voiceTherapyTransgender||https://homosaurus.org/v2/trans	2019-05-14	2021-09-24	https://homosaurus.org/v2/transsexualism	""
https://homosaurus.org/v2/transvestism	transvestism	Transvestism	""	""	U.S. historical term used to describe the practices of individuals who wear clothes associated with a gender other than their gender assigned at birth; generally considered to be a derogatory term; use only in historical contexts	""	https://homosaurus.org/v2/genderExpression||https://homosaurus.org/v2/medicalisation	""	https://homosaurus.org/v2/crossdressing||https://homosaurus.org/v2/eonism||https://homosaurus.org/v2/trans	2019-05-14	2021-09-24	https://homosaurus.org/v2/transvestism	""
https://homosaurus.org/v2/transvestites	transvestites	Transvestites	""	""	U.S. historical term used to describe individuals who wear clothes associated with a gender other than their gender assigned at birth; generally considered to be a derogatory term; use only in historical contexts	""	https://homosaurus.org/v2/LGBTQHistoricalTerms	""	https://homosaurus.org/v2/crossdressers||https://homosaurus.org/v2/transgenderPeople	2019-05-14	2021-09-24	https://homosaurus.org/v2/transvestites	""
https://homosaurus.org/v2/travesti	travesti	Travesti	""	""	Spanish term for people assigned male at birth who have a feminine gender identity; commonly used in South America	""	https://homosaurus.org/v2/culturallySpecificGenderIdentities	""	""	2019-05-14	2021-09-24	https://homosaurus.org/v2/travesti	""
https://homosaurus.org/v2/tribades	tribades	Tribades	""	""	Historical term for individuals who engage in the sexual practice of tribadism; use only in historical contexts	""	https://homosaurus.org/v2/LGBTQHistoricalTerms	""	https://homosaurus.org/v2/lesbians	2019-05-14	2021-09-24	https://homosaurus.org/v2/tribades	""
https://homosaurus.org/v2/trigenderIdentity	trigenderIdentity	Trigender identity	""	""	Gender identity including three genders, typically male, female, and a third (often non-binary) gender	""	https://homosaurus.org/v2/genderIdentity	""	https://homosaurus.org/v2/trigenderPeople	2019-05-14	2021-09-24	https://homosaurus.org/v2/trigenderIdentity	""
https://homosaurus.org/v2/trigenderPeople	trigenderPeople	Trigender people	""	""	People whose gender continually moves between or among three gender identities, typically male, female, and a third gender	""	https://homosaurus.org/v2/culturallySpecificGenderIdentities||https://homosaurus.org/v2/transgenderPeople	""	https://homosaurus.org/v2/trigenderIdentity	2019-05-14	2021-09-24	https://homosaurus.org/v2/trigenderPeople	""
https://homosaurus.org/v2/tritiyaPrakriti	tritiyaPrakriti	Tritiya-Prakriti	""	""	Ancient Hindu term for a third gender that is typically described as fluid and/or continuously transformative	""	https://homosaurus.org/v2/culturallySpecificGenderIdentities	""	""	2019-05-14	2021-09-24	https://homosaurus.org/v2/tritiyaPrakriti	""
https://homosaurus.org/v2/tucking	tucking	Tucking	""	""	Using various methods to visually conceal male genitalia to give a flatter appearance in clothing	""	https://homosaurus.org/v2/genderExpression	""	https://homosaurus.org/v2/penises	2019-05-14	2021-09-24	https://homosaurus.org/v2/tucking	""
https://homosaurus.org/v2/tumtum	tumtum	Tumtum	""	""	"Israeli term used in reference to an unknown gender; literally translates to ""hidden"""	""	https://homosaurus.org/v2/culturallySpecificGenderIdentities	""	""	2019-05-14	2021-09-24	https://homosaurus.org/v2/tumtum	""
https://homosaurus.org/v2/turnerSyndrome	turnerSyndrome	Turner syndrome	""	""	""	""	https://homosaurus.org/v2/intersexConditions	""	""	2019-05-14	2021-09-24	https://homosaurus.org/v2/turnerSyndrome	""
https://homosaurus.org/v2/twinks	twinks	Twinks	""	Twinkies	""	""	https://homosaurus.org/v2/gayAndLesbianYouth||https://homosaurus.org/v2/gayCulture||https://homosaurus.org/v2/gayMen||https://homosaurus.org/v2/genderRoles||https://homosaurus.org/v2/sexualIdentity	""	https://homosaurus.org/v2/pups	2019-05-14	2021-09-24	https://homosaurus.org/v2/twinks	""
https://homosaurus.org/v2/two-spiritPeople	two-spiritPeople	Two-spirit people	""	""	Self-identifying term used by indigenous people in North America to reconnect with the multiple gender and sexual roles in Native cultures	""	https://homosaurus.org/v2/culturallySpecificGenderIdentities||https://homosaurus.org/v2/sexualMinorities	""	https://homosaurus.org/v2/alyha||https://homosaurus.org/v2/berdache||https://homosaurus.org/v2/dilbaa||https://homosaurus.org/v2/hwame||https://homosaurus.org/v2/LGBTQIndigenousPeople||https://homosaurus.org/v2/lhamana||https://homosaurus.org/v2/nadleehi||https://homosaurus.org/v2/nativeAmericansLGBTQ||https://homosaurus.org/v2/niizhManidoowag||https://homosaurus.org/v2/ninauposkitzipxpe||https://homosaurus.org/v2/quariwarmi||https://homosaurus.org/v2/tidaWena||https://homosaurus.org/v2/winkte	2019-05-14	2021-09-24	https://homosaurus.org/v2/two-spiritPeople	""
https://homosaurus.org/v2/uncutMen	uncutMen	Uncut men	""	Uncircumcised men	""	""	""	""	https://homosaurus.org/v2/circumcision	2019-05-14	2021-09-24	https://homosaurus.org/v2/uncutMen	""
https://homosaurus.org/v2/undocumentedLGBTQResidents	undocumentedLGBTQResidents	Undocumented LGBTQ residents	""	""	""	""	https://homosaurus.org/v2/LGBTQMigrants	https://homosaurus.org/v2/LGBTQRefugees	https://homosaurus.org/v2/law||https://homosaurus.org/v2/legalStatus||https://homosaurus.org/v2/LGBTQEthnicGroups||https://homosaurus.org/v2/LGBTQImmigrationRights||https://homosaurus.org/v2/persecutionsLGBTQ	2019-05-14	2021-09-24	https://homosaurus.org/v2/undocumentedLGBTQResidents	""
https://homosaurus.org/v2/unmarriedCouples	unmarriedCouples	Unmarried couples	""	""	""	""	https://homosaurus.org/v2/couplesLGBTQ	""	""	2019-05-14	2021-09-24	https://homosaurus.org/v2/unmarriedCouples	""
https://homosaurus.org/v2/uranians	uranians	Uranians	""	Urnings	19th century term used to refer to an LGBTQ person; use only in historical contexts	""	https://homosaurus.org/v2/LGBTQHistoricalTerms	""	https://homosaurus.org/v2/sexualMinorities||https://homosaurus.org/v2/uranism	2019-05-14	2021-09-24	https://homosaurus.org/v2/uranians	""
https://homosaurus.org/v2/vaginalDilation	vaginalDilation	Vaginal dilation	""	""	""	""	""	""	https://homosaurus.org/v2/vaginoplasty	2019-05-14	2021-09-24	https://homosaurus.org/v2/vaginalDilation	""
https://homosaurus.org/v2/vaginalFisting	vaginalFisting	Vaginal fisting	""	""	""	""	https://homosaurus.org/v2/fisting||https://homosaurus.org/v2/vaginalSex	""	https://homosaurus.org/v2/analFisting	2019-05-14	2021-09-24	https://homosaurus.org/v2/vaginalFisting	""
https://homosaurus.org/v2/vaginalSex	vaginalSex	Vaginal sex	""	""	""	""	https://homosaurus.org/v2/sexAct||https://homosaurus.org/v2/sexualPractices	https://homosaurus.org/v2/cunnilingus||https://homosaurus.org/v2/fingering||https://homosaurus.org/v2/fisting||https://homosaurus.org/v2/fucking||https://homosaurus.org/v2/vaginalFisting	https://homosaurus.org/v2/clitoralSex	2019-05-14	2021-09-24	https://homosaurus.org/v2/vaginalSex	""
https://homosaurus.org/v2/vaginas	vaginas	Vaginas	""	""	""	""	https://homosaurus.org/v2/erogenousBodyParts||https://homosaurus.org/v2/genitals	https://homosaurus.org/v2/cunnilingus||https://homosaurus.org/v2/g-spot||https://homosaurus.org/v2/neovagina	https://homosaurus.org/v2/sexAssignedAtBirth||https://homosaurus.org/v2/vaginismus	2019-05-14	2021-09-24	https://homosaurus.org/v2/vaginas	""
https://homosaurus.org/v2/vaginismus	vaginismus	Vaginismus	""	Vaginism	""	""	https://homosaurus.org/v2/sexualDysfunction	""	https://homosaurus.org/v2/vaginas	2019-05-14	2021-09-24	https://homosaurus.org/v2/vaginismus	""
https://homosaurus.org/v2/vaginoplasty	vaginoplasty	Vaginoplasty	""	""	""	""	https://homosaurus.org/v2/genderConfirmingSurgery	""	https://homosaurus.org/v2/vaginalDilation	2019-05-14	2021-09-24	https://homosaurus.org/v2/vaginoplasty	""
https://homosaurus.org/v2/vibrators	vibrators	Vibrators	""	""	""	""	https://homosaurus.org/v2/sexAccessories	""	https://homosaurus.org/v2/dildos	2019-05-14	2021-09-24	https://homosaurus.org/v2/vibrators	""
https://homosaurus.org/v2/victimsRightsLGBTQ	victimsRightsLGBTQ	Victims' rights (LGBTQ)	""	""	""	""	https://homosaurus.org/v2/law	https://homosaurus.org/v2/bisexualVictimsRights||https://homosaurus.org/v2/gayVictimsRights||https://homosaurus.org/v2/lesbianVictimsRights||https://homosaurus.org/v2/queerVictimsRights||https://homosaurus.org/v2/transgenderVictimsRights	https://homosaurus.org/v2/civilRightsLGBTQ||https://homosaurus.org/v2/LGBTQVictimsOfCrime	2019-05-14	2021-09-24	https://homosaurus.org/v2/victimsRightsLGBTQ	""
https://homosaurus.org/v2/virginity	virginity	Virginity	""	""	""	""	https://homosaurus.org/v2/sexualAbstinence	""	https://homosaurus.org/v2/asexuality||https://homosaurus.org/v2/sexualPreference	2019-05-14	2021-09-24	https://homosaurus.org/v2/virginity	""
https://homosaurus.org/v2/voguing	voguing	Voguing	""	Vogueing	""	""	""	""	https://homosaurus.org/v2/ballCulture||https://homosaurus.org/v2/drag||https://homosaurus.org/v2/dragBalls	2019-05-14	2021-09-24	https://homosaurus.org/v2/voguing	""
https://homosaurus.org/v2/voice	voice	Voice	""	""	""	""	https://homosaurus.org/v2/secondarySexCharacteristics	""	""	2019-05-14	2021-09-24	https://homosaurus.org/v2/voice	""
https://homosaurus.org/v2/voiceTherapyTransgender	voiceTherapyTransgender	Voice therapy (Transgender)	""	""	Any non-surgical technique used to make the human voice sound more feminine or masculine	""	https://homosaurus.org/v2/genderExpression||https://homosaurus.org/v2/therapies	""	https://homosaurus.org/v2/transitioningTransgender||https://homosaurus.org/v2/transsexualism	2019-05-14	2021-09-24	https://homosaurus.org/v2/voiceTherapyTransgender	""
https://homosaurus.org/v2/vulva	vulva	Vulva	""	""	""	""	https://homosaurus.org/v2/genitals	""	""	2019-05-14	2021-09-24	https://homosaurus.org/v2/vulva	""
https://homosaurus.org/v2/wackingOff	wackingOff	Wacking off	""	""	""	""	https://homosaurus.org/v2/manualSex||https://homosaurus.org/v2/masturbation||https://homosaurus.org/v2/phallicSex	https://homosaurus.org/v2/wanking	""	2019-05-14	2021-09-24	https://homosaurus.org/v2/wackingOff	""
https://homosaurus.org/v2/wakatane	wakatane	Wakatane	""	""	In Māori culture in New Zealand, people assigned female at birth who pursue traditionally male roles	""	https://homosaurus.org/v2/culturallySpecificGenderIdentities	""	https://homosaurus.org/v2/butches||https://homosaurus.org/v2/whakawahine	2019-05-14	2021-09-24	https://homosaurus.org/v2/wakatane	""
https://homosaurus.org/v2/wanking	wanking	Wanking	""	""	""	""	https://homosaurus.org/v2/manualSex||https://homosaurus.org/v2/phallicSex||https://homosaurus.org/v2/wackingOff	""	""	2019-05-14	2021-09-24	https://homosaurus.org/v2/wanking	""
https://homosaurus.org/v2/waria	waria	Waria	""	""	Third gender people in Indonesia who are assigned male at birth but who express femininity and may identify as women	""	https://homosaurus.org/v2/culturallySpecificGenderIdentities	""	""	2019-05-14	2021-09-24	https://homosaurus.org/v2/waria	""
https://homosaurus.org/v2/whakawahine	whakawahine	Whakawahine	""	""	In Māori culture in New Zealand, people assigned male at birth who pursue traditionally female roles	""	https://homosaurus.org/v2/culturallySpecificGenderIdentities	""	https://homosaurus.org/v2/wakatane	2019-05-14	2021-09-24	https://homosaurus.org/v2/whakawahine	""
https://homosaurus.org/v2/whips	whips	Whips	""	""	Stick, cord, or strap, usually with a stiff handle, that is used for striking an individual	""	https://homosaurus.org/v2/sexAccessories	""	https://homosaurus.org/v2/BDSM||https://homosaurus.org/v2/flagellation	2019-05-14	2021-09-24	https://homosaurus.org/v2/whips	""
https://homosaurus.org/v2/widowedPeople	widowedPeople	Widowed people	""	Widowers||Widows	""	""	https://homosaurus.org/v2/maritalStatus	""	""	2019-05-14	2021-09-24	https://homosaurus.org/v2/widowedPeople	""
https://homosaurus.org/v2/wimmin	wimmin	Wimmin	""	""	"A feminist spelling of “women”. First used by George P. Krapp (1872-1934), and then appearing in 19th-century Black American English renderings before being used by feminists in the 20th-century, such as by the fictional character Millie Tant.
"	""	""	""	https://homosaurus.org/v2/feminism||https://homosaurus.org/v2/women||https://homosaurus.org/v2/womyn	2019-05-14	2021-09-24	https://homosaurus.org/v2/wimmin	""
https://homosaurus.org/v2/winkte	winkte	Winkte	""	""	"North American Lakota word referring to people assigned male at birth who adopt feminine roles; translates to ""to be like a woman"""	""	https://homosaurus.org/v2/culturallySpecificGenderIdentities	""	https://homosaurus.org/v2/two-spiritPeople	2019-05-14	2021-09-24	https://homosaurus.org/v2/winkte	""
https://homosaurus.org/v2/witchesLesbian	witchesLesbian	Witches (Lesbian)	""	""	""	""	""	""	https://homosaurus.org/v2/goddessMovementLesbian||https://homosaurus.org/v2/lesbianPagans	2019-05-14	2021-09-24	https://homosaurus.org/v2/witchesLesbian	""
https://homosaurus.org/v2/wolves	wolves	Wolves	""	""	Heavy-set, masculine people who are often characterised as having hairy bodies and facial hair; typically used for individuals who are more aggressive and overtly masculine than their counterparts, bears	""	https://homosaurus.org/v2/gayCulture||https://homosaurus.org/v2/gayMen||https://homosaurus.org/v2/genderRoles||https://homosaurus.org/v2/sexualIdentity	https://homosaurus.org/v2/cubs||https://homosaurus.org/v2/pups	https://homosaurus.org/v2/bears||https://homosaurus.org/v2/genderExpression||https://homosaurus.org/v2/masculinity||https://homosaurus.org/v2/otters	2019-05-14	2021-09-24	https://homosaurus.org/v2/wolves	""
https://homosaurus.org/v2/women	women	Women	""	""	""	""	https://homosaurus.org/v2/genderIdentity	https://homosaurus.org/v2/amazons||https://homosaurus.org/v2/bisexualWomen||https://homosaurus.org/v2/cisgenderWomen||https://homosaurus.org/v2/heterosexualWomen||https://homosaurus.org/v2/lesbians||https://homosaurus.org/v2/MtFs||https://homosaurus.org/v2/womenWhoHaveSexWithWomen||https://homosaurus.org/v2/transWomen	https://homosaurus.org/v2/cisgenderPeople||https://homosaurus.org/v2/feminism||https://homosaurus.org/v2/genderBinary||https://homosaurus.org/v2/men||https://homosaurus.org/v2/culturallySpecificGenderIdentities||https://homosaurus.org/v2/transgenderPeople||https://homosaurus.org/v2/wimmin||https://homosaurus.org/v2/womyn	2019-05-14	2021-09-24	https://homosaurus.org/v2/women	""
https://homosaurus.org/v2/womenWhoHaveSexWithWomen	womenWhoHaveSexWithWomen	Women who have sex with women	""	WSW	Women who engage in sexual activity with other women	""	https://homosaurus.org/v2/LGBTQPeople||https://homosaurus.org/v2/women	https://homosaurus.org/v2/mati	https://homosaurus.org/v2/bisexualWomen||https://homosaurus.org/v2/lesbians||https://homosaurus.org/v2/sameGenderLoving||https://homosaurus.org/v2/sexualMinorities||https://homosaurus.org/v2/strapOnSex	2019-05-14	2021-09-24	https://homosaurus.org/v2/womenWhoHaveSexWithWomen	""
https://homosaurus.org/v2/womensBookshops	womensBookshops	Women's bookshops	""	""	""	""	https://homosaurus.org/v2/bookshopsLGBTQ	""	https://homosaurus.org/v2/lesbianBookshops	2019-05-14	2021-09-24	https://homosaurus.org/v2/womensBookshops	""
https://homosaurus.org/v2/womensCommunityCentres	womensCommunityCentres	Women's community centres	""	""	""	""	https://homosaurus.org/v2/communityCentresLGBTQ	""	""	2019-05-14	2021-09-24	https://homosaurus.org/v2/womensCommunityCentres	""
https://homosaurus.org/v2/womensLibraries	womensLibraries	Women's libraries	""	""	""	""	https://homosaurus.org/v2/librariesLGBTQ	https://homosaurus.org/v2/lesbianLibraries	""	2019-05-14	2021-09-24	https://homosaurus.org/v2/womensLibraries	""
https://homosaurus.org/v2/womensMarriages	womensMarriages	Women's marriages	""	""	Same-gender marriage tradition between two women in Africa conducted according to African culture and traditions	""	https://homosaurus.org/v2/marriage	""	https://homosaurus.org/v2/same-sexMarriage	2019-05-14	2021-09-24	https://homosaurus.org/v2/womensMarriages	""
https://homosaurus.org/v2/womensMusicFestivals	womensMusicFestivals	Women's music festivals	""	""	""	""	https://homosaurus.org/v2/LGBTQEvents	""	https://homosaurus.org/v2/womensMusic||https://homosaurus.org/v2/womyn	2019-05-14	2021-09-24	https://homosaurus.org/v2/womensMusicFestivals	""
https://homosaurus.org/v2/womyn	womyn	Womyn	""	""	"A feminist spelling of “woman” or “women” first appearing in print in 1976. Note that some contemporary transgender activists have criticized use of the word  “womyn"" due to its prevalence in trans-exclusionary radical feminist (TERF) circles following the exclusion of trans women from the Michigan Womyn’s Music Festival. Based on an Older Scots spelling of woman."	""	""	""	https://homosaurus.org/v2/antiTransgenderDiscrimination||https://homosaurus.org/v2/feminism||https://homosaurus.org/v2/radicalFeminism||https://homosaurus.org/v2/wimmin||https://homosaurus.org/v2/women||https://homosaurus.org/v2/womensMusicFestivals	2019-05-14	2021-09-24	https://homosaurus.org/v2/womyn	""
https://homosaurus.org/v2/xanith	xanith	Xanith	""	""	Arabic word used in Oman for people who assigned male at birth who adopt feminine mannerisms and/or roles	""	https://homosaurus.org/v2/culturallySpecificGenderIdentities	""	""	2019-05-14	2021-09-24	https://homosaurus.org/v2/xanith	""
https://homosaurus.org/v2/XJenda	XJenda	X-jendā	""	""	Japanese term for people who do not fit within the categories of man or woman; includes individuals born intersex, female, or male, and is often abbreviated using FTX, MTX, or XTX to describe individuals' transitions; some definitions equate the term to genderqueer or beyond the binary identities	""	https://homosaurus.org/v2/culturallySpecificGenderIdentities	""	https://homosaurus.org/v2/ftxs||https://homosaurus.org/v2/mtxs	2019-05-14	2021-09-24	https://homosaurus.org/v2/XJenda	""
https://homosaurus.org/v2/yinyangRen	yinyangRen	Yinyang ren	""	""	Chinese word for an individual who is both female (yin) and male (yang)	""	https://homosaurus.org/v2/culturallySpecificGenderIdentities	""	""	2019-05-14	2021-09-24	https://homosaurus.org/v2/yinyangRen	""
https://homosaurus.org/v2/youth	youth	Youth	""	""	The time period between childhood and adulthood	""	""	https://homosaurus.org/v2/heterosexualYouth||https://homosaurus.org/v2/intersexYouth||https://homosaurus.org/v2/youthLGBTQ	https://homosaurus.org/v2/children||https://homosaurus.org/v2/ephebophilia	2019-05-14	2021-09-24	https://homosaurus.org/v2/youth	""
https://homosaurus.org/v2/youthLGBTQ	youthLGBTQ	Youth (LGBTQ)	""	""	""	""	https://homosaurus.org/v2/youth	https://homosaurus.org/v2/bisexualYouth||https://homosaurus.org/v2/gayAndLesbianYouth||https://homosaurus.org/v2/gayYouth||https://homosaurus.org/v2/lesbianYouth||https://homosaurus.org/v2/LGBTQHomelessYouth||https://homosaurus.org/v2/queerYouth||https://homosaurus.org/v2/transgenderYouth	https://homosaurus.org/v2/ephebophilia||https://homosaurus.org/v2/heterosexualYouth||https://homosaurus.org/v2/intersexYouth||https://homosaurus.org/v2/LGBTQYouthCentres||https://homosaurus.org/v2/schoolsForLGBTQYouth||https://homosaurus.org/v2/youthLiteratureLGBTQ	2019-05-14	2021-09-24	https://homosaurus.org/v2/youthLGBTQ	""
https://homosaurus.org/v2/youthLiteratureLGBTQ	youthLiteratureLGBTQ	Youth literature (LGBTQ)	""	Young adult literature (LGBTQ)	""	""	https://homosaurus.org/v2/literatureLGBTQ	https://homosaurus.org/v2/bisexualYouthLiterature||https://homosaurus.org/v2/gayYouthLiterature||https://homosaurus.org/v2/lesbianYouthLiterature||https://homosaurus.org/v2/queerYouthLiterature||https://homosaurus.org/v2/transgenderYouthLiterature	https://homosaurus.org/v2/youthLGBTQ	2019-05-14	2021-09-24	https://homosaurus.org/v2/youthLiteratureLGBTQ	""
https://homosaurus.org/v2/zenanas	zenanas	Zenanas	""	""	In northern India and Pakistan, this term is used to refer to effeminate people	""	https://homosaurus.org/v2/culturallySpecificGenderIdentities	""	""	2019-05-14	2021-09-24	https://homosaurus.org/v2/zenanas	""
https://homosaurus.org/v2/zenani	zenani	Zenani	""	""	Urdu word for effeminate people	""	https://homosaurus.org/v2/culturallySpecificGenderIdentities	""	""	2019-05-14	2021-09-24	https://homosaurus.org/v2/zenani	""
https://homosaurus.org/v2/recoveryGroups	recoveryGroups	Recovery groups	""	12-step groups	""	""	""	https://homosaurus.org/v2/adultChildrenOfAlcoholics||https://homosaurus.org/v2/alcoholicsAnonymous||https://homosaurus.org/v2/cocaineAnonymous||https://homosaurus.org/v2/crystalMethAnonymous||https://homosaurus.org/v2/LGBTQRecoveryGroups||https://homosaurus.org/v2/narcoticsAnonymous	https://homosaurus.org/v2/al-Anon||https://homosaurus.org/v2/sobriety	2020-06-02	2021-09-24	https://homosaurus.org/v2/recoveryGroups	""
https://homosaurus.org/v2/adultChildrenOfAlcoholics	adultChildrenOfAlcoholics	Adult Children of Alcoholics	""	ACA||ACOA	""	""	https://homosaurus.org/v2/recoveryGroups	""	https://homosaurus.org/v2/alcoholics||https://homosaurus.org/v2/LGBTQChildrenOfAlcoholics||https://homosaurus.org/v2/LGBTQPeopleInAdultChildrenOfAlcoholics	2020-06-02	2021-09-24	https://homosaurus.org/v2/adultChildrenOfAlcoholics	""
https://homosaurus.org/v2/al-Anon	al-Anon	Al-Anon	""	""	""	""	""	""	https://homosaurus.org/v2/alcoholics||https://homosaurus.org/v2/alcoholicsAnonymous||https://homosaurus.org/v2/alcoholism||https://homosaurus.org/v2/LGBTQPeopleInAlAnon||https://homosaurus.org/v2/recoveryGroups	2020-06-02	2021-09-24	https://homosaurus.org/v2/al-Anon	""
https://homosaurus.org/v2/alcoholics	alcoholics	Alcoholics 	""	""	""	""	""	https://homosaurus.org/v2/LGBTQAlcoholics	https://homosaurus.org/v2/adultChildrenOfAlcoholics||https://homosaurus.org/v2/al-Anon||https://homosaurus.org/v2/alcoholicsAnonymous||https://homosaurus.org/v2/alcoholism||https://homosaurus.org/v2/LGBTQChildrenOfAlcoholics||https://homosaurus.org/v2/LGBTQPartnersOfAlcoholics	2020-06-02	2021-09-24	https://homosaurus.org/v2/alcoholics	""
https://homosaurus.org/v2/alcoholicsAnonymous	alcoholicsAnonymous	Alcoholics Anonymous	""	AA	""	""	https://homosaurus.org/v2/recoveryGroups	""	https://homosaurus.org/v2/al-Anon||https://homosaurus.org/v2/alcoholics||https://homosaurus.org/v2/alcoholism||https://homosaurus.org/v2/LGBTQPeopleInAlcoholicsAnonymous	2020-06-02	2021-09-24	https://homosaurus.org/v2/alcoholicsAnonymous	""
https://homosaurus.org/v2/alcoholism	alcoholism	Alcoholism	""	""	""	""	""	""	https://homosaurus.org/v2/al-Anon||https://homosaurus.org/v2/alcoholics||https://homosaurus.org/v2/alcoholicsAnonymous||https://homosaurus.org/v2/LGBTQPeopleInAdultChildrenOfAlcoholics||https://homosaurus.org/v2/LGBTQPeopleInAlcoholicsAnonymous||https://homosaurus.org/v2/LGBTQRecoveryGroups	2020-06-02	2021-09-24	https://homosaurus.org/v2/alcoholism	""
https://homosaurus.org/v2/allosexuality	allosexuality	Allosexuality	""	""	A sexual orientation generally characterized by feeling sexual attraction or a desire for partnered sexuality	""	https://homosaurus.org/v2/sexualOrientation	""	https://homosaurus.org/v2/bisexualPeople||https://homosaurus.org/v2/compulsorySexuality||https://homosaurus.org/v2/heterosexuals||https://homosaurus.org/v2/homosexuals||https://homosaurus.org/v2/pansexualPeople	2020-06-02	2021-09-24	https://homosaurus.org/v2/allosexuality	""
https://homosaurus.org/v2/amatonormativity	amatonormativity	Amatonormativity	""	""	The assumption that all people share a desire for romantic relationships and that this is a preferential life goal	""	https://homosaurus.org/v2/socialNorms	""	https://homosaurus.org/v2/aromanticPeople||https://homosaurus.org/v2/discriminationLGBTQ	2020-06-02	2021-09-24	https://homosaurus.org/v2/amatonormativity	""
https://homosaurus.org/v2/cocaineAddiction	cocaineAddiction	Cocaine addiction	""	Cocaine abuse||Cocaine misuse||Cocaine use disorder||Crack abuse||Crack addiction	""	""	https://homosaurus.org/v2/drugAbuse	""	https://homosaurus.org/v2/cocaine||https://homosaurus.org/v2/cocaineAnonymous||https://homosaurus.org/v2/LGBTQPeopleInCocaineAnonymous||https://homosaurus.org/v2/LGBTQRecoveryGroups	2020-06-02	2021-09-24	https://homosaurus.org/v2/cocaineAddiction	""
https://homosaurus.org/v2/cocaineAnonymous	cocaineAnonymous	Cocaine Anonymous	""	CA	""	""	https://homosaurus.org/v2/recoveryGroups	""	https://homosaurus.org/v2/cocaineAddiction||https://homosaurus.org/v2/LGBTQPeopleInCocaineAnonymous	2020-06-02	2021-09-24	https://homosaurus.org/v2/cocaineAnonymous	""
https://homosaurus.org/v2/compulsorySexuality	compulsorySexuality	Compulsory sexuality	""	""	The belief that everyone should be either sexually available or in a sexual relationship.	""	https://homosaurus.org/v2/socialNorms	""	https://homosaurus.org/v2/allosexuality||https://homosaurus.org/v2/asexuality||https://homosaurus.org/v2/asexualPeople||https://homosaurus.org/v2/demisexuality||https://homosaurus.org/v2/demisexualPeople||https://homosaurus.org/v2/discriminationLGBTQ	2020-06-02	2021-09-24	https://homosaurus.org/v2/compulsorySexuality	""
https://homosaurus.org/v2/crystalMethAddiction	crystalMethAddiction	Crystal meth addiction	""	Crystal meth misuse||Crystal meth abuse||Methamphetamine misuse||Methamphetamine abuse	""	""	https://homosaurus.org/v2/drugAbuse	""	https://homosaurus.org/v2/crystalMeth||https://homosaurus.org/v2/crystalMethAnonymous||https://homosaurus.org/v2/LGBTQPeopleInCrystalMethAnonymous||https://homosaurus.org/v2/LGBTQRecoveryGroups	2020-06-02	2021-09-24	https://homosaurus.org/v2/crystalMethAddiction	""
https://homosaurus.org/v2/crystalMethAnonymous	crystalMethAnonymous	Crystal Meth Anonymous	""	CMA	""	""	https://homosaurus.org/v2/recoveryGroups	""	https://homosaurus.org/v2/crystalMethAddiction||https://homosaurus.org/v2/LGBTQPeopleInCrystalMethAnonymous	2020-06-02	2021-09-24	https://homosaurus.org/v2/crystalMethAnonymous	""
https://homosaurus.org/v2/erotomania	erotomania	Erotomania	""	Clinical erotomania||De Clérambault syndrome||De Clérambault's syndrome||Obsessional erotomania||Primary erotomania	""	""	""	""	https://homosaurus.org/v2/hypersexuality||https://homosaurus.org/v2/sexualAddiction	2020-06-02	2021-09-24	https://homosaurus.org/v2/erotomania	""
https://homosaurus.org/v2/internetSexAddiction	internetSexAddiction	Internet sex addiction	""	Computer sex addiction||Computer-mediated sex addiction||Cyber-sex addiction||Cybersex addiction||Cybersexual addiction||Netsex addiction||Online porn addiction||Online pornography addiction||Online sex addiction||Problematic internet pornography viewing||Sex addiction on the internet||Virtual sex addiction	""	""	https://homosaurus.org/v2/sexualAddiction	""	""	2020-06-03	2021-09-24	https://homosaurus.org/v2/internetSexAddiction	""
https://homosaurus.org/v2/LGBTQAlcoholics	LGBTQAlcoholics	LGBTQ alcoholics	""	""	""	""	https://homosaurus.org/v2/alcoholics	""	https://homosaurus.org/v2/LGBTQPartnersOfAlcoholics||https://homosaurus.org/v2/LGBTQPeopleInAlcoholicsAnonymous||https://homosaurus.org/v2/LGBTQPeopleInRecovery||https://homosaurus.org/v2/LGBTQRecoveryGroups	2020-06-03	2021-09-24	https://homosaurus.org/v2/LGBTQAlcoholics	""
https://homosaurus.org/v2/LGBTQChildrenOfAlcoholics	LGBTQChildrenOfAlcoholics	LGBTQ children of alcoholics	""	""	""	""	""	""	https://homosaurus.org/v2/adultChildrenOfAlcoholics||https://homosaurus.org/v2/alcoholics||https://homosaurus.org/v2/childrenLGBTQ||https://homosaurus.org/v2/LGBTQPeopleInAdultChildrenOfAlcoholics||https://homosaurus.org/v2/LGBTQPeopleInAlAnon	2020-06-03	2021-09-24	https://homosaurus.org/v2/LGBTQChildrenOfAlcoholics	""
https://homosaurus.org/v2/LGBTQPartnersOfAlcoholics	LGBTQPartnersOfAlcoholics	LGBTQ partners of alcoholics	""	""	""	""	https://homosaurus.org/v2/LGBTQPeople||https://homosaurus.org/v2/partnersLGBTQ	""	https://homosaurus.org/v2/alcoholics||https://homosaurus.org/v2/LGBTQAlcoholics||https://homosaurus.org/v2/LGBTQPeopleInAlAnon	2020-06-03	2021-09-24	https://homosaurus.org/v2/LGBTQPartnersOfAlcoholics	""
https://homosaurus.org/v2/LGBTQPeopleInAdultChildrenOfAlcoholics	LGBTQPeopleInAdultChildrenOfAlcoholics	LGBTQ people in Adult Children of Alcoholics	""	""	""	""	https://homosaurus.org/v2/LGBTQPeople	""	https://homosaurus.org/v2/adultChildrenOfAlcoholics||https://homosaurus.org/v2/alcoholism||https://homosaurus.org/v2/LGBTQChildrenOfAlcoholics	2020-06-03	2021-09-24	https://homosaurus.org/v2/LGBTQPeopleInAdultChildrenOfAlcoholics	""
https://homosaurus.org/v2/LGBTQPeopleInAlAnon	LGBTQPeopleInAlAnon	LGBTQ people in Al-Anon	""	""	""	""	https://homosaurus.org/v2/LGBTQPeople	""	https://homosaurus.org/v2/al-Anon||https://homosaurus.org/v2/LGBTQChildrenOfAlcoholics||https://homosaurus.org/v2/LGBTQPartnersOfAlcoholics||https://homosaurus.org/v2/LGBTQPeopleInRecovery||https://homosaurus.org/v2/LGBTQPeopleWithAddictions	2020-06-03	2021-09-24	https://homosaurus.org/v2/LGBTQPeopleInAlAnon	""
https://homosaurus.org/v2/LGBTQPeopleInAlcoholicsAnonymous	LGBTQPeopleInAlcoholicsAnonymous	LGBTQ People in Alcoholics Anonymous	""	LGBTQ people in AA	""	""	https://homosaurus.org/v2/LGBTQPeople	""	https://homosaurus.org/v2/alcoholicsAnonymous||https://homosaurus.org/v2/alcoholism||https://homosaurus.org/v2/LGBTQAlcoholics||https://homosaurus.org/v2/LGBTQPeopleInRecovery||https://homosaurus.org/v2/LGBTQPeopleWithAddictions	2020-06-03	2021-09-24	https://homosaurus.org/v2/LGBTQPeopleInAlcoholicsAnonymous	""
https://homosaurus.org/v2/LGBTQPeopleInCocaineAnonymous	LGBTQPeopleInCocaineAnonymous	LGBTQ people in Cocaine Anonymous	""	LGBTQ people in CA	""	""	https://homosaurus.org/v2/LGBTQPeople	""	https://homosaurus.org/v2/cocaineAddiction||https://homosaurus.org/v2/cocaineAnonymous||https://homosaurus.org/v2/LGBTQPeopleInRecovery||https://homosaurus.org/v2/LGBTQPeopleWithAddictions	2020-06-03	2021-09-24	https://homosaurus.org/v2/LGBTQPeopleInCocaineAnonymous	""
https://homosaurus.org/v2/LGBTQPeopleInCrystalMethAnonymous	LGBTQPeopleInCrystalMethAnonymous	LGBTQ people in Crystal Meth Anonymous	""	LGBTQ people in CMA	""	""	https://homosaurus.org/v2/LGBTQPeople	""	https://homosaurus.org/v2/crystalMethAddiction||https://homosaurus.org/v2/crystalMethAnonymous||https://homosaurus.org/v2/LGBTQPeopleInRecovery||https://homosaurus.org/v2/LGBTQPeopleWithAddictions	2020-06-03	2021-09-24	https://homosaurus.org/v2/LGBTQPeopleInCrystalMethAnonymous	""
https://homosaurus.org/v2/LGBTQPeopleInNarcoticsAnonymous	LGBTQPeopleInNarcoticsAnonymous	LGBTQ people in Narcotics Anonymous	""	LGBTQ people in NA	""	""	https://homosaurus.org/v2/LGBTQPeople	""	https://homosaurus.org/v2/LGBTQPeopleInRecovery||https://homosaurus.org/v2/LGBTQPeopleWithAddictions||https://homosaurus.org/v2/narcoticsAnonymous	2020-06-03	2021-09-24	https://homosaurus.org/v2/LGBTQPeopleInNarcoticsAnonymous	""
https://homosaurus.org/v2/LGBTQPeopleInRecovery	LGBTQPeopleInRecovery	LGBTQ people in recovery	""	LGBTQ people in 12-step groups	""	""	https://homosaurus.org/v2/LGBTQPeople	""	https://homosaurus.org/v2/LGBTQAlcoholics||https://homosaurus.org/v2/LGBTQPeopleInAlAnon||https://homosaurus.org/v2/LGBTQPeopleInAlcoholicsAnonymous||https://homosaurus.org/v2/LGBTQPeopleInCocaineAnonymous||https://homosaurus.org/v2/LGBTQPeopleInCrystalMethAnonymous||https://homosaurus.org/v2/LGBTQPeopleInNarcoticsAnonymous||https://homosaurus.org/v2/LGBTQPeopleWithAddictions||https://homosaurus.org/v2/LGBTQRecoveryGroups||https://homosaurus.org/v2/sobriety	2020-06-03	2021-09-24	https://homosaurus.org/v2/LGBTQPeopleInRecovery	""
https://homosaurus.org/v2/LGBTQPeopleWithAddictions	LGBTQPeopleWithAddictions	LGBTQ people with addictions	""	""	""	""	https://homosaurus.org/v2/drugUsers	""	https://homosaurus.org/v2/LGBTQPeopleInAlAnon||https://homosaurus.org/v2/LGBTQPeopleInAlcoholicsAnonymous||https://homosaurus.org/v2/LGBTQPeopleInCocaineAnonymous||https://homosaurus.org/v2/LGBTQPeopleInCrystalMethAnonymous||https://homosaurus.org/v2/LGBTQPeopleInNarcoticsAnonymous||https://homosaurus.org/v2/LGBTQPeopleInRecovery||https://homosaurus.org/v2/LGBTQRecoveryGroups	2020-06-03	2021-09-24	https://homosaurus.org/v2/LGBTQPeopleWithAddictions	""
https://homosaurus.org/v2/LGBTQRecoveryGroups	LGBTQRecoveryGroups	LGBTQ recovery groups	""	LGBTQ 12-step groups	""	""	https://homosaurus.org/v2/mentalHealthCareForLGBTQPeople||https://homosaurus.org/v2/recoveryGroups	https://homosaurus.org/v2/LGBTQStepWork	https://homosaurus.org/v2/alcoholism||https://homosaurus.org/v2/cocaineAddiction||https://homosaurus.org/v2/crystalMethAddiction||https://homosaurus.org/v2/LGBTQAlcoholics||https://homosaurus.org/v2/LGBTQPeopleInRecovery||https://homosaurus.org/v2/LGBTQPeopleWithAddictions||https://homosaurus.org/v2/LGBTQSupportGroups	2020-06-03	2021-09-24	https://homosaurus.org/v2/LGBTQRecoveryGroups	""
https://homosaurus.org/v2/LGBTQStepWork	LGBTQStepWork	LGBTQ step work	""	""	""	""	https://homosaurus.org/v2/LGBTQRecoveryGroups	""	""	2020-06-03	2021-09-24	https://homosaurus.org/v2/LGBTQStepWork	""
https://homosaurus.org/v2/leatherBars	leatherBars	Leather bars	""	""	""	""	https://homosaurus.org/v2/barsLGBTQ	""	https://homosaurus.org/v2/darkRooms||https://homosaurus.org/v2/gayBars||https://homosaurus.org/v2/leatherCommunity	2020-06-03	2021-09-24	https://homosaurus.org/v2/leatherBars	""
https://homosaurus.org/v2/metamours	metamours	Metamours	""	""	In polyamory or open relationships, refers to the partner of an individual's partner's, with whom the individual does not have a direct sexual or romantic relationship	""	https://homosaurus.org/v2/partnersLGBTQ||https://homosaurus.org/v2/polyamory	""	https://homosaurus.org/v2/secondaryPartners	2020-06-03	2021-09-24	https://homosaurus.org/v2/metamours	""
https://homosaurus.org/v2/mononormativity	mononormativity	Mononormativity	""	""	The belief that all people share a desire for monogamous relationships and that this is a preferential life goal	""	https://homosaurus.org/v2/socialNorms	""	https://homosaurus.org/v2/discriminationLGBTQ||https://homosaurus.org/v2/monogamy||https://homosaurus.org/v2/monosexuality	2020-06-03	2021-09-24	https://homosaurus.org/v2/mononormativity	""
https://homosaurus.org/v2/monosexuality	monosexuality	Monosexuality	""	""	A sexuality that involves attraction to only one gender; includes homosexuality and heterosexuality	""	https://homosaurus.org/v2/sexualOrientation	https://homosaurus.org/v2/heterosexuality||https://homosaurus.org/v2/homosexuality	https://homosaurus.org/v2/mononormativity||https://homosaurus.org/v2/sexualDiversity||https://homosaurus.org/v2/sexualIdentity||https://homosaurus.org/v2/sexualPreference	2020-06-03	2021-09-24	https://homosaurus.org/v2/monosexuality	""
https://homosaurus.org/v2/narcoticsAnonymous	narcoticsAnonymous	Narcotics Anonymous	""	NA	""	""	https://homosaurus.org/v2/recoveryGroups	""	https://homosaurus.org/v2/drugAbuse||https://homosaurus.org/v2/LGBTQPeopleInNarcoticsAnonymous	2020-06-03	2021-09-24	https://homosaurus.org/v2/narcoticsAnonymous	""
https://homosaurus.org/v2/polysexuality	polysexuality	Polysexuality	""	""	A sexuality that involves attraction to more than one gender, such as bisexuality or pansexuality	""	https://homosaurus.org/v2/sexualDiversity||https://homosaurus.org/v2/sexualIdentity||https://homosaurus.org/v2/sexualOrientation||https://homosaurus.org/v2/sexualPreference	https://homosaurus.org/v2/bisexuality	https://homosaurus.org/v2/polyamory	2020-06-03	2021-09-24	https://homosaurus.org/v2/polysexuality	""
https://homosaurus.org/v2/reclaimedTerms	reclaimedTerms	Reclaimed terms	""	""	Terms that have been or are currently used in derogatory ways but have been reclaimed by certain groups or in certain circumstances	""	https://homosaurus.org/v2/slangLGBTQ	https://homosaurus.org/v2/dykes||https://homosaurus.org/v2/faggots||https://homosaurus.org/v2/queerPeople	https://homosaurus.org/v2/queerSlang||https://homosaurus.org/v2/slurs	2020-06-03	2021-09-24	https://homosaurus.org/v2/reclaimedTerms	""
https://homosaurus.org/v2/slurs	slurs	Slurs	""	""	Insulting or discriminating remarks, innuendos, or names intended to demoralize a person, which are usually based on that person's belonging to a particular social group. Typically, for a term to be considered a slur, it must be derogatory towards a particular person or group, it must be used to subordinate them within some structure of power relations, and the derogated person or group must be defined by an intrinsic property (such as race, sexual orientation, gender identity, etc.). This category includes terms considered slurs at any point in their usage. Therefore, some of these terms may no longer be considered necessarily derogatory, may be in common usage, or may be selectively reclaimed by certain groups	""	""	https://homosaurus.org/v2/agi||https://homosaurus.org/v2/ali||https://homosaurus.org/v2/bading||https://homosaurus.org/v2/bakla||https://homosaurus.org/v2/bantut||https://homosaurus.org/v2/bayot||https://homosaurus.org/v2/berdache||https://homosaurus.org/v2/chakka||https://homosaurus.org/v2/dykes||https://homosaurus.org/v2/faggots||https://homosaurus.org/v2/kteuy	https://homosaurus.org/v2/deadnaming||https://homosaurus.org/v2/discriminationLGBTQ||https://homosaurus.org/v2/harassment||https://homosaurus.org/v2/persecutionsLGBTQ||https://homosaurus.org/v2/reclaimedTerms||https://homosaurus.org/v2/slangLGBTQ	2020-06-03	2021-09-24	https://homosaurus.org/v2/slurs	""
https://homosaurus.org/v2/stigma	stigma	Stigma	""	""	""	""	""	""	https://homosaurus.org/v2/discriminationLGBTQ||https://homosaurus.org/v2/gayShame||https://homosaurus.org/v2/intoleranceTowardsLGBTQPeople	2020-06-03	2021-09-24	https://homosaurus.org/v2/stigma	""
https://homosaurus.org/v2/sobriety	sobriety	Sobriety	""	""	""	""	""	""	https://homosaurus.org/v2/LGBTQPeopleInRecovery||https://homosaurus.org/v2/recoveryGroups||https://homosaurus.org/v2/recreationalDrugUse	2020-06-03	2021-09-24	https://homosaurus.org/v2/sobriety	""
https://homosaurus.org/v2/trans	trans	Trans	""	Trans*	Umbrella term used to describe individuals who trans gender regardless of their identification; sometimes used as a way to historicize non-binary identities	""	""	""	https://homosaurus.org/v2/genderExpression||https://homosaurus.org/v2/genderIdentity||https://homosaurus.org/v2/queerPeople||https://homosaurus.org/v2/transgenderIdentity||https://homosaurus.org/v2/transgenderism||https://homosaurus.org/v2/transgenderPeople||https://homosaurus.org/v2/transsexualism||https://homosaurus.org/v2/transvestism	2020-06-03	2021-09-24	https://homosaurus.org/v2/trans	""
https://homosaurus.org/v2/uranism	uranism	Uranism	""	Uranismus||Congenital sexual inversion||Urningism||Uraniadism||Uranianism	"Historical term from the German ""Uranismus"" coined by Karl Heinrich Ulrichs as an umbrella term for what are now referred to as gender and sexual minorities; use only in historical contexts"	""	https://homosaurus.org/v2/LGBTQHistoricalTerms	""	https://homosaurus.org/v2/inverts||https://homosaurus.org/v2/sexualInversion||https://homosaurus.org/v2/uranians	2020-06-03	2021-09-24	https://homosaurus.org/v2/uranism	""
https://homosaurus.org/v2/lesbianFantasyFiction	lesbianFantasyFiction	Lesbian fantasy fiction	""	""	""	""	https://homosaurus.org/v2/fantasyFictionLGBTQ	""	""	2020-06-03	2021-09-24	https://homosaurus.org/v2/lesbianFantasyFiction	""
https://homosaurus.org/v2/gayFantasyFiction	gayFantasyFiction	Gay fantasy fiction	""	""	""	""	https://homosaurus.org/v2/fantasyFictionLGBTQ	""	""	2020-06-03	2021-09-24	https://homosaurus.org/v2/gayFantasyFiction	""
https://homosaurus.org/v2/bisexualFantasyFiction	bisexualFantasyFiction	Bisexual fantasy fiction	""	""	""	""	https://homosaurus.org/v2/fantasyFictionLGBTQ	""	""	2020-06-03	2021-09-24	https://homosaurus.org/v2/bisexualFantasyFiction	""
https://homosaurus.org/v2/transgenderFantasyFiction	transgenderFantasyFiction	Transgender fantasy fiction	""	""	""	""	https://homosaurus.org/v2/fantasyFictionLGBTQ	""	""	2020-06-03	2021-09-24	https://homosaurus.org/v2/transgenderFantasyFiction	""
https://homosaurus.org/v2/queerFantasyFiction	queerFantasyFiction	Queer fantasy fiction	""	""	""	""	https://homosaurus.org/v2/fantasyFictionLGBTQ	""	""	2020-06-03	2021-09-24	https://homosaurus.org/v2/queerFantasyFiction	""
https://homosaurus.org/v2/lesbianScienceFiction	lesbianScienceFiction	Lesbian science fiction	""	""	""	""	https://homosaurus.org/v2/scienceFictionLGBTQ	""	""	2020-06-03	2021-09-24	https://homosaurus.org/v2/lesbianScienceFiction	""
https://homosaurus.org/v2/gayScienceFiction	gayScienceFiction	Gay science fiction	""	""	""	""	https://homosaurus.org/v2/scienceFictionLGBTQ	""	""	2020-06-03	2021-09-24	https://homosaurus.org/v2/gayScienceFiction	""
https://homosaurus.org/v2/bisexualScienceFiction	bisexualScienceFiction	Bisexual science fiction	""	""	""	""	https://homosaurus.org/v2/scienceFictionLGBTQ	""	""	2020-06-03	2021-09-24	https://homosaurus.org/v2/bisexualScienceFiction	""
https://homosaurus.org/v2/transgenderScienceFiction	transgenderScienceFiction	Transgender science fiction	""	""	""	""	https://homosaurus.org/v2/scienceFictionLGBTQ	""	""	2020-06-03	2021-09-24	https://homosaurus.org/v2/transgenderScienceFiction	""
https://homosaurus.org/v2/queerScienceFiction	queerScienceFiction	Queer science fiction	""	""	""	""	https://homosaurus.org/v2/scienceFictionLGBTQ	""	""	2020-06-03	2021-09-24	https://homosaurus.org/v2/queerScienceFiction	""
https://homosaurus.org/v2/lesbianMysteryAndDectectiveFiction	lesbianMysteryAndDectectiveFiction	Lesbian mystery and detective fiction	""	""	""	""	https://homosaurus.org/v2/mysteryAndDetectiveFictionLGBTQ	""	""	2020-06-03	2021-09-24	https://homosaurus.org/v2/lesbianMysteryAndDectectiveFiction	""
https://homosaurus.org/v2/gayMysteryAndDetectiveFiction	gayMysteryAndDetectiveFiction	Gay mystery and detective fiction	""	""	""	""	https://homosaurus.org/v2/mysteryAndDetectiveFictionLGBTQ	""	""	2020-06-03	2021-09-24	https://homosaurus.org/v2/gayMysteryAndDetectiveFiction	""
https://homosaurus.org/v2/bisexualMysteryAndDetectiveFiction	bisexualMysteryAndDetectiveFiction	Bisexual mystery and detective fiction	""	""	""	""	https://homosaurus.org/v2/mysteryAndDetectiveFictionLGBTQ	""	""	2020-06-03	2021-09-24	https://homosaurus.org/v2/bisexualMysteryAndDetectiveFiction	""
https://homosaurus.org/v2/transgenderMysteryAndDetectiveFiction	transgenderMysteryAndDetectiveFiction	Transgender mystery and detective fiction	""	""	""	""	https://homosaurus.org/v2/mysteryAndDetectiveFictionLGBTQ	""	""	2020-06-03	2021-09-24	https://homosaurus.org/v2/transgenderMysteryAndDetectiveFiction	""
https://homosaurus.org/v2/queerMysteryAndDetectiveFiction	queerMysteryAndDetectiveFiction	Queer mystery and detective fiction	""	""	""	""	https://homosaurus.org/v2/mysteryAndDetectiveFictionLGBTQ	""	""	2020-06-03	2021-09-24	https://homosaurus.org/v2/queerMysteryAndDetectiveFiction	""
https://homosaurus.org/v2/horrorFictionLGBTQ	horrorFictionLGBTQ	Horror fiction (LGBTQ)	""	""	""	""	https://homosaurus.org/v2/fictionLGBTQ	https://homosaurus.org/v2/bisexualHorrorFiction||https://homosaurus.org/v2/gayHorrorFiction||https://homosaurus.org/v2/lesbianHorrorFiction||https://homosaurus.org/v2/queerHorrorFiction||https://homosaurus.org/v2/transgenderHorrorFiction	""	2020-06-03	2021-09-24	https://homosaurus.org/v2/horrorFictionLGBTQ	""
https://homosaurus.org/v2/lesbianHorrorFiction	lesbianHorrorFiction	Lesbian horror fiction	""	""	""	""	https://homosaurus.org/v2/horrorFictionLGBTQ	""	""	2020-06-03	2021-09-24	https://homosaurus.org/v2/lesbianHorrorFiction	""
https://homosaurus.org/v2/gayHorrorFiction	gayHorrorFiction	Gay horror fiction	""	""	""	""	https://homosaurus.org/v2/horrorFictionLGBTQ	""	""	2020-06-03	2021-09-24	https://homosaurus.org/v2/gayHorrorFiction	""
https://homosaurus.org/v2/bisexualHorrorFiction	bisexualHorrorFiction	Bisexual horror fiction	""	""	""	""	https://homosaurus.org/v2/horrorFictionLGBTQ	""	""	2020-06-03	2021-09-24	https://homosaurus.org/v2/bisexualHorrorFiction	""
https://homosaurus.org/v2/transgenderHorrorFiction	transgenderHorrorFiction	Transgender horror fiction	""	""	""	""	https://homosaurus.org/v2/horrorFictionLGBTQ	""	""	2020-06-03	2021-09-24	https://homosaurus.org/v2/transgenderHorrorFiction	""
https://homosaurus.org/v2/queerHorrorFiction	queerHorrorFiction	Queer horror fiction	""	""	""	""	https://homosaurus.org/v2/horrorFictionLGBTQ	""	""	2020-06-03	2021-09-24	https://homosaurus.org/v2/queerHorrorFiction	""
https://homosaurus.org/v2/romanceFictionLGBTQ	romanceFictionLGBTQ	Romance fiction (LGBTQ)	""	""	""	""	https://homosaurus.org/v2/fictionLGBTQ	https://homosaurus.org/v2/bisexualRomanceFiction||https://homosaurus.org/v2/gayRomanceFiction||https://homosaurus.org/v2/lesbianRomanceFiction||https://homosaurus.org/v2/queerRomanceFiction||https://homosaurus.org/v2/transgenderRomanceFiction	""	2020-06-03	2021-09-24	https://homosaurus.org/v2/romanceFictionLGBTQ	""
https://homosaurus.org/v2/lesbianComics	lesbianComics	Lesbian comics	""	""	""	""	https://homosaurus.org/v2/comicsLGBTQ	""	""	2020-06-03	2021-09-24	https://homosaurus.org/v2/lesbianComics	""
https://homosaurus.org/v2/gayComics	gayComics	Gay comics	""	""	""	""	https://homosaurus.org/v2/comicsLGBTQ	""	""	2020-06-03	2021-09-24	https://homosaurus.org/v2/gayComics	""
https://homosaurus.org/v2/bisexualComics	bisexualComics	Bisexual comics	""	""	""	""	https://homosaurus.org/v2/comicsLGBTQ	""	""	2020-06-03	2021-09-24	https://homosaurus.org/v2/bisexualComics	""
https://homosaurus.org/v2/transgenderComics	transgenderComics	Transgender comics	""	""	""	""	https://homosaurus.org/v2/comicsLGBTQ	""	""	2020-06-03	2021-09-24	https://homosaurus.org/v2/transgenderComics	""
https://homosaurus.org/v2/queerComics	queerComics	Queer comics	""	""	""	""	https://homosaurus.org/v2/comicsLGBTQ	""	""	2020-06-03	2021-09-24	https://homosaurus.org/v2/queerComics	""
https://homosaurus.org/v2/lesbianRomanceFiction	lesbianRomanceFiction	Lesbian romance fiction	""	""	""	""	https://homosaurus.org/v2/romanceFictionLGBTQ	""	""	2020-06-03	2021-09-24	https://homosaurus.org/v2/lesbianRomanceFiction	""
https://homosaurus.org/v2/gayRomanceFiction	gayRomanceFiction	Gay romance fiction	""	""	""	""	https://homosaurus.org/v2/romanceFictionLGBTQ	""	""	2020-06-03	2021-09-24	https://homosaurus.org/v2/gayRomanceFiction	""
https://homosaurus.org/v2/bisexualRomanceFiction	bisexualRomanceFiction	Bisexual romance fiction	""	""	""	""	https://homosaurus.org/v2/romanceFictionLGBTQ	""	""	2020-06-03	2021-09-24	https://homosaurus.org/v2/bisexualRomanceFiction	""
https://homosaurus.org/v2/transgenderRomanceFiction	transgenderRomanceFiction	Transgender romance fiction	""	""	""	""	https://homosaurus.org/v2/romanceFictionLGBTQ	""	""	2020-06-03	2021-09-24	https://homosaurus.org/v2/transgenderRomanceFiction	""
https://homosaurus.org/v2/queerRomanceFiction	queerRomanceFiction	Queer romance fiction	""	""	""	""	https://homosaurus.org/v2/romanceFictionLGBTQ	""	""	2020-06-03	2021-09-24	https://homosaurus.org/v2/queerRomanceFiction	""
https://homosaurus.org/v2/lesbianEroticLiterature	lesbianEroticLiterature	Lesbian erotic literature	""	""	""	""	https://homosaurus.org/v2/eroticLiteratureLGBTQ	""	""	2020-06-03	2021-09-24	https://homosaurus.org/v2/lesbianEroticLiterature	""
https://homosaurus.org/v2/gayEroticLiterature	gayEroticLiterature	Gay erotic literature 	""	""	""	""	https://homosaurus.org/v2/eroticLiteratureLGBTQ	""	""	2020-06-03	2021-09-24	https://homosaurus.org/v2/gayEroticLiterature	""
https://homosaurus.org/v2/bisexualEroticLiterature	bisexualEroticLiterature	Bisexual erotic literature	""	""	""	""	https://homosaurus.org/v2/eroticLiteratureLGBTQ	""	""	2020-06-03	2021-09-24	https://homosaurus.org/v2/bisexualEroticLiterature	""
https://homosaurus.org/v2/transgenderEroticLiterature	transgenderEroticLiterature	Transgender erotic literature	""	""	""	""	https://homosaurus.org/v2/eroticLiteratureLGBTQ	""	""	2020-06-03	2021-09-24	https://homosaurus.org/v2/transgenderEroticLiterature	""
https://homosaurus.org/v2/queerEroticLiterature	queerEroticLiterature	Queer erotic literature	""	""	""	""	https://homosaurus.org/v2/eroticLiteratureLGBTQ	""	""	2020-06-03	2021-09-24	https://homosaurus.org/v2/queerEroticLiterature	""
https://homosaurus.org/v2/literaryCriticismLGBTQ	literaryCriticismLGBTQ	Literary criticism (LGBTQ)	""	""	""	""	""	https://homosaurus.org/v2/bisexualLiteraryCriticism||https://homosaurus.org/v2/gayLiteraryCriticism||https://homosaurus.org/v2/lesbianLiteraryCriticism||https://homosaurus.org/v2/queerLiteraryCriticism||https://homosaurus.org/v2/transgenderLiteraryCriticism	https://homosaurus.org/v2/literatureLGBTQ	2020-06-03	2021-09-24	https://homosaurus.org/v2/literaryCriticismLGBTQ	""
https://homosaurus.org/v2/lesbianLiteraryCriticism	lesbianLiteraryCriticism	Lesbian literary criticism	""	""	""	""	https://homosaurus.org/v2/literaryCriticismLGBTQ	""	""	2020-06-03	2021-09-24	https://homosaurus.org/v2/lesbianLiteraryCriticism	""
https://homosaurus.org/v2/gayLiteraryCriticism	gayLiteraryCriticism	Gay literary criticism	""	""	""	""	https://homosaurus.org/v2/literaryCriticismLGBTQ	""	""	2020-06-03	2021-09-24	https://homosaurus.org/v2/gayLiteraryCriticism	""
https://homosaurus.org/v2/bisexualLiteraryCriticism	bisexualLiteraryCriticism	Bisexual literary criticism	""	""	""	""	https://homosaurus.org/v2/literaryCriticismLGBTQ	""	""	2020-06-03	2021-09-24	https://homosaurus.org/v2/bisexualLiteraryCriticism	""
https://homosaurus.org/v2/transgenderLiteraryCriticism	transgenderLiteraryCriticism	Transgender literary criticism	""	""	""	""	https://homosaurus.org/v2/literaryCriticismLGBTQ	""	""	2020-06-03	2021-09-24	https://homosaurus.org/v2/transgenderLiteraryCriticism	""
https://homosaurus.org/v2/queerLiteraryCriticism	queerLiteraryCriticism	Queer literary criticism	""	""	""	""	https://homosaurus.org/v2/literaryCriticismLGBTQ	""	""	2020-06-03	2021-09-24	https://homosaurus.org/v2/queerLiteraryCriticism	""
https://homosaurus.org/v2/shortStoriesLGBTQ	shortStoriesLGBTQ	Short stories (LGBTQ)	""	""	""	""	https://homosaurus.org/v2/fictionLGBTQ	https://homosaurus.org/v2/bisexualShortStories||https://homosaurus.org/v2/gayShortStories||https://homosaurus.org/v2/lesbianShortStories||https://homosaurus.org/v2/queerShortStories||https://homosaurus.org/v2/transgenderShortStories	""	2020-06-03	2021-09-24	https://homosaurus.org/v2/shortStoriesLGBTQ	""
https://homosaurus.org/v2/lesbianShortStories	lesbianShortStories	Lesbian short stories	""	""	""	""	https://homosaurus.org/v2/shortStoriesLGBTQ	""	""	2020-06-03	2021-09-24	https://homosaurus.org/v2/lesbianShortStories	""
https://homosaurus.org/v2/gayShortStories	gayShortStories	Gay short stories	""	""	""	""	https://homosaurus.org/v2/shortStoriesLGBTQ	""	""	2020-06-03	2021-09-24	https://homosaurus.org/v2/gayShortStories	""
https://homosaurus.org/v2/bisexualShortStories	bisexualShortStories	Bisexual short stories	""	""	""	""	https://homosaurus.org/v2/shortStoriesLGBTQ	""	""	2020-06-03	2021-09-24	https://homosaurus.org/v2/bisexualShortStories	""
https://homosaurus.org/v2/transgenderShortStories	transgenderShortStories	Transgender short stories	""	""	""	""	https://homosaurus.org/v2/shortStoriesLGBTQ	""	""	2020-06-03	2021-09-24	https://homosaurus.org/v2/transgenderShortStories	""
https://homosaurus.org/v2/queerShortStories	queerShortStories	Queer short stories	""	""	""	""	https://homosaurus.org/v2/shortStoriesLGBTQ	""	""	2020-06-03	2021-09-24	https://homosaurus.org/v2/queerShortStories	""
https://homosaurus.org/v2/biographiesLGBTQ	biographiesLGBTQ	Biographies (LGBTQ)	""	Biographies of authors	""	""	""	https://homosaurus.org/v2/bisexualBiographies||https://homosaurus.org/v2/gayBiographies||https://homosaurus.org/v2/lesbianBiographies||https://homosaurus.org/v2/queerBiographies||https://homosaurus.org/v2/transgenderBiographies	""	2020-06-03	2021-09-24	https://homosaurus.org/v2/biographiesLGBTQ	""
https://homosaurus.org/v2/lesbianBiographies	lesbianBiographies	Lesbian biographies	""	""	""	""	https://homosaurus.org/v2/biographiesLGBTQ	""	""	2020-06-03	2021-09-24	https://homosaurus.org/v2/lesbianBiographies	""
https://homosaurus.org/v2/gayBiographies	gayBiographies	Gay biographies	""	""	""	""	https://homosaurus.org/v2/biographiesLGBTQ	""	""	2020-06-03	2021-09-24	https://homosaurus.org/v2/gayBiographies	""
https://homosaurus.org/v2/bisexualBiographies	bisexualBiographies	Bisexual biographies	""	""	""	""	https://homosaurus.org/v2/biographiesLGBTQ	""	""	2020-06-03	2021-09-24	https://homosaurus.org/v2/bisexualBiographies	""
https://homosaurus.org/v2/transgenderBiographies	transgenderBiographies	Transgender biographies	""	""	""	""	https://homosaurus.org/v2/biographiesLGBTQ	""	""	2020-06-03	2021-09-24	https://homosaurus.org/v2/transgenderBiographies	""
https://homosaurus.org/v2/queerBiographies	queerBiographies	Queer biographies	""	""	""	""	https://homosaurus.org/v2/biographiesLGBTQ	""	""	2020-06-03	2021-09-24	https://homosaurus.org/v2/queerBiographies	""
https://homosaurus.org/v2/breastAugmentation	breastAugmentation	Breast augmentation	""	Augmentation mammaplasty||Augmentation mammoplasty||Boob job	A surgical procedure aimed at increasing breast size using a prosthetic implant; often undergone by transgender women as a gender confirming surgery	""	https://homosaurus.org/v2/genderConfirmingSurgery	""	https://homosaurus.org/v2/breasts	2020-12-11	2021-09-24	https://homosaurus.org/v2/breastAugmentation	""
https://homosaurus.org/v2/breastFetishism	breastFetishism	Breast fetishism	""	Mazophilia||Breast partialism||Mastofact	""	""	https://homosaurus.org/v2/partialism	""	https://homosaurus.org/v2/breasts	2020-12-11	2021-09-24	https://homosaurus.org/v2/breastFetishism	""
https://homosaurus.org/v2/breastReduction	breastReduction	Breast reduction	""	Reduction mammaplasty||Reduction mammoplasty	A surgical procedure to decrease breast size	""	""	""	https://homosaurus.org/v2/breasts||https://homosaurus.org/v2/mastectomy	2020-12-11	2021-09-24	https://homosaurus.org/v2/breastReduction	""
https://homosaurus.org/v2/breastSize	breastSize	Breast size	""	""	""	""	""	https://homosaurus.org/v2/largeBreasts||https://homosaurus.org/v2/smallBreasts	https://homosaurus.org/v2/breasts	2020-12-11	2021-09-24	https://homosaurus.org/v2/breastSize	""
https://homosaurus.org/v2/clergyLGBTQ	clergyLGBTQ	Clergy (LGBTQ)	""	""	""	""	""	https://homosaurus.org/v2/bisexualClergy||https://homosaurus.org/v2/gayClergy||https://homosaurus.org/v2/lesbianClergy||https://homosaurus.org/v2/queerClergy||https://homosaurus.org/v2/transgenderClergy	""	2020-12-11	2021-09-24	https://homosaurus.org/v2/clergyLGBTQ	""
https://homosaurus.org/v2/DADTRelationships	DADTRelationships	DADT relationships	""	""	Don’t Ask Don’t Tell Relationships, where partners are (by agreement) allowed to have multiple romantic and/or sexual relationships as long as they do not discuss it with their primary partner or let it interfere with their partner’s daily life	""	""	""	https://homosaurus.org/v2/hierarchicalNonmonogamy	2020-12-11	2021-09-24	https://homosaurus.org/v2/DADTRelationships	""
https://homosaurus.org/v2/greysexuality	greysexuality	Greysexuality	""	Graysexuality||Grey-sexuality||Gray-sexuality	A sexual orientation generally characterized by infrequent, rare, or low-intensity sexual attraction	""	https://homosaurus.org/v2/sexualOrientation	""	https://homosaurus.org/v2/greysexualPeople	2020-12-11	2021-09-24	https://homosaurus.org/v2/greysexuality	""
https://homosaurus.org/v2/greysexualPeople	greysexualPeople	Greysexual People	""	Graysexual people||Grey-sexual people||Gray-sexual people	People who experience infrequent, rare, or low-intensity sexual attraction	""	https://homosaurus.org/v2/sexualMinorities	""	https://homosaurus.org/v2/greysexuality	2020-12-11	2021-09-24	https://homosaurus.org/v2/greysexualPeople	""
https://homosaurus.org/v2/hardSwap	hardSwap	Hard swap	""	""	A term used in the swinging community to describe a type of partner swapping where sexual activities happen in different spaces or rooms where partners may not necessarily be in sight of each other	""	https://homosaurus.org/v2/sexualPractices	""	https://homosaurus.org/v2/softSwap	2020-12-11	2021-09-24	https://homosaurus.org/v2/hardSwap	""
https://homosaurus.org/v2/hierarchicalNonmonogamy	hierarchicalNonmonogamy	Hierarchical nonmonogamy	""	Nonmono||Non-monogamy||Hierarchical polyamory	"A form of consensual nonmonogamy in which a person has multiple partners who are not ""equal"" to one another in terms of time, emotional intensity, financial, or scheduling matters"	""	https://homosaurus.org/v2/polyamory	https://homosaurus.org/v2/swinging	https://homosaurus.org/v2/DADTRelationships||https://homosaurus.org/v2/primaryPartners||https://homosaurus.org/v2/secondaryPartners	2020-12-11	2021-09-24	https://homosaurus.org/v2/hierarchicalNonmonogamy	""
https://homosaurus.org/v2/largeBreasts	largeBreasts	Large breasts	""	Gigantomastia||Macromastia||Breast hypertrophy	Breasts considered large within a given cultural context. Note that large breasts have various health issues associated with them and may carry stigmatized medical associations (such as terms like gigantomastia and macromastia). These terms have more specific medical meanings but should not be used outside of those specific contexts. Gigantomastia is breast hypertrophy in which tissue considered excessive weighs more than 1.5 kilograms (3.3 lbs); macromastia is hypertrophy in which the tissue weighs less than 1.5 kilograms (3.3 lbs)	""	https://homosaurus.org/v2/breastSize	""	https://homosaurus.org/v2/breasts	2020-12-11	2021-09-24	https://homosaurus.org/v2/largeBreasts	""
https://homosaurus.org/v2/mastectomy	mastectomy	Mastectomy	""	Breast amputation	"A surgical procedure aimed at removing the breast or as much breast tissue as possible; often undergone as part of ""top surgery"" for transgender men or some nonbinary people"	""	""	""	https://homosaurus.org/v2/breastReduction||https://homosaurus.org/v2/breasts	2020-12-11	2021-09-24	https://homosaurus.org/v2/mastectomy	""
https://homosaurus.org/v2/megasexuality	megasexuality	Megasexuality	""	""	A sexual orientation generally characterized by a person's lack of emotional connection to other people unless or until they have formed a strong sexual connection with them first	""	https://homosaurus.org/v2/sexualIdentity||https://homosaurus.org/v2/sexualOrientation	""	https://homosaurus.org/v2/demisexuality||https://homosaurus.org/v2/LGBTQEmotions||https://homosaurus.org/v2/megasexualPeople||https://homosaurus.org/v2/sexualRelationships	2020-12-11	2021-09-24	https://homosaurus.org/v2/megasexuality	""
https://homosaurus.org/v2/megasexualPeople	megasexualPeople	Megasexual people	""	""	People who do not experience strong emotional connections to other people unless they form strong sexual connections with them first	""	https://homosaurus.org/v2/sexualMinorities	""	https://homosaurus.org/v2/asexualPeople||https://homosaurus.org/v2/demisexuality||https://homosaurus.org/v2/LGBTQEmotions||https://homosaurus.org/v2/megasexuality||https://homosaurus.org/v2/sexualRelationships	2020-12-11	2021-09-24	https://homosaurus.org/v2/megasexualPeople	""
https://homosaurus.org/v2/partialism	partialism	Partialism	""	Body part fetish||Body part fetishism	Any of various fetishes regarding a specific part of the body	""	https://homosaurus.org/v2/fetishism	https://homosaurus.org/v2/breastFetishism	https://homosaurus.org/v2/erogenousBodyParts	2020-12-11	2021-09-24	https://homosaurus.org/v2/partialism	""
https://homosaurus.org/v2/primaryPartners	primaryPartners	Primary partners	""	""	A term used in hierarchical polyamory to refer to the partner whose interests and desires come before any secondary partner(s)	""	https://homosaurus.org/v2/partnersLGBTQ	""	https://homosaurus.org/v2/hierarchicalNonmonogamy||https://homosaurus.org/v2/secondaryPartners	2020-12-11	2021-09-24	https://homosaurus.org/v2/primaryPartners	""
https://homosaurus.org/v2/relationshipOrientation	relationshipOrientation	Relationship orientation	""	""	An individual's preference toward or away from a particular relationship model	""	""	https://homosaurus.org/v2/monogamy	https://homosaurus.org/v2/cross-culturalRelationships||https://homosaurus.org/v2/genderIdentity||https://homosaurus.org/v2/intergenerationalRelationships||https://homosaurus.org/v2/relationshipsLGBTQ||https://homosaurus.org/v2/sexualOrientation||https://homosaurus.org/v2/sexualRelationships	2020-12-11	2021-09-24	https://homosaurus.org/v2/relationshipOrientation	""
https://homosaurus.org/v2/relationshipMinorities	relationshipMinorities	Relationship minorities	""	""	People whose relationship practices differ from those of the dominant culture	""	""	""	https://homosaurus.org/v2/sexualMinorities	2020-12-11	2021-09-24	https://homosaurus.org/v2/relationshipMinorities	""
https://homosaurus.org/v2/secondaryPartners	secondaryPartners	Secondary partners	""	""	A term used in hierarchical polyamory to refer to the partner whose interests and desires come second to those of the primary partner(s)	""	""	""	https://homosaurus.org/v2/hierarchicalNonmonogamy||https://homosaurus.org/v2/metamours||https://homosaurus.org/v2/partnersLGBTQ||https://homosaurus.org/v2/primaryPartners	2020-12-11	2021-09-24	https://homosaurus.org/v2/secondaryPartners	""
https://homosaurus.org/v2/smallBreasts	smallBreasts	Small breasts	""	Breast hypoplasia||Underdeveloped breasts	"Breasts considered small within a given cultural context. In certain situations, medical professionals may refer to such breasts as ""underdeveloped"" or ""hypoplastic."" These terms can be considered offensive and should not be used outside of specific medical contexts. The alternate labels included here are intended to aid search tools only and should not be used in other contexts"	""	https://homosaurus.org/v2/breastSize	""	https://homosaurus.org/v2/breasts	2020-12-11	2021-09-24	https://homosaurus.org/v2/smallBreasts	""
https://homosaurus.org/v2/softSwap	softSwap	Soft swap	""	""	A term used in the swinging community to describe a type of partner swapping where sexual activities happen in the same shared space so that all partners are within sight of one another	""	https://homosaurus.org/v2/sexualPractices	""	https://homosaurus.org/v2/hardSwap	2020-12-11	2021-09-24	https://homosaurus.org/v2/softSwap	""
https://homosaurus.org/v2/swinging	swinging	Swinging	""	Wife swapping||Husband swapping||Partner swapping	An agreement, sexual practice, or relationship in which a couple engages in group sex or the swapping of sexual partners within a group, often on a habitual basis	""	https://homosaurus.org/v2/hierarchicalNonmonogamy	""	https://homosaurus.org/v2/sexualPractices	2020-12-11	2021-09-24	https://homosaurus.org/v2/swinging	""
https://homosaurus.org/v2/transWomen	transWomen	Trans women	""	Transgender women||Transwomen||Trans-women	""	""	https://homosaurus.org/v2/females||https://homosaurus.org/v2/transgenderPeople||https://homosaurus.org/v2/women	https://homosaurus.org/v2/MtFs	https://homosaurus.org/v2/assignedMaleAtBirth||https://homosaurus.org/v2/estrogen	2020-12-11	2021-09-24	https://homosaurus.org/v2/transWomen	""
https://homosaurus.org/v2/transMen	transMen	Trans men	""	Transgender men||Transmen||Trans-men	""	""	https://homosaurus.org/v2/males||https://homosaurus.org/v2/men||https://homosaurus.org/v2/transgenderPeople	https://homosaurus.org/v2/FtMs	https://homosaurus.org/v2/assignedFemaleAtBirth||https://homosaurus.org/v2/bindingChest||https://homosaurus.org/v2/testosterone	2020-12-11	2021-09-24	https://homosaurus.org/v2/transMen	""
